============================= test session starts =============================
platform win32 -- Python 3.14.4, pytest-9.1.0, pluggy-1.6.0
rootdir: <repo>\code\resq-firmware\test
configfile: pytest.ini
plugins: embedded-2.8.1
collected 1 item

pytest_resq_unity.py 2026-07-29 08:44:44 Serial port COM4:
2026-07-29 08:44:44 Connecting....
2026-07-29 08:44:44 Connecting....
2026-07-29 08:44:44 Warning: Deprecated: Choice 'hard_reset' for option '--after' is deprecated. Use 'hard-reset' instead.
2026-07-29 08:44:44 esptool v5.3.dev2
2026-07-29 08:44:44 Found 1 serial ports...
2026-07-29 08:44:44 Connected to ESP32-C3 on COM4:
2026-07-29 08:44:44 Chip type:          ESP32-C3 (QFN32) (revision v0.4)
2026-07-29 08:44:44 Features:           Wi-Fi, BT 5 (LE), Single Core, 160MHz, Embedded Flash 4MB (XMC)
2026-07-29 08:44:44 Crystal frequency:  40MHz
2026-07-29 08:44:44 MAC:                <redacted-device-mac>
2026-07-29 08:44:44
2026-07-29 08:44:44 Uploading stub flasher...
2026-07-29 08:44:45 Running stub flasher...
2026-07-29 08:44:45 Stub flasher running.
2026-07-29 08:44:45 Changing baud rate to 921600...
2026-07-29 08:44:45 Changed.
2026-07-29 08:44:45
2026-07-29 08:44:45 Configuring flash size...
2026-07-29 08:44:45
2026-07-29 08:44:45 Writing '<repo>\code\resq-firmware\test\build\bootloader/bootloader.bin' at 0x00000000...
2026-07-29 08:44:45 SHA digest in image updated.
2026-07-29 08:44:45 Flash will be erased from 0x00000000 to 0x00005fff...
2026-07-29 08:44:45 Compressed 21072 bytes to 13368...
2026-07-29 08:44:45
Writing at 0x00000000 [                              ]   0.0% 0/13368 bytes...
2026-07-29 08:44:45
Writing at 0x00005250 [==============================] 100.0% 13368/13368 bytes...
2026-07-29 08:44:46 Wrote 21072 bytes (13368 compressed) at 0x00000000 in 0.6 seconds (287.6 kbit/s).
2026-07-29 08:44:46 Verifying written data...
2026-07-29 08:44:46 Hash of data verified.
2026-07-29 08:44:46
2026-07-29 08:44:46 Writing '<repo>\code\resq-firmware\test\build\partition_table/partition-table.bin' at 0x00008000...
2026-07-29 08:44:46 Flash will be erased from 0x00008000 to 0x00008fff...
2026-07-29 08:44:46 Compressed 3072 bytes to 105...
2026-07-29 08:44:46
Writing at 0x00008000 [                              ]   0.0% 0/105 bytes...
2026-07-29 08:44:46
Writing at 0x00008c00 [==============================] 100.0% 105/105 bytes...
2026-07-29 08:44:46 Wrote 3072 bytes (105 compressed) at 0x00008000 in 0.1 seconds (346.7 kbit/s).
2026-07-29 08:44:46 Verifying written data...
2026-07-29 08:44:46 Hash of data verified.
2026-07-29 08:44:46
2026-07-29 08:44:46 Writing '<repo>\code\resq-firmware\test\build\resq_firmware_unity.bin' at 0x00010000...
2026-07-29 08:44:46 Flash will be erased from 0x00010000 to 0x00077fff...
2026-07-29 08:44:46 Compressed 422784 bytes to 215216...
2026-07-29 08:44:46
Writing at 0x00010000 [                              ]   0.0% 0/215216 bytes...
2026-07-29 08:44:46
Writing at 0x0001c0d9 [=>                            ]   7.6% 16384/215216 bytes...
2026-07-29 08:44:47
Writing at 0x00026062 [===>                          ]  15.2% 32768/215216 bytes...
2026-07-29 08:44:48
Writing at 0x0002e014 [=====>                        ]  22.8% 49152/215216 bytes...
2026-07-29 08:44:49
Writing at 0x00036273 [========>                     ]  30.5% 65536/215216 bytes...
2026-07-29 08:44:49
Writing at 0x0003ef3b [==========>                   ]  38.1% 81920/215216 bytes...
2026-07-29 08:44:50
Writing at 0x000464ce [============>                 ]  45.7% 98304/215216 bytes...
2026-07-29 08:44:50
Writing at 0x0004d80d [==============>               ]  53.3% 114688/215216 bytes...
2026-07-29 08:44:50
Writing at 0x0005448a [=================>            ]  60.9% 131072/215216 bytes...
2026-07-29 08:44:51
Writing at 0x0005b12d [===================>          ]  68.5% 147456/215216 bytes...
2026-07-29 08:44:51
Writing at 0x00062355 [=====================>        ]  76.1% 163840/215216 bytes...
2026-07-29 08:44:52
Writing at 0x00069433 [========================>     ]  83.7% 180224/215216 bytes...
2026-07-29 08:44:52
Writing at 0x0006ed63 [==========================>   ]  91.4% 196608/215216 bytes...
2026-07-29 08:44:52
Writing at 0x00076100 [============================> ]  99.0% 212992/215216 bytes...
2026-07-29 08:44:52
Writing at 0x00077380 [==============================] 100.0% 215216/215216 bytes...
2026-07-29 08:44:53 Wrote 422784 bytes (215216 compressed) at 0x00010000 in 6.4 seconds (527.0 kbit/s).
2026-07-29 08:44:53 Verifying written data...
2026-07-29 08:44:54 Hash of data verified.
2026-07-29 08:44:54
2026-07-29 08:44:54 Hard resetting via RTS pin...
2026-07-29 08:44:54 ESP-ROM:esp32c3-api1-20210207
2026-07-29 08:44:54 Build:Feb  7 2021
2026-07-29 08:44:54 rst:0x1 (POWERON),boot:0xe (SPI_FAST_FLASH_BOOT)
2026-07-29 08:44:54 SPIWP:0xee
2026-07-29 08:44:54 mode:DIO, clock div:1
2026-07-29 08:44:54 load:0x3fcd5830,len:0x155c
2026-07-29 08:44:54 load:0x403cbf10,len:0xce0
2026-07-29 08:44:54 load:0x403ce710,len:0x2fbc
2026-07-29 08:44:54 entry 0x403cbf1a
2026-07-29 08:44:54 I (30) boot: ESP-IDF v6.0-dirty 2nd stage bootloader
2026-07-29 08:44:54 I (30) boot: compile time Jul 29 2026 08:37:27
2026-07-29 08:44:54 I (30) boot: chip revision: v0.4
2026-07-29 08:44:54 I (31) boot: efuse block revision: v1.3
2026-07-29 08:44:54 I (34) boot.esp32c3: SPI Speed      : 80MHz
2026-07-29 08:44:54 I (38) boot.esp32c3: SPI Mode       : DIO
2026-07-29 08:44:54 I (42) boot.esp32c3: SPI Flash Size : 2MB
2026-07-29 08:44:54 I (46) boot: Enabling RNG early entropy source...
2026-07-29 08:44:54 I (50) boot: Partition Table:
2026-07-29 08:44:54 I (53) boot: ## Label            Usage          Type ST Offset   Length
2026-07-29 08:44:54 I (59) boot:  0 nvs              WiFi data        01 02 00009000 00006000
2026-07-29 08:44:54 I (66) boot:  1 phy_init         RF data          01 01 0000f000 00001000
2026-07-29 08:44:54 I (72) boot:  2 factory          factory app      00 00 00010000 001e0000
2026-07-29 08:44:54 I (79) boot: End of partition table
2026-07-29 08:44:54 I (82) esp_image: segment 0: paddr=00010020 vaddr=3c050020 size=15ef4h ( 89844) map
2026-07-29 08:44:54 I (103) esp_image: segment 1: paddr=00025f1c vaddr=3fc8aa00 size=03d38h ( 15672) load
2026-07-29 08:44:54 I (106) esp_image: segment 2: paddr=00029c5c vaddr=40380000 size=063bch ( 25532) load
2026-07-29 08:44:54 I (112) esp_image: segment 3: paddr=00030020 vaddr=42000020 size=42d8ch (273804) map
2026-07-29 08:44:54 I (157) esp_image: segment 4: paddr=00072db4 vaddr=403863bc size=04578h ( 17784) load
2026-07-29 08:44:54 I (161) esp_image: segment 5: paddr=00077334 vaddr=50000000 size=00024h (    36) load
2026-07-29 08:44:54 I (165) boot: Loaded app from partition at offset 0x10000
2026-07-29 08:44:54 I (166) boot: Disabling RNG early entropy source...
2026-07-29 08:44:54 I (183) cpu_start: Unicore app
2026-07-29 08:44:54 I (191) cpu_start: GPIO 20 and 21 are used as console UART I/O pins
2026-07-29 08:44:54 I (191) cpu_start: Pro cpu start user code
2026-07-29 08:44:54 I (191) cpu_start: cpu freq: 160000000 Hz
2026-07-29 08:44:54 I (193) app_init: Application information:
2026-07-29 08:44:54 I (197) app_init: Project name:     resq_firmware_unity
2026-07-29 08:44:54 I (202) app_init: App version:      localhub-v0.1.1-103-gc7cc8c8-di
2026-07-29 08:44:54 I (208) app_init: Compile time:     Jul 29 2026 08:36:24
2026-07-29 08:44:54 I (213) app_init: ELF file SHA256:  b28946057...
2026-07-29 08:44:54 I (217) app_init: ESP-IDF:          v6.0-dirty
2026-07-29 08:44:54 I (222) efuse_init: Min chip rev:     v0.3
2026-07-29 08:44:54 I (225) efuse_init: Max chip rev:     v1.99
2026-07-29 08:44:54 I (229) efuse_init: Chip rev:         v0.4
2026-07-29 08:44:54 I (233) heap_init: Initializing. RAM available for dynamic allocation:
2026-07-29 08:44:54 I (240) heap_init: At 3FC93610 len 0002C9F0 (178 KiB): RAM
2026-07-29 08:44:54 I (245) heap_init: At 3FCC0000 len 0001C710 (113 KiB): Retention RAM
2026-07-29 08:44:54 I (251) heap_init: At 3FCDC710 len 00002950 (10 KiB): Retention RAM
2026-07-29 08:44:54 I (257) heap_init: At 50000024 len 00001FC4 (7 KiB): RTCRAM
2026-07-29 08:44:54 I (263) spi_flash: detected chip: generic
2026-07-29 08:44:54 I (266) spi_flash: flash io: dio
2026-07-29 08:44:54 W (269) spi_flash: Detected size(4096k) larger than the size in the binary image header(2048k). Using the size in the binary image header.
2026-07-29 08:44:54 I (282) sleep_gpio: Configure to isolate all GPIO pins in sleep state
2026-07-29 08:44:54 I (287) sleep_gpio: Enable automatic switching of GPIO sleep configuration
2026-07-29 08:44:54 I (294) main_task: Started on CPU0
2026-07-29 08:44:54 I (294) main_task: Calling app_main()
2026-07-29 08:44:54 I (304) io_mode: Active hardware I/O mode: SENSOR
2026-07-29 08:44:54
2026-07-29 08:44:54 ResQ firmware Unity test application
2026-07-29 08:44:54 UNITY_BOOT,io_mode=SENSOR,config=ESP_OK,io_mode_init=ESP_OK,sck_owner=ESP_OK,sensor_owner=ESP_OK
2026-07-29 08:44:54
2026-07-29 08:44:54
2026-07-29 08:44:54 Press ENTER to see the list of tests.
2026-07-29 08:44:54 *
2026-07-29 08:44:54 Running Backend registration URL normalizes trailing slashes...
2026-07-29 08:44:54 <repo>/code/resq-firmware/components/backend_register_client/test/test_backend_register_client.c:6:Backend registration URL normalizes trailing slashes:PASS
2026-07-29 08:44:54 Running Backend registration request preserves current fields...
2026-07-29 08:44:54 <repo>/code/resq-firmware/components/backend_register_client/test/test_backend_register_client.c:20:Backend registration request preserves current fields:PASS
2026-07-29 08:44:54 Running Backend registration response updates runtime values...
2026-07-29 08:44:54 <repo>/code/resq-firmware/components/backend_register_client/test/test_backend_register_client.c:31:Backend registration response updates runtime values:PASS
2026-07-29 08:44:54 Running Invalid backend response is transactional...
2026-07-29 08:44:54 <repo>/code/resq-firmware/components/backend_register_client/test/test_backend_register_client.c:42:Invalid backend response is transactional:PASS
2026-07-29 08:44:54 Running CALIBRATION_FAIL button 1 short retries calibration...
2026-07-29 08:44:54 <repo>/code/resq-firmware/components/calibration_fail_manager/test/test_calibration_fail_buttons.c:15:CALIBRATION_FAIL button 1 short retries calibration:PASS
2026-07-29 08:44:55 Running CALIBRATION_FAIL button 2 short returns paired idle...
2026-07-29 08:44:55 <repo>/code/resq-firmware/components/calibration_fail_manager/test/test_calibration_fail_buttons.c:23:CALIBRATION_FAIL button 2 short returns paired idle:PASS
2026-07-29 08:44:55 Running CALIBRATION_FAIL button 1 long turns off...
2026-07-29 08:44:55 <repo>/code/resq-firmware/components/calibration_fail_manager/test/test_calibration_fail_buttons.c:31:CALIBRATION_FAIL button 1 long turns off:PASS
2026-07-29 08:44:55 Running CALIBRATION_FAIL button 2 long resets...
2026-07-29 08:44:55 <repo>/code/resq-firmware/components/calibration_fail_manager/test/test_calibration_fail_buttons.c:39:CALIBRATION_FAIL button 2 long resets:PASS
2026-07-29 08:44:55 Running CALIBRATION_FAIL ignores unrelated button events...
2026-07-29 08:44:55 <repo>/code/resq-firmware/components/calibration_fail_manager/test/test_calibration_fail_buttons.c:47:CALIBRATION_FAIL ignores unrelated button events:PASS
2026-07-29 08:44:55 Running Calibration fingerprint matches known-answer vector...
2026-07-29 08:44:55 <repo>/code/resq-firmware/components/calibration_fingerprint/test/test_calibration_fingerprint.c:5:Calibration fingerprint matches known-answer vector:PASS
2026-07-29 08:44:55 Running Calibration fingerprint returns invalid arg on short buffer...
2026-07-29 08:44:55 <repo>/code/resq-firmware/components/calibration_fingerprint/test/test_calibration_fingerprint.c:23:Calibration fingerprint returns invalid arg on short buffer:PASS
2026-07-29 08:44:55 Running Calibration reason table covers every documented failure...
2026-07-29 08:44:55 <repo>/code/resq-firmware/components/calibration_manager/test/test_calibration_codes.c:7:Calibration reason table covers every documented failure:PASS
2026-07-29 08:44:55 Running Calibration pressure saturation fallback is documented as a warning...
2026-07-29 08:44:55 <repo>/code/resq-firmware/components/calibration_manager/test/test_calibration_codes.c:48:Calibration pressure saturation fallback is documented as a warning:PASS
2026-07-29 08:44:55 Running Calibration code lookups reject unknown IDs...
2026-07-29 08:44:55 <repo>/code/resq-firmware/components/calibration_manager/test/test_calibration_codes.c:64:Calibration code lookups reject unknown IDs:PASS
2026-07-29 08:44:55 Running Calibration start parser accepts the current payload contract...
2026-07-29 08:44:55 <repo>/code/resq-firmware/components/calibration_manager/test/test_calibration_codes.c:72:Calibration start parser accepts the current payload contract:PASS
2026-07-29 08:44:55 Running Calibration start parser accepts explicit hall_delta_sum contract...
2026-07-29 08:44:55 <repo>/code/resq-firmware/components/calibration_manager/test/test_calibration_codes.c:112:Calibration start parser accepts explicit hall_delta_sum contract:PASS
2026-07-29 08:44:55 Running Calibration start parser preserves optional conversion overrides...
2026-07-29 08:44:55 <repo>/code/resq-firmware/components/calibration_manager/test/test_calibration_codes.c:137:Calibration start parser preserves optional conversion overrides:PASS
2026-07-29 08:44:55 Running Calibration start parser rejects malformed and unsafe values...
2026-07-29 08:44:55 <repo>/code/resq-firmware/components/calibration_manager/test/test_calibration_codes.c:172:Calibration start parser rejects malformed and unsafe values:PASS
2026-07-29 08:44:55 Running Invalid calibration payload preserves caller configuration...
2026-07-29 08:44:55 <repo>/code/resq-firmware/components/calibration_manager/test/test_calibration_codes.c:232:Invalid calibration payload preserves caller configuration:PASS
2026-07-29 08:44:55 Running Calibration start parser supports Hall-only without pressure targets...
2026-07-29 08:44:55 <repo>/code/resq-firmware/components/calibration_manager/test/test_calibration_codes.c:252:Calibration start parser supports Hall-only without pressure targets:PASS
2026-07-29 08:44:55 Running Non-Hall calibration policy requires all pressure targets...
2026-07-29 08:44:55 <repo>/code/resq-firmware/components/calibration_manager/test/test_calibration_codes.c:277:Non-Hall calibration policy requires all pressure targets:PASS
2026-07-29 08:44:55 Running Calibration start parser rejects unsupported mode and timing...
2026-07-29 08:44:55 <repo>/code/resq-firmware/components/calibration_manager/test/test_calibration_codes.c:293:Calibration start parser rejects unsupported mode and timing:PASS
2026-07-29 08:44:55 Running Calibration degradation never disables physical pressure acquisition...
2026-07-29 08:44:55 <repo>/code/resq-firmware/components/calibration_manager/test/test_calibration_codes.c:317:Calibration degradation never disables physical pressure acquisition:PASS
2026-07-29 08:44:55 Running Calibration pressure stages validate only requested channels...
2026-07-29 08:44:55 <repo>/code/resq-firmware/components/calibration_manager/test/test_calibration_codes.c:329:Calibration pressure stages validate only requested channels:PASS
2026-07-29 08:44:55 Running Calibration accepts only a deep valid pressure saturation crossover...
2026-07-29 08:44:55 <repo>/code/resq-firmware/components/calibration_manager/test/test_calibration_codes.c:343:Calibration accepts only a deep valid pressure saturation crossover:PASS
2026-07-29 08:44:55 Running Expected deep crossover does not downgrade calibration result...
2026-07-29 08:44:55 <repo>/code/resq-firmware/components/calibration_manager/test/test_calibration_codes.c:362:Expected deep crossover does not downgrade calibration result:PASS
2026-07-29 08:44:55 Running Calibration target windows are strict and overflow safe...
2026-07-29 08:44:55 <repo>/code/resq-firmware/components/calibration_manager/test/test_calibration_codes.c:374:Calibration target windows are strict and overflow safe:PASS
2026-07-29 08:44:55 Running Only fresh primary pressure samples are usable for calibration...
2026-07-29 08:44:55 <repo>/code/resq-firmware/components/calibration_manager/test/test_calibration_codes.c:405:Only fresh primary pressure samples are usable for calibration:PASS
2026-07-29 08:44:55 Running Calibration target hold requires consecutive in-range samples...
2026-07-29 08:44:55 <repo>/code/resq-firmware/components/calibration_manager/test/test_calibration_codes.c:442:Calibration target hold requires consecutive in-range samples:PASS
2026-07-29 08:44:55 Running Calibration terminal result is committed exactly once...
2026-07-29 08:44:55 <repo>/code/resq-firmware/components/calibration_manager/test/test_calibration_codes.c:488:Calibration terminal result is committed exactly once:PASS
2026-07-29 08:44:55 Running Only explicit Hall-only policy skips pressure targets...
2026-07-29 08:44:55 <repo>/code/resq-firmware/components/calibration_manager/test/test_calibration_codes.c:507:Only explicit Hall-only policy skips pressure targets:PASS
2026-07-29 08:44:55 Running Network defaults and validation update provisioned...
2026-07-29 08:44:55 <repo>/code/resq-firmware/components/config/test/test_config_types.c:35:Network defaults and validation update provisioned:PASS
2026-07-29 08:44:55 Running Calibration defaults are safe and explicit...
2026-07-29 08:44:55 <repo>/code/resq-firmware/components/config/test/test_config_types.c:50:Calibration defaults are safe and explicit:PASS
2026-07-29 08:44:55 Running Calibration validation covers every threshold boundary...
2026-07-29 08:44:55 <repo>/code/resq-firmware/components/config/test/test_config_types.c:73:Calibration validation covers every threshold boundary:PASS
2026-07-29 08:44:55 Running Calibration profile helper uses one matching rule...
2026-07-29 08:44:55 <repo>/code/resq-firmware/components/config/test/test_config_types.c:131:Calibration profile helper uses one matching rule:PASS
2026-07-29 08:44:55 Running Calibration validation never changes trust state...
2026-07-29 08:44:55 <repo>/code/resq-firmware/components/config/test/test_config_types.c:147:Calibration validation never changes trust state:PASS
2026-07-29 08:44:55 Running All firmware states have stable string names...
2026-07-29 08:44:55 <repo>/code/resq-firmware/components/config/test/test_config_types.c:159:All firmware states have stable string names:PASS
2026-07-29 08:44:55 Running missing io mode defaults to SENSOR...
2026-07-29 08:44:55 <repo>/code/resq-firmware/components/config/test/test_io_mode_store.c:17:missing io mode defaults to SENSOR:PASS
2026-07-29 08:44:55 Running SENSOR and USB io modes save and load...
2026-07-29 08:44:55 <repo>/code/resq-firmware/components/config/test/test_io_mode_store.c:25:SENSOR and USB io modes save and load:PASS
2026-07-29 08:44:55 Running invalid io mode falls back to SENSOR...
2026-07-29 08:44:55 W (1234) config_store: Invalid stored io_mode=127; using SENSOR
2026-07-29 08:44:55 <repo>/code/resq-firmware/components/config/test/test_io_mode_store.c:39:invalid io mode falls back to SENSOR:PASS
2026-07-29 08:44:55 Running network clear preserves io mode and clear all resets it...
2026-07-29 08:44:55 <repo>/code/resq-firmware/components/config/test/test_io_mode_store.c:54:network clear preserves io mode and clear all resets it:PASS
2026-07-29 08:44:55 Running io mode save preserves network password and calibration keys...
2026-07-29 08:44:55 <repo>/code/resq-firmware/components/config/test/test_io_mode_store.c:69:io mode save preserves network password and calibration keys:PASS
2026-07-29 08:44:55 Running Failed candidate preserves the previous trusted calibration...
2026-07-29 08:44:55 <repo>/code/resq-firmware/components/config/test/test_calibration_store.c:86:Failed candidate preserves the previous trusted calibration:PASS
2026-07-29 08:44:55 Running Version 3 calibration roundtrip persists pressure crossover...
2026-07-29 08:44:55 <repo>/code/resq-firmware/components/config/test/test_calibration_store.c:148:Version 3 calibration roundtrip persists pressure crossover:PASS
2026-07-29 08:44:55 Running Version 3 crossover bytes contain only calibration evidence...
2026-07-29 08:44:55 <repo>/code/resq-firmware/components/config/test/test_calibration_store.c:164:Version 3 crossover bytes contain only calibration evidence:PASS
2026-07-29 08:44:55 Running New calibration promotion rejects legacy runtime mode...
2026-07-29 08:44:55 <repo>/code/resq-firmware/components/config/test/test_calibration_store.c:196:New calibration promotion rejects legacy runtime mode:PASS
2026-07-29 08:44:56 Running Version 1 required policy migrates unchanged...
2026-07-29 08:44:56 <repo>/code/resq-firmware/components/config/test/test_calibration_store.c:211:Version 1 required policy migrates unchanged:PASS
2026-07-29 08:44:56 Running Version 1 optional policy migrates unchanged...
2026-07-29 08:44:56 <repo>/code/resq-firmware/components/config/test/test_calibration_store.c:222:Version 1 optional policy migrates unchanged:PASS
2026-07-29 08:44:56 Running Version 1 legacy fallback with pressure data migrates to optional...
2026-07-29 08:44:56 <repo>/code/resq-firmware/components/config/test/test_calibration_store.c:233:Version 1 legacy fallback with pressure data migrates to optional:PASS
2026-07-29 08:44:56 Running Version 1 legacy fallback without pressure data migrates to Hall-only...
2026-07-29 08:44:56 <repo>/code/resq-firmware/components/config/test/test_calibration_store.c:245:Version 1 legacy fallback without pressure data migrates to Hall-only:PASS
2026-07-29 08:44:56 Running CPR metrics validates lifecycle inputs...
2026-07-29 08:44:56 <repo>/code/resq-firmware/components/cpr_metrics/test/test_cpr_metrics.c:94:CPR metrics validates lifecycle inputs:PASS
2026-07-29 08:44:56 Running CPR metric normalization derives flags from authoritative values...
2026-07-29 08:44:56 <repo>/code/resq-firmware/components/cpr_metrics/test/test_cpr_metrics.c:107:CPR metric normalization derives flags from authoritative values:PASS
2026-07-29 08:44:56 Running CPR pressure centeredness uses the shared 88 percent threshold...
2026-07-29 08:44:56 <repo>/code/resq-firmware/components/cpr_metrics/test/test_cpr_metrics.c:136:CPR pressure centeredness uses the shared 88 percent threshold:PASS
2026-07-29 08:44:56 Running CPR metrics tracks valid compression recoil depth and rate...
2026-07-29 08:44:56 I (1804) cpr_metrics: SESSION_COMPRESSION_PRESSURE_RESET compression=1
2026-07-29 08:44:56 I (1804) cpr_metrics: SESSION_COMPRESSION_PRESSURE_RESET compression=2
2026-07-29 08:44:56 <repo>/code/resq-firmware/components/cpr_metrics/test/test_cpr_metrics.c:160:CPR metrics tracks valid compression recoil depth and rate:PASS
2026-07-29 08:44:56 Running CPR metrics classifies contact imbalance and clamps depth...
2026-07-29 08:44:56 I (1834) cpr_metrics: SESSION_COMPRESSION_PRESSURE_RESET compression=1
2026-07-29 08:44:56 I (1834) cpr_metrics: SESSION_COMPRESSION_PRESSURE_RESET compression=1
2026-07-29 08:44:56 <repo>/code/resq-firmware/components/cpr_metrics/test/test_cpr_metrics.c:184:CPR metrics classifies contact imbalance and clamps depth:PASS
2026-07-29 08:44:56 Running CPR metrics normalizes pressure channels by calibrated range...
2026-07-29 08:44:56 I (1864) cpr_metrics: SESSION_COMPRESSION_PRESSURE_RESET compression=1
2026-07-29 08:44:56 <repo>/code/resq-firmware/components/cpr_metrics/test/test_cpr_metrics.c:207:CPR metrics normalizes pressure channels by calibrated range:PASS
2026-07-29 08:44:56 Running CPR metrics uses calibrated Hall tail after pressure crossover...
2026-07-29 08:44:56 I (1894) cpr_metrics: SESSION_COMPRESSION_PRESSURE_RESET compression=1
2026-07-29 08:44:56 I (1894) cpr_metrics: SESSION_PRESSURE_CROSSOVER compression=1 hall_delta=900 boundary=700 saturation=0x06 evidence_sufficient=1
2026-07-29 08:44:56 I (1904) cpr_metrics: SESSION_HAND_PLACEMENT_LOCKED compression=1 evidence=3 result=CENTER reason=CALIBRATED_CROSSOVER
2026-07-29 08:44:56 <repo>/code/resq-firmware/components/cpr_metrics/test/test_cpr_metrics.c:223:CPR metrics uses calibrated Hall tail after pressure crossover:PASS
2026-07-29 08:44:56 Running CPR metrics exposes pressure kPa validity per channel...
2026-07-29 08:44:56 I (1944) cpr_metrics: SESSION_COMPRESSION_PRESSURE_RESET compression=1
2026-07-29 08:44:56 I (1944) cpr_metrics: SESSION_PRESSURE_SATURATED compression=0 hall_delta=400 boundary=700 saturation=0x04 evidence_sufficient=0
2026-07-29 08:44:56 I (1954) cpr_metrics: SESSION_HAND_PLACEMENT_UNAVAILABLE compression=0 reason=SATURATION_BEFORE_SUFFICIENT_EVIDENCE
2026-07-29 08:44:56 I (1964) cpr_metrics: SESSION_HAND_PLACEMENT_LOCKED compression=0 evidence=0 result=UNAVAILABLE reason=SATURATION
2026-07-29 08:44:56 <repo>/code/resq-firmware/components/cpr_metrics/test/test_cpr_metrics.c:256:CPR metrics exposes pressure kPa validity per channel:PASS
2026-07-29 08:44:56 Running CPR metrics pressure balance reliability follows balance channels...
2026-07-29 08:44:56 I (2004) cpr_metrics: SESSION_COMPRESSION_PRESSURE_RESET compression=1
2026-07-29 08:44:56 <repo>/code/resq-firmware/components/cpr_metrics/test/test_cpr_metrics.c:282:CPR metrics pressure balance reliability follows balance channels:PASS
2026-07-29 08:44:56 Running CPR metrics holds depth and state on missed Hall sample...
2026-07-29 08:44:56 I (2034) cpr_metrics: SESSION_COMPRESSION_PRESSURE_RESET compression=1
2026-07-29 08:44:56 <repo>/code/resq-firmware/components/cpr_metrics/test/test_cpr_metrics.c:311:CPR metrics holds depth and state on missed Hall sample:PASS
2026-07-29 08:44:56 Running CPR metrics preserves pressure evidence across temporary invalid reads...
2026-07-29 08:44:56 I (2064) cpr_metrics: SESSION_COMPRESSION_PRESSURE_RESET compression=1
2026-07-29 08:44:56 <repo>/code/resq-firmware/components/cpr_metrics/test/test_cpr_metrics.c:330:CPR metrics preserves pressure evidence across temporary invalid reads:PASS
2026-07-29 08:44:56 Running CPR metrics reports unavailable placement without early evidence...
2026-07-29 08:44:56 I (2094) cpr_metrics: SESSION_COMPRESSION_PRESSURE_RESET compression=1
2026-07-29 08:44:56 I (2094) cpr_metrics: SESSION_PRESSURE_SATURATED compression=0 hall_delta=400 boundary=700 saturation=0x06 evidence_sufficient=0
2026-07-29 08:44:56 I (2094) cpr_metrics: SESSION_HAND_PLACEMENT_UNAVAILABLE compression=0 reason=SATURATION_BEFORE_SUFFICIENT_EVIDENCE
2026-07-29 08:44:56 I (2104) cpr_metrics: SESSION_HAND_PLACEMENT_LOCKED compression=0 evidence=0 result=UNAVAILABLE reason=SATURATION
2026-07-29 08:44:56 <repo>/code/resq-firmware/components/cpr_metrics/test/test_cpr_metrics.c:355:CPR metrics reports unavailable placement without early evidence:PASS
2026-07-29 08:44:56 Running pressure saturation before calibrated crossover remains a fault...
2026-07-29 08:44:56 I (2154) cpr_metrics: SESSION_COMPRESSION_PRESSURE_RESET compression=1
2026-07-29 08:44:56 I (2154) cpr_metrics: SESSION_PRESSURE_SATURATED compression=1 hall_delta=600 boundary=700 saturation=0x06 evidence_sufficient=0
2026-07-29 08:44:56 I (2154) cpr_metrics: SESSION_HAND_PLACEMENT_UNAVAILABLE compression=1 reason=SATURATION_BEFORE_SUFFICIENT_EVIDENCE
2026-07-29 08:44:56 I (2164) cpr_metrics: SESSION_HAND_PLACEMENT_LOCKED compression=1 evidence=1 result=UNAVAILABLE reason=SATURATION
2026-07-29 08:44:56 <repo>/code/resq-firmware/components/cpr_metrics/test/test_cpr_metrics.c:376:pressure saturation before calibrated crossover remains a fault:PASS
2026-07-29 08:44:56 Running pressure must recover after calibrated saturation crossover...
2026-07-29 08:44:56 I (2214) cpr_metrics: SESSION_COMPRESSION_PRESSURE_RESET compression=1
2026-07-29 08:44:56 I (2214) cpr_metrics: SESSION_PRESSURE_CROSSOVER compression=1 hall_delta=900 boundary=700 saturation=0x06 evidence_sufficient=1
2026-07-29 08:44:56 I (2214) cpr_metrics: SESSION_HAND_PLACEMENT_LOCKED compression=1 evidence=3 result=CENTER reason=CALIBRATED_CROSSOVER
2026-07-29 08:44:56 <repo>/code/resq-firmware/components/cpr_metrics/test/test_cpr_metrics.c:396:pressure must recover after calibrated saturation crossover:PASS
2026-07-29 08:44:56 Running CPR metrics distinguishes out of range from saturation...
2026-07-29 08:44:56 I (2254) cpr_metrics: SESSION_COMPRESSION_PRESSURE_RESET compression=1
2026-07-29 08:44:56 I (2254) cpr_metrics: SESSION_PRESSURE_UPPER_LIMIT compression=1 upper_mask=0x06 evidence_sufficient=1
2026-07-29 08:44:56 I (2264) cpr_metrics: SESSION_HAND_PLACEMENT_LOCKED compression=1 evidence=3 result=CENTER reason=UPPER_LIMIT
2026-07-29 08:44:56 <repo>/code/resq-firmware/components/cpr_metrics/test/test_cpr_metrics.c:422:CPR metrics distinguishes out of range from saturation:PASS
2026-07-29 08:44:56 Running CPR metrics resets pressure lock for next compression...
2026-07-29 08:44:56 I (2304) cpr_metrics: SESSION_COMPRESSION_PRESSURE_RESET compression=1
2026-07-29 08:44:56 I (2304) cpr_metrics: SESSION_PRESSURE_CROSSOVER compression=1 hall_delta=900 boundary=700 saturation=0x06 evidence_sufficient=1
2026-07-29 08:44:56 I (2314) cpr_metrics: SESSION_HAND_PLACEMENT_LOCKED compression=1 evidence=3 result=CENTER reason=CALIBRATED_CROSSOVER
2026-07-29 08:44:56 I (2324) cpr_metrics: SESSION_COMPRESSION_PRESSURE_RESET compression=2
2026-07-29 08:44:56 <repo>/code/resq-firmware/components/cpr_metrics/test/test_cpr_metrics.c:448:CPR metrics resets pressure lock for next compression:PASS
2026-07-29 08:44:56 Running CPR session accepts rising magnitude with stable distribution...
2026-07-29 08:44:56 I (2364) cpr_metrics: SESSION_COMPRESSION_PRESSURE_RESET compression=1
2026-07-29 08:44:56 <repo>/code/resq-firmware/components/cpr_metrics/test/test_cpr_metrics.c:469:CPR session accepts rising magnitude with stable distribution:PASS
2026-07-29 08:44:56 Running CPR session requires consistent distribution and enough frames...
2026-07-29 08:44:56 I (2384) cpr_metrics: SESSION_COMPRESSION_PRESSURE_RESET compression=1
2026-07-29 08:44:56 <repo>/code/resq-firmware/components/cpr_metrics/test/test_cpr_metrics.c:490:CPR session requires consistent distribution and enough frames:PASS
2026-07-29 08:44:56 Running CPR session ignores low and reverse contact without locking...
2026-07-29 08:44:56 I (2414) cpr_metrics: SESSION_COMPRESSION_PRESSURE_RESET compression=1
2026-07-29 08:44:56 <repo>/code/resq-firmware/components/cpr_metrics/test/test_cpr_metrics.c:509:CPR session ignores low and reverse contact without locking:PASS
2026-07-29 08:44:56 Running upper limit before minimum evidence locks unavailable...
2026-07-29 08:44:56 I (2444) cpr_metrics: SESSION_COMPRESSION_PRESSURE_RESET compression=1
2026-07-29 08:44:56 I (2444) cpr_metrics: SESSION_PRESSURE_UPPER_LIMIT compression=1 upper_mask=0x06 evidence_sufficient=0
2026-07-29 08:44:56 I (2444) cpr_metrics: SESSION_HAND_PLACEMENT_UNAVAILABLE compression=1 reason=UPPER_LIMIT_BEFORE_SUFFICIENT_EVIDENCE
2026-07-29 08:44:56 I (2454) cpr_metrics: SESSION_HAND_PLACEMENT_LOCKED compression=1 evidence=2 result=UNAVAILABLE reason=UPPER_LIMIT
2026-07-29 08:44:57 <repo>/code/resq-firmware/components/cpr_metrics/test/test_cpr_metrics.c:528:upper limit before minimum evidence locks unavailable:PASS
2026-07-29 08:44:57 Running stale pressure preserves evidence and is not consumed...
2026-07-29 08:44:57 I (2494) cpr_metrics: SESSION_COMPRESSION_PRESSURE_RESET compression=1
2026-07-29 08:44:57 <repo>/code/resq-firmware/components/cpr_metrics/test/test_cpr_metrics.c:548:stale pressure preserves evidence and is not consumed:PASS
2026-07-29 08:44:57 Running locked pressure result ignores later valid frames...
2026-07-29 08:44:57 I (2524) cpr_metrics: SESSION_COMPRESSION_PRESSURE_RESET compression=1
2026-07-29 08:44:57 I (2524) cpr_metrics: SESSION_PRESSURE_SATURATED compression=1 hall_delta=600 boundary=700 saturation=0x06 evidence_sufficient=1
2026-07-29 08:44:57 I (2534) cpr_metrics: SESSION_HAND_PLACEMENT_LOCKED compression=1 evidence=3 result=CENTER reason=SATURATION
2026-07-29 08:44:57 <repo>/code/resq-firmware/components/cpr_metrics/test/test_cpr_metrics.c:570:locked pressure result ignores later valid frames:PASS
2026-07-29 08:44:57 Running partial recoil does not reset pressure context...
2026-07-29 08:44:57 I (2574) cpr_metrics: SESSION_COMPRESSION_PRESSURE_RESET compression=1
2026-07-29 08:44:57 <repo>/code/resq-firmware/components/cpr_metrics/test/test_cpr_metrics.c:591:partial recoil does not reset pressure context:PASS
2026-07-29 08:44:57 Running CPR metrics invalidates stale rate and tracks release pause...
2026-07-29 08:44:57 I (2594) cpr_metrics: SESSION_COMPRESSION_PRESSURE_RESET compression=1
2026-07-29 08:44:57 I (2594) cpr_metrics: SESSION_COMPRESSION_PRESSURE_RESET compression=2
2026-07-29 08:44:57 <repo>/code/resq-firmware/components/cpr_metrics/test/test_cpr_metrics.c:610:CPR metrics invalidates stale rate and tracks release pause:PASS
2026-07-29 08:44:57 Running Pressure sensor resting baseline is stable...
2026-07-29 08:44:57 <repo>/code/resq-firmware/components/cpr_metrics/test/test_sensor_working_condition.c:61:Pressure sensor resting baseline is stable:PASS
2026-07-29 08:44:57 Running Pressure sensor compression response is detected...
2026-07-29 08:44:57 <repo>/code/resq-firmware/components/cpr_metrics/test/test_sensor_working_condition.c:77:Pressure sensor compression response is detected:PASS
2026-07-29 08:44:57 Running Pressure sensor stuck zero fails health...
2026-07-29 08:44:57 <repo>/code/resq-firmware/components/cpr_metrics/test/test_sensor_working_condition.c:90:Pressure sensor stuck zero fails health:PASS
2026-07-29 08:44:57 Running Pressure sensor saturated reading fails health...
2026-07-29 08:44:57 <repo>/code/resq-firmware/components/cpr_metrics/test/test_sensor_working_condition.c:100:Pressure sensor saturated reading fails health:PASS
2026-07-29 08:44:57 Running Pressure sensor no-change window fails health...
2026-07-29 08:44:57 <repo>/code/resq-firmware/components/cpr_metrics/test/test_sensor_working_condition.c:110:Pressure sensor no-change window fails health:PASS
2026-07-29 08:44:57 Running Pressure sensor noise fails baseline check...
2026-07-29 08:44:57 <repo>/code/resq-firmware/components/cpr_metrics/test/test_sensor_working_condition.c:122:Pressure sensor noise fails baseline check:PASS
2026-07-29 08:44:57 Running Pressure sensor balance classifies centered and off-center compression...
2026-07-29 08:44:57 <repo>/code/resq-firmware/components/cpr_metrics/test/test_sensor_working_condition.c:135:Pressure sensor balance classifies centered and off-center compression:PASS
2026-07-29 08:44:57 Running Hall sensor resting baseline is stable...
2026-07-29 08:44:57 <repo>/code/resq-firmware/components/cpr_metrics/test/test_sensor_working_condition.c:153:Hall sensor resting baseline is stable:PASS
2026-07-29 08:44:57 Running Hall sensor compression delta is detected...
2026-07-29 08:44:57 <repo>/code/resq-firmware/components/cpr_metrics/test/test_sensor_working_condition.c:165:Hall sensor compression delta is detected:PASS
2026-07-29 08:44:57 Running Hall sensor incomplete recoil is detected...
2026-07-29 08:44:57 <repo>/code/resq-firmware/components/cpr_metrics/test/test_sensor_working_condition.c:177:Hall sensor incomplete recoil is detected:PASS
2026-07-29 08:44:57 Running Hall sensor invalid range and no-change fail health...
2026-07-29 08:44:57 <repo>/code/resq-firmware/components/cpr_metrics/test/test_sensor_working_condition.c:190:Hall sensor invalid range and no-change fail health:PASS
2026-07-29 08:44:57 Running Hall sensor reset math uses baseline not zero...
2026-07-29 08:44:57 <repo>/code/resq-firmware/components/cpr_metrics/test/test_sensor_working_condition.c:211:Hall sensor reset math uses baseline not zero:PASS
2026-07-29 08:44:57 Running Readiness passes only when pressure and Hall are OK...
2026-07-29 08:44:57 <repo>/code/resq-firmware/components/cpr_metrics/test/test_sensor_working_condition.c:218:Readiness passes only when pressure and Hall are OK:PASS
2026-07-29 08:44:57 Running Readiness warning is not confused with pass...
2026-07-29 08:44:57 <repo>/code/resq-firmware/components/cpr_metrics/test/test_sensor_working_condition.c:257:Readiness warning is not confused with pass:PASS
2026-07-29 08:44:57 Running Firmware error tables map all defined reasons...
2026-07-29 08:44:57 <repo>/code/resq-firmware/components/error_manager/test/test_error_codes.c:5:Firmware error tables map all defined reasons:PASS
2026-07-29 08:44:57 Running Firmware error lookups handle unknown IDs...
2026-07-29 08:44:57 <repo>/code/resq-firmware/components/error_manager/test/test_error_codes.c:52:Firmware error lookups handle unknown IDs:PASS
2026-07-29 08:44:57 Running Error manager maps every recovery family to its retry state...
2026-07-29 08:44:57 E (2944) error_manager: Firmware error reason_id=1200 reason=WIFI_CONNECT_FAILED action_id=2 action=RECONNECT_OR_PROVISION_VIA_MQTT
2026-07-29 08:44:57 E (2944) error_manager: Firmware error reason_id=1201 reason=WIFI_DISCONNECTED_UNRECOVERABLE action_id=2 action=RECONNECT_OR_PROVISION_VIA_MQTT
2026-07-29 08:44:57 E (2964) error_manager: Firmware error reason_id=1202 reason=WIFI_NO_IP_ASSIGNED action_id=2 action=RECONNECT_OR_PROVISION_VIA_MQTT
2026-07-29 08:44:57 E (2974) error_manager: Firmware error reason_id=1300 reason=BACKEND_REGISTER_FAILED action_id=5 action=CHECK_BACKEND_AND_RETRY
2026-07-29 08:44:57 E (2984) error_manager: Firmware error reason_id=1301 reason=BACKEND_INVALID_RESPONSE action_id=5 action=CHECK_BACKEND_AND_RETRY
2026-07-29 08:44:57 E (2994) error_manager: Firmware error reason_id=1302 reason=BACKEND_DEVICE_REJECTED action_id=5 action=CHECK_BACKEND_AND_RETRY
2026-07-29 08:44:57 E (3004) error_manager: Firmware error reason_id=1400 reason=MQTT_CONNECT_FAILED action_id=6 action=CHECK_MQTT_AND_RETRY
2026-07-29 08:44:57 E (3014) error_manager: Firmware error reason_id=1401 reason=MQTT_DISCONNECTED_UNRECOVERABLE action_id=6 action=CHECK_MQTT_AND_RETRY
2026-07-29 08:44:57 E (3024) error_manager: Firmware error reason_id=1402 reason=MQTT_SUBSCRIBE_FAILED action_id=6 action=CHECK_MQTT_AND_RETRY
2026-07-29 08:44:57 E (3044) error_manager: Firmware error reason_id=1403 reason=MQTT_PUBLISH_FAILED action_id=6 action=CHECK_MQTT_AND_RETRY
2026-07-29 08:44:57 E (3054) error_manager: Firmware error reason_id=1500 reason=HX710_INIT_FAILED action_id=4 action=CHECK_HARDWARE_AND_RETRY
2026-07-29 08:44:57 E (3064) error_manager: Firmware error reason_id=1501 reason=HX710_READ_FAILED action_id=4 action=CHECK_HARDWARE_AND_RETRY
2026-07-29 08:44:57 E (3074) error_manager: Firmware error reason_id=1502 reason=HALL_SENSOR_INIT_FAILED action_id=4 action=CHECK_HARDWARE_AND_RETRY
2026-07-29 08:44:57 E (3084) error_manager: Firmware error reason_id=1503 reason=HALL_SENSOR_READ_FAILED action_id=4 action=CHECK_HARDWARE_AND_RETRY
2026-07-29 08:44:57 E (3094) error_manager: Firmware error reason_id=1504 reason=SENSOR_RUNTIME_FAILED action_id=4 action=CHECK_HARDWARE_AND_RETRY
2026-07-29 08:44:57 E (3104) error_manager: Firmware error reason_id=1700 reason=SESSION_START_FAILED action_id=9 action=STOP_SESSION_AND_RETURN_READY
2026-07-29 08:44:57 E (3114) error_manager: Firmware error reason_id=1701 reason=TELEMETRY_TASK_FAILED action_id=9 action=STOP_SESSION_AND_RETURN_READY
2026-07-29 08:44:57 E (3124) error_manager: Firmware error reason_id=1702 reason=BUZZER_TASK_FAILED action_id=9 action=STOP_SESSION_AND_RETURN_READY
2026-07-29 08:44:57 E (3144) error_manager: Firmware error reason_id=1703 reason=SESSION_INTERRUPTED_UNRECOVERABLE action_id=9 action=STOP_SESSION_AND_RETURN_READY
2026-07-29 08:44:57 E (3154) error_manager: Firmware error reason_id=1101 reason=NVS_LOAD_FAILED action_id=7 action=CLEAR_CONFIG_AND_PROVISION
2026-07-29 08:44:57 E (3164) error_manager: Firmware error reason_id=1103 reason=CONFIG_INVALID action_id=7 action=CLEAR_CONFIG_AND_PROVISION
2026-07-29 08:44:57 E (3174) error_manager: Firmware error reason_id=1100 reason=NVS_INIT_FAILED action_id=8 action=RESTART_FIRMWARE
2026-07-29 08:44:57 E (3184) error_manager: Firmware error reason_id=1600 reason=TASK_CREATE_FAILED action_id=8 action=RESTART_FIRMWARE
2026-07-29 08:44:57 E (3194) error_manager: Firmware error reason_id=1601 reason=QUEUE_CREATE_FAILED action_id=8 action=RESTART_FIRMWARE
2026-07-29 08:44:57 E (3204) error_manager: Firmware error reason_id=1602 reason=MUTEX_CREATE_FAILED action_id=8 action=RESTART_FIRMWARE
2026-07-29 08:44:57 E (3214) error_manager: Firmware error reason_id=1603 reason=MEMORY_ALLOCATION_FAILED action_id=8 action=RESTART_FIRMWARE
2026-07-29 08:44:57 E (3224) error_manager: Firmware error reason_id=1800 reason=FIRMWARE_ASSERT_FAILED action_id=8 action=RESTART_FIRMWARE
2026-07-29 08:44:57 E (3234) error_manager: Firmware error reason_id=1000 reason=UNKNOWN_ERROR action_id=3 action=RESTART_OR_PROVISION_VIA_MQTT
2026-07-29 08:44:57 E (3244) error_manager: Firmware error reason_id=1001 reason=INVALID_STATE_TRANSITION action_id=3 action=RESTART_OR_PROVISION_VIA_MQTT
2026-07-29 08:44:57 E (3254) error_manager: Firmware error reason_id=1002 reason=UNSUPPORTED_STATE action_id=3 action=RESTART_OR_PROVISION_VIA_MQTT
2026-07-29 08:44:57 <repo>/code/resq-firmware/components/error_manager/test/test_error_codes.c:69:Error manager maps every recovery family to its retry state:PASS
2026-07-29 08:44:57 Running Firmware bootstrap initializes every component once...
2026-07-29 08:44:57 <repo>/code/resq-firmware/components/firmware_bootstrap/test/test_firmware_bootstrap.c:44:Firmware bootstrap initializes every component once:PASS
2026-07-29 08:44:57 Running Firmware bootstrap stops on critical failure...
2026-07-29 08:44:57 E (3324) firmware_bootstrap: component=hx710 init failed: ESP_FAIL
2026-07-29 08:44:57 <repo>/code/resq-firmware/components/firmware_bootstrap/test/test_firmware_bootstrap.c:61:Firmware bootstrap stops on critical failure:PASS
2026-07-29 08:44:57 Running Firmware bootstrap records optional failure without hiding it...
2026-07-29 08:44:57 W (3344) firmware_bootstrap: component=optional init failed: ESP_FAIL
2026-07-29 08:44:57 <repo>/code/resq-firmware/components/firmware_bootstrap/test/test_firmware_bootstrap.c:76:Firmware bootstrap records optional failure without hiding it:PASS
2026-07-29 08:44:57 Running Sensor-mode bootstrap acquires HX710 before sensor tasks...
2026-07-29 08:44:57 <repo>/code/resq-firmware/components/firmware_bootstrap/test/test_firmware_bootstrap.c:93:Sensor-mode bootstrap acquires HX710 before sensor tasks:PASS
2026-07-29 08:44:57 Running USB-mode bootstrap skips sensor-only components...
2026-07-29 08:44:57 <repo>/code/resq-firmware/components/firmware_bootstrap/test/test_firmware_bootstrap.c:107:USB-mode bootstrap skips sensor-only components:PASS
2026-07-29 08:44:57 Running ADC service failure prevents SENSOR runtime start...
2026-07-29 08:44:57 E (3414) firmware_bootstrap: component=adc init failed: ESP_FAIL
2026-07-29 08:44:57 <repo>/code/resq-firmware/components/firmware_bootstrap/test/test_firmware_bootstrap.c:122:ADC service failure prevents SENSOR runtime start:PASS
2026-07-29 08:44:57 Running Partial bootstrap cleanup runs in reverse order...
2026-07-29 08:44:57 E (3444) firmware_bootstrap: component=adc init failed: ESP_FAIL
2026-07-29 08:44:57 <repo>/code/resq-firmware/components/firmware_bootstrap/test/test_firmware_bootstrap.c:137:Partial bootstrap cleanup runs in reverse order:PASS
2026-07-29 08:44:58 Running Repeated init does not create duplicate tasks...
2026-07-29 08:44:58 <repo>/code/resq-firmware/components/firmware_bootstrap/test/test_firmware_bootstrap.c:153:Repeated init does not create duplicate tasks:PASS
2026-07-29 08:44:58 Running status contract carries restart-safe calibration identity...
2026-07-29 08:44:58 <repo>/code/resq-firmware/components/firmware_mqtt_contract/test/test_firmware_mqtt_contract.c:28:status contract carries restart-safe calibration identity:PASS
2026-07-29 08:44:58 Running uncalibrated status omits calibration identity...
2026-07-29 08:44:58 <repo>/code/resq-firmware/components/firmware_mqtt_contract/test/test_firmware_mqtt_contract.c:93:uncalibrated status omits calibration identity:PASS
2026-07-29 08:44:58 Running status session ID is conditional...
2026-07-29 08:44:58 <repo>/code/resq-firmware/components/firmware_mqtt_contract/test/test_firmware_mqtt_contract.c:120:status session ID is conditional:PASS
2026-07-29 08:44:58 Running status equivalence ignores only firmware timestamp...
2026-07-29 08:44:58 <repo>/code/resq-firmware/components/firmware_mqtt_contract/test/test_firmware_mqtt_contract.c:148:status equivalence ignores only firmware timestamp:PASS
2026-07-29 08:44:58 Running all major visible states change effective status...
2026-07-29 08:44:58 <repo>/code/resq-firmware/components/firmware_mqtt_contract/test/test_firmware_mqtt_contract.c:174:all major visible states change effective status:PASS
2026-07-29 08:44:58 Running status transport policy remains qos one and retained...
2026-07-29 08:44:58 <repo>/code/resq-firmware/components/firmware_mqtt_contract/test/test_firmware_mqtt_contract.c:199:status transport policy remains qos one and retained:PASS
2026-07-29 08:44:58 Running heartbeat contract contains only minimal liveness fields...
2026-07-29 08:44:58 <repo>/code/resq-firmware/components/firmware_mqtt_contract/test/test_firmware_mqtt_contract.c:205:heartbeat contract contains only minimal liveness fields:PASS
2026-07-29 08:44:58 Running heartbeat cadence has one five-second source of truth...
2026-07-29 08:44:58 <repo>/code/resq-firmware/components/firmware_mqtt_contract/test/test_firmware_mqtt_contract.c:241:heartbeat cadence has one five-second source of truth:PASS
2026-07-29 08:44:58 Running FSM rejects missing dependencies...
2026-07-29 08:44:58 <repo>/code/resq-firmware/components/firmware_state_machine/test/test_firmware_state_machine.c:543:FSM rejects missing dependencies:PASS
2026-07-29 08:44:58 Running BOOT covers success and initialization failure...
2026-07-29 08:44:58 I (3684) resq_fsm: Entering state: BOOT
2026-07-29 08:44:58 I (3684) resq_fsm: Entering state: CONFIG_CHECK
2026-07-29 08:44:58 I (3684) resq_fsm: Entering state: BOOT
2026-07-29 08:44:58 I (3684) resq_fsm: Entering state: ERROR
2026-07-29 08:44:58 <repo>/code/resq-firmware/components/firmware_state_machine/test/test_firmware_state_machine.c:549:BOOT covers success and initialization failure:PASS
2026-07-29 08:44:58 Running BOOT handles config load failures...
2026-07-29 08:44:58 I (3714) resq_fsm: Entering state: BOOT
2026-07-29 08:44:58 I (3724) resq_fsm: Entering state: ERROR
2026-07-29 08:44:58 I (3724) resq_fsm: Entering state: BOOT
2026-07-29 08:44:58 I (3724) resq_fsm: Entering state: CONFIG_CHECK
2026-07-29 08:44:58 <repo>/code/resq-firmware/components/firmware_state_machine/test/test_firmware_state_machine.c:560:BOOT handles config load failures:PASS
2026-07-29 08:44:58 Running CONFIG_CHECK selects provisioning or Wi-Fi...
2026-07-29 08:44:58 I (3754) resq_fsm: Entering state: BOOT
2026-07-29 08:44:58 I (3754) resq_fsm: Entering state: CONFIG_CHECK
2026-07-29 08:44:58 I (3754) resq_fsm: Entering state: WIFI_CONNECTING
2026-07-29 08:44:58 I (3754) resq_fsm: Entering state: BOOT
2026-07-29 08:44:58 I (3754) resq_fsm: Entering state: CONFIG_CHECK
2026-07-29 08:44:58 I (3764) resq_fsm: Entering state: PROVISIONING
2026-07-29 08:44:58 <repo>/code/resq-firmware/components/firmware_state_machine/test/test_firmware_state_machine.c:573:CONFIG_CHECK selects provisioning or Wi-Fi:PASS
2026-07-29 08:44:58 Running PROVISIONING covers start save validation and system exits...
2026-07-29 08:44:58 I (3804) resq_fsm: Entering state: BOOT
2026-07-29 08:44:58 I (3804) resq_fsm: Entering state: PROVISIONING
2026-07-29 08:44:58 I (3804) resq_fsm: Entering state: WIFI_CONNECTING
2026-07-29 08:44:58 I (3804) resq_fsm: Entering state: BOOT
2026-07-29 08:44:58 I (3804) resq_fsm: Entering state: PROVISIONING
2026-07-29 08:44:58 I (3804) resq_fsm: Entering state: ERROR
2026-07-29 08:44:58 I (3814) resq_fsm: Entering state: BOOT
2026-07-29 08:44:58 I (3814) resq_fsm: Entering state: PROVISIONING
2026-07-29 08:44:58 I (3824) resq_fsm: Entering state: ERROR
2026-07-29 08:44:58 I (3824) resq_fsm: Entering state: BOOT
2026-07-29 08:44:58 I (3824) resq_fsm: Entering state: PROVISIONING
2026-07-29 08:44:58 I (3834) resq_fsm: Entering state: BOOT
2026-07-29 08:44:58 I (3834) resq_fsm: Entering state: PROVISIONING
2026-07-29 08:44:58 I (3844) resq_fsm: Entering state: TURN_OFF
2026-07-29 08:44:58 I (3844) resq_fsm: Entering state: BOOT
2026-07-29 08:44:58 I (3844) resq_fsm: Entering state: PROVISIONING
2026-07-29 08:44:58 I (3854) resq_fsm: Entering state: RESETTING
2026-07-29 08:44:58 <repo>/code/resq-firmware/components/firmware_state_machine/test/test_firmware_state_machine.c:584:PROVISIONING covers start save validation and system exits:PASS
2026-07-29 08:44:58 Running PROVISIONING short-selects and either long press confirms USB...
2026-07-29 08:44:58 I (3894) resq_fsm: Entering state: BOOT
2026-07-29 08:44:58 I (3894) resq_fsm: Entering state: PROVISIONING
2026-07-29 08:44:58 I (3894) resq_fsm: Provisioning I/O mode selected: active=SENSOR pending=USB; long-press either button to save and restart
2026-07-29 08:44:58 W (3894) resq_fsm: Confirming provisioning I/O mode switch: active=SENSOR requested=USB
2026-07-29 08:44:58 W (3904) resq_fsm: Restarting into USB I/O mode
2026-07-29 08:44:58 I (3904) resq_fsm: Entering state: BOOT
2026-07-29 08:44:58 I (3914) resq_fsm: Entering state: PROVISIONING
2026-07-29 08:44:58 I (3914) resq_fsm: Provisioning I/O mode selected: active=SENSOR pending=USB; long-press either button to save and restart
2026-07-29 08:44:58 W (3924) resq_fsm: Confirming provisioning I/O mode switch: active=SENSOR requested=USB
2026-07-29 08:44:58 W (3934) resq_fsm: Restarting into USB I/O mode
2026-07-29 08:44:58 <repo>/code/resq-firmware/components/firmware_state_machine/test/test_firmware_state_machine.c:617:PROVISIONING short-selects and either long press confirms USB:PASS
2026-07-29 08:44:58 Running PROVISIONING short-selects and either long press confirms SENSOR...
2026-07-29 08:44:58 I (3974) resq_fsm: Entering state: BOOT
2026-07-29 08:44:58 I (3974) resq_fsm: Entering state: PROVISIONING
2026-07-29 08:44:58 I (3974) resq_fsm: Provisioning I/O mode selected: active=USB pending=SENSOR; long-press either button to save and restart
2026-07-29 08:44:58 W (3984) resq_fsm: Confirming provisioning I/O mode switch: active=USB requested=SENSOR
2026-07-29 08:44:58 W (3994) resq_fsm: Restarting into SENSOR I/O mode
2026-07-29 08:44:58 I (3994) resq_fsm: Entering state: BOOT
2026-07-29 08:44:58 I (3994) resq_fsm: Entering state: PROVISIONING
2026-07-29 08:44:58 I (4004) resq_fsm: Provisioning I/O mode selected: active=USB pending=SENSOR; long-press either button to save and restart
2026-07-29 08:44:58 W (4014) resq_fsm: Confirming provisioning I/O mode switch: active=USB requested=SENSOR
2026-07-29 08:44:58 W (4024) resq_fsm: Restarting into SENSOR I/O mode
2026-07-29 08:44:58 <repo>/code/resq-firmware/components/firmware_state_machine/test/test_firmware_state_machine.c:636:PROVISIONING short-selects and either long press confirms SENSOR:PASS
2026-07-29 08:44:58 Running PROVISIONING selecting active mode cancels pending change...
2026-07-29 08:44:58 I (4054) resq_fsm: Entering state: BOOT
2026-07-29 08:44:58 I (4064) resq_fsm: Entering state: PROVISIONING
2026-07-29 08:44:58 I (4064) resq_fsm: Provisioning I/O mode selected: active=SENSOR pending=USB; long-press either button to save and restart
2026-07-29 08:44:58 I (4064) resq_fsm: Provisioning I/O mode selection cancelled; SENSOR is already active
2026-07-29 08:44:58 I (4074) resq_fsm: Entering state: WIFI_CONNECTING
2026-07-29 08:44:58 <repo>/code/resq-firmware/components/firmware_state_machine/test/test_firmware_state_machine.c:654:PROVISIONING selecting active mode cancels pending change:PASS
2026-07-29 08:44:58 Running PROVISIONING selecting already active mode is a no-op...
2026-07-29 08:44:58 I (4114) resq_fsm: Entering state: BOOT
2026-07-29 08:44:58 I (4114) resq_fsm: Entering state: PROVISIONING
2026-07-29 08:44:58 I (4114) resq_fsm: Provisioning I/O mode SENSOR is already active; no change pending
2026-07-29 08:44:58 I (4114) resq_fsm: Entering state: WIFI_CONNECTING
2026-07-29 08:44:58 <repo>/code/resq-firmware/components/firmware_state_machine/test/test_firmware_state_machine.c:668:PROVISIONING selecting already active mode is a no-op:PASS
2026-07-29 08:44:58 Running PROVISIONING repeated pending selection is idempotent...
2026-07-29 08:44:58 I (4154) resq_fsm: Entering state: BOOT
2026-07-29 08:44:58 I (4154) resq_fsm: Entering state: PROVISIONING
2026-07-29 08:44:58 I (4154) resq_fsm: Provisioning I/O mode selected: active=SENSOR pending=USB; long-press either button to save and restart
2026-07-29 08:44:58 I (4164) resq_fsm: Provisioning I/O mode USB is already pending
2026-07-29 08:44:58 W (4164) resq_fsm: Confirming provisioning I/O mode switch: active=SENSOR requested=USB
2026-07-29 08:44:58 W (4174) resq_fsm: Restarting into USB I/O mode
2026-07-29 08:44:58 <repo>/code/resq-firmware/components/firmware_state_machine/test/test_firmware_state_machine.c:681:PROVISIONING repeated pending selection is idempotent:PASS
2026-07-29 08:44:58 Running PROVISIONING save failure restores portal without restart...
2026-07-29 08:44:58 I (4214) resq_fsm: Entering state: BOOT
2026-07-29 08:44:58 I (4214) resq_fsm: Entering state: PROVISIONING
2026-07-29 08:44:58 I (4214) resq_fsm: Provisioning I/O mode selected: active=SENSOR pending=USB; long-press either button to save and restart
2026-07-29 08:44:58 W (4224) resq_fsm: Confirming provisioning I/O mode switch: active=SENSOR requested=USB
2026-07-29 08:44:58 E (4224) resq_fsm: I/O mode switch aborted because NVS save failed: ESP_FAIL
2026-07-29 08:44:58 I (4234) resq_fsm: Entering state: TURN_OFF
2026-07-29 08:44:58 <repo>/code/resq-firmware/components/firmware_state_machine/test/test_firmware_state_machine.c:695:PROVISIONING save failure restores portal without restart:PASS
2026-07-29 08:44:58 Running PROVISIONING saved network waits for pending mode decision...
2026-07-29 08:44:58 I (4274) resq_fsm: Entering state: BOOT
2026-07-29 08:44:58 I (4274) resq_fsm: Entering state: PROVISIONING
2026-07-29 08:44:58 I (4274) resq_fsm: Provisioning I/O mode selected: active=SENSOR pending=USB; long-press either button to save and restart
2026-07-29 08:44:58 W (4284) resq_fsm: Confirming provisioning I/O mode switch: active=SENSOR requested=USB
2026-07-29 08:44:58 W (4284) resq_fsm: Restarting into USB I/O mode
2026-07-29 08:44:58 I (4294) resq_fsm: Entering state: BOOT
2026-07-29 08:44:58 I (4294) resq_fsm: Entering state: PROVISIONING
2026-07-29 08:44:58 I (4304) resq_fsm: Provisioning I/O mode selected: active=SENSOR pending=USB; long-press either button to save and restart
2026-07-29 08:44:58 I (4314) resq_fsm: Provisioning I/O mode selection cancelled; SENSOR is already active
2026-07-29 08:44:58 I (4314) resq_fsm: Entering state: WIFI_CONNECTING
2026-07-29 08:44:58 <repo>/code/resq-firmware/components/firmware_state_machine/test/test_firmware_state_machine.c:716:PROVISIONING saved network waits for pending mode decision:PASS
2026-07-29 08:44:58 Running FLUSH_CONFIG shuts down and clears network config...
2026-07-29 08:44:58 I (4354) resq_fsm: Entering state: BOOT
2026-07-29 08:44:58 I (4354) resq_fsm: Entering state: FLUSH_CONFIG
2026-07-29 08:44:58 I (4354) resq_fsm: Entering state: PROVISIONING
2026-07-29 08:44:58 I (4354) resq_fsm: Entering state: BOOT
2026-07-29 08:44:58 I (4364) resq_fsm: Entering state: FLUSH_CONFIG
2026-07-29 08:44:58 I (4364) resq_fsm: Entering state: ERROR
2026-07-29 08:44:58 <repo>/code/resq-firmware/components/firmware_state_machine/test/test_firmware_state_machine.c:735:FLUSH_CONFIG shuts down and clears network config:PASS
2026-07-29 08:44:58 Running WIFI_CONNECTING covers invalid config failure and IP fallback...
2026-07-29 08:44:58 I (4404) resq_fsm: Entering state: BOOT
2026-07-29 08:44:58 I (4404) resq_fsm: Entering state: WIFI_CONNECTING
2026-07-29 08:44:58 I (4404) resq_fsm: Entering state: FLUSH_CONFIG
2026-07-29 08:44:58 I (4404) resq_fsm: Entering state: BOOT
2026-07-29 08:44:58 I (4404) resq_fsm: Entering state: WIFI_CONNECTING
2026-07-29 08:44:58 I (4414) resq_fsm: Entering state: ERROR
2026-07-29 08:44:58 I (4414) resq_fsm: Entering state: BOOT
2026-07-29 08:44:58 I (4414) resq_fsm: Entering state: WIFI_CONNECTING
2026-07-29 08:44:58 I (4424) resq_fsm: Entering state: BACKEND_REGISTERING
2026-07-29 08:44:59 I (4424) resq_fsm: Entering state: BOOT
2026-07-29 08:44:59 I (4434) resq_fsm: Entering state: WIFI_CONNECTING
2026-07-29 08:44:59 I (4434) resq_fsm: Entering state: BACKEND_REGISTERING
2026-07-29 08:44:59 <repo>/code/resq-firmware/components/firmware_state_machine/test/test_firmware_state_machine.c:749:WIFI_CONNECTING covers invalid config failure and IP fallback:PASS
2026-07-29 08:44:59 Running BACKEND_REGISTERING validates the runtime result...
2026-07-29 08:44:59 I (4474) resq_fsm: Entering state: BOOT
2026-07-29 08:44:59 I (4474) resq_fsm: Entering state: BACKEND_REGISTERING
2026-07-29 08:44:59 I (4474) resq_fsm: Backend registration start mode=SENSOR
2026-07-29 08:44:59 I (4474) resq_fsm: Entering state: MQTT_CONNECTING
2026-07-29 08:44:59 I (4484) resq_fsm: Entering state: BOOT
2026-07-29 08:44:59 I (4484) resq_fsm: Entering state: BACKEND_REGISTERING
2026-07-29 08:44:59 I (4494) resq_fsm: Backend registration start mode=SENSOR
2026-07-29 08:44:59 I (4494) resq_fsm: Entering state: ERROR
2026-07-29 08:44:59 I (4494) resq_fsm: Entering state: BOOT
2026-07-29 08:44:59 I (4504) resq_fsm: Entering state: BACKEND_REGISTERING
2026-07-29 08:44:59 I (4504) resq_fsm: Backend registration start mode=SENSOR
2026-07-29 08:44:59 I (4514) resq_fsm: Entering state: ERROR
2026-07-29 08:44:59 I (4514) resq_fsm: Entering state: BOOT
2026-07-29 08:44:59 I (4514) resq_fsm: Entering state: BACKEND_REGISTERING
2026-07-29 08:44:59 I (4524) resq_fsm: Backend registration start mode=SENSOR
2026-07-29 08:44:59 I (4524) resq_fsm: Entering state: ERROR
2026-07-29 08:44:59 <repo>/code/resq-firmware/components/firmware_state_machine/test/test_firmware_state_machine.c:773:BACKEND_REGISTERING validates the runtime result:PASS
2026-07-29 08:44:59 Running Configured startup registers exactly once in USB and Sensor modes...
2026-07-29 08:44:59 I (4564) resq_fsm: Entering state: BOOT
2026-07-29 08:44:59 I (4564) resq_fsm: Entering state: CONFIG_CHECK
2026-07-29 08:44:59 I (4564) resq_fsm: Entering state: WIFI_CONNECTING
2026-07-29 08:44:59 I (4564) resq_fsm: Entering state: BACKEND_REGISTERING
2026-07-29 08:44:59 I (4574) resq_fsm: Backend registration start mode=USB
2026-07-29 08:44:59 I (4574) resq_fsm: Entering state: MQTT_CONNECTING
2026-07-29 08:44:59 I (4584) resq_fsm: Entering state: PAIRED_IDLE
2026-07-29 08:44:59 I (4584) resq_fsm: Entering state: BOOT
2026-07-29 08:44:59 I (4594) resq_fsm: Entering state: CONFIG_CHECK
2026-07-29 08:44:59 I (4594) resq_fsm: Entering state: WIFI_CONNECTING
2026-07-29 08:44:59 I (4594) resq_fsm: Entering state: BACKEND_REGISTERING
2026-07-29 08:44:59 I (4604) resq_fsm: Backend registration start mode=SENSOR
2026-07-29 08:44:59 I (4604) resq_fsm: Entering state: MQTT_CONNECTING
2026-07-29 08:44:59 I (4614) resq_fsm: Entering state: READY_FOR_SESSION
2026-07-29 08:44:59 <repo>/code/resq-firmware/components/firmware_state_machine/test/test_firmware_state_machine.c:800:Configured startup registers exactly once in USB and Sensor modes:PASS
2026-07-29 08:44:59 Running MQTT_CONNECTING selects all destinations...
2026-07-29 08:44:59 I (4654) resq_fsm: Entering state: BOOT
2026-07-29 08:44:59 I (4654) resq_fsm: Entering state: MQTT_CONNECTING
2026-07-29 08:44:59 I (4654) resq_fsm: Entering state: READY_FOR_SESSION
2026-07-29 08:44:59 I (4654) resq_fsm: Entering state: BOOT
2026-07-29 08:44:59 I (4654) resq_fsm: Entering state: MQTT_CONNECTING
2026-07-29 08:44:59 I (4664) resq_fsm: Entering state: PAIRED_IDLE
2026-07-29 08:44:59 I (4664) resq_fsm: Entering state: BOOT
2026-07-29 08:44:59 I (4664) resq_fsm: Entering state: MQTT_CONNECTING
2026-07-29 08:44:59 I (4674) resq_fsm: Entering state: SESSION_INTERRUPTED
2026-07-29 08:44:59 I (4674) resq_fsm: Entering state: BOOT
2026-07-29 08:44:59 I (4684) resq_fsm: Entering state: MQTT_CONNECTING
2026-07-29 08:44:59 I (4684) resq_fsm: Entering state: ERROR
2026-07-29 08:44:59 <repo>/code/resq-firmware/components/firmware_state_machine/test/test_firmware_state_machine.c:838:MQTT_CONNECTING selects all destinations:PASS
2026-07-29 08:44:59 Running Idle states delegate commands and publish when connected...
2026-07-29 08:44:59 I (4724) resq_fsm: Entering state: BOOT
2026-07-29 08:44:59 I (4724) resq_fsm: Entering state: PAIRED_IDLE
2026-07-29 08:44:59 I (4724) resq_fsm: Entering state: CALIBRATING
2026-07-29 08:44:59 I (4724) resq_fsm: Entering state: BOOT
2026-07-29 08:44:59 I (4724) resq_fsm: Entering state: READY_FOR_SESSION
2026-07-29 08:44:59 I (4734) resq_fsm: Entering state: SESSION_ACTIVE
2026-07-29 08:44:59 I (4734) resq_fsm: Entering state: BOOT
2026-07-29 08:44:59 I (4734) resq_fsm: Entering state: PAIRED_IDLE
2026-07-29 08:44:59 <repo>/code/resq-firmware/components/firmware_state_machine/test/test_firmware_state_machine.c:864:Idle states delegate commands and publish when connected:PASS
2026-07-29 08:44:59 Running Manager-owned states return delegated transitions...
2026-07-29 08:44:59 I (4774) resq_fsm: Entering state: BOOT
2026-07-29 08:44:59 I (4774) resq_fsm: Entering state: CALIBRATING
2026-07-29 08:44:59 I (4774) resq_fsm: Entering state: READY_FOR_SESSION
2026-07-29 08:44:59 I (4774) resq_fsm: Entering state: BOOT
2026-07-29 08:44:59 I (4784) resq_fsm: Entering state: CALIBRATION_FAIL
2026-07-29 08:44:59 I (4784) resq_fsm: Entering state: PAIRED_IDLE
2026-07-29 08:44:59 I (4794) resq_fsm: Entering state: BOOT
2026-07-29 08:44:59 I (4794) resq_fsm: Entering state: SESSION_ACTIVE
2026-07-29 08:44:59 I (4794) resq_fsm: Entering state: READY_FOR_SESSION
2026-07-29 08:44:59 I (4804) resq_fsm: Entering state: BOOT
2026-07-29 08:44:59 I (4804) resq_fsm: Entering state: ERROR
2026-07-29 08:44:59 I (4814) resq_fsm: Entering state: RESETTING
2026-07-29 08:44:59 <repo>/code/resq-firmware/components/firmware_state_machine/test/test_firmware_state_machine.c:884:Manager-owned states return delegated transitions:PASS
2026-07-29 08:44:59 Running Calibration failure result truly enters CALIBRATION_FAIL...
2026-07-29 08:44:59 I (4844) resq_fsm: Entering state: BOOT
2026-07-29 08:44:59 I (4844) resq_fsm: Entering state: CALIBRATING
2026-07-29 08:44:59 I (4844) resq_fsm: Entering state: CALIBRATION_FAIL
2026-07-29 08:44:59 <repo>/code/resq-firmware/components/firmware_state_machine/test/test_firmware_state_machine.c:904:Calibration failure result truly enters CALIBRATION_FAIL:PASS
2026-07-29 08:44:59 Running SESSION_INTERRUPTED reconnects retries and returns readiness...
2026-07-29 08:44:59 I (4884) resq_fsm: Entering state: BOOT
2026-07-29 08:44:59 I (4884) resq_fsm: Entering state: SESSION_INTERRUPTED
2026-07-29 08:44:59 I (4884) resq_fsm: Entering state: WIFI_CONNECTING
2026-07-29 08:44:59 I (4884) resq_fsm: Entering state: BOOT
2026-07-29 08:44:59 I (4884) resq_fsm: Entering state: SESSION_INTERRUPTED
2026-07-29 08:44:59 I (4894) resq_fsm: Entering state: MQTT_CONNECTING
2026-07-29 08:44:59 I (4894) resq_fsm: Entering state: BOOT
2026-07-29 08:44:59 I (4904) resq_fsm: Entering state: SESSION_INTERRUPTED
2026-07-29 08:44:59 I (4904) resq_fsm: Entering state: BOOT
2026-07-29 08:44:59 I (4904) resq_fsm: Entering state: SESSION_INTERRUPTED
2026-07-29 08:44:59 I (4914) resq_fsm: Entering state: READY_FOR_SESSION
2026-07-29 08:44:59 I (4914) resq_fsm: Entering state: BOOT
2026-07-29 08:44:59 I (4924) resq_fsm: Entering state: SESSION_INTERRUPTED
2026-07-29 08:44:59 I (4924) resq_fsm: Entering state: PAIRED_IDLE
2026-07-29 08:44:59 <repo>/code/resq-firmware/components/firmware_state_machine/test/test_firmware_state_machine.c:917:SESSION_INTERRUPTED reconnects retries and returns readiness:PASS
2026-07-29 08:44:59 Running RESETTING cleans runtime and invokes restart...
2026-07-29 08:44:59 I (4964) resq_fsm: Entering state: BOOT
2026-07-29 08:44:59 I (4964) resq_fsm: Entering state: RESETTING
2026-07-29 08:44:59 I (4964) resq_fsm: Entering state: BOOT
2026-07-29 08:44:59 I (4964) resq_fsm: Entering state: RESETTING
2026-07-29 08:44:59 E (4964) resq_fsm: Reset cleanup failed: runtime=ESP_OK nvs=ESP_FAIL
2026-07-29 08:44:59 I (4974) resq_fsm: Entering state: ERROR
2026-07-29 08:44:59 <repo>/code/resq-firmware/components/firmware_state_machine/test/test_firmware_state_machine.c:946:RESETTING cleans runtime and invokes restart:PASS
2026-07-29 08:44:59 Running TURN_OFF persists network and invokes soft off...
2026-07-29 08:44:59 I (5004) resq_fsm: Entering state: BOOT
2026-07-29 08:44:59 I (5014) resq_fsm: Entering state: TURN_OFF
2026-07-29 08:44:59 <repo>/code/resq-firmware/components/firmware_state_machine/test/test_firmware_state_machine.c:964:TURN_OFF persists network and invokes soft off:PASS
2026-07-29 08:44:59 Running Unknown state enters ERROR with unsupported-state reason...
2026-07-29 08:44:59 I (5034) resq_fsm: Entering state: BOOT
2026-07-29 08:44:59 I (5034) resq_fsm: Entering state: UNKNOWN
2026-07-29 08:44:59 I (5034) resq_fsm: Entering state: ERROR
2026-07-29 08:44:59 <repo>/code/resq-firmware/components/firmware_state_machine/test/test_firmware_state_machine.c:977:Unknown state enters ERROR with unsupported-state reason:PASS
2026-07-29 08:44:59 Running State entry is deduplicated and suppresses pending interruption status...
2026-07-29 08:44:59 I (5074) resq_fsm: Entering state: BOOT
2026-07-29 08:44:59 I (5074) resq_fsm: Entering state: SESSION_INTERRUPTED
2026-07-29 08:44:59 <repo>/code/resq-firmware/components/firmware_state_machine/test/test_firmware_state_machine.c:984:State entry is deduplicated and suppresses pending interruption status:PASS
2026-07-29 08:44:59 Running Global buttons override states that do not own buttons...
2026-07-29 08:44:59 I (5104) resq_fsm: Entering state: BOOT
2026-07-29 08:44:59 I (5104) resq_fsm: Entering state: CONFIG_CHECK
2026-07-29 08:44:59 I (5104) resq_fsm: Entering state: TURN_OFF
2026-07-29 08:44:59 I (5104) resq_fsm: Entering state: BOOT
2026-07-29 08:44:59 I (5114) resq_fsm: Entering state: WIFI_CONNECTING
2026-07-29 08:44:59 I (5114) resq_fsm: Entering state: RESETTING
2026-07-29 08:44:59 <repo>/code/resq-firmware/components/firmware_state_machine/test/test_firmware_state_machine.c:998:Global buttons override states that do not own buttons:PASS
2026-07-29 08:44:59 Running Button ownership table covers all internal states...
2026-07-29 08:44:59 <repo>/code/resq-firmware/components/firmware_state_machine/test/test_firmware_state_machine.c:1013:Button ownership table covers all internal states:PASS
2026-07-29 08:44:59 Running USB mode suppresses readiness and sensor states...
2026-07-29 08:44:59 I (5174) resq_fsm: Entering state: BOOT
2026-07-29 08:44:59 I (5174) resq_fsm: Entering state: CONFIG_CHECK
2026-07-29 08:44:59 I (5174) resq_fsm: Entering state: MQTT_CONNECTING
2026-07-29 08:44:59 I (5174) resq_fsm: Entering state: PAIRED_IDLE
2026-07-29 08:44:59 I (5174) resq_fsm: Entering state: CALIBRATING
2026-07-29 08:44:59 I (5184) resq_fsm: Entering state: PAIRED_IDLE
2026-07-29 08:44:59 I (5184) resq_fsm: Entering state: SESSION_ACTIVE
2026-07-29 08:44:59 I (5194) resq_fsm: Entering state: PAIRED_IDLE
2026-07-29 08:44:59 <repo>/code/resq-firmware/components/firmware_state_machine/test/test_firmware_state_machine.c:1033:USB mode suppresses readiness and sensor states:PASS
2026-07-29 08:44:59 Running HX710 acquires shared SCK once without GPIO reset...
2026-07-29 08:44:59 <repo>/code/resq-firmware/components/hx710/test/test_hx710.c:246:HX710 acquires shared SCK once without GPIO reset:PASS
2026-07-29 08:44:59 Running HX710 acquisition reports GPIO failures...
2026-07-29 08:44:59 <repo>/code/resq-firmware/components/hx710/test/test_hx710.c:267:HX710 acquisition reports GPIO failures:PASS
2026-07-29 08:44:59 Running HX710 group all-ready read is synchronized and valid...
2026-07-29 08:44:59 <repo>/code/resq-firmware/components/hx710/test/test_hx710.c:282:HX710 group all-ready read is synchronized and valid:PASS
2026-07-29 08:44:59 Running HX710 partial readiness times out without clocking...
2026-07-29 08:44:59 <repo>/code/resq-firmware/components/hx710/test/test_hx710.c:309:HX710 partial readiness times out without clocking:PASS
2026-07-29 08:44:59 Running HX710 timeout identifies the DOUT that stayed HIGH...
2026-07-29 08:44:59 <repo>/code/resq-firmware/components/hx710/test/test_hx710.c:335:HX710 timeout identifies the DOUT that stayed HIGH:PASS
2026-07-29 08:44:59 Running HX710 stuck LOW fails post-read validation...
2026-07-29 08:44:59 <repo>/code/resq-firmware/components/hx710/test/test_hx710.c:359:HX710 stuck LOW fails post-read validation:PASS
2026-07-29 08:44:59 Running HX710 early next readiness does not invalidate completed sample...
2026-07-29 08:44:59 <repo>/code/resq-firmware/components/hx710/test/test_hx710.c:382:HX710 early next readiness does not invalidate completed sample:PASS
2026-07-29 08:44:59 Running HX710 early next readiness on multiple channels stays valid...
2026-07-29 08:44:59 <repo>/code/resq-firmware/components/hx710/test/test_hx710.c:410:HX710 early next readiness on multiple channels stays valid:PASS
2026-07-29 08:44:59 Running HX710 next-ready warning masks are independent by channel...
2026-07-29 08:44:59 <repo>/code/resq-firmware/components/hx710/test/test_hx710.c:436:HX710 next-ready warning masks are independent by channel:PASS
2026-07-29 08:44:59 Running HX710 valid wrapper publishes an early-next sample...
2026-07-29 08:44:59 <repo>/code/resq-firmware/components/hx710/test/test_hx710.c:457:HX710 valid wrapper publishes an early-next sample:PASS
2026-07-29 08:44:59 Running HX710 next readiness wait is deferred to the next read...
2026-07-29 08:44:59 <repo>/code/resq-firmware/components/hx710/test/test_hx710.c:479:HX710 next readiness wait is deferred to the next read:PASS
2026-07-29 08:44:59 Running HX710 midway clock failure cleans up without outputs...
2026-07-29 08:44:59 <repo>/code/resq-firmware/components/hx710/test/test_hx710.c:505:HX710 midway clock failure cleans up without outputs:PASS
2026-07-29 08:44:59 Running HX710 SCK cleanup failure overrides successful capture...
2026-07-29 08:44:59 E (5454) hx710: Failed to restore shared HX710 SCK LOW: ESP_FAIL
2026-07-29 08:44:59 <repo>/code/resq-firmware/components/hx710/test/test_hx710.c:528:HX710 SCK cleanup failure overrides successful capture:PASS
2026-07-29 08:44:59 Running HX710 repeated reads keep SCK LOW between transactions...
2026-07-29 08:44:59 <repo>/code/resq-firmware/components/hx710/test/test_hx710.c:550:HX710 repeated reads keep SCK LOW between transactions:PASS
2026-07-29 08:45:00 Running HX710 normal transaction never resets the owned shared SCK...
2026-07-29 08:45:00 <repo>/code/resq-firmware/components/hx710/test/test_hx710.c:571:HX710 normal transaction never resets the owned shared SCK:PASS
2026-07-29 08:45:00 Running HX710 single-DOUT clocking fails closed...
2026-07-29 08:45:00 <repo>/code/resq-firmware/components/hx710/test/test_hx710.c:588:HX710 single-DOUT clocking fails closed:PASS
2026-07-29 08:45:00 Running USB mode rejects HX710 before touching GPIO...
2026-07-29 08:45:00 <repo>/code/resq-firmware/components/hx710/test/test_hx710.c:607:USB mode rejects HX710 before touching GPIO:PASS
2026-07-29 08:45:00 Running HX710 ownership transfers only through explicit release...
2026-07-29 08:45:00 E (5554) hx710: Failed to restore shared HX710 SCK LOW: ESP_ERR_INVALID_STATE
2026-07-29 08:45:00 <repo>/code/resq-firmware/components/hx710/test/test_hx710.c:624:HX710 ownership transfers only through explicit release:PASS
2026-07-29 08:45:00 Running HX710 build disables native USB Serial JTAG console...
2026-07-29 08:45:00 <repo>/code/resq-firmware/components/hx710/test/test_hx710.c:650:HX710 build disables native USB Serial JTAG console:PASS
2026-07-29 08:45:00 Running requesting active mode does not create an NVS write...
2026-07-29 08:45:00 I (5604) io_mode: I/O mode SENSOR is already active
2026-07-29 08:45:00 <repo>/code/resq-firmware/components/io_mode_manager/test/test_io_mode_manager.c:8:requesting active mode does not create an NVS write:PASS
2026-07-29 08:45:00 Running request persists target without live mode swap...
2026-07-29 08:45:00 I (5624) io_mode: Saved requested I/O mode USB for next boot
2026-07-29 08:45:00 <repo>/code/resq-firmware/components/io_mode_manager/test/test_io_mode_manager.c:26:request persists target without live mode swap:PASS
2026-07-29 08:45:00 Running USB mode rejects HX710 access before GPIO setup...
2026-07-29 08:45:00 <repo>/code/resq-firmware/components/io_mode_manager/test/test_io_mode_manager.c:40:USB mode rejects HX710 access before GPIO setup:PASS
2026-07-29 08:45:00 Running MQTT topic builder creates canonical ResQ topics...
2026-07-29 08:45:00 <repo>/code/resq-firmware/components/mqtt_manager/test/test_mqtt_topics.c:20:MQTT topic builder creates canonical ResQ topics:PASS
2026-07-29 08:45:00 Running MQTT topic builder rejects invalid and short buffers...
2026-07-29 08:45:00 <repo>/code/resq-firmware/components/mqtt_manager/test/test_mqtt_topics.c:28:MQTT topic builder rejects invalid and short buffers:PASS
2026-07-29 08:45:00 Running MQTT fragmented command reassembles once with empty continuation topic...
2026-07-29 08:45:00 I (5714) mqtt_manager: MQTT command received topic=resq/node-1/cmd/calibration/start payload_len=39
2026-07-29 08:45:00 I (5714) mqtt_manager: Dequeued MQTT command topic=resq/node-1/cmd/calibration/start payload={"request_id":"req-1","hall_delta":675}
2026-07-29 08:45:00 <repo>/code/resq-firmware/components/mqtt_manager/test/test_mqtt_topics.c:44:MQTT fragmented command reassembles once with empty continuation topic:PASS
2026-07-29 08:45:00 Running MQTT malformed fragment resets partial command...
2026-07-29 08:45:00 W (5754) mqtt_manager: Invalid or oversized MQTT payload fragment total=39 offset=23 len=17
2026-07-29 08:45:00 I (5754) mqtt_manager: MQTT command received topic=resq/node-1/cmd/calibration/start payload_len=47
2026-07-29 08:45:00 I (5764) mqtt_manager: Dequeued MQTT command topic=resq/node-1/cmd/calibration/start payload={"request_id":"req-recovered","hall_delta":675}
2026-07-29 08:45:00 <repo>/code/resq-firmware/components/mqtt_manager/test/test_mqtt_topics.c:75:MQTT malformed fragment resets partial command:PASS
2026-07-29 08:45:00 Running MQTT oversized command is rejected without queueing...
2026-07-29 08:45:00 W (5804) mqtt_manager: Invalid or oversized MQTT payload fragment total=512 offset=0 len=1
2026-07-29 08:45:00 <repo>/code/resq-firmware/components/mqtt_manager/test/test_mqtt_topics.c:106:MQTT oversized command is rejected without queueing:PASS
2026-07-29 08:45:00 Running MQTT continuation invariants reject and reset partial state...
2026-07-29 08:45:00 W (5834) mqtt_manager: Malformed MQTT payload fragment sequence topic= total=48 offset=31 expected=0
2026-07-29 08:45:00 W (5834) mqtt_manager: Malformed MQTT payload fragment sequence topic=resq/node-1/cmd/calibration/start total=48 offset=30 expected=31
2026-07-29 08:45:00 W (5844) mqtt_manager: Malformed MQTT payload fragment sequence topic=resq/node-1/cmd/calibration/start total=49 offset=31 expected=31
2026-07-29 08:45:00 <repo>/code/resq-firmware/components/mqtt_manager/test/test_mqtt_topics.c:119:MQTT continuation invariants reject and reset partial state:PASS
2026-07-29 08:45:00 Running MQTT impossible fragment arguments remain invalid arguments...
2026-07-29 08:45:00 W (5884) mqtt_manager: Invalid MQTT payload fragment arguments total=1 offset=0 len=1
2026-07-29 08:45:00 W (5884) mqtt_manager: Invalid MQTT payload fragment arguments total=1 offset=0 len=1
2026-07-29 08:45:00 W (5894) mqtt_manager: Invalid MQTT payload fragment arguments total=1 offset=0 len=1
2026-07-29 08:45:00 <repo>/code/resq-firmware/components/mqtt_manager/test/test_mqtt_topics.c:152:MQTT impossible fragment arguments remain invalid arguments:PASS
2026-07-29 08:45:00 Running MQTT duplicate pending command is queued once...
2026-07-29 08:45:00 <repo>/code/resq-firmware/components/mqtt_manager/test/test_mqtt_topics.c:170:MQTT duplicate pending command is queued once:PASS
2026-07-29 08:45:00 Running MQTT cache lock timeout never returns new...
2026-07-29 08:45:00 <repo>/code/resq-firmware/components/mqtt_manager/test/test_mqtt_topics.c:183:MQTT cache lock timeout never returns new:PASS
2026-07-29 08:45:00 Running MQTT full cache does not evict pending commands...
2026-07-29 08:45:00 <repo>/code/resq-firmware/components/mqtt_manager/test/test_mqtt_topics.c:196:MQTT full cache does not evict pending commands:PASS
2026-07-29 08:45:00 Running MQTT same request ID on different topics remains distinct...
2026-07-29 08:45:00 <repo>/code/resq-firmware/components/mqtt_manager/test/test_mqtt_topics.c:218:MQTT same request ID on different topics remains distinct:PASS
2026-07-29 08:45:00 Running MQTT response completion updates matching cache entry...
2026-07-29 08:45:00 <repo>/code/resq-firmware/components/mqtt_manager/test/test_mqtt_topics.c:232:MQTT response completion updates matching cache entry:PASS
2026-07-29 08:45:00 Running MQTT command without request ID is rejected before queueing...
2026-07-29 08:45:00 I (6034) mqtt_manager: MQTT command received topic=resq/node-1/cmd/session/start payload_len=22
2026-07-29 08:45:00 W (6034) mqtt_manager: Rejecting MQTT command without a valid request_id
2026-07-29 08:45:00 <repo>/code/resq-firmware/components/mqtt_manager/test/test_mqtt_topics.c:259:MQTT command without request ID is rejected before queueing:PASS
2026-07-29 08:45:00 Running single pressure frame is not a stable window...
2026-07-29 08:45:00 <repo>/code/resq-firmware/components/pressure_quality_filter/test/test_pressure_quality_filter.c:40:single pressure frame is not a stable window:PASS
2026-07-29 08:45:00 Running complete stable pressure window is accepted...
2026-07-29 08:45:00 <repo>/code/resq-firmware/components/pressure_quality_filter/test/test_pressure_quality_filter.c:53:complete stable pressure window is accepted:PASS
2026-07-29 08:45:00 Running invalid pressure does not overwrite last accepted...
2026-07-29 08:45:00 <repo>/code/resq-firmware/components/pressure_quality_filter/test/test_pressure_quality_filter.c:71:invalid pressure does not overwrite last accepted:PASS
2026-07-29 08:45:00 Running saturated pressure is unusable and preserves evidence...
2026-07-29 08:45:00 <repo>/code/resq-firmware/components/pressure_quality_filter/test/test_pressure_quality_filter.c:91:saturated pressure is unusable and preserves evidence:PASS
2026-07-29 08:45:00 Running pressure filter recovers after temporary invalid frames...
2026-07-29 08:45:00 <repo>/code/resq-firmware/components/pressure_quality_filter/test/test_pressure_quality_filter.c:110:pressure filter recovers after temporary invalid frames:PASS
2026-07-29 08:45:00 Running pressure channel validity masks stay independent...
2026-07-29 08:45:00 <repo>/code/resq-firmware/components/pressure_quality_filter/test/test_pressure_quality_filter.c:127:pressure channel validity masks stay independent:PASS
2026-07-29 08:45:00 Running invalid zero frames are never accepted...
2026-07-29 08:45:00 <repo>/code/resq-firmware/components/pressure_quality_filter/test/test_pressure_quality_filter.c:145:invalid zero frames are never accepted:PASS
2026-07-29 08:45:00 Running pressure filter reset removes prior compression evidence...
2026-07-29 08:45:00 <repo>/code/resq-firmware/components/pressure_quality_filter/test/test_pressure_quality_filter.c:159:pressure filter reset removes prior compression evidence:PASS
2026-07-29 08:45:00 Running Provisioning page maps canonical QR fields and aliases...
2026-07-29 08:45:00 <repo>/code/resq-firmware/components/provisioning_manager/test/test_provisioning_manager.c:19:Provisioning page maps canonical QR fields and aliases:PASS
2026-07-29 08:45:00 Running Provisioning password field stays masked optional and editable...
2026-07-29 08:45:00 <repo>/code/resq-firmware/components/provisioning_manager/test/test_provisioning_manager.c:33:Provisioning password field stays masked optional and editable:PASS
2026-07-29 08:45:00 Running Provisioning accepts empty and nonempty passwords...
2026-07-29 08:45:00 <repo>/code/resq-firmware/components/provisioning_manager/test/test_provisioning_manager.c:44:Provisioning accepts empty and nonempty passwords:PASS
2026-07-29 08:45:00 Running Provisioning preserves special form password characters...
2026-07-29 08:45:00 <repo>/code/resq-firmware/components/provisioning_manager/test/test_provisioning_manager.c:62:Provisioning preserves special form password characters:PASS
2026-07-29 08:45:00 Running Provisioning password boundary is safe and transactional...
2026-07-29 08:45:00 <repo>/code/resq-firmware/components/provisioning_manager/test/test_provisioning_manager.c:73:Provisioning password boundary is safe and transactional:PASS
2026-07-29 08:45:00 Running Provisioning submit updates pending state atomically...
2026-07-29 08:45:00 I (6344) provisioning_manager: Provisioning manager initialized
2026-07-29 08:45:00 <repo>/code/resq-firmware/components/provisioning_manager/test/test_provisioning_manager.c:110:Provisioning submit updates pending state atomically:PASS
2026-07-29 08:45:00 Running Provisioning ACK commits matching generation...
2026-07-29 08:45:00 <repo>/code/resq-firmware/components/provisioning_manager/test/test_provisioning_manager.c:128:Provisioning ACK commits matching generation:PASS
2026-07-29 08:45:00 Running Provisioning stale ACK cannot commit newer request...
2026-07-29 08:45:00 <repo>/code/resq-firmware/components/provisioning_manager/test/test_provisioning_manager.c:149:Provisioning stale ACK cannot commit newer request:PASS
2026-07-29 08:45:00 Running Provisioning NVS failure does not report saved config...
2026-07-29 08:45:00 <repo>/code/resq-firmware/components/provisioning_manager/test/test_provisioning_manager.c:179:Provisioning NVS failure does not report saved config:PASS
2026-07-29 08:45:00 Running Provisioning take saved config is atomic...
2026-07-29 08:45:00 <repo>/code/resq-firmware/components/provisioning_manager/test/test_provisioning_manager.c:199:Provisioning take saved config is atomic:PASS
2026-07-29 08:45:00 Running Provisioning saved notification is consumed once...
2026-07-29 08:45:00 <repo>/code/resq-firmware/components/provisioning_manager/test/test_provisioning_manager.c:220:Provisioning saved notification is consumed once:PASS
2026-07-29 08:45:00 Running Provisioning stop rejects new submissions...
2026-07-29 08:45:00 <repo>/code/resq-firmware/components/provisioning_manager/test/test_provisioning_manager.c:245:Provisioning stop rejects new submissions:PASS
2026-07-29 08:45:01 Running Provisioning status snapshot is internally consistent...
2026-07-29 08:45:01 <repo>/code/resq-firmware/components/provisioning_manager/test/test_provisioning_manager.c:257:Provisioning status snapshot is internally consistent:PASS
2026-07-29 08:45:01 Running Request ID parser accepts command_id and request_id...
2026-07-29 08:45:01 <repo>/code/resq-firmware/components/runtime_helpers/test/test_runtime_helpers.c:12:Request ID parser accepts command_id and request_id:PASS
2026-07-29 08:45:01 Running Request ID parser rejects malformed missing and oversized IDs...
2026-07-29 08:45:01 <repo>/code/resq-firmware/components/runtime_helpers/test/test_runtime_helpers.c:25:Request ID parser rejects malformed missing and oversized IDs:PASS
2026-07-29 08:45:01 Running Idle debug payload contains raw and converted direct snapshot fields...
2026-07-29 08:45:01 <repo>/code/resq-firmware/components/runtime_helpers/test/test_runtime_helpers.c:42:Idle debug payload contains raw and converted direct snapshot fields:PASS
2026-07-29 08:45:01 Running Debug command without request id is rejected before sensor access...
2026-07-29 08:45:01 <repo>/code/resq-firmware/components/runtime_helpers/test/test_runtime_helpers.c:99:Debug command without request id is rejected before sensor access:PASS
2026-07-29 08:45:01 Running Idle debug payload emits finite zero for invalid converted values...
2026-07-29 08:45:01 <repo>/code/resq-firmware/components/runtime_helpers/test/test_runtime_helpers.c:112:Idle debug payload emits finite zero for invalid converted values:PASS
2026-07-29 08:45:01 Running Task diagnostics records coherent stack and heap snapshots...
2026-07-29 08:45:01 <repo>/code/resq-firmware/components/runtime_helpers/test/test_runtime_helpers.c:150:Task diagnostics records coherent stack and heap snapshots:PASS
2026-07-29 08:45:01 Running runtime identity boot id is sixteen lowercase hex characters...
2026-07-29 08:45:01 <repo>/code/resq-firmware/components/runtime_identity/test/test_runtime_identity.c:25:runtime identity boot id is sixteen lowercase hex characters:PASS
2026-07-29 08:45:01 Running runtime identity boot id is stable during one boot...
2026-07-29 08:45:01 <repo>/code/resq-firmware/components/runtime_identity/test/test_runtime_identity.c:31:runtime identity boot id is stable during one boot:PASS
2026-07-29 08:45:01 Running runtime identity state sequence starts at one and increases...
2026-07-29 08:45:01 <repo>/code/resq-firmware/components/runtime_identity/test/test_runtime_identity.c:39:runtime identity state sequence starts at one and increases:PASS
2026-07-29 08:45:01 Running runtime identity concurrent sequence calls are unique...
2026-07-29 08:45:01 <repo>/code/resq-firmware/components/runtime_identity/test/test_runtime_identity.c:63:runtime identity concurrent sequence calls are unique:PASS
2026-07-29 08:45:01 Running runtime identity adds ordering fields to json...
2026-07-29 08:45:01 <repo>/code/resq-firmware/components/runtime_identity/test/test_runtime_identity.c:90:runtime identity adds ordering fields to json:PASS
2026-07-29 08:45:01 Running pressure conversion uses absolute raw difference...
2026-07-29 08:45:01 <repo>/code/resq-firmware/components/sensor_conversion/test/test_sensor_conversion.c:45:pressure conversion uses absolute raw difference:PASS
2026-07-29 08:45:01 Running pressure conversion applies independent coefficients...
2026-07-29 08:45:01 <repo>/code/resq-firmware/components/sensor_conversion/test/test_sensor_conversion.c:61:pressure conversion applies independent coefficients:PASS
2026-07-29 08:45:01 Running pressure channels fail independently for reads and saturation...
2026-07-29 08:45:01 <repo>/code/resq-firmware/components/sensor_conversion/test/test_sensor_conversion.c:72:pressure channels fail independently for reads and saturation:PASS
2026-07-29 08:45:01 Running invalid pressure profile fields invalidate only that channel...
2026-07-29 08:45:01 <repo>/code/resq-firmware/components/sensor_conversion/test/test_sensor_conversion.c:94:invalid pressure profile fields invalidate only that channel:PASS
2026-07-29 08:45:01 Running required pressure mask controls aggregate validity...
2026-07-29 08:45:01 <repo>/code/resq-firmware/components/sensor_conversion/test/test_sensor_conversion.c:126:required pressure mask controls aggregate validity:PASS
2026-07-29 08:45:01 Running hall conversion handles direction and clamping...
2026-07-29 08:45:01 <repo>/code/resq-firmware/components/sensor_conversion/test/test_sensor_conversion.c:148:hall conversion handles direction and clamping:PASS
2026-07-29 08:45:01 Running invalid hall input or profile clears hall outputs...
2026-07-29 08:45:01 <repo>/code/resq-firmware/components/sensor_conversion/test/test_sensor_conversion.c:180:invalid hall input or profile clears hall outputs:PASS
2026-07-29 08:45:01 Running invalid full depth invalidates hall profile...
2026-07-29 08:45:01 <repo>/code/resq-firmware/components/sensor_conversion/test/test_sensor_conversion.c:210:invalid full depth invalidates hall profile:PASS
2026-07-29 08:45:01 Running null pointers return explicit errors...
2026-07-29 08:45:01 <repo>/code/resq-firmware/components/sensor_conversion/test/test_sensor_conversion.c:232:null pointers return explicit errors:PASS
2026-07-29 08:45:01 Running extreme integer values avoid overflow and propagate timestamp...
2026-07-29 08:45:01 <repo>/code/resq-firmware/components/sensor_conversion/test/test_sensor_conversion.c:243:extreme integer values avoid overflow and propagate timestamp:PASS
2026-07-29 08:45:01 Running Sensor owner acquires free owner and releases by owner only...
2026-07-29 08:45:01 <repo>/code/resq-firmware/components/sensor_owner/test/test_sensor_owner.c:12:Sensor owner acquires free owner and releases by owner only:PASS
2026-07-29 08:45:01 Running Sensor owner rejects competing owner without overwrite...
2026-07-29 08:45:01 <repo>/code/resq-firmware/components/sensor_owner/test/test_sensor_owner.c:28:Sensor owner rejects competing owner without overwrite:PASS
2026-07-29 08:45:01 Running Sensor owner rejects repeated release...
2026-07-29 08:45:01 <repo>/code/resq-firmware/components/sensor_owner/test/test_sensor_owner.c:38:Sensor owner rejects repeated release:PASS
2026-07-29 08:45:01 Running Sensor owner initialization is idempotent...
2026-07-29 08:45:01 <repo>/code/resq-firmware/components/sensor_owner/test/test_sensor_owner.c:49:Sensor owner initialization is idempotent:PASS
2026-07-29 08:45:01 Running Diagnostic owner excludes runtime sensor owners...
2026-07-29 08:45:01 <repo>/code/resq-firmware/components/sensor_owner/test/test_sensor_owner.c:58:Diagnostic owner excludes runtime sensor owners:PASS
2026-07-29 08:45:01 Running session pressure snapshot is copied and sequenced safely...
2026-07-29 08:45:01 <repo>/code/resq-firmware/components/session_active_manager/test/test_session_pressure_snapshot.c:7:session pressure snapshot is copied and sequenced safely:PASS
2026-07-29 08:45:01 Running session pressure snapshot freshness rejects stale and duplicate frames...
2026-07-29 08:45:01 <repo>/code/resq-firmware/components/session_active_manager/test/test_session_pressure_snapshot.c:34:session pressure snapshot freshness rejects stale and duplicate frames:PASS
2026-07-29 08:45:01 Running unavailable pressure snapshot is never consumed...
2026-07-29 08:45:01 <repo>/code/resq-firmware/components/session_active_manager/test/test_session_pressure_snapshot.c:53:unavailable pressure snapshot is never consumed:PASS
2026-07-29 08:45:01 Running Session manager lifecycle is repeatable...
2026-07-29 08:45:01 I (7134) session_manager: Session started id=s-1 profile=adult
2026-07-29 08:45:01 I (7134) session_manager: Session stopped id=s-1
2026-07-29 08:45:01 I (7134) session_manager: Session started id=s-2 profile=
2026-07-29 08:45:01 I (7144) session_manager: Session stopped id=s-2
2026-07-29 08:45:01 <repo>/code/resq-firmware/components/session_manager/test/test_session_manager.c:4:Session manager lifecycle is repeatable:PASS
2026-07-29 08:45:01 Running Session manager records terminal interruption...
2026-07-29 08:45:01 I (7174) session_manager: Session started id=s-interrupt profile=adult
2026-07-29 08:45:01 W (7174) session_manager: Session interrupted id=s-interrupt reason=connectivity_timeout
2026-07-29 08:45:01 <repo>/code/resq-firmware/components/session_manager/test/test_session_manager.c:31:Session manager records terminal interruption:PASS
2026-07-29 08:45:01 Running Session manager validates output pointers...
2026-07-29 08:45:01 <repo>/code/resq-firmware/components/session_manager/test/test_session_manager.c:45:Session manager validates output pointers:PASS
2026-07-29 08:45:01 Running button 1 short has no global mode action...
2026-07-29 08:45:01 <repo>/code/resq-firmware/components/system_button_manager/test/test_system_button_mapping.c:15:button 1 short has no global mode action:PASS
2026-07-29 08:45:01 Running button 2 short has no global mode action...
2026-07-29 08:45:01 <repo>/code/resq-firmware/components/system_button_manager/test/test_system_button_mapping.c:21:button 2 short has no global mode action:PASS
2026-07-29 08:45:01 Running button 1 long preserves TURN_OFF...
2026-07-29 08:45:01 <repo>/code/resq-firmware/components/system_button_manager/test/test_system_button_mapping.c:27:button 1 long preserves TURN_OFF:PASS
2026-07-29 08:45:01 Running button 2 long preserves FACTORY_RESET...
2026-07-29 08:45:01 <repo>/code/resq-firmware/components/system_button_manager/test/test_system_button_mapping.c:33:button 2 long preserves FACTORY_RESET:PASS
2026-07-29 08:45:01 Running press duration below threshold remains short...
2026-07-29 08:45:01 <repo>/code/resq-firmware/components/system_button_manager/test/test_system_button_mapping.c:39:press duration below threshold remains short:PASS
2026-07-29 08:45:01 Running press duration at threshold remains long...
2026-07-29 08:45:01 <repo>/code/resq-firmware/components/system_button_manager/test/test_system_button_mapping.c:47:press duration at threshold remains long:PASS
2026-07-29 08:45:01 Running Oversized telemetry payload fails without publishing...
2026-07-29 08:45:01 <repo>/code/resq-firmware/components/telemetry_publisher/test/test_telemetry_payload.c:98:Oversized telemetry payload fails without publishing:PASS
2026-07-29 08:45:01 Running Session telemetry payload requires an active session id...
2026-07-29 08:45:01 <repo>/code/resq-firmware/components/telemetry_publisher/test/test_telemetry_payload.c:109:Session telemetry payload requires an active session id:PASS
2026-07-29 08:45:01 Running Session telemetry is minimal and keeps only consumed live metrics...
2026-07-29 08:45:01 <repo>/code/resq-firmware/components/telemetry_publisher/test/test_telemetry_payload.c:121:Session telemetry is minimal and keeps only consumed live metrics:PASS
2026-07-29 08:45:01 Running Session payload derives flags and clamps pressure score...
2026-07-29 08:45:01 <repo>/code/resq-firmware/components/telemetry_publisher/test/test_telemetry_payload.c:157:Session payload derives flags and clamps pressure score:PASS
2026-07-29 08:45:01 Running Sensor stream command validation requires request id action and interval...
2026-07-29 08:45:01 <repo>/code/resq-firmware/components/telemetry_publisher/test/test_telemetry_payload.c:182:Sensor stream command validation requires request id action and interval:PASS
2026-07-29 08:45:01 Running Sensor stream payload contains diagnostics fields without session scoring...
2026-07-29 08:45:01 <repo>/code/resq-firmware/components/telemetry_publisher/test/test_telemetry_payload.c:239:Sensor stream payload contains diagnostics fields without session scoring:PASS
2026-07-29 08:45:02 Running Sensor stream payload zeros saturated or invalid converted values...
2026-07-29 08:45:02 <repo>/code/resq-firmware/components/telemetry_publisher/test/test_telemetry_payload.c:290:Sensor stream payload zeros saturated or invalid converted values:PASS
2026-07-29 08:45:02 Running Sensor stream payload includes valid raw readings before calibration...
2026-07-29 08:45:02 <repo>/code/resq-firmware/components/telemetry_publisher/test/test_telemetry_payload.c:333:Sensor stream payload includes valid raw readings before calibration:PASS
2026-07-29 08:45:02 Running Sensor stream payload preserves calibrated converted values...
2026-07-29 08:45:02 <repo>/code/resq-firmware/components/telemetry_publisher/test/test_telemetry_payload.c:384:Sensor stream payload preserves calibrated converted values:PASS
2026-07-29 08:45:02 Running USB mode rejects manual SENSOR_STREAM start...
2026-07-29 08:45:02 <repo>/code/resq-firmware/components/telemetry_publisher/test/test_telemetry_payload.c:415:USB mode rejects manual SENSOR_STREAM start:PASS
2026-07-29 08:45:02 Running SENSOR_STREAM start rejects malformed arguments before runtime state...
2026-07-29 08:45:02 <repo>/code/resq-firmware/components/telemetry_publisher/test/test_telemetry_payload.c:442:SENSOR_STREAM start rejects malformed arguments before runtime state:PASS
2026-07-29 08:45:02 Running test_read_hall_sensor_raw_values...
2026-07-29 08:45:02 I (7604) adc_shared_service: Shared ADC service initialized for Hall channel
2026-07-29 08:45:02 RAW_SENSOR,HALL,sample=0,hall_raw=2255
2026-07-29 08:45:02 RAW_SENSOR,HALL,sample=1,hall_raw=2255
2026-07-29 08:45:02 RAW_SENSOR,HALL,sample=2,hall_raw=2255
2026-07-29 08:45:02 RAW_SENSOR,HALL,sample=3,hall_raw=2255
2026-07-29 08:45:02 RAW_SENSOR,HALL,sample=4,hall_raw=2252
2026-07-29 08:45:02 RAW_SENSOR,HALL,sample=5,hall_raw=2252
2026-07-29 08:45:02 RAW_SENSOR,HALL,sample=6,hall_raw=2254
2026-07-29 08:45:02 RAW_SENSOR,HALL,sample=7,hall_raw=2256
2026-07-29 08:45:02 RAW_SENSOR,HALL,sample=8,hall_raw=2254
2026-07-29 08:45:02 RAW_SENSOR,HALL,sample=9,hall_raw=2264
2026-07-29 08:45:02 RAW_SENSOR,HALL,sample=10,hall_raw=2253
2026-07-29 08:45:02 RAW_SENSOR,HALL,sample=11,hall_raw=2254
2026-07-29 08:45:02 RAW_SENSOR,HALL,sample=12,hall_raw=2253
2026-07-29 08:45:02 RAW_SENSOR,HALL,sample=13,hall_raw=2252
2026-07-29 08:45:02 RAW_SENSOR,HALL,sample=14,hall_raw=2254
2026-07-29 08:45:02 RAW_SENSOR,HALL,sample=15,hall_raw=2253
2026-07-29 08:45:02 RAW_SENSOR,HALL,sample=16,hall_raw=2253
2026-07-29 08:45:02 RAW_SENSOR,HALL,sample=17,hall_raw=2254
2026-07-29 08:45:03 RAW_SENSOR,HALL,sample=18,hall_raw=2254
2026-07-29 08:45:03 RAW_SENSOR,HALL,sample=19,hall_raw=2254
2026-07-29 08:45:03 RAW_SENSOR,HALL,sample=20,hall_raw=2254
2026-07-29 08:45:03 RAW_SENSOR,HALL,sample=21,hall_raw=2253
2026-07-29 08:45:03 RAW_SENSOR,HALL,sample=22,hall_raw=2252
2026-07-29 08:45:03 RAW_SENSOR,HALL,sample=23,hall_raw=2254
2026-07-29 08:45:03 RAW_SENSOR,HALL,sample=24,hall_raw=2253
2026-07-29 08:45:03 RAW_SENSOR,HALL,sample=25,hall_raw=2254
2026-07-29 08:45:03 RAW_SENSOR,HALL,sample=26,hall_raw=2254
2026-07-29 08:45:03 RAW_SENSOR,HALL,sample=27,hall_raw=2254
2026-07-29 08:45:03 RAW_SENSOR,HALL,sample=28,hall_raw=2250
2026-07-29 08:45:03 RAW_SENSOR,HALL,sample=29,hall_raw=2264
2026-07-29 08:45:03 RAW_SENSOR,HALL,sample=30,hall_raw=2251
2026-07-29 08:45:03 RAW_SENSOR,HALL,sample=31,hall_raw=2254
2026-07-29 08:45:03 RAW_SENSOR,HALL,sample=32,hall_raw=2254
2026-07-29 08:45:03 RAW_SENSOR,HALL,sample=33,hall_raw=2262
2026-07-29 08:45:03 RAW_SENSOR,HALL,sample=34,hall_raw=2252
2026-07-29 08:45:03 RAW_SENSOR,HALL,sample=35,hall_raw=2253
2026-07-29 08:45:03 RAW_SENSOR,HALL,sample=36,hall_raw=2255
2026-07-29 08:45:04 RAW_SENSOR,HALL,sample=37,hall_raw=2253
2026-07-29 08:45:04 RAW_SENSOR,HALL,sample=38,hall_raw=2254
2026-07-29 08:45:04 RAW_SENSOR,HALL,sample=39,hall_raw=2254
2026-07-29 08:45:04 RAW_SENSOR,HALL,sample=40,hall_raw=2253
2026-07-29 08:45:04 RAW_SENSOR,HALL,sample=41,hall_raw=2255
2026-07-29 08:45:04 RAW_SENSOR,HALL,sample=42,hall_raw=2253
2026-07-29 08:45:04 RAW_SENSOR,HALL,sample=43,hall_raw=2254
2026-07-29 08:45:04 RAW_SENSOR,HALL,sample=44,hall_raw=2254
2026-07-29 08:45:04 RAW_SENSOR,HALL,sample=45,hall_raw=2254
2026-07-29 08:45:04 RAW_SENSOR,HALL,sample=46,hall_raw=2254
2026-07-29 08:45:04 RAW_SENSOR,HALL,sample=47,hall_raw=2255
2026-07-29 08:45:04 RAW_SENSOR,HALL,sample=48,hall_raw=2253
2026-07-29 08:45:04 RAW_SENSOR,HALL,sample=49,hall_raw=2254
2026-07-29 08:45:04 RAW_SENSOR,HALL,sample=50,hall_raw=2232
2026-07-29 08:45:04 RAW_SENSOR,HALL,sample=51,hall_raw=2264
2026-07-29 08:45:04 RAW_SENSOR,HALL,sample=52,hall_raw=2253
2026-07-29 08:45:04 RAW_SENSOR,HALL,sample=53,hall_raw=2264
2026-07-29 08:45:04 RAW_SENSOR,HALL,sample=54,hall_raw=2253
2026-07-29 08:45:04 RAW_SENSOR,HALL,sample=55,hall_raw=2252
2026-07-29 08:45:04 RAW_SENSOR,HALL,sample=56,hall_raw=2253
2026-07-29 08:45:04 RAW_SENSOR,HALL,sample=57,hall_raw=2255
2026-07-29 08:45:05 RAW_SENSOR,HALL,sample=58,hall_raw=2254
2026-07-29 08:45:05 RAW_SENSOR,HALL,sample=59,hall_raw=2253
2026-07-29 08:45:05 RAW_SENSOR,HALL,sample=60,hall_raw=2254
2026-07-29 08:45:05 RAW_SENSOR,HALL,sample=61,hall_raw=2255
2026-07-29 08:45:05 RAW_SENSOR,HALL,sample=62,hall_raw=2253
2026-07-29 08:45:05 RAW_SENSOR,HALL,sample=63,hall_raw=2253
2026-07-29 08:45:05 RAW_SENSOR,HALL,sample=64,hall_raw=2255
2026-07-29 08:45:05 RAW_SENSOR,HALL,sample=65,hall_raw=2254
2026-07-29 08:45:05 RAW_SENSOR,HALL,sample=66,hall_raw=2253
2026-07-29 08:45:05 RAW_SENSOR,HALL,sample=67,hall_raw=2253
2026-07-29 08:45:05 RAW_SENSOR,HALL,sample=68,hall_raw=2253
2026-07-29 08:45:05 RAW_SENSOR,HALL,sample=69,hall_raw=2253
2026-07-29 08:45:05 RAW_SENSOR,HALL,sample=70,hall_raw=2253
2026-07-29 08:45:05 RAW_SENSOR,HALL,sample=71,hall_raw=2252
2026-07-29 08:45:05 RAW_SENSOR,HALL,sample=72,hall_raw=2254
2026-07-29 08:45:05 RAW_SENSOR,HALL,sample=73,hall_raw=2250
2026-07-29 08:45:05 RAW_SENSOR,HALL,sample=74,hall_raw=2248
2026-07-29 08:45:05 RAW_SENSOR,HALL,sample=75,hall_raw=2256
2026-07-29 08:45:05 RAW_SENSOR,HALL,sample=76,hall_raw=2252
2026-07-29 08:45:05 RAW_SENSOR,HALL,sample=77,hall_raw=2254
2026-07-29 08:45:06 RAW_SENSOR,HALL,sample=78,hall_raw=2253
2026-07-29 08:45:06 RAW_SENSOR,HALL,sample=79,hall_raw=2252
2026-07-29 08:45:06 RAW_SENSOR,HALL,sample=80,hall_raw=2253
2026-07-29 08:45:06 RAW_SENSOR,HALL,sample=81,hall_raw=2253
2026-07-29 08:45:06 RAW_SENSOR,HALL,sample=82,hall_raw=2253
2026-07-29 08:45:06 RAW_SENSOR,HALL,sample=83,hall_raw=2253
2026-07-29 08:45:06 RAW_SENSOR,HALL,sample=84,hall_raw=2252
2026-07-29 08:45:06 RAW_SENSOR,HALL,sample=85,hall_raw=2255
2026-07-29 08:45:06 RAW_SENSOR,HALL,sample=86,hall_raw=2255
2026-07-29 08:45:06 RAW_SENSOR,HALL,sample=87,hall_raw=2253
2026-07-29 08:45:06 RAW_SENSOR,HALL,sample=88,hall_raw=2253
2026-07-29 08:45:06 RAW_SENSOR,HALL,sample=89,hall_raw=2253
2026-07-29 08:45:06 RAW_SENSOR,HALL,sample=90,hall_raw=2253
2026-07-29 08:45:06 RAW_SENSOR,HALL,sample=91,hall_raw=2254
2026-07-29 08:45:06 RAW_SENSOR,HALL,sample=92,hall_raw=2253
2026-07-29 08:45:06 RAW_SENSOR,HALL,sample=93,hall_raw=2253
2026-07-29 08:45:06 RAW_SENSOR,HALL,sample=94,hall_raw=2268
2026-07-29 08:45:06 RAW_SENSOR,HALL,sample=95,hall_raw=2268
2026-07-29 08:45:06 RAW_SENSOR,HALL,sample=96,hall_raw=2266
2026-07-29 08:45:06 RAW_SENSOR,HALL,sample=97,hall_raw=2252
2026-07-29 08:45:07 RAW_SENSOR,HALL,sample=98,hall_raw=2252
2026-07-29 08:45:07 RAW_SENSOR,HALL,sample=99,hall_raw=2254
2026-07-29 08:45:07 ./main/test_raw_sensor_outputs.c:123:test_read_hall_sensor_raw_values:PASS
2026-07-29 08:45:07 Running test_read_pressure_sensor_raw_values...
2026-07-29 08:45:07 RAW_SENSOR,PRESSURE,sample=0,pressure_1_valid=true,pressure_1_error=ESP_OK,pressure_1_raw=4163751,pressure_2_valid=true,pressure_2_error=ESP_OK,pressure_2_raw=4064455,pressure_ref_valid=true,pressure_ref_error=ESP_OK,pressure_ref_raw=1306206,valid_mask=0x07,group_error=ESP_OK
2026-07-29 08:45:07 RAW_SENSOR,PRESSURE,sample=1,pressure_1_valid=true,pressure_1_error=ESP_OK,pressure_1_raw=4163754,pressure_2_valid=true,pressure_2_error=ESP_OK,pressure_2_raw=4064357,pressure_ref_valid=true,pressure_ref_error=ESP_OK,pressure_ref_raw=1306187,valid_mask=0x07,group_error=ESP_OK
2026-07-29 08:45:07 RAW_SENSOR,PRESSURE,sample=2,pressure_1_valid=true,pressure_1_error=ESP_OK,pressure_1_raw=4163693,pressure_2_valid=true,pressure_2_error=ESP_OK,pressure_2_raw=4064426,pressure_ref_valid=true,pressure_ref_error=ESP_OK,pressure_ref_raw=1306213,valid_mask=0x07,group_error=ESP_OK
2026-07-29 08:45:07 RAW_SENSOR,PRESSURE,sample=3,pressure_1_valid=true,pressure_1_error=ESP_OK,pressure_1_raw=4163693,pressure_2_valid=true,pressure_2_error=ESP_OK,pressure_2_raw=4064597,pressure_ref_valid=true,pressure_ref_error=ESP_OK,pressure_ref_raw=1306203,valid_mask=0x07,group_error=ESP_OK
2026-07-29 08:45:07 RAW_SENSOR,PRESSURE,sample=4,pressure_1_valid=true,pressure_1_error=ESP_OK,pressure_1_raw=4163758,pressure_2_valid=true,pressure_2_error=ESP_OK,pressure_2_raw=4064719,pressure_ref_valid=true,pressure_ref_error=ESP_OK,pressure_ref_raw=1306188,valid_mask=0x07,group_error=ESP_OK
2026-07-29 08:45:07 RAW_SENSOR,PRESSURE,sample=5,pressure_1_valid=true,pressure_1_error=ESP_OK,pressure_1_raw=4163736,pressure_2_valid=true,pressure_2_error=ESP_OK,pressure_2_raw=4064859,pressure_ref_valid=true,pressure_ref_error=ESP_OK,pressure_ref_raw=1306227,valid_mask=0x07,group_error=ESP_OK
2026-07-29 08:45:07 RAW_SENSOR,PRESSURE,sample=6,pressure_1_valid=true,pressure_1_error=ESP_OK,pressure_1_raw=4163770,pressure_2_valid=true,pressure_2_error=ESP_OK,pressure_2_raw=4065095,pressure_ref_valid=true,pressure_ref_error=ESP_OK,pressure_ref_raw=1306269,valid_mask=0x07,group_error=ESP_OK
2026-07-29 08:45:07 RAW_SENSOR,PRESSURE,sample=7,pressure_1_valid=true,pressure_1_error=ESP_OK,pressure_1_raw=4163835,pressure_2_valid=true,pressure_2_error=ESP_OK,pressure_2_raw=4064947,pressure_ref_valid=true,pressure_ref_error=ESP_OK,pressure_ref_raw=1306275,valid_mask=0x07,group_error=ESP_OK
2026-07-29 08:45:07 RAW_SENSOR,PRESSURE,sample=8,pressure_1_valid=true,pressure_1_error=ESP_OK,pressure_1_raw=4163851,pressure_2_valid=true,pressure_2_error=ESP_OK,pressure_2_raw=4064694,pressure_ref_valid=true,pressure_ref_error=ESP_OK,pressure_ref_raw=1306217,valid_mask=0x07,group_error=ESP_OK
2026-07-29 08:45:08 RAW_SENSOR,PRESSURE,sample=9,pressure_1_valid=true,pressure_1_error=ESP_OK,pressure_1_raw=4163818,pressure_2_valid=true,pressure_2_error=ESP_OK,pressure_2_raw=4064596,pressure_ref_valid=true,pressure_ref_error=ESP_OK,pressure_ref_raw=1306171,valid_mask=0x07,group_error=ESP_OK
2026-07-29 08:45:08 RAW_SENSOR,PRESSURE,sample=10,pressure_1_valid=true,pressure_1_error=ESP_OK,pressure_1_raw=4163822,pressure_2_valid=true,pressure_2_error=ESP_OK,pressure_2_raw=4064587,pressure_ref_valid=true,pressure_ref_error=ESP_OK,pressure_ref_raw=1306184,valid_mask=0x07,group_error=ESP_OK
2026-07-29 08:45:08 RAW_SENSOR,PRESSURE,sample=11,pressure_1_valid=true,pressure_1_error=ESP_OK,pressure_1_raw=4163852,pressure_2_valid=true,pressure_2_error=ESP_OK,pressure_2_raw=4064520,pressure_ref_valid=true,pressure_ref_error=ESP_OK,pressure_ref_raw=1306207,valid_mask=0x07,group_error=ESP_OK
2026-07-29 08:45:08 RAW_SENSOR,PRESSURE,sample=12,pressure_1_valid=true,pressure_1_error=ESP_OK,pressure_1_raw=4163883,pressure_2_valid=true,pressure_2_error=ESP_OK,pressure_2_raw=4064518,pressure_ref_valid=true,pressure_ref_error=ESP_OK,pressure_ref_raw=1306233,valid_mask=0x07,group_error=ESP_OK
2026-07-29 08:45:08 RAW_SENSOR,PRESSURE,sample=13,pressure_1_valid=true,pressure_1_error=ESP_OK,pressure_1_raw=4163849,pressure_2_valid=true,pressure_2_error=ESP_OK,pressure_2_raw=4064593,pressure_ref_valid=true,pressure_ref_error=ESP_OK,pressure_ref_raw=1306226,valid_mask=0x07,group_error=ESP_OK
2026-07-29 08:45:08 RAW_SENSOR,PRESSURE,sample=14,pressure_1_valid=true,pressure_1_error=ESP_OK,pressure_1_raw=4163803,pressure_2_valid=true,pressure_2_error=ESP_OK,pressure_2_raw=4064576,pressure_ref_valid=true,pressure_ref_error=ESP_OK,pressure_ref_raw=1306216,valid_mask=0x07,group_error=ESP_OK
2026-07-29 08:45:08 RAW_SENSOR,PRESSURE,sample=15,pressure_1_valid=true,pressure_1_error=ESP_OK,pressure_1_raw=4163792,pressure_2_valid=true,pressure_2_error=ESP_OK,pressure_2_raw=4064498,pressure_ref_valid=true,pressure_ref_error=ESP_OK,pressure_ref_raw=1306274,valid_mask=0x07,group_error=ESP_OK
2026-07-29 08:45:08 RAW_SENSOR,PRESSURE,sample=16,pressure_1_valid=true,pressure_1_error=ESP_OK,pressure_1_raw=4163834,pressure_2_valid=true,pressure_2_error=ESP_OK,pressure_2_raw=4064600,pressure_ref_valid=true,pressure_ref_error=ESP_OK,pressure_ref_raw=1306249,valid_mask=0x07,group_error=ESP_OK
2026-07-29 08:45:08 RAW_SENSOR,PRESSURE,sample=17,pressure_1_valid=true,pressure_1_error=ESP_OK,pressure_1_raw=4163793,pressure_2_valid=true,pressure_2_error=ESP_OK,pressure_2_raw=4064712,pressure_ref_valid=true,pressure_ref_error=ESP_OK,pressure_ref_raw=1306262,valid_mask=0x07,group_error=ESP_OK
2026-07-29 08:45:09 RAW_SENSOR,PRESSURE,sample=18,pressure_1_valid=true,pressure_1_error=ESP_OK,pressure_1_raw=4163803,pressure_2_valid=true,pressure_2_error=ESP_OK,pressure_2_raw=4064726,pressure_ref_valid=true,pressure_ref_error=ESP_OK,pressure_ref_raw=1306267,valid_mask=0x07,group_error=ESP_OK
2026-07-29 08:45:09 RAW_SENSOR,PRESSURE,sample=19,pressure_1_valid=true,pressure_1_error=ESP_OK,pressure_1_raw=4163812,pressure_2_valid=true,pressure_2_error=ESP_OK,pressure_2_raw=4064745,pressure_ref_valid=true,pressure_ref_error=ESP_OK,pressure_ref_raw=1306290,valid_mask=0x07,group_error=ESP_OK
2026-07-29 08:45:09 RAW_SENSOR,PRESSURE,sample=20,pressure_1_valid=true,pressure_1_error=ESP_OK,pressure_1_raw=4163838,pressure_2_valid=true,pressure_2_error=ESP_OK,pressure_2_raw=4064653,pressure_ref_valid=true,pressure_ref_error=ESP_OK,pressure_ref_raw=1306276,valid_mask=0x07,group_error=ESP_OK
2026-07-29 08:45:09 RAW_SENSOR,PRESSURE,sample=21,pressure_1_valid=true,pressure_1_error=ESP_OK,pressure_1_raw=4163817,pressure_2_valid=true,pressure_2_error=ESP_OK,pressure_2_raw=4064675,pressure_ref_valid=true,pressure_ref_error=ESP_OK,pressure_ref_raw=1306199,valid_mask=0x07,group_error=ESP_OK
2026-07-29 08:45:09 RAW_SENSOR,PRESSURE,sample=22,pressure_1_valid=true,pressure_1_error=ESP_OK,pressure_1_raw=4163829,pressure_2_valid=true,pressure_2_error=ESP_OK,pressure_2_raw=4064651,pressure_ref_valid=true,pressure_ref_error=ESP_OK,pressure_ref_raw=1306201,valid_mask=0x07,group_error=ESP_OK
2026-07-29 08:45:09 RAW_SENSOR,PRESSURE,sample=23,pressure_1_valid=true,pressure_1_error=ESP_OK,pressure_1_raw=4163865,pressure_2_valid=true,pressure_2_error=ESP_OK,pressure_2_raw=4064566,pressure_ref_valid=true,pressure_ref_error=ESP_OK,pressure_ref_raw=1306231,valid_mask=0x07,group_error=ESP_OK
2026-07-29 08:45:09 RAW_SENSOR,PRESSURE,sample=24,pressure_1_valid=true,pressure_1_error=ESP_OK,pressure_1_raw=4163826,pressure_2_valid=true,pressure_2_error=ESP_OK,pressure_2_raw=4064569,pressure_ref_valid=true,pressure_ref_error=ESP_OK,pressure_ref_raw=1306300,valid_mask=0x07,group_error=ESP_OK
2026-07-29 08:45:09 RAW_SENSOR,PRESSURE,sample=25,pressure_1_valid=true,pressure_1_error=ESP_OK,pressure_1_raw=4163870,pressure_2_valid=true,pressure_2_error=ESP_OK,pressure_2_raw=4064516,pressure_ref_valid=true,pressure_ref_error=ESP_OK,pressure_ref_raw=1306255,valid_mask=0x07,group_error=ESP_OK
2026-07-29 08:45:09 RAW_SENSOR,PRESSURE,sample=26,pressure_1_valid=true,pressure_1_error=ESP_OK,pressure_1_raw=4163834,pressure_2_valid=true,pressure_2_error=ESP_OK,pressure_2_raw=4064510,pressure_ref_valid=true,pressure_ref_error=ESP_OK,pressure_ref_raw=1306205,valid_mask=0x07,group_error=ESP_OK
2026-07-29 08:45:09 RAW_SENSOR,PRESSURE,sample=27,pressure_1_valid=true,pressure_1_error=ESP_OK,pressure_1_raw=4163774,pressure_2_valid=true,pressure_2_error=ESP_OK,pressure_2_raw=4064629,pressure_ref_valid=true,pressure_ref_error=ESP_OK,pressure_ref_raw=1306218,valid_mask=0x07,group_error=ESP_OK
2026-07-29 08:45:10 RAW_SENSOR,PRESSURE,sample=28,pressure_1_valid=true,pressure_1_error=ESP_OK,pressure_1_raw=4163811,pressure_2_valid=true,pressure_2_error=ESP_OK,pressure_2_raw=4064623,pressure_ref_valid=true,pressure_ref_error=ESP_OK,pressure_ref_raw=1306241,valid_mask=0x07,group_error=ESP_OK
2026-07-29 08:45:10 RAW_SENSOR,PRESSURE,sample=29,pressure_1_valid=true,pressure_1_error=ESP_OK,pressure_1_raw=4163783,pressure_2_valid=true,pressure_2_error=ESP_OK,pressure_2_raw=4064693,pressure_ref_valid=true,pressure_ref_error=ESP_OK,pressure_ref_raw=1306236,valid_mask=0x07,group_error=ESP_OK
2026-07-29 08:45:10 RAW_SENSOR,PRESSURE,sample=30,pressure_1_valid=true,pressure_1_error=ESP_OK,pressure_1_raw=4163765,pressure_2_valid=true,pressure_2_error=ESP_OK,pressure_2_raw=4064700,pressure_ref_valid=true,pressure_ref_error=ESP_OK,pressure_ref_raw=1306243,valid_mask=0x07,group_error=ESP_OK
2026-07-29 08:45:10 RAW_SENSOR,PRESSURE,sample=31,pressure_1_valid=true,pressure_1_error=ESP_OK,pressure_1_raw=4163736,pressure_2_valid=true,pressure_2_error=ESP_OK,pressure_2_raw=4064790,pressure_ref_valid=true,pressure_ref_error=ESP_OK,pressure_ref_raw=1306276,valid_mask=0x07,group_error=ESP_OK
2026-07-29 08:45:10 RAW_SENSOR,PRESSURE,sample=32,pressure_1_valid=true,pressure_1_error=ESP_OK,pressure_1_raw=4163827,pressure_2_valid=true,pressure_2_error=ESP_OK,pressure_2_raw=4064591,pressure_ref_valid=true,pressure_ref_error=ESP_OK,pressure_ref_raw=1306215,valid_mask=0x07,group_error=ESP_OK
2026-07-29 08:45:10 RAW_SENSOR,PRESSURE,sample=33,pressure_1_valid=true,pressure_1_error=ESP_OK,pressure_1_raw=4163809,pressure_2_valid=true,pressure_2_error=ESP_OK,pressure_2_raw=4064489,pressure_ref_valid=true,pressure_ref_error=ESP_OK,pressure_ref_raw=1306143,valid_mask=0x07,group_error=ESP_OK
2026-07-29 08:45:10 RAW_SENSOR,PRESSURE,sample=34,pressure_1_valid=true,pressure_1_error=ESP_OK,pressure_1_raw=4163745,pressure_2_valid=true,pressure_2_error=ESP_OK,pressure_2_raw=4064626,pressure_ref_valid=true,pressure_ref_error=ESP_OK,pressure_ref_raw=1306174,valid_mask=0x07,group_error=ESP_OK
2026-07-29 08:45:10 RAW_SENSOR,PRESSURE,sample=35,pressure_1_valid=true,pressure_1_error=ESP_OK,pressure_1_raw=4163817,pressure_2_valid=true,pressure_2_error=ESP_OK,pressure_2_raw=4064722,pressure_ref_valid=true,pressure_ref_error=ESP_OK,pressure_ref_raw=1306254,valid_mask=0x07,group_error=ESP_OK
2026-07-29 08:45:10 RAW_SENSOR,PRESSURE,sample=36,pressure_1_valid=true,pressure_1_error=ESP_OK,pressure_1_raw=4163842,pressure_2_valid=true,pressure_2_error=ESP_OK,pressure_2_raw=4064541,pressure_ref_valid=true,pressure_ref_error=ESP_OK,pressure_ref_raw=1306285,valid_mask=0x07,group_error=ESP_OK
2026-07-29 08:45:11 RAW_SENSOR,PRESSURE,sample=37,pressure_1_valid=true,pressure_1_error=ESP_OK,pressure_1_raw=4163851,pressure_2_valid=true,pressure_2_error=ESP_OK,pressure_2_raw=4064608,pressure_ref_valid=true,pressure_ref_error=ESP_OK,pressure_ref_raw=1306265,valid_mask=0x07,group_error=ESP_OK
2026-07-29 08:45:11 RAW_SENSOR,PRESSURE,sample=38,pressure_1_valid=true,pressure_1_error=ESP_OK,pressure_1_raw=4163816,pressure_2_valid=true,pressure_2_error=ESP_OK,pressure_2_raw=4064747,pressure_ref_valid=true,pressure_ref_error=ESP_OK,pressure_ref_raw=1306242,valid_mask=0x07,group_error=ESP_OK
2026-07-29 08:45:11 RAW_SENSOR,PRESSURE,sample=39,pressure_1_valid=true,pressure_1_error=ESP_OK,pressure_1_raw=4163838,pressure_2_valid=true,pressure_2_error=ESP_OK,pressure_2_raw=4064774,pressure_ref_valid=true,pressure_ref_error=ESP_OK,pressure_ref_raw=1306156,valid_mask=0x07,group_error=ESP_OK
2026-07-29 08:45:11 RAW_SENSOR,PRESSURE,sample=40,pressure_1_valid=true,pressure_1_error=ESP_OK,pressure_1_raw=4163847,pressure_2_valid=true,pressure_2_error=ESP_OK,pressure_2_raw=4064790,pressure_ref_valid=true,pressure_ref_error=ESP_OK,pressure_ref_raw=1306216,valid_mask=0x07,group_error=ESP_OK
2026-07-29 08:45:11 RAW_SENSOR,PRESSURE,sample=41,pressure_1_valid=true,pressure_1_error=ESP_OK,pressure_1_raw=4163754,pressure_2_valid=true,pressure_2_error=ESP_OK,pressure_2_raw=4064656,pressure_ref_valid=true,pressure_ref_error=ESP_OK,pressure_ref_raw=1306205,valid_mask=0x07,group_error=ESP_OK
2026-07-29 08:45:11 RAW_SENSOR,PRESSURE,sample=42,pressure_1_valid=true,pressure_1_error=ESP_OK,pressure_1_raw=4163751,pressure_2_valid=true,pressure_2_error=ESP_OK,pressure_2_raw=4064500,pressure_ref_valid=true,pressure_ref_error=ESP_OK,pressure_ref_raw=1306293,valid_mask=0x07,group_error=ESP_OK
2026-07-29 08:45:11 RAW_SENSOR,PRESSURE,sample=43,pressure_1_valid=true,pressure_1_error=ESP_OK,pressure_1_raw=4163807,pressure_2_valid=true,pressure_2_error=ESP_OK,pressure_2_raw=4064440,pressure_ref_valid=true,pressure_ref_error=ESP_OK,pressure_ref_raw=1306272,valid_mask=0x07,group_error=ESP_OK
2026-07-29 08:45:11 RAW_SENSOR,PRESSURE,sample=44,pressure_1_valid=true,pressure_1_error=ESP_OK,pressure_1_raw=4163860,pressure_2_valid=true,pressure_2_error=ESP_OK,pressure_2_raw=4064347,pressure_ref_valid=true,pressure_ref_error=ESP_OK,pressure_ref_raw=1306229,valid_mask=0x07,group_error=ESP_OK
2026-07-29 08:45:11 RAW_SENSOR,PRESSURE,sample=45,pressure_1_valid=true,pressure_1_error=ESP_OK,pressure_1_raw=4163836,pressure_2_valid=true,pressure_2_error=ESP_OK,pressure_2_raw=4064333,pressure_ref_valid=true,pressure_ref_error=ESP_OK,pressure_ref_raw=1306197,valid_mask=0x07,group_error=ESP_OK
2026-07-29 08:45:11 RAW_SENSOR,PRESSURE,sample=46,pressure_1_valid=true,pressure_1_error=ESP_OK,pressure_1_raw=4163818,pressure_2_valid=true,pressure_2_error=ESP_OK,pressure_2_raw=4064407,pressure_ref_valid=true,pressure_ref_error=ESP_OK,pressure_ref_raw=1306230,valid_mask=0x07,group_error=ESP_OK
2026-07-29 08:45:12 RAW_SENSOR,PRESSURE,sample=47,pressure_1_valid=true,pressure_1_error=ESP_OK,pressure_1_raw=4163774,pressure_2_valid=true,pressure_2_error=ESP_OK,pressure_2_raw=4064339,pressure_ref_valid=true,pressure_ref_error=ESP_OK,pressure_ref_raw=1306186,valid_mask=0x07,group_error=ESP_OK
2026-07-29 08:45:12 RAW_SENSOR,PRESSURE,sample=48,pressure_1_valid=true,pressure_1_error=ESP_OK,pressure_1_raw=4163776,pressure_2_valid=true,pressure_2_error=ESP_OK,pressure_2_raw=4064357,pressure_ref_valid=true,pressure_ref_error=ESP_OK,pressure_ref_raw=1306195,valid_mask=0x07,group_error=ESP_OK
2026-07-29 08:45:12 RAW_SENSOR,PRESSURE,sample=49,pressure_1_valid=true,pressure_1_error=ESP_OK,pressure_1_raw=4163829,pressure_2_valid=true,pressure_2_error=ESP_OK,pressure_2_raw=4064392,pressure_ref_valid=true,pressure_ref_error=ESP_OK,pressure_ref_raw=1306136,valid_mask=0x07,group_error=ESP_OK
2026-07-29 08:45:12 RAW_SENSOR,PRESSURE,sample=50,pressure_1_valid=true,pressure_1_error=ESP_OK,pressure_1_raw=4163838,pressure_2_valid=true,pressure_2_error=ESP_OK,pressure_2_raw=4064305,pressure_ref_valid=true,pressure_ref_error=ESP_OK,pressure_ref_raw=1306199,valid_mask=0x07,group_error=ESP_OK
2026-07-29 08:45:12 RAW_SENSOR,PRESSURE,sample=51,pressure_1_valid=true,pressure_1_error=ESP_OK,pressure_1_raw=4163852,pressure_2_valid=true,pressure_2_error=ESP_OK,pressure_2_raw=4064269,pressure_ref_valid=true,pressure_ref_error=ESP_OK,pressure_ref_raw=1306187,valid_mask=0x07,group_error=ESP_OK
2026-07-29 08:45:12 RAW_SENSOR,PRESSURE,sample=52,pressure_1_valid=true,pressure_1_error=ESP_OK,pressure_1_raw=4163837,pressure_2_valid=true,pressure_2_error=ESP_OK,pressure_2_raw=4064328,pressure_ref_valid=true,pressure_ref_error=ESP_OK,pressure_ref_raw=1306159,valid_mask=0x07,group_error=ESP_OK
2026-07-29 08:45:12 RAW_SENSOR,PRESSURE,sample=53,pressure_1_valid=true,pressure_1_error=ESP_OK,pressure_1_raw=4163787,pressure_2_valid=true,pressure_2_error=ESP_OK,pressure_2_raw=4064413,pressure_ref_valid=true,pressure_ref_error=ESP_OK,pressure_ref_raw=1306202,valid_mask=0x07,group_error=ESP_OK
2026-07-29 08:45:12 RAW_SENSOR,PRESSURE,sample=54,pressure_1_valid=true,pressure_1_error=ESP_OK,pressure_1_raw=4163821,pressure_2_valid=true,pressure_2_error=ESP_OK,pressure_2_raw=4064388,pressure_ref_valid=true,pressure_ref_error=ESP_OK,pressure_ref_raw=1306241,valid_mask=0x07,group_error=ESP_OK
2026-07-29 08:45:12 RAW_SENSOR,PRESSURE,sample=55,pressure_1_valid=true,pressure_1_error=ESP_OK,pressure_1_raw=4163836,pressure_2_valid=true,pressure_2_error=ESP_OK,pressure_2_raw=4064274,pressure_ref_valid=true,pressure_ref_error=ESP_OK,pressure_ref_raw=1306277,valid_mask=0x07,group_error=ESP_OK
2026-07-29 08:45:12 RAW_SENSOR,PRESSURE,sample=56,pressure_1_valid=true,pressure_1_error=ESP_OK,pressure_1_raw=4163852,pressure_2_valid=true,pressure_2_error=ESP_OK,pressure_2_raw=4064329,pressure_ref_valid=true,pressure_ref_error=ESP_OK,pressure_ref_raw=1306298,valid_mask=0x07,group_error=ESP_OK
2026-07-29 08:45:13 RAW_SENSOR,PRESSURE,sample=57,pressure_1_valid=true,pressure_1_error=ESP_OK,pressure_1_raw=4163863,pressure_2_valid=true,pressure_2_error=ESP_OK,pressure_2_raw=4064365,pressure_ref_valid=true,pressure_ref_error=ESP_OK,pressure_ref_raw=1306334,valid_mask=0x07,group_error=ESP_OK
2026-07-29 08:45:13 RAW_SENSOR,PRESSURE,sample=58,pressure_1_valid=true,pressure_1_error=ESP_OK,pressure_1_raw=4163906,pressure_2_valid=true,pressure_2_error=ESP_OK,pressure_2_raw=4064290,pressure_ref_valid=true,pressure_ref_error=ESP_OK,pressure_ref_raw=1306241,valid_mask=0x07,group_error=ESP_OK
2026-07-29 08:45:13 RAW_SENSOR,PRESSURE,sample=59,pressure_1_valid=true,pressure_1_error=ESP_OK,pressure_1_raw=4163933,pressure_2_valid=true,pressure_2_error=ESP_OK,pressure_2_raw=4064299,pressure_ref_valid=true,pressure_ref_error=ESP_OK,pressure_ref_raw=1306163,valid_mask=0x07,group_error=ESP_OK
2026-07-29 08:45:13 RAW_SENSOR,PRESSURE,sample=60,pressure_1_valid=true,pressure_1_error=ESP_OK,pressure_1_raw=4163846,pressure_2_valid=true,pressure_2_error=ESP_OK,pressure_2_raw=4064108,pressure_ref_valid=true,pressure_ref_error=ESP_OK,pressure_ref_raw=1306157,valid_mask=0x07,group_error=ESP_OK
2026-07-29 08:45:13 RAW_SENSOR,PRESSURE,sample=61,pressure_1_valid=true,pressure_1_error=ESP_OK,pressure_1_raw=4163787,pressure_2_valid=true,pressure_2_error=ESP_OK,pressure_2_raw=4063882,pressure_ref_valid=true,pressure_ref_error=ESP_OK,pressure_ref_raw=1306205,valid_mask=0x07,group_error=ESP_OK
2026-07-29 08:45:13 RAW_SENSOR,PRESSURE,sample=62,pressure_1_valid=true,pressure_1_error=ESP_OK,pressure_1_raw=4163798,pressure_2_valid=true,pressure_2_error=ESP_OK,pressure_2_raw=4063800,pressure_ref_valid=true,pressure_ref_error=ESP_OK,pressure_ref_raw=1306232,valid_mask=0x07,group_error=ESP_OK
2026-07-29 08:45:13 RAW_SENSOR,PRESSURE,sample=63,pressure_1_valid=true,pressure_1_error=ESP_OK,pressure_1_raw=4163854,pressure_2_valid=true,pressure_2_error=ESP_OK,pressure_2_raw=4063980,pressure_ref_valid=true,pressure_ref_error=ESP_OK,pressure_ref_raw=1306207,valid_mask=0x07,group_error=ESP_OK
2026-07-29 08:45:13 RAW_SENSOR,PRESSURE,sample=64,pressure_1_valid=true,pressure_1_error=ESP_OK,pressure_1_raw=4163826,pressure_2_valid=true,pressure_2_error=ESP_OK,pressure_2_raw=4064172,pressure_ref_valid=true,pressure_ref_error=ESP_OK,pressure_ref_raw=1306210,valid_mask=0x07,group_error=ESP_OK
2026-07-29 08:45:13 RAW_SENSOR,PRESSURE,sample=65,pressure_1_valid=true,pressure_1_error=ESP_OK,pressure_1_raw=4163859,pressure_2_valid=true,pressure_2_error=ESP_OK,pressure_2_raw=4064207,pressure_ref_valid=true,pressure_ref_error=ESP_OK,pressure_ref_raw=1306223,valid_mask=0x07,group_error=ESP_OK
2026-07-29 08:45:14 RAW_SENSOR,PRESSURE,sample=66,pressure_1_valid=true,pressure_1_error=ESP_OK,pressure_1_raw=4163845,pressure_2_valid=true,pressure_2_error=ESP_OK,pressure_2_raw=4064181,pressure_ref_valid=true,pressure_ref_error=ESP_OK,pressure_ref_raw=1306175,valid_mask=0x07,group_error=ESP_OK
2026-07-29 08:45:14 RAW_SENSOR,PRESSURE,sample=67,pressure_1_valid=true,pressure_1_error=ESP_OK,pressure_1_raw=4163783,pressure_2_valid=true,pressure_2_error=ESP_OK,pressure_2_raw=4064246,pressure_ref_valid=true,pressure_ref_error=ESP_OK,pressure_ref_raw=1306187,valid_mask=0x07,group_error=ESP_OK
2026-07-29 08:45:14 RAW_SENSOR,PRESSURE,sample=68,pressure_1_valid=true,pressure_1_error=ESP_OK,pressure_1_raw=4163755,pressure_2_valid=true,pressure_2_error=ESP_OK,pressure_2_raw=4064313,pressure_ref_valid=true,pressure_ref_error=ESP_OK,pressure_ref_raw=1306220,valid_mask=0x07,group_error=ESP_OK
2026-07-29 08:45:14 RAW_SENSOR,PRESSURE,sample=69,pressure_1_valid=true,pressure_1_error=ESP_OK,pressure_1_raw=4163817,pressure_2_valid=true,pressure_2_error=ESP_OK,pressure_2_raw=4064332,pressure_ref_valid=true,pressure_ref_error=ESP_OK,pressure_ref_raw=1306174,valid_mask=0x07,group_error=ESP_OK
2026-07-29 08:45:14 RAW_SENSOR,PRESSURE,sample=70,pressure_1_valid=true,pressure_1_error=ESP_OK,pressure_1_raw=4163864,pressure_2_valid=true,pressure_2_error=ESP_OK,pressure_2_raw=4064305,pressure_ref_valid=true,pressure_ref_error=ESP_OK,pressure_ref_raw=1306230,valid_mask=0x07,group_error=ESP_OK
2026-07-29 08:45:14 RAW_SENSOR,PRESSURE,sample=71,pressure_1_valid=true,pressure_1_error=ESP_OK,pressure_1_raw=4163927,pressure_2_valid=true,pressure_2_error=ESP_OK,pressure_2_raw=4064400,pressure_ref_valid=true,pressure_ref_error=ESP_OK,pressure_ref_raw=1306217,valid_mask=0x07,group_error=ESP_OK
2026-07-29 08:45:14 RAW_SENSOR,PRESSURE,sample=72,pressure_1_valid=true,pressure_1_error=ESP_OK,pressure_1_raw=4163910,pressure_2_valid=true,pressure_2_error=ESP_OK,pressure_2_raw=4064479,pressure_ref_valid=true,pressure_ref_error=ESP_OK,pressure_ref_raw=1306245,valid_mask=0x07,group_error=ESP_OK
2026-07-29 08:45:14 RAW_SENSOR,PRESSURE,sample=73,pressure_1_valid=true,pressure_1_error=ESP_OK,pressure_1_raw=4163893,pressure_2_valid=true,pressure_2_error=ESP_OK,pressure_2_raw=4064462,pressure_ref_valid=true,pressure_ref_error=ESP_OK,pressure_ref_raw=1306239,valid_mask=0x07,group_error=ESP_OK
2026-07-29 08:45:14 RAW_SENSOR,PRESSURE,sample=74,pressure_1_valid=true,pressure_1_error=ESP_OK,pressure_1_raw=4163881,pressure_2_valid=true,pressure_2_error=ESP_OK,pressure_2_raw=4064481,pressure_ref_valid=true,pressure_ref_error=ESP_OK,pressure_ref_raw=1306190,valid_mask=0x07,group_error=ESP_OK
2026-07-29 08:45:14 RAW_SENSOR,PRESSURE,sample=75,pressure_1_valid=true,pressure_1_error=ESP_OK,pressure_1_raw=4163857,pressure_2_valid=true,pressure_2_error=ESP_OK,pressure_2_raw=4064480,pressure_ref_valid=true,pressure_ref_error=ESP_OK,pressure_ref_raw=1306175,valid_mask=0x07,group_error=ESP_OK
2026-07-29 08:45:15 RAW_SENSOR,PRESSURE,sample=76,pressure_1_valid=true,pressure_1_error=ESP_OK,pressure_1_raw=4163886,pressure_2_valid=true,pressure_2_error=ESP_OK,pressure_2_raw=4064414,pressure_ref_valid=true,pressure_ref_error=ESP_OK,pressure_ref_raw=1306168,valid_mask=0x07,group_error=ESP_OK
2026-07-29 08:45:15 RAW_SENSOR,PRESSURE,sample=77,pressure_1_valid=true,pressure_1_error=ESP_OK,pressure_1_raw=4163848,pressure_2_valid=true,pressure_2_error=ESP_OK,pressure_2_raw=4064322,pressure_ref_valid=true,pressure_ref_error=ESP_OK,pressure_ref_raw=1306147,valid_mask=0x07,group_error=ESP_OK
2026-07-29 08:45:15 RAW_SENSOR,PRESSURE,sample=78,pressure_1_valid=true,pressure_1_error=ESP_OK,pressure_1_raw=4163845,pressure_2_valid=true,pressure_2_error=ESP_OK,pressure_2_raw=4064278,pressure_ref_valid=true,pressure_ref_error=ESP_OK,pressure_ref_raw=1306143,valid_mask=0x07,group_error=ESP_OK
2026-07-29 08:45:15 RAW_SENSOR,PRESSURE,sample=79,pressure_1_valid=true,pressure_1_error=ESP_OK,pressure_1_raw=4163884,pressure_2_valid=true,pressure_2_error=ESP_OK,pressure_2_raw=4064309,pressure_ref_valid=true,pressure_ref_error=ESP_OK,pressure_ref_raw=1306180,valid_mask=0x07,group_error=ESP_OK
2026-07-29 08:45:15 RAW_SENSOR,PRESSURE,sample=80,pressure_1_valid=true,pressure_1_error=ESP_OK,pressure_1_raw=4163875,pressure_2_valid=true,pressure_2_error=ESP_OK,pressure_2_raw=4064502,pressure_ref_valid=true,pressure_ref_error=ESP_OK,pressure_ref_raw=1306230,valid_mask=0x07,group_error=ESP_OK
2026-07-29 08:45:15 RAW_SENSOR,PRESSURE,sample=81,pressure_1_valid=true,pressure_1_error=ESP_OK,pressure_1_raw=4163866,pressure_2_valid=true,pressure_2_error=ESP_OK,pressure_2_raw=4064394,pressure_ref_valid=true,pressure_ref_error=ESP_OK,pressure_ref_raw=1306189,valid_mask=0x07,group_error=ESP_OK
2026-07-29 08:45:15 RAW_SENSOR,PRESSURE,sample=82,pressure_1_valid=true,pressure_1_error=ESP_OK,pressure_1_raw=4163868,pressure_2_valid=true,pressure_2_error=ESP_OK,pressure_2_raw=4064430,pressure_ref_valid=true,pressure_ref_error=ESP_OK,pressure_ref_raw=1306174,valid_mask=0x07,group_error=ESP_OK
2026-07-29 08:45:15 RAW_SENSOR,PRESSURE,sample=83,pressure_1_valid=true,pressure_1_error=ESP_OK,pressure_1_raw=4163923,pressure_2_valid=true,pressure_2_error=ESP_OK,pressure_2_raw=4064433,pressure_ref_valid=true,pressure_ref_error=ESP_OK,pressure_ref_raw=1306210,valid_mask=0x07,group_error=ESP_OK
2026-07-29 08:45:15 RAW_SENSOR,PRESSURE,sample=84,pressure_1_valid=true,pressure_1_error=ESP_OK,pressure_1_raw=4163877,pressure_2_valid=true,pressure_2_error=ESP_OK,pressure_2_raw=4064557,pressure_ref_valid=true,pressure_ref_error=ESP_OK,pressure_ref_raw=1306191,valid_mask=0x07,group_error=ESP_OK
2026-07-29 08:45:16 RAW_SENSOR,PRESSURE,sample=85,pressure_1_valid=true,pressure_1_error=ESP_OK,pressure_1_raw=4163854,pressure_2_valid=true,pressure_2_error=ESP_OK,pressure_2_raw=4064543,pressure_ref_valid=true,pressure_ref_error=ESP_OK,pressure_ref_raw=1306144,valid_mask=0x07,group_error=ESP_OK
2026-07-29 08:45:16 RAW_SENSOR,PRESSURE,sample=86,pressure_1_valid=true,pressure_1_error=ESP_OK,pressure_1_raw=4163858,pressure_2_valid=true,pressure_2_error=ESP_OK,pressure_2_raw=4064335,pressure_ref_valid=true,pressure_ref_error=ESP_OK,pressure_ref_raw=1306156,valid_mask=0x07,group_error=ESP_OK
2026-07-29 08:45:16 RAW_SENSOR,PRESSURE,sample=87,pressure_1_valid=true,pressure_1_error=ESP_OK,pressure_1_raw=4163866,pressure_2_valid=true,pressure_2_error=ESP_OK,pressure_2_raw=4064404,pressure_ref_valid=true,pressure_ref_error=ESP_OK,pressure_ref_raw=1306132,valid_mask=0x07,group_error=ESP_OK
2026-07-29 08:45:16 RAW_SENSOR,PRESSURE,sample=88,pressure_1_valid=true,pressure_1_error=ESP_OK,pressure_1_raw=4163841,pressure_2_valid=true,pressure_2_error=ESP_OK,pressure_2_raw=4064465,pressure_ref_valid=true,pressure_ref_error=ESP_OK,pressure_ref_raw=1306163,valid_mask=0x07,group_error=ESP_OK
2026-07-29 08:45:16 RAW_SENSOR,PRESSURE,sample=89,pressure_1_valid=true,pressure_1_error=ESP_OK,pressure_1_raw=4163899,pressure_2_valid=true,pressure_2_error=ESP_OK,pressure_2_raw=4064360,pressure_ref_valid=true,pressure_ref_error=ESP_OK,pressure_ref_raw=1306192,valid_mask=0x07,group_error=ESP_OK
2026-07-29 08:45:16 RAW_SENSOR,PRESSURE,sample=90,pressure_1_valid=true,pressure_1_error=ESP_OK,pressure_1_raw=4163957,pressure_2_valid=true,pressure_2_error=ESP_OK,pressure_2_raw=4064295,pressure_ref_valid=true,pressure_ref_error=ESP_OK,pressure_ref_raw=1306203,valid_mask=0x07,group_error=ESP_OK
2026-07-29 08:45:16 RAW_SENSOR,PRESSURE,sample=91,pressure_1_valid=true,pressure_1_error=ESP_OK,pressure_1_raw=4163922,pressure_2_valid=true,pressure_2_error=ESP_OK,pressure_2_raw=4064300,pressure_ref_valid=true,pressure_ref_error=ESP_OK,pressure_ref_raw=1306136,valid_mask=0x07,group_error=ESP_OK
2026-07-29 08:45:16 RAW_SENSOR,PRESSURE,sample=92,pressure_1_valid=true,pressure_1_error=ESP_OK,pressure_1_raw=4163876,pressure_2_valid=true,pressure_2_error=ESP_OK,pressure_2_raw=4064401,pressure_ref_valid=true,pressure_ref_error=ESP_OK,pressure_ref_raw=1306108,valid_mask=0x07,group_error=ESP_OK
2026-07-29 08:45:16 RAW_SENSOR,PRESSURE,sample=93,pressure_1_valid=true,pressure_1_error=ESP_OK,pressure_1_raw=4163900,pressure_2_valid=true,pressure_2_error=ESP_OK,pressure_2_raw=4064414,pressure_ref_valid=true,pressure_ref_error=ESP_OK,pressure_ref_raw=1306132,valid_mask=0x07,group_error=ESP_OK
2026-07-29 08:45:16 RAW_SENSOR,PRESSURE,sample=94,pressure_1_valid=true,pressure_1_error=ESP_OK,pressure_1_raw=4163925,pressure_2_valid=true,pressure_2_error=ESP_OK,pressure_2_raw=4064496,pressure_ref_valid=true,pressure_ref_error=ESP_OK,pressure_ref_raw=1306173,valid_mask=0x07,group_error=ESP_OK
2026-07-29 08:45:17 RAW_SENSOR,PRESSURE,sample=95,pressure_1_valid=true,pressure_1_error=ESP_OK,pressure_1_raw=4163974,pressure_2_valid=true,pressure_2_error=ESP_OK,pressure_2_raw=4064261,pressure_ref_valid=true,pressure_ref_error=ESP_OK,pressure_ref_raw=1306162,valid_mask=0x07,group_error=ESP_OK
2026-07-29 08:45:17 RAW_SENSOR,PRESSURE,sample=96,pressure_1_valid=true,pressure_1_error=ESP_OK,pressure_1_raw=4163901,pressure_2_valid=true,pressure_2_error=ESP_OK,pressure_2_raw=4064068,pressure_ref_valid=true,pressure_ref_error=ESP_OK,pressure_ref_raw=1306209,valid_mask=0x07,group_error=ESP_OK
2026-07-29 08:45:17 RAW_SENSOR,PRESSURE,sample=97,pressure_1_valid=true,pressure_1_error=ESP_OK,pressure_1_raw=4163850,pressure_2_valid=true,pressure_2_error=ESP_OK,pressure_2_raw=4063945,pressure_ref_valid=true,pressure_ref_error=ESP_OK,pressure_ref_raw=1306198,valid_mask=0x07,group_error=ESP_OK
2026-07-29 08:45:17 RAW_SENSOR,PRESSURE,sample=98,pressure_1_valid=true,pressure_1_error=ESP_OK,pressure_1_raw=4163897,pressure_2_valid=true,pressure_2_error=ESP_OK,pressure_2_raw=4063787,pressure_ref_valid=true,pressure_ref_error=ESP_OK,pressure_ref_raw=1306157,valid_mask=0x07,group_error=ESP_OK
2026-07-29 08:45:17 RAW_SENSOR,PRESSURE,sample=99,pressure_1_valid=true,pressure_1_error=ESP_OK,pressure_1_raw=4163868,pressure_2_valid=true,pressure_2_error=ESP_OK,pressure_2_raw=4063893,pressure_ref_valid=true,pressure_ref_error=ESP_OK,pressure_ref_raw=1306144,valid_mask=0x07,group_error=ESP_OK
2026-07-29 08:45:17 ./main/test_raw_sensor_outputs.c:136:test_read_pressure_sensor_raw_values:PASS
2026-07-29 08:45:17 Running test_read_all_sensor_raw_values...
2026-07-29 08:45:17 RAW_SENSOR,ALL,sample=0,hall_raw=2253,pressure_1_valid=true,pressure_1_error=ESP_OK,pressure_1_raw=4163845,pressure_2_valid=true,pressure_2_error=ESP_OK,pressure_2_raw=4064063,pressure_ref_valid=true,pressure_ref_error=ESP_OK,pressure_ref_raw=1306079,valid_mask=0x07,group_error=ESP_OK
2026-07-29 08:45:17 RAW_SENSOR,ALL,sample=1,hall_raw=2253,pressure_1_valid=true,pressure_1_error=ESP_OK,pressure_1_raw=4163888,pressure_2_valid=true,pressure_2_error=ESP_OK,pressure_2_raw=4064245,pressure_ref_valid=true,pressure_ref_error=ESP_OK,pressure_ref_raw=1306069,valid_mask=0x07,group_error=ESP_OK
2026-07-29 08:45:17 RAW_SENSOR,ALL,sample=2,hall_raw=2250,pressure_1_valid=true,pressure_1_error=ESP_OK,pressure_1_raw=4163904,pressure_2_valid=true,pressure_2_error=ESP_OK,pressure_2_raw=4064117,pressure_ref_valid=true,pressure_ref_error=ESP_OK,pressure_ref_raw=1306013,valid_mask=0x07,group_error=ESP_OK
2026-07-29 08:45:17 RAW_SENSOR,ALL,sample=3,hall_raw=2252,pressure_1_valid=true,pressure_1_error=ESP_OK,pressure_1_raw=4163883,pressure_2_valid=true,pressure_2_error=ESP_OK,pressure_2_raw=4064021,pressure_ref_valid=true,pressure_ref_error=ESP_OK,pressure_ref_raw=1306070,valid_mask=0x07,group_error=ESP_OK
2026-07-29 08:45:18 RAW_SENSOR,ALL,sample=4,hall_raw=2286,pressure_1_valid=true,pressure_1_error=ESP_OK,pressure_1_raw=4163889,pressure_2_valid=true,pressure_2_error=ESP_OK,pressure_2_raw=4063938,pressure_ref_valid=true,pressure_ref_error=ESP_OK,pressure_ref_raw=1306094,valid_mask=0x07,group_error=ESP_OK
2026-07-29 08:45:18 RAW_SENSOR,ALL,sample=5,hall_raw=2254,pressure_1_valid=true,pressure_1_error=ESP_OK,pressure_1_raw=4163879,pressure_2_valid=true,pressure_2_error=ESP_OK,pressure_2_raw=4064012,pressure_ref_valid=true,pressure_ref_error=ESP_OK,pressure_ref_raw=1306101,valid_mask=0x07,group_error=ESP_OK
2026-07-29 08:45:18 RAW_SENSOR,ALL,sample=6,hall_raw=2254,pressure_1_valid=true,pressure_1_error=ESP_OK,pressure_1_raw=4163923,pressure_2_valid=true,pressure_2_error=ESP_OK,pressure_2_raw=4064070,pressure_ref_valid=true,pressure_ref_error=ESP_OK,pressure_ref_raw=1306094,valid_mask=0x07,group_error=ESP_OK
2026-07-29 08:45:18 RAW_SENSOR,ALL,sample=7,hall_raw=2253,pressure_1_valid=true,pressure_1_error=ESP_OK,pressure_1_raw=4163942,pressure_2_valid=true,pressure_2_error=ESP_OK,pressure_2_raw=4063965,pressure_ref_valid=true,pressure_ref_error=ESP_OK,pressure_ref_raw=1306107,valid_mask=0x07,group_error=ESP_OK
2026-07-29 08:45:18 RAW_SENSOR,ALL,sample=8,hall_raw=2253,pressure_1_valid=true,pressure_1_error=ESP_OK,pressure_1_raw=4163910,pressure_2_valid=true,pressure_2_error=ESP_OK,pressure_2_raw=4063894,pressure_ref_valid=true,pressure_ref_error=ESP_OK,pressure_ref_raw=1306097,valid_mask=0x07,group_error=ESP_OK
2026-07-29 08:45:18 RAW_SENSOR,ALL,sample=9,hall_raw=2253,pressure_1_valid=true,pressure_1_error=ESP_OK,pressure_1_raw=4163871,pressure_2_valid=true,pressure_2_error=ESP_OK,pressure_2_raw=4063783,pressure_ref_valid=true,pressure_ref_error=ESP_OK,pressure_ref_raw=1306090,valid_mask=0x07,group_error=ESP_OK
2026-07-29 08:45:18 RAW_SENSOR,ALL,sample=10,hall_raw=2250,pressure_1_valid=true,pressure_1_error=ESP_OK,pressure_1_raw=4163954,pressure_2_valid=true,pressure_2_error=ESP_OK,pressure_2_raw=4063815,pressure_ref_valid=true,pressure_ref_error=ESP_OK,pressure_ref_raw=1306106,valid_mask=0x07,group_error=ESP_OK
2026-07-29 08:45:18 RAW_SENSOR,ALL,sample=11,hall_raw=2249,pressure_1_valid=true,pressure_1_error=ESP_OK,pressure_1_raw=4163930,pressure_2_valid=true,pressure_2_error=ESP_OK,pressure_2_raw=4063799,pressure_ref_valid=true,pressure_ref_error=ESP_OK,pressure_ref_raw=1306211,valid_mask=0x07,group_error=ESP_OK
2026-07-29 08:45:18 RAW_SENSOR,ALL,sample=12,hall_raw=2253,pressure_1_valid=true,pressure_1_error=ESP_OK,pressure_1_raw=4163984,pressure_2_valid=true,pressure_2_error=ESP_OK,pressure_2_raw=4063616,pressure_ref_valid=true,pressure_ref_error=ESP_OK,pressure_ref_raw=1306184,valid_mask=0x07,group_error=ESP_OK
2026-07-29 08:45:18 RAW_SENSOR,ALL,sample=13,hall_raw=2252,pressure_1_valid=true,pressure_1_error=ESP_OK,pressure_1_raw=4163999,pressure_2_valid=true,pressure_2_error=ESP_OK,pressure_2_raw=4063785,pressure_ref_valid=true,pressure_ref_error=ESP_OK,pressure_ref_raw=1306085,valid_mask=0x07,group_error=ESP_OK
2026-07-29 08:45:19 RAW_SENSOR,ALL,sample=14,hall_raw=2248,pressure_1_valid=true,pressure_1_error=ESP_OK,pressure_1_raw=4163994,pressure_2_valid=true,pressure_2_error=ESP_OK,pressure_2_raw=4064111,pressure_ref_valid=true,pressure_ref_error=ESP_OK,pressure_ref_raw=1306160,valid_mask=0x07,group_error=ESP_OK
2026-07-29 08:45:19 RAW_SENSOR,ALL,sample=15,hall_raw=2251,pressure_1_valid=true,pressure_1_error=ESP_OK,pressure_1_raw=4163925,pressure_2_valid=true,pressure_2_error=ESP_OK,pressure_2_raw=4064218,pressure_ref_valid=true,pressure_ref_error=ESP_OK,pressure_ref_raw=1306242,valid_mask=0x07,group_error=ESP_OK
2026-07-29 08:45:19 RAW_SENSOR,ALL,sample=16,hall_raw=2253,pressure_1_valid=true,pressure_1_error=ESP_OK,pressure_1_raw=4163903,pressure_2_valid=true,pressure_2_error=ESP_OK,pressure_2_raw=4064336,pressure_ref_valid=true,pressure_ref_error=ESP_OK,pressure_ref_raw=1306230,valid_mask=0x07,group_error=ESP_OK
2026-07-29 08:45:19 RAW_SENSOR,ALL,sample=17,hall_raw=2252,pressure_1_valid=true,pressure_1_error=ESP_OK,pressure_1_raw=4163968,pressure_2_valid=true,pressure_2_error=ESP_OK,pressure_2_raw=4064277,pressure_ref_valid=true,pressure_ref_error=ESP_OK,pressure_ref_raw=1306210,valid_mask=0x07,group_error=ESP_OK
2026-07-29 08:45:19 RAW_SENSOR,ALL,sample=18,hall_raw=2252,pressure_1_valid=true,pressure_1_error=ESP_OK,pressure_1_raw=4163915,pressure_2_valid=true,pressure_2_error=ESP_OK,pressure_2_raw=4064054,pressure_ref_valid=true,pressure_ref_error=ESP_OK,pressure_ref_raw=1306213,valid_mask=0x07,group_error=ESP_OK
2026-07-29 08:45:19 RAW_SENSOR,ALL,sample=19,hall_raw=2253,pressure_1_valid=true,pressure_1_error=ESP_OK,pressure_1_raw=4163919,pressure_2_valid=true,pressure_2_error=ESP_OK,pressure_2_raw=4064077,pressure_ref_valid=true,pressure_ref_error=ESP_OK,pressure_ref_raw=1306279,valid_mask=0x07,group_error=ESP_OK
2026-07-29 08:45:19 RAW_SENSOR,ALL,sample=20,hall_raw=2251,pressure_1_valid=true,pressure_1_error=ESP_OK,pressure_1_raw=4163856,pressure_2_valid=true,pressure_2_error=ESP_OK,pressure_2_raw=4064079,pressure_ref_valid=true,pressure_ref_error=ESP_OK,pressure_ref_raw=1306234,valid_mask=0x07,group_error=ESP_OK
2026-07-29 08:45:19 RAW_SENSOR,ALL,sample=21,hall_raw=2252,pressure_1_valid=true,pressure_1_error=ESP_OK,pressure_1_raw=4163875,pressure_2_valid=true,pressure_2_error=ESP_OK,pressure_2_raw=4064043,pressure_ref_valid=true,pressure_ref_error=ESP_OK,pressure_ref_raw=1306165,valid_mask=0x07,group_error=ESP_OK
2026-07-29 08:45:19 RAW_SENSOR,ALL,sample=22,hall_raw=2254,pressure_1_valid=true,pressure_1_error=ESP_OK,pressure_1_raw=4163860,pressure_2_valid=true,pressure_2_error=ESP_OK,pressure_2_raw=4064043,pressure_ref_valid=true,pressure_ref_error=ESP_OK,pressure_ref_raw=1306189,valid_mask=0x07,group_error=ESP_OK
2026-07-29 08:45:19 RAW_SENSOR,ALL,sample=23,hall_raw=2255,pressure_1_valid=true,pressure_1_error=ESP_OK,pressure_1_raw=4163864,pressure_2_valid=true,pressure_2_error=ESP_OK,pressure_2_raw=4063939,pressure_ref_valid=true,pressure_ref_error=ESP_OK,pressure_ref_raw=1306181,valid_mask=0x07,group_error=ESP_OK
2026-07-29 08:45:20 RAW_SENSOR,ALL,sample=24,hall_raw=2252,pressure_1_valid=true,pressure_1_error=ESP_OK,pressure_1_raw=4163893,pressure_2_valid=true,pressure_2_error=ESP_OK,pressure_2_raw=4064220,pressure_ref_valid=true,pressure_ref_error=ESP_OK,pressure_ref_raw=1306184,valid_mask=0x07,group_error=ESP_OK
2026-07-29 08:45:20 RAW_SENSOR,ALL,sample=25,hall_raw=2251,pressure_1_valid=true,pressure_1_error=ESP_OK,pressure_1_raw=4163842,pressure_2_valid=true,pressure_2_error=ESP_OK,pressure_2_raw=4064197,pressure_ref_valid=true,pressure_ref_error=ESP_OK,pressure_ref_raw=1306174,valid_mask=0x07,group_error=ESP_OK
2026-07-29 08:45:20 RAW_SENSOR,ALL,sample=26,hall_raw=2252,pressure_1_valid=true,pressure_1_error=ESP_OK,pressure_1_raw=4163834,pressure_2_valid=true,pressure_2_error=ESP_OK,pressure_2_raw=4064113,pressure_ref_valid=true,pressure_ref_error=ESP_OK,pressure_ref_raw=1306168,valid_mask=0x07,group_error=ESP_OK
2026-07-29 08:45:20 RAW_SENSOR,ALL,sample=27,hall_raw=2252,pressure_1_valid=true,pressure_1_error=ESP_OK,pressure_1_raw=4163842,pressure_2_valid=true,pressure_2_error=ESP_OK,pressure_2_raw=4064154,pressure_ref_valid=true,pressure_ref_error=ESP_OK,pressure_ref_raw=1306128,valid_mask=0x07,group_error=ESP_OK
2026-07-29 08:45:20 RAW_SENSOR,ALL,sample=28,hall_raw=2252,pressure_1_valid=true,pressure_1_error=ESP_OK,pressure_1_raw=4163834,pressure_2_valid=true,pressure_2_error=ESP_OK,pressure_2_raw=4064224,pressure_ref_valid=true,pressure_ref_error=ESP_OK,pressure_ref_raw=1306099,valid_mask=0x07,group_error=ESP_OK
2026-07-29 08:45:20 RAW_SENSOR,ALL,sample=29,hall_raw=2253,pressure_1_valid=true,pressure_1_error=ESP_OK,pressure_1_raw=4163912,pressure_2_valid=true,pressure_2_error=ESP_OK,pressure_2_raw=4064167,pressure_ref_valid=true,pressure_ref_error=ESP_OK,pressure_ref_raw=1306246,valid_mask=0x07,group_error=ESP_OK
2026-07-29 08:45:20 RAW_SENSOR,ALL,sample=30,hall_raw=2253,pressure_1_valid=true,pressure_1_error=ESP_OK,pressure_1_raw=4163916,pressure_2_valid=true,pressure_2_error=ESP_OK,pressure_2_raw=4064053,pressure_ref_valid=true,pressure_ref_error=ESP_OK,pressure_ref_raw=1306192,valid_mask=0x07,group_error=ESP_OK
2026-07-29 08:45:20 RAW_SENSOR,ALL,sample=31,hall_raw=2253,pressure_1_valid=true,pressure_1_error=ESP_OK,pressure_1_raw=4163847,pressure_2_valid=true,pressure_2_error=ESP_OK,pressure_2_raw=4063968,pressure_ref_valid=true,pressure_ref_error=ESP_OK,pressure_ref_raw=1306171,valid_mask=0x07,group_error=ESP_OK
2026-07-29 08:45:20 RAW_SENSOR,ALL,sample=32,hall_raw=2251,pressure_1_valid=true,pressure_1_error=ESP_OK,pressure_1_raw=4163876,pressure_2_valid=true,pressure_2_error=ESP_OK,pressure_2_raw=4063809,pressure_ref_valid=true,pressure_ref_error=ESP_OK,pressure_ref_raw=1306137,valid_mask=0x07,group_error=ESP_OK
2026-07-29 08:45:21 RAW_SENSOR,ALL,sample=33,hall_raw=2251,pressure_1_valid=true,pressure_1_error=ESP_OK,pressure_1_raw=4163937,pressure_2_valid=true,pressure_2_error=ESP_OK,pressure_2_raw=4063803,pressure_ref_valid=true,pressure_ref_error=ESP_OK,pressure_ref_raw=1306092,valid_mask=0x07,group_error=ESP_OK
2026-07-29 08:45:21 RAW_SENSOR,ALL,sample=34,hall_raw=2253,pressure_1_valid=true,pressure_1_error=ESP_OK,pressure_1_raw=4163930,pressure_2_valid=true,pressure_2_error=ESP_OK,pressure_2_raw=4063954,pressure_ref_valid=true,pressure_ref_error=ESP_OK,pressure_ref_raw=1306148,valid_mask=0x07,group_error=ESP_OK
2026-07-29 08:45:21 RAW_SENSOR,ALL,sample=35,hall_raw=2251,pressure_1_valid=true,pressure_1_error=ESP_OK,pressure_1_raw=4163927,pressure_2_valid=true,pressure_2_error=ESP_OK,pressure_2_raw=4063973,pressure_ref_valid=true,pressure_ref_error=ESP_OK,pressure_ref_raw=1306127,valid_mask=0x07,group_error=ESP_OK
2026-07-29 08:45:21 RAW_SENSOR,ALL,sample=36,hall_raw=2251,pressure_1_valid=true,pressure_1_error=ESP_OK,pressure_1_raw=4163879,pressure_2_valid=true,pressure_2_error=ESP_OK,pressure_2_raw=4063899,pressure_ref_valid=true,pressure_ref_error=ESP_OK,pressure_ref_raw=1306098,valid_mask=0x07,group_error=ESP_OK
2026-07-29 08:45:21 RAW_SENSOR,ALL,sample=37,hall_raw=2252,pressure_1_valid=true,pressure_1_error=ESP_OK,pressure_1_raw=4163833,pressure_2_valid=true,pressure_2_error=ESP_OK,pressure_2_raw=4064124,pressure_ref_valid=true,pressure_ref_error=ESP_OK,pressure_ref_raw=1306083,valid_mask=0x07,group_error=ESP_OK
2026-07-29 08:45:21 RAW_SENSOR,ALL,sample=38,hall_raw=2252,pressure_1_valid=true,pressure_1_error=ESP_OK,pressure_1_raw=4163797,pressure_2_valid=true,pressure_2_error=ESP_OK,pressure_2_raw=4064372,pressure_ref_valid=true,pressure_ref_error=ESP_OK,pressure_ref_raw=1306071,valid_mask=0x07,group_error=ESP_OK
2026-07-29 08:45:21 RAW_SENSOR,ALL,sample=39,hall_raw=2253,pressure_1_valid=true,pressure_1_error=ESP_OK,pressure_1_raw=4163893,pressure_2_valid=true,pressure_2_error=ESP_OK,pressure_2_raw=4064344,pressure_ref_valid=true,pressure_ref_error=ESP_OK,pressure_ref_raw=1306093,valid_mask=0x07,group_error=ESP_OK
2026-07-29 08:45:21 RAW_SENSOR,ALL,sample=40,hall_raw=2252,pressure_1_valid=true,pressure_1_error=ESP_OK,pressure_1_raw=4163953,pressure_2_valid=true,pressure_2_error=ESP_OK,pressure_2_raw=4064259,pressure_ref_valid=true,pressure_ref_error=ESP_OK,pressure_ref_raw=1306136,valid_mask=0x07,group_error=ESP_OK
2026-07-29 08:45:21 RAW_SENSOR,ALL,sample=41,hall_raw=2251,pressure_1_valid=true,pressure_1_error=ESP_OK,pressure_1_raw=4163841,pressure_2_valid=true,pressure_2_error=ESP_OK,pressure_2_raw=4064196,pressure_ref_valid=true,pressure_ref_error=ESP_OK,pressure_ref_raw=1306186,valid_mask=0x07,group_error=ESP_OK
2026-07-29 08:45:21 RAW_SENSOR,ALL,sample=42,hall_raw=2251,pressure_1_valid=true,pressure_1_error=ESP_OK,pressure_1_raw=4163775,pressure_2_valid=true,pressure_2_error=ESP_OK,pressure_2_raw=4064088,pressure_ref_valid=true,pressure_ref_error=ESP_OK,pressure_ref_raw=1306172,valid_mask=0x07,group_error=ESP_OK
2026-07-29 08:45:22 RAW_SENSOR,ALL,sample=43,hall_raw=2252,pressure_1_valid=true,pressure_1_error=ESP_OK,pressure_1_raw=4163837,pressure_2_valid=true,pressure_2_error=ESP_OK,pressure_2_raw=4063935,pressure_ref_valid=true,pressure_ref_error=ESP_OK,pressure_ref_raw=1306102,valid_mask=0x07,group_error=ESP_OK
2026-07-29 08:45:22 RAW_SENSOR,ALL,sample=44,hall_raw=2253,pressure_1_valid=true,pressure_1_error=ESP_OK,pressure_1_raw=4163805,pressure_2_valid=true,pressure_2_error=ESP_OK,pressure_2_raw=4064014,pressure_ref_valid=true,pressure_ref_error=ESP_OK,pressure_ref_raw=1306115,valid_mask=0x07,group_error=ESP_OK
2026-07-29 08:45:22 RAW_SENSOR,ALL,sample=45,hall_raw=2252,pressure_1_valid=true,pressure_1_error=ESP_OK,pressure_1_raw=4163856,pressure_2_valid=true,pressure_2_error=ESP_OK,pressure_2_raw=4064144,pressure_ref_valid=true,pressure_ref_error=ESP_OK,pressure_ref_raw=1306132,valid_mask=0x07,group_error=ESP_OK
2026-07-29 08:45:22 RAW_SENSOR,ALL,sample=46,hall_raw=2251,pressure_1_valid=true,pressure_1_error=ESP_OK,pressure_1_raw=4163885,pressure_2_valid=true,pressure_2_error=ESP_OK,pressure_2_raw=4064130,pressure_ref_valid=true,pressure_ref_error=ESP_OK,pressure_ref_raw=1306125,valid_mask=0x07,group_error=ESP_OK
2026-07-29 08:45:22 RAW_SENSOR,ALL,sample=47,hall_raw=2252,pressure_1_valid=true,pressure_1_error=ESP_OK,pressure_1_raw=4163875,pressure_2_valid=true,pressure_2_error=ESP_OK,pressure_2_raw=4063970,pressure_ref_valid=true,pressure_ref_error=ESP_OK,pressure_ref_raw=1306158,valid_mask=0x07,group_error=ESP_OK
2026-07-29 08:45:22 RAW_SENSOR,ALL,sample=48,hall_raw=2254,pressure_1_valid=true,pressure_1_error=ESP_OK,pressure_1_raw=4163885,pressure_2_valid=true,pressure_2_error=ESP_OK,pressure_2_raw=4063929,pressure_ref_valid=true,pressure_ref_error=ESP_OK,pressure_ref_raw=1306168,valid_mask=0x07,group_error=ESP_OK
2026-07-29 08:45:22 RAW_SENSOR,ALL,sample=49,hall_raw=2252,pressure_1_valid=true,pressure_1_error=ESP_OK,pressure_1_raw=4163883,pressure_2_valid=true,pressure_2_error=ESP_OK,pressure_2_raw=4064126,pressure_ref_valid=true,pressure_ref_error=ESP_OK,pressure_ref_raw=1306176,valid_mask=0x07,group_error=ESP_OK
2026-07-29 08:45:22 RAW_SENSOR,ALL,sample=50,hall_raw=2253,pressure_1_valid=true,pressure_1_error=ESP_OK,pressure_1_raw=4163914,pressure_2_valid=true,pressure_2_error=ESP_OK,pressure_2_raw=4064193,pressure_ref_valid=true,pressure_ref_error=ESP_OK,pressure_ref_raw=1306173,valid_mask=0x07,group_error=ESP_OK
2026-07-29 08:45:22 RAW_SENSOR,ALL,sample=51,hall_raw=2252,pressure_1_valid=true,pressure_1_error=ESP_OK,pressure_1_raw=4163883,pressure_2_valid=true,pressure_2_error=ESP_OK,pressure_2_raw=4064137,pressure_ref_valid=true,pressure_ref_error=ESP_OK,pressure_ref_raw=1306175,valid_mask=0x07,group_error=ESP_OK
2026-07-29 08:45:23 RAW_SENSOR,ALL,sample=52,hall_raw=2254,pressure_1_valid=true,pressure_1_error=ESP_OK,pressure_1_raw=4163806,pressure_2_valid=true,pressure_2_error=ESP_OK,pressure_2_raw=4063936,pressure_ref_valid=true,pressure_ref_error=ESP_OK,pressure_ref_raw=1306143,valid_mask=0x07,group_error=ESP_OK
2026-07-29 08:45:23 RAW_SENSOR,ALL,sample=53,hall_raw=2252,pressure_1_valid=true,pressure_1_error=ESP_OK,pressure_1_raw=4163850,pressure_2_valid=true,pressure_2_error=ESP_OK,pressure_2_raw=4063934,pressure_ref_valid=true,pressure_ref_error=ESP_OK,pressure_ref_raw=1306106,valid_mask=0x07,group_error=ESP_OK
2026-07-29 08:45:23 RAW_SENSOR,ALL,sample=54,hall_raw=2253,pressure_1_valid=true,pressure_1_error=ESP_OK,pressure_1_raw=4163807,pressure_2_valid=true,pressure_2_error=ESP_OK,pressure_2_raw=4063827,pressure_ref_valid=true,pressure_ref_error=ESP_OK,pressure_ref_raw=1306171,valid_mask=0x07,group_error=ESP_OK
2026-07-29 08:45:23 RAW_SENSOR,ALL,sample=55,hall_raw=2251,pressure_1_valid=true,pressure_1_error=ESP_OK,pressure_1_raw=4163784,pressure_2_valid=true,pressure_2_error=ESP_OK,pressure_2_raw=4063717,pressure_ref_valid=true,pressure_ref_error=ESP_OK,pressure_ref_raw=1306230,valid_mask=0x07,group_error=ESP_OK
2026-07-29 08:45:23 RAW_SENSOR,ALL,sample=56,hall_raw=2252,pressure_1_valid=true,pressure_1_error=ESP_OK,pressure_1_raw=4163835,pressure_2_valid=true,pressure_2_error=ESP_OK,pressure_2_raw=4063818,pressure_ref_valid=true,pressure_ref_error=ESP_OK,pressure_ref_raw=1306186,valid_mask=0x07,group_error=ESP_OK
2026-07-29 08:45:23 RAW_SENSOR,ALL,sample=57,hall_raw=2253,pressure_1_valid=true,pressure_1_error=ESP_OK,pressure_1_raw=4163798,pressure_2_valid=true,pressure_2_error=ESP_OK,pressure_2_raw=4064084,pressure_ref_valid=true,pressure_ref_error=ESP_OK,pressure_ref_raw=1306224,valid_mask=0x07,group_error=ESP_OK
2026-07-29 08:45:23 RAW_SENSOR,ALL,sample=58,hall_raw=2251,pressure_1_valid=true,pressure_1_error=ESP_OK,pressure_1_raw=4163788,pressure_2_valid=true,pressure_2_error=ESP_OK,pressure_2_raw=4064140,pressure_ref_valid=true,pressure_ref_error=ESP_OK,pressure_ref_raw=1306196,valid_mask=0x07,group_error=ESP_OK
2026-07-29 08:45:23 RAW_SENSOR,ALL,sample=59,hall_raw=2249,pressure_1_valid=true,pressure_1_error=ESP_OK,pressure_1_raw=4163788,pressure_2_valid=true,pressure_2_error=ESP_OK,pressure_2_raw=4063998,pressure_ref_valid=true,pressure_ref_error=ESP_OK,pressure_ref_raw=1306131,valid_mask=0x07,group_error=ESP_OK
2026-07-29 08:45:23 RAW_SENSOR,ALL,sample=60,hall_raw=2253,pressure_1_valid=true,pressure_1_error=ESP_OK,pressure_1_raw=4163823,pressure_2_valid=true,pressure_2_error=ESP_OK,pressure_2_raw=4063999,pressure_ref_valid=true,pressure_ref_error=ESP_OK,pressure_ref_raw=1306156,valid_mask=0x07,group_error=ESP_OK
2026-07-29 08:45:23 RAW_SENSOR,ALL,sample=61,hall_raw=2254,pressure_1_valid=true,pressure_1_error=ESP_OK,pressure_1_raw=4163776,pressure_2_valid=true,pressure_2_error=ESP_OK,pressure_2_raw=4064204,pressure_ref_valid=true,pressure_ref_error=ESP_OK,pressure_ref_raw=1306121,valid_mask=0x07,group_error=ESP_OK
2026-07-29 08:45:24 RAW_SENSOR,ALL,sample=62,hall_raw=2252,pressure_1_valid=true,pressure_1_error=ESP_OK,pressure_1_raw=4163750,pressure_2_valid=true,pressure_2_error=ESP_OK,pressure_2_raw=4064113,pressure_ref_valid=true,pressure_ref_error=ESP_OK,pressure_ref_raw=1306144,valid_mask=0x07,group_error=ESP_OK
2026-07-29 08:45:24 RAW_SENSOR,ALL,sample=63,hall_raw=2252,pressure_1_valid=true,pressure_1_error=ESP_OK,pressure_1_raw=4163791,pressure_2_valid=true,pressure_2_error=ESP_OK,pressure_2_raw=4063940,pressure_ref_valid=true,pressure_ref_error=ESP_OK,pressure_ref_raw=1306157,valid_mask=0x07,group_error=ESP_OK
2026-07-29 08:45:24 RAW_SENSOR,ALL,sample=64,hall_raw=2252,pressure_1_valid=true,pressure_1_error=ESP_OK,pressure_1_raw=4163812,pressure_2_valid=true,pressure_2_error=ESP_OK,pressure_2_raw=4063995,pressure_ref_valid=true,pressure_ref_error=ESP_OK,pressure_ref_raw=1306212,valid_mask=0x07,group_error=ESP_OK
2026-07-29 08:45:24 RAW_SENSOR,ALL,sample=65,hall_raw=2251,pressure_1_valid=true,pressure_1_error=ESP_OK,pressure_1_raw=4163816,pressure_2_valid=true,pressure_2_error=ESP_OK,pressure_2_raw=4064080,pressure_ref_valid=true,pressure_ref_error=ESP_OK,pressure_ref_raw=1306208,valid_mask=0x07,group_error=ESP_OK
2026-07-29 08:45:24 RAW_SENSOR,ALL,sample=66,hall_raw=2253,pressure_1_valid=true,pressure_1_error=ESP_OK,pressure_1_raw=4163851,pressure_2_valid=true,pressure_2_error=ESP_OK,pressure_2_raw=4064062,pressure_ref_valid=true,pressure_ref_error=ESP_OK,pressure_ref_raw=1306258,valid_mask=0x07,group_error=ESP_OK
2026-07-29 08:45:24 RAW_SENSOR,ALL,sample=67,hall_raw=2253,pressure_1_valid=true,pressure_1_error=ESP_OK,pressure_1_raw=4163865,pressure_2_valid=true,pressure_2_error=ESP_OK,pressure_2_raw=4064062,pressure_ref_valid=true,pressure_ref_error=ESP_OK,pressure_ref_raw=1306166,valid_mask=0x07,group_error=ESP_OK
2026-07-29 08:45:24 RAW_SENSOR,ALL,sample=68,hall_raw=2253,pressure_1_valid=true,pressure_1_error=ESP_OK,pressure_1_raw=4163836,pressure_2_valid=true,pressure_2_error=ESP_OK,pressure_2_raw=4063804,pressure_ref_valid=true,pressure_ref_error=ESP_OK,pressure_ref_raw=1306167,valid_mask=0x07,group_error=ESP_OK
2026-07-29 08:45:24 RAW_SENSOR,ALL,sample=69,hall_raw=2253,pressure_1_valid=true,pressure_1_error=ESP_OK,pressure_1_raw=4163791,pressure_2_valid=true,pressure_2_error=ESP_OK,pressure_2_raw=4063780,pressure_ref_valid=true,pressure_ref_error=ESP_OK,pressure_ref_raw=1306207,valid_mask=0x07,group_error=ESP_OK
2026-07-29 08:45:24 RAW_SENSOR,ALL,sample=70,hall_raw=2253,pressure_1_valid=true,pressure_1_error=ESP_OK,pressure_1_raw=4163823,pressure_2_valid=true,pressure_2_error=ESP_OK,pressure_2_raw=4063968,pressure_ref_valid=true,pressure_ref_error=ESP_OK,pressure_ref_raw=1306179,valid_mask=0x07,group_error=ESP_OK
2026-07-29 08:45:25 RAW_SENSOR,ALL,sample=71,hall_raw=2252,pressure_1_valid=true,pressure_1_error=ESP_OK,pressure_1_raw=4163842,pressure_2_valid=true,pressure_2_error=ESP_OK,pressure_2_raw=4063916,pressure_ref_valid=true,pressure_ref_error=ESP_OK,pressure_ref_raw=1306117,valid_mask=0x07,group_error=ESP_OK
2026-07-29 08:45:25 RAW_SENSOR,ALL,sample=72,hall_raw=2253,pressure_1_valid=true,pressure_1_error=ESP_OK,pressure_1_raw=4163856,pressure_2_valid=true,pressure_2_error=ESP_OK,pressure_2_raw=4063849,pressure_ref_valid=true,pressure_ref_error=ESP_OK,pressure_ref_raw=1306179,valid_mask=0x07,group_error=ESP_OK
2026-07-29 08:45:25 RAW_SENSOR,ALL,sample=73,hall_raw=2250,pressure_1_valid=true,pressure_1_error=ESP_OK,pressure_1_raw=4163889,pressure_2_valid=true,pressure_2_error=ESP_OK,pressure_2_raw=4063820,pressure_ref_valid=true,pressure_ref_error=ESP_OK,pressure_ref_raw=1306154,valid_mask=0x07,group_error=ESP_OK
2026-07-29 08:45:25 RAW_SENSOR,ALL,sample=74,hall_raw=2252,pressure_1_valid=true,pressure_1_error=ESP_OK,pressure_1_raw=4163871,pressure_2_valid=true,pressure_2_error=ESP_OK,pressure_2_raw=4063768,pressure_ref_valid=true,pressure_ref_error=ESP_OK,pressure_ref_raw=1306151,valid_mask=0x07,group_error=ESP_OK
2026-07-29 08:45:25 RAW_SENSOR,ALL,sample=75,hall_raw=2253,pressure_1_valid=true,pressure_1_error=ESP_OK,pressure_1_raw=4163843,pressure_2_valid=true,pressure_2_error=ESP_OK,pressure_2_raw=4063908,pressure_ref_valid=true,pressure_ref_error=ESP_OK,pressure_ref_raw=1306069,valid_mask=0x07,group_error=ESP_OK
2026-07-29 08:45:25 RAW_SENSOR,ALL,sample=76,hall_raw=2251,pressure_1_valid=true,pressure_1_error=ESP_OK,pressure_1_raw=4163878,pressure_2_valid=true,pressure_2_error=ESP_OK,pressure_2_raw=4063931,pressure_ref_valid=true,pressure_ref_error=ESP_OK,pressure_ref_raw=1306049,valid_mask=0x07,group_error=ESP_OK
2026-07-29 08:45:25 RAW_SENSOR,ALL,sample=77,hall_raw=2254,pressure_1_valid=true,pressure_1_error=ESP_OK,pressure_1_raw=4163880,pressure_2_valid=true,pressure_2_error=ESP_OK,pressure_2_raw=4063878,pressure_ref_valid=true,pressure_ref_error=ESP_OK,pressure_ref_raw=1306052,valid_mask=0x07,group_error=ESP_OK
2026-07-29 08:45:25 RAW_SENSOR,ALL,sample=78,hall_raw=2252,pressure_1_valid=true,pressure_1_error=ESP_OK,pressure_1_raw=4163919,pressure_2_valid=true,pressure_2_error=ESP_OK,pressure_2_raw=4063947,pressure_ref_valid=true,pressure_ref_error=ESP_OK,pressure_ref_raw=1306043,valid_mask=0x07,group_error=ESP_OK
2026-07-29 08:45:25 RAW_SENSOR,ALL,sample=79,hall_raw=2299,pressure_1_valid=true,pressure_1_error=ESP_OK,pressure_1_raw=4163961,pressure_2_valid=true,pressure_2_error=ESP_OK,pressure_2_raw=4064045,pressure_ref_valid=true,pressure_ref_error=ESP_OK,pressure_ref_raw=1306078,valid_mask=0x07,group_error=ESP_OK
2026-07-29 08:45:25 RAW_SENSOR,ALL,sample=80,hall_raw=2253,pressure_1_valid=true,pressure_1_error=ESP_OK,pressure_1_raw=4163932,pressure_2_valid=true,pressure_2_error=ESP_OK,pressure_2_raw=4064097,pressure_ref_valid=true,pressure_ref_error=ESP_OK,pressure_ref_raw=1306072,valid_mask=0x07,group_error=ESP_OK
2026-07-29 08:45:26 RAW_SENSOR,ALL,sample=81,hall_raw=2253,pressure_1_valid=true,pressure_1_error=ESP_OK,pressure_1_raw=4163927,pressure_2_valid=true,pressure_2_error=ESP_OK,pressure_2_raw=4064194,pressure_ref_valid=true,pressure_ref_error=ESP_OK,pressure_ref_raw=1305991,valid_mask=0x07,group_error=ESP_OK
2026-07-29 08:45:26 RAW_SENSOR,ALL,sample=82,hall_raw=2252,pressure_1_valid=true,pressure_1_error=ESP_OK,pressure_1_raw=4163867,pressure_2_valid=true,pressure_2_error=ESP_OK,pressure_2_raw=4064115,pressure_ref_valid=true,pressure_ref_error=ESP_OK,pressure_ref_raw=1305977,valid_mask=0x07,group_error=ESP_OK
2026-07-29 08:45:26 RAW_SENSOR,ALL,sample=83,hall_raw=2252,pressure_1_valid=true,pressure_1_error=ESP_OK,pressure_1_raw=4163830,pressure_2_valid=true,pressure_2_error=ESP_OK,pressure_2_raw=4063998,pressure_ref_valid=true,pressure_ref_error=ESP_OK,pressure_ref_raw=1306088,valid_mask=0x07,group_error=ESP_OK
2026-07-29 08:45:26 RAW_SENSOR,ALL,sample=84,hall_raw=2252,pressure_1_valid=true,pressure_1_error=ESP_OK,pressure_1_raw=4163872,pressure_2_valid=true,pressure_2_error=ESP_OK,pressure_2_raw=4064010,pressure_ref_valid=true,pressure_ref_error=ESP_OK,pressure_ref_raw=1306145,valid_mask=0x07,group_error=ESP_OK
2026-07-29 08:45:26 RAW_SENSOR,ALL,sample=85,hall_raw=2253,pressure_1_valid=true,pressure_1_error=ESP_OK,pressure_1_raw=4163911,pressure_2_valid=true,pressure_2_error=ESP_OK,pressure_2_raw=4064152,pressure_ref_valid=true,pressure_ref_error=ESP_OK,pressure_ref_raw=1306065,valid_mask=0x07,group_error=ESP_OK
2026-07-29 08:45:26 RAW_SENSOR,ALL,sample=86,hall_raw=2252,pressure_1_valid=true,pressure_1_error=ESP_OK,pressure_1_raw=4163949,pressure_2_valid=true,pressure_2_error=ESP_OK,pressure_2_raw=4064303,pressure_ref_valid=true,pressure_ref_error=ESP_OK,pressure_ref_raw=1306076,valid_mask=0x07,group_error=ESP_OK
2026-07-29 08:45:26 RAW_SENSOR,ALL,sample=87,hall_raw=2252,pressure_1_valid=true,pressure_1_error=ESP_OK,pressure_1_raw=4164046,pressure_2_valid=true,pressure_2_error=ESP_OK,pressure_2_raw=4064344,pressure_ref_valid=true,pressure_ref_error=ESP_OK,pressure_ref_raw=1306081,valid_mask=0x07,group_error=ESP_OK
2026-07-29 08:45:26 RAW_SENSOR,ALL,sample=88,hall_raw=2252,pressure_1_valid=true,pressure_1_error=ESP_OK,pressure_1_raw=4164028,pressure_2_valid=true,pressure_2_error=ESP_OK,pressure_2_raw=4064261,pressure_ref_valid=true,pressure_ref_error=ESP_OK,pressure_ref_raw=1306106,valid_mask=0x07,group_error=ESP_OK
2026-07-29 08:45:26 RAW_SENSOR,ALL,sample=89,hall_raw=2249,pressure_1_valid=true,pressure_1_error=ESP_OK,pressure_1_raw=4163989,pressure_2_valid=true,pressure_2_error=ESP_OK,pressure_2_raw=4064387,pressure_ref_valid=true,pressure_ref_error=ESP_OK,pressure_ref_raw=1306103,valid_mask=0x07,group_error=ESP_OK
2026-07-29 08:45:26 RAW_SENSOR,ALL,sample=90,hall_raw=2280,pressure_1_valid=true,pressure_1_error=ESP_OK,pressure_1_raw=4163975,pressure_2_valid=true,pressure_2_error=ESP_OK,pressure_2_raw=4064333,pressure_ref_valid=true,pressure_ref_error=ESP_OK,pressure_ref_raw=1306026,valid_mask=0x07,group_error=ESP_OK
2026-07-29 08:45:27 RAW_SENSOR,ALL,sample=91,hall_raw=2251,pressure_1_valid=true,pressure_1_error=ESP_OK,pressure_1_raw=4163976,pressure_2_valid=true,pressure_2_error=ESP_OK,pressure_2_raw=4064367,pressure_ref_valid=true,pressure_ref_error=ESP_OK,pressure_ref_raw=1305995,valid_mask=0x07,group_error=ESP_OK
2026-07-29 08:45:27 RAW_SENSOR,ALL,sample=92,hall_raw=2252,pressure_1_valid=true,pressure_1_error=ESP_OK,pressure_1_raw=4163965,pressure_2_valid=true,pressure_2_error=ESP_OK,pressure_2_raw=4064344,pressure_ref_valid=true,pressure_ref_error=ESP_OK,pressure_ref_raw=1306020,valid_mask=0x07,group_error=ESP_OK
2026-07-29 08:45:27 RAW_SENSOR,ALL,sample=93,hall_raw=2251,pressure_1_valid=true,pressure_1_error=ESP_OK,pressure_1_raw=4164007,pressure_2_valid=true,pressure_2_error=ESP_OK,pressure_2_raw=4064283,pressure_ref_valid=true,pressure_ref_error=ESP_OK,pressure_ref_raw=1306048,valid_mask=0x07,group_error=ESP_OK
2026-07-29 08:45:27 RAW_SENSOR,ALL,sample=94,hall_raw=2253,pressure_1_valid=true,pressure_1_error=ESP_OK,pressure_1_raw=4164110,pressure_2_valid=true,pressure_2_error=ESP_OK,pressure_2_raw=4064312,pressure_ref_valid=true,pressure_ref_error=ESP_OK,pressure_ref_raw=1306064,valid_mask=0x07,group_error=ESP_OK
2026-07-29 08:45:27 RAW_SENSOR,ALL,sample=95,hall_raw=2252,pressure_1_valid=true,pressure_1_error=ESP_OK,pressure_1_raw=4164049,pressure_2_valid=true,pressure_2_error=ESP_OK,pressure_2_raw=4064183,pressure_ref_valid=true,pressure_ref_error=ESP_OK,pressure_ref_raw=1306078,valid_mask=0x07,group_error=ESP_OK
2026-07-29 08:45:27 RAW_SENSOR,ALL,sample=96,hall_raw=2254,pressure_1_valid=true,pressure_1_error=ESP_OK,pressure_1_raw=4163997,pressure_2_valid=true,pressure_2_error=ESP_OK,pressure_2_raw=4064247,pressure_ref_valid=true,pressure_ref_error=ESP_OK,pressure_ref_raw=1306104,valid_mask=0x07,group_error=ESP_OK
2026-07-29 08:45:27 RAW_SENSOR,ALL,sample=97,hall_raw=2252,pressure_1_valid=true,pressure_1_error=ESP_OK,pressure_1_raw=4164024,pressure_2_valid=true,pressure_2_error=ESP_OK,pressure_2_raw=4064289,pressure_ref_valid=true,pressure_ref_error=ESP_OK,pressure_ref_raw=1306132,valid_mask=0x07,group_error=ESP_OK
2026-07-29 08:45:27 RAW_SENSOR,ALL,sample=98,hall_raw=2252,pressure_1_valid=true,pressure_1_error=ESP_OK,pressure_1_raw=4164001,pressure_2_valid=true,pressure_2_error=ESP_OK,pressure_2_raw=4064108,pressure_ref_valid=true,pressure_ref_error=ESP_OK,pressure_ref_raw=1306085,valid_mask=0x07,group_error=ESP_OK
2026-07-29 08:45:27 RAW_SENSOR,ALL,sample=99,hall_raw=2252,pressure_1_valid=true,pressure_1_error=ESP_OK,pressure_1_raw=4164003,pressure_2_valid=true,pressure_2_error=ESP_OK,pressure_2_raw=4063921,pressure_ref_valid=true,pressure_ref_error=ESP_OK,pressure_ref_raw=1306027,valid_mask=0x07,group_error=ESP_OK
2026-07-29 08:45:27 ./main/test_raw_sensor_outputs.c:163:test_read_all_sensor_raw_values:PASS
2026-07-29 08:45:27 Running test_hx710_minimum_valid_read_ratio...
2026-07-29 08:45:28 RAW_SENSOR,VALID_RATIO,sample=0,pressure_1_valid=true,pressure_1_error=ESP_OK,pressure_1_raw=4164017,pressure_2_valid=true,pressure_2_error=ESP_OK,pressure_2_raw=4063919,pressure_ref_valid=true,pressure_ref_error=ESP_OK,pressure_ref_raw=1305940,valid_mask=0x07,group_error=ESP_OK
2026-07-29 08:45:28 RAW_SENSOR,VALID_RATIO,sample=1,pressure_1_valid=true,pressure_1_error=ESP_OK,pressure_1_raw=4164008,pressure_2_valid=true,pressure_2_error=ESP_OK,pressure_2_raw=4064068,pressure_ref_valid=true,pressure_ref_error=ESP_OK,pressure_ref_raw=1305922,valid_mask=0x07,group_error=ESP_OK
2026-07-29 08:45:28 RAW_SENSOR,VALID_RATIO,sample=2,pressure_1_valid=true,pressure_1_error=ESP_OK,pressure_1_raw=4163956,pressure_2_valid=true,pressure_2_error=ESP_OK,pressure_2_raw=4064398,pressure_ref_valid=true,pressure_ref_error=ESP_OK,pressure_ref_raw=1306022,valid_mask=0x07,group_error=ESP_OK
2026-07-29 08:45:28 RAW_SENSOR,VALID_RATIO,sample=3,pressure_1_valid=true,pressure_1_error=ESP_OK,pressure_1_raw=4163964,pressure_2_valid=true,pressure_2_error=ESP_OK,pressure_2_raw=4064401,pressure_ref_valid=true,pressure_ref_error=ESP_OK,pressure_ref_raw=1306084,valid_mask=0x07,group_error=ESP_OK
2026-07-29 08:45:28 RAW_SENSOR,VALID_RATIO,sample=4,pressure_1_valid=true,pressure_1_error=ESP_OK,pressure_1_raw=4163956,pressure_2_valid=true,pressure_2_error=ESP_OK,pressure_2_raw=4064198,pressure_ref_valid=true,pressure_ref_error=ESP_OK,pressure_ref_raw=1306095,valid_mask=0x07,group_error=ESP_OK
2026-07-29 08:45:28 RAW_SENSOR,VALID_RATIO,sample=5,pressure_1_valid=true,pressure_1_error=ESP_OK,pressure_1_raw=4163957,pressure_2_valid=true,pressure_2_error=ESP_OK,pressure_2_raw=4064071,pressure_ref_valid=true,pressure_ref_error=ESP_OK,pressure_ref_raw=1306132,valid_mask=0x07,group_error=ESP_OK
2026-07-29 08:45:28 RAW_SENSOR,VALID_RATIO,sample=6,pressure_1_valid=true,pressure_1_error=ESP_OK,pressure_1_raw=4163918,pressure_2_valid=true,pressure_2_error=ESP_OK,pressure_2_raw=4064174,pressure_ref_valid=true,pressure_ref_error=ESP_OK,pressure_ref_raw=1306166,valid_mask=0x07,group_error=ESP_OK
2026-07-29 08:45:28 RAW_SENSOR,VALID_RATIO,sample=7,pressure_1_valid=true,pressure_1_error=ESP_OK,pressure_1_raw=4163862,pressure_2_valid=true,pressure_2_error=ESP_OK,pressure_2_raw=4064215,pressure_ref_valid=true,pressure_ref_error=ESP_OK,pressure_ref_raw=1306183,valid_mask=0x07,group_error=ESP_OK
2026-07-29 08:45:28 RAW_SENSOR,VALID_RATIO,sample=8,pressure_1_valid=true,pressure_1_error=ESP_OK,pressure_1_raw=4163862,pressure_2_valid=true,pressure_2_error=ESP_OK,pressure_2_raw=4064284,pressure_ref_valid=true,pressure_ref_error=ESP_OK,pressure_ref_raw=1306206,valid_mask=0x07,group_error=ESP_OK
2026-07-29 08:45:28 RAW_SENSOR,VALID_RATIO,sample=9,pressure_1_valid=true,pressure_1_error=ESP_OK,pressure_1_raw=4163851,pressure_2_valid=true,pressure_2_error=ESP_OK,pressure_2_raw=4064286,pressure_ref_valid=true,pressure_ref_error=ESP_OK,pressure_ref_raw=1306196,valid_mask=0x07,group_error=ESP_OK
2026-07-29 08:45:29 RAW_SENSOR,VALID_RATIO,sample=10,pressure_1_valid=true,pressure_1_error=ESP_OK,pressure_1_raw=4163770,pressure_2_valid=true,pressure_2_error=ESP_OK,pressure_2_raw=4064170,pressure_ref_valid=true,pressure_ref_error=ESP_OK,pressure_ref_raw=1306168,valid_mask=0x07,group_error=ESP_OK
2026-07-29 08:45:29 RAW_SENSOR,VALID_RATIO,sample=11,pressure_1_valid=true,pressure_1_error=ESP_OK,pressure_1_raw=4163611,pressure_2_valid=true,pressure_2_error=ESP_OK,pressure_2_raw=4064302,pressure_ref_valid=true,pressure_ref_error=ESP_OK,pressure_ref_raw=1306104,valid_mask=0x07,group_error=ESP_OK
2026-07-29 08:45:29 RAW_SENSOR,VALID_RATIO,sample=12,pressure_1_valid=true,pressure_1_error=ESP_OK,pressure_1_raw=4163654,pressure_2_valid=true,pressure_2_error=ESP_OK,pressure_2_raw=4064259,pressure_ref_valid=true,pressure_ref_error=ESP_OK,pressure_ref_raw=1306146,valid_mask=0x07,group_error=ESP_OK
2026-07-29 08:45:29 RAW_SENSOR,VALID_RATIO,sample=13,pressure_1_valid=true,pressure_1_error=ESP_OK,pressure_1_raw=4163700,pressure_2_valid=true,pressure_2_error=ESP_OK,pressure_2_raw=4064385,pressure_ref_valid=true,pressure_ref_error=ESP_OK,pressure_ref_raw=1306120,valid_mask=0x07,group_error=ESP_OK
2026-07-29 08:45:29 RAW_SENSOR,VALID_RATIO,sample=14,pressure_1_valid=true,pressure_1_error=ESP_OK,pressure_1_raw=4163735,pressure_2_valid=true,pressure_2_error=ESP_OK,pressure_2_raw=4064399,pressure_ref_valid=true,pressure_ref_error=ESP_OK,pressure_ref_raw=1306091,valid_mask=0x07,group_error=ESP_OK
2026-07-29 08:45:29 RAW_SENSOR,VALID_RATIO,sample=15,pressure_1_valid=true,pressure_1_error=ESP_OK,pressure_1_raw=4163693,pressure_2_valid=true,pressure_2_error=ESP_OK,pressure_2_raw=4064315,pressure_ref_valid=true,pressure_ref_error=ESP_OK,pressure_ref_raw=1306087,valid_mask=0x07,group_error=ESP_OK
2026-07-29 08:45:29 RAW_SENSOR,VALID_RATIO,sample=16,pressure_1_valid=true,pressure_1_error=ESP_OK,pressure_1_raw=4163689,pressure_2_valid=true,pressure_2_error=ESP_OK,pressure_2_raw=4064396,pressure_ref_valid=true,pressure_ref_error=ESP_OK,pressure_ref_raw=1306090,valid_mask=0x07,group_error=ESP_OK
2026-07-29 08:45:29 RAW_SENSOR,VALID_RATIO,sample=17,pressure_1_valid=true,pressure_1_error=ESP_OK,pressure_1_raw=4163821,pressure_2_valid=true,pressure_2_error=ESP_OK,pressure_2_raw=4064567,pressure_ref_valid=true,pressure_ref_error=ESP_OK,pressure_ref_raw=1306061,valid_mask=0x07,group_error=ESP_OK
2026-07-29 08:45:29 RAW_SENSOR,VALID_RATIO,sample=18,pressure_1_valid=true,pressure_1_error=ESP_OK,pressure_1_raw=4163969,pressure_2_valid=true,pressure_2_error=ESP_OK,pressure_2_raw=4064703,pressure_ref_valid=true,pressure_ref_error=ESP_OK,pressure_ref_raw=1306013,valid_mask=0x07,group_error=ESP_OK
2026-07-29 08:45:29 RAW_SENSOR,VALID_RATIO,sample=19,pressure_1_valid=true,pressure_1_error=ESP_OK,pressure_1_raw=4164031,pressure_2_valid=true,pressure_2_error=ESP_OK,pressure_2_raw=4064792,pressure_ref_valid=true,pressure_ref_error=ESP_OK,pressure_ref_raw=1306001,valid_mask=0x07,group_error=ESP_OK
2026-07-29 08:45:30 HX710_DIAG,VALID_RATIO,successful_reads=20,total=20,required=15
2026-07-29 08:45:30 ./main/test_raw_sensor_outputs.c:198:test_hx710_minimum_valid_read_ratio:PASS
2026-07-29 08:45:30 Running test_hx710_shared_sck_and_dout_diagnostics...
2026-07-29 08:45:30 HX710_DIAG,MODE,SENSOR
2026-07-29 08:45:30 HX710_DIAG,SCK_OWNER,HX710
2026-07-29 08:45:30 HX710_DIAG,SCK_IDLE,LOW
2026-07-29 08:45:30 HX710_DIAG,INITIAL,pressure_ref,GPIO1,LOW_READY_OR_STUCK
2026-07-29 08:45:30 HX710_DIAG,INITIAL,pressure_1,GPIO3,HIGH_NOT_READY
2026-07-29 08:45:30 HX710_DIAG,INITIAL,pressure_2,GPIO10,HIGH_NOT_READY
2026-07-29 08:45:30 HX710_DIAG,READY,pressure_ref,GPIO1,initial=LOW,final=READY,status=CURRENT_TRANSACTION_VALID
2026-07-29 08:45:30 HX710_DIAG,RAW,pressure_ref,VALID,1306022,sample=0
2026-07-29 08:45:30 HX710_DIAG,READY,pressure_1,GPIO3,initial=HIGH,final=READY,status=CURRENT_TRANSACTION_VALID
2026-07-29 08:45:30 HX710_DIAG,RAW,pressure_1,VALID,4163994,sample=0
2026-07-29 08:45:30 HX710_DIAG,READY,pressure_2,GPIO10,initial=HIGH,final=READY,status=CURRENT_TRANSACTION_VALID
2026-07-29 08:45:30 HX710_DIAG,RAW,pressure_2,VALID,4064619,sample=0
2026-07-29 08:45:30 HX710_DIAG,GROUP,sample=0,error=ESP_OK,captured_mask=0x07,valid_mask=0x07,not_ready_mask=0x00,stuck_high_mask=0x00,stuck_low_mask=0x00,post_invalid_mask=0x00,current_transaction=VALID,next_conversion=WARNING,next_ready_warning_mask=0x05,first_next_ready_low_us=29008,-1,60381,pulses=25,ready_wait_ms=50,cleanup=ESP_OK
2026-07-29 08:45:30 HX710_DIAG,SCK_CLEANUP,LOW
2026-07-29 08:45:30 ./main/test_hx710_diagnostics.c:264:test_hx710_shared_sck_and_dout_diagnostics:PASS
2026-07-29 08:45:30 Running test_hx710_repeated_synchronized_group_reads...
2026-07-29 08:45:30 HX710_DIAG,INITIAL,pressure_ref,GPIO1,LOW_READY_OR_STUCK
2026-07-29 08:45:30 HX710_DIAG,INITIAL,pressure_1,GPIO3,LOW_READY_OR_STUCK
2026-07-29 08:45:30 HX710_DIAG,INITIAL,pressure_2,GPIO10,LOW_READY_OR_STUCK
2026-07-29 08:45:30 HX710_DIAG,READY,pressure_ref,GPIO1,initial=LOW,final=READY,status=CURRENT_TRANSACTION_VALID
2026-07-29 08:45:30 HX710_DIAG,RAW,pressure_ref,VALID,1306106,sample=0
2026-07-29 08:45:30 HX710_DIAG,READY,pressure_1,GPIO3,initial=LOW,final=READY,status=CURRENT_TRANSACTION_VALID
2026-07-29 08:45:30 HX710_DIAG,RAW,pressure_1,VALID,4163929,sample=0
2026-07-29 08:45:30 HX710_DIAG,READY,pressure_2,GPIO10,initial=LOW,final=READY,status=CURRENT_TRANSACTION_VALID
2026-07-29 08:45:30 HX710_DIAG,RAW,pressure_2,VALID,4064530,sample=0
2026-07-29 08:45:30 HX710_DIAG,GROUP,sample=0,error=ESP_OK,captured_mask=0x07,valid_mask=0x07,not_ready_mask=0x00,stuck_high_mask=0x00,stuck_low_mask=0x00,post_invalid_mask=0x00,current_transaction=VALID,next_conversion=WARNING,next_ready_warning_mask=0x03,first_next_ready_low_us=67464,44779,-1,pulses=25,ready_wait_ms=0,cleanup=ESP_OK
2026-07-29 08:45:30 HX710_DIAG,INITIAL,pressure_ref,GPIO1,LOW_READY_OR_STUCK
2026-07-29 08:45:30 HX710_DIAG,INITIAL,pressure_1,GPIO3,LOW_READY_OR_STUCK
2026-07-29 08:45:30 HX710_DIAG,INITIAL,pressure_2,GPIO10,LOW_READY_OR_STUCK
2026-07-29 08:45:30 HX710_DIAG,READY,pressure_ref,GPIO1,initial=LOW,final=READY,status=CURRENT_TRANSACTION_VALID
2026-07-29 08:45:30 HX710_DIAG,RAW,pressure_ref,VALID,1306103,sample=1
2026-07-29 08:45:30 HX710_DIAG,READY,pressure_1,GPIO3,initial=LOW,final=READY,status=CURRENT_TRANSACTION_VALID
2026-07-29 08:45:30 HX710_DIAG,RAW,pressure_1,VALID,4163938,sample=1
2026-07-29 08:45:30 HX710_DIAG,READY,pressure_2,GPIO10,initial=LOW,final=READY,status=CURRENT_TRANSACTION_VALID
2026-07-29 08:45:30 HX710_DIAG,RAW,pressure_2,VALID,4064672,sample=1
2026-07-29 08:45:30 HX710_DIAG,GROUP,sample=1,error=ESP_OK,captured_mask=0x07,valid_mask=0x07,not_ready_mask=0x00,stuck_high_mask=0x00,stuck_low_mask=0x00,post_invalid_mask=0x00,current_transaction=VALID,next_conversion=WARNING,next_ready_warning_mask=0x07,first_next_ready_low_us=19855,400,47169,pulses=25,ready_wait_ms=0,cleanup=ESP_OK
2026-07-29 08:45:30 HX710_DIAG,INITIAL,pressure_ref,GPIO1,LOW_READY_OR_STUCK
2026-07-29 08:45:30 HX710_DIAG,INITIAL,pressure_1,GPIO3,LOW_READY_OR_STUCK
2026-07-29 08:45:30 HX710_DIAG,INITIAL,pressure_2,GPIO10,LOW_READY_OR_STUCK
2026-07-29 08:45:30 HX710_DIAG,READY,pressure_ref,GPIO1,initial=LOW,final=READY,status=CURRENT_TRANSACTION_VALID
2026-07-29 08:45:30 HX710_DIAG,RAW,pressure_ref,VALID,1306050,sample=2
2026-07-29 08:45:30 HX710_DIAG,READY,pressure_1,GPIO3,initial=LOW,final=READY,status=CURRENT_TRANSACTION_VALID
2026-07-29 08:45:30 HX710_DIAG,RAW,pressure_1,VALID,4163933,sample=2
2026-07-29 08:45:30 HX710_DIAG,READY,pressure_2,GPIO10,initial=LOW,final=READY,status=CURRENT_TRANSACTION_VALID
2026-07-29 08:45:30 HX710_DIAG,RAW,pressure_2,VALID,4064787,sample=2
2026-07-29 08:45:30 HX710_DIAG,GROUP,sample=2,error=ESP_OK,captured_mask=0x07,valid_mask=0x07,not_ready_mask=0x00,stuck_high_mask=0x00,stuck_low_mask=0x00,post_invalid_mask=0x00,current_transaction=VALID,next_conversion=WARNING,next_ready_warning_mask=0x05,first_next_ready_low_us=5010,-1,30971,pulses=25,ready_wait_ms=0,cleanup=ESP_OK
2026-07-29 08:45:30 HX710_DIAG,INITIAL,pressure_ref,GPIO1,LOW_READY_OR_STUCK
2026-07-29 08:45:30 HX710_DIAG,INITIAL,pressure_1,GPIO3,LOW_READY_OR_STUCK
2026-07-29 08:45:30 HX710_DIAG,INITIAL,pressure_2,GPIO10,LOW_READY_OR_STUCK
2026-07-29 08:45:30 HX710_DIAG,READY,pressure_ref,GPIO1,initial=LOW,final=READY,status=CURRENT_TRANSACTION_VALID
2026-07-29 08:45:30 HX710_DIAG,RAW,pressure_ref,VALID,1305921,sample=3
2026-07-29 08:45:30 HX710_DIAG,READY,pressure_1,GPIO3,initial=LOW,final=READY,status=CURRENT_TRANSACTION_VALID
2026-07-29 08:45:30 HX710_DIAG,RAW,pressure_1,VALID,4163989,sample=3
2026-07-29 08:45:30 HX710_DIAG,READY,pressure_2,GPIO10,initial=LOW,final=READY,status=CURRENT_TRANSACTION_VALID
2026-07-29 08:45:30 HX710_DIAG,RAW,pressure_2,VALID,4064462,sample=3
2026-07-29 08:45:30 HX710_DIAG,GROUP,sample=3,error=ESP_OK,captured_mask=0x07,valid_mask=0x07,not_ready_mask=0x00,stuck_high_mask=0x00,stuck_low_mask=0x00,post_invalid_mask=0x00,current_transaction=VALID,next_conversion=WARNING,next_ready_warning_mask=0x03,first_next_ready_low_us=58800,49005,-1,pulses=25,ready_wait_ms=0,cleanup=ESP_OK
2026-07-29 08:45:30 HX710_DIAG,INITIAL,pressure_ref,GPIO1,LOW_READY_OR_STUCK
2026-07-29 08:45:30 HX710_DIAG,INITIAL,pressure_1,GPIO3,LOW_READY_OR_STUCK
2026-07-29 08:45:30 HX710_DIAG,INITIAL,pressure_2,GPIO10,LOW_READY_OR_STUCK
2026-07-29 08:45:30 HX710_DIAG,READY,pressure_ref,GPIO1,initial=LOW,final=READY,status=CURRENT_TRANSACTION_VALID
2026-07-29 08:45:30 HX710_DIAG,RAW,pressure_ref,VALID,1305995,sample=4
2026-07-29 08:45:30 HX710_DIAG,READY,pressure_1,GPIO3,initial=LOW,final=READY,status=CURRENT_TRANSACTION_VALID
2026-07-29 08:45:30 HX710_DIAG,RAW,pressure_1,VALID,4164023,sample=4
2026-07-29 08:45:30 HX710_DIAG,READY,pressure_2,GPIO10,initial=LOW,final=READY,status=CURRENT_TRANSACTION_VALID
2026-07-29 08:45:30 HX710_DIAG,RAW,pressure_2,VALID,4064517,sample=4
2026-07-29 08:45:30 HX710_DIAG,GROUP,sample=4,error=ESP_OK,captured_mask=0x07,valid_mask=0x07,not_ready_mask=0x00,stuck_high_mask=0x00,stuck_low_mask=0x00,post_invalid_mask=0x00,current_transaction=VALID,next_conversion=WARNING,next_ready_warning_mask=0x07,first_next_ready_low_us=11199,4632,33095,pulses=25,ready_wait_ms=0,cleanup=ESP_OK
2026-07-29 08:45:30 HX710_DIAG,INITIAL,pressure_ref,GPIO1,LOW_READY_OR_STUCK
2026-07-29 08:45:30 HX710_DIAG,INITIAL,pressure_1,GPIO3,LOW_READY_OR_STUCK
2026-07-29 08:45:30 HX710_DIAG,INITIAL,pressure_2,GPIO10,LOW_READY_OR_STUCK
2026-07-29 08:45:30 HX710_DIAG,READY,pressure_ref,GPIO1,initial=LOW,final=READY,status=CURRENT_TRANSACTION_VALID
2026-07-29 08:45:30 HX710_DIAG,RAW,pressure_ref,VALID,1306018,sample=5
2026-07-29 08:45:31 HX710_DIAG,READY,pressure_1,GPIO3,initial=LOW,final=READY,status=CURRENT_TRANSACTION_VALID
2026-07-29 08:45:31 HX710_DIAG,RAW,pressure_1,VALID,4164030,sample=5
2026-07-29 08:45:31 HX710_DIAG,READY,pressure_2,GPIO10,initial=LOW,final=READY,status=CURRENT_TRANSACTION_VALID
2026-07-29 08:45:31 HX710_DIAG,RAW,pressure_2,VALID,4064612,sample=5
2026-07-29 08:45:31 HX710_DIAG,GROUP,sample=5,error=ESP_OK,captured_mask=0x07,valid_mask=0x07,not_ready_mask=0x00,stuck_high_mask=0x00,stuck_low_mask=0x00,post_invalid_mask=0x00,current_transaction=VALID,next_conversion=WARNING,next_ready_warning_mask=0x07,first_next_ready_low_us=10332,7001,30874,pulses=25,ready_wait_ms=0,cleanup=ESP_OK
2026-07-29 08:45:31 HX710_DIAG,INITIAL,pressure_ref,GPIO1,LOW_READY_OR_STUCK
2026-07-29 08:45:31 HX710_DIAG,INITIAL,pressure_1,GPIO3,LOW_READY_OR_STUCK
2026-07-29 08:45:31 HX710_DIAG,INITIAL,pressure_2,GPIO10,LOW_READY_OR_STUCK
2026-07-29 08:45:31 HX710_DIAG,READY,pressure_ref,GPIO1,initial=LOW,final=READY,status=CURRENT_TRANSACTION_VALID
2026-07-29 08:45:31 HX710_DIAG,RAW,pressure_ref,VALID,1305998,sample=6
2026-07-29 08:45:31 HX710_DIAG,READY,pressure_1,GPIO3,initial=LOW,final=READY,status=CURRENT_TRANSACTION_VALID
2026-07-29 08:45:31 HX710_DIAG,RAW,pressure_1,VALID,4164025,sample=6
2026-07-29 08:45:31 HX710_DIAG,READY,pressure_2,GPIO10,initial=LOW,final=READY,status=CURRENT_TRANSACTION_VALID
2026-07-29 08:45:31 HX710_DIAG,RAW,pressure_2,VALID,4064560,sample=6
2026-07-29 08:45:31 HX710_DIAG,GROUP,sample=6,error=ESP_OK,captured_mask=0x07,valid_mask=0x07,not_ready_mask=0x00,stuck_high_mask=0x00,stuck_low_mask=0x00,post_invalid_mask=0x00,current_transaction=VALID,next_conversion=WARNING,next_ready_warning_mask=0x07,first_next_ready_low_us=11694,11585,30881,pulses=25,ready_wait_ms=0,cleanup=ESP_OK
2026-07-29 08:45:31 HX710_DIAG,INITIAL,pressure_ref,GPIO1,LOW_READY_OR_STUCK
2026-07-29 08:45:31 HX710_DIAG,INITIAL,pressure_1,GPIO3,LOW_READY_OR_STUCK
2026-07-29 08:45:31 HX710_DIAG,INITIAL,pressure_2,GPIO10,LOW_READY_OR_STUCK
2026-07-29 08:45:31 HX710_DIAG,READY,pressure_ref,GPIO1,initial=LOW,final=READY,status=CURRENT_TRANSACTION_VALID
2026-07-29 08:45:31 HX710_DIAG,RAW,pressure_ref,VALID,1306029,sample=7
2026-07-29 08:45:31 HX710_DIAG,READY,pressure_1,GPIO3,initial=LOW,final=READY,status=CURRENT_TRANSACTION_VALID
2026-07-29 08:45:31 HX710_DIAG,RAW,pressure_1,VALID,4164035,sample=7
2026-07-29 08:45:31 HX710_DIAG,READY,pressure_2,GPIO10,initial=LOW,final=READY,status=CURRENT_TRANSACTION_VALID
2026-07-29 08:45:31 HX710_DIAG,RAW,pressure_2,VALID,4064565,sample=7
2026-07-29 08:45:31 HX710_DIAG,GROUP,sample=7,error=ESP_OK,captured_mask=0x07,valid_mask=0x07,not_ready_mask=0x00,stuck_high_mask=0x00,stuck_low_mask=0x00,post_invalid_mask=0x00,current_transaction=VALID,next_conversion=WARNING,next_ready_warning_mask=0x07,first_next_ready_low_us=12954,16061,30786,pulses=25,ready_wait_ms=0,cleanup=ESP_OK
2026-07-29 08:45:31 HX710_DIAG,INITIAL,pressure_ref,GPIO1,LOW_READY_OR_STUCK
2026-07-29 08:45:31 HX710_DIAG,INITIAL,pressure_1,GPIO3,LOW_READY_OR_STUCK
2026-07-29 08:45:31 HX710_DIAG,INITIAL,pressure_2,GPIO10,LOW_READY_OR_STUCK
2026-07-29 08:45:31 HX710_DIAG,READY,pressure_ref,GPIO1,initial=LOW,final=READY,status=CURRENT_TRANSACTION_VALID
2026-07-29 08:45:31 HX710_DIAG,RAW,pressure_ref,VALID,1306021,sample=8
2026-07-29 08:45:31 HX710_DIAG,READY,pressure_1,GPIO3,initial=LOW,final=READY,status=CURRENT_TRANSACTION_VALID
2026-07-29 08:45:31 HX710_DIAG,RAW,pressure_1,VALID,4163963,sample=8
2026-07-29 08:45:31 HX710_DIAG,READY,pressure_2,GPIO10,initial=LOW,final=READY,status=CURRENT_TRANSACTION_VALID
2026-07-29 08:45:31 HX710_DIAG,RAW,pressure_2,VALID,4064493,sample=8
2026-07-29 08:45:31 HX710_DIAG,GROUP,sample=8,error=ESP_OK,captured_mask=0x07,valid_mask=0x07,not_ready_mask=0x00,stuck_high_mask=0x00,stuck_low_mask=0x00,post_invalid_mask=0x00,current_transaction=VALID,next_conversion=WARNING,next_ready_warning_mask=0x07,first_next_ready_low_us=14311,20646,30787,pulses=25,ready_wait_ms=0,cleanup=ESP_OK
2026-07-29 08:45:31 HX710_DIAG,INITIAL,pressure_ref,GPIO1,LOW_READY_OR_STUCK
2026-07-29 08:45:31 HX710_DIAG,INITIAL,pressure_1,GPIO3,LOW_READY_OR_STUCK
2026-07-29 08:45:31 HX710_DIAG,INITIAL,pressure_2,GPIO10,LOW_READY_OR_STUCK
2026-07-29 08:45:31 HX710_DIAG,READY,pressure_ref,GPIO1,initial=LOW,final=READY,status=CURRENT_TRANSACTION_VALID
2026-07-29 08:45:31 HX710_DIAG,RAW,pressure_ref,VALID,1306049,sample=9
2026-07-29 08:45:31 HX710_DIAG,READY,pressure_1,GPIO3,initial=LOW,final=READY,status=CURRENT_TRANSACTION_VALID
2026-07-29 08:45:31 HX710_DIAG,RAW,pressure_1,VALID,4163930,sample=9
2026-07-29 08:45:31 HX710_DIAG,READY,pressure_2,GPIO10,initial=LOW,final=READY,status=CURRENT_TRANSACTION_VALID
2026-07-29 08:45:31 HX710_DIAG,RAW,pressure_2,VALID,4064493,sample=9
2026-07-29 08:45:31 HX710_DIAG,GROUP,sample=9,error=ESP_OK,captured_mask=0x07,valid_mask=0x07,not_ready_mask=0x00,stuck_high_mask=0x00,stuck_low_mask=0x00,post_invalid_mask=0x00,current_transaction=VALID,next_conversion=WARNING,next_ready_warning_mask=0x07,first_next_ready_low_us=15675,25226,30787,pulses=25,ready_wait_ms=0,cleanup=ESP_OK
2026-07-29 08:45:31 HX710_DIAG,INITIAL,pressure_ref,GPIO1,LOW_READY_OR_STUCK
2026-07-29 08:45:31 HX710_DIAG,INITIAL,pressure_1,GPIO3,LOW_READY_OR_STUCK
2026-07-29 08:45:31 HX710_DIAG,INITIAL,pressure_2,GPIO10,LOW_READY_OR_STUCK
2026-07-29 08:45:31 HX710_DIAG,READY,pressure_ref,GPIO1,initial=LOW,final=READY,status=CURRENT_TRANSACTION_VALID
2026-07-29 08:45:31 HX710_DIAG,RAW,pressure_ref,VALID,1306064,sample=10
2026-07-29 08:45:31 HX710_DIAG,READY,pressure_1,GPIO3,initial=LOW,final=READY,status=CURRENT_TRANSACTION_VALID
2026-07-29 08:45:31 HX710_DIAG,RAW,pressure_1,VALID,4163979,sample=10
2026-07-29 08:45:31 HX710_DIAG,READY,pressure_2,GPIO10,initial=LOW,final=READY,status=CURRENT_TRANSACTION_VALID
2026-07-29 08:45:31 HX710_DIAG,RAW,pressure_2,VALID,4064559,sample=10
2026-07-29 08:45:31 HX710_DIAG,GROUP,sample=10,error=ESP_OK,captured_mask=0x07,valid_mask=0x07,not_ready_mask=0x00,stuck_high_mask=0x00,stuck_low_mask=0x00,post_invalid_mask=0x00,current_transaction=VALID,next_conversion=WARNING,next_ready_warning_mask=0x07,first_next_ready_low_us=17031,29797,30788,pulses=25,ready_wait_ms=0,cleanup=ESP_OK
2026-07-29 08:45:31 HX710_DIAG,INITIAL,pressure_ref,GPIO1,LOW_READY_OR_STUCK
2026-07-29 08:45:31 HX710_DIAG,INITIAL,pressure_1,GPIO3,LOW_READY_OR_STUCK
2026-07-29 08:45:31 HX710_DIAG,INITIAL,pressure_2,GPIO10,LOW_READY_OR_STUCK
2026-07-29 08:45:31 HX710_DIAG,READY,pressure_ref,GPIO1,initial=LOW,final=READY,status=CURRENT_TRANSACTION_VALID
2026-07-29 08:45:31 HX710_DIAG,RAW,pressure_ref,VALID,1306049,sample=11
2026-07-29 08:45:31 HX710_DIAG,READY,pressure_1,GPIO3,initial=LOW,final=READY,status=CURRENT_TRANSACTION_VALID
2026-07-29 08:45:31 HX710_DIAG,RAW,pressure_1,VALID,4164033,sample=11
2026-07-29 08:45:31 HX710_DIAG,READY,pressure_2,GPIO10,initial=LOW,final=READY,status=CURRENT_TRANSACTION_VALID
2026-07-29 08:45:31 HX710_DIAG,RAW,pressure_2,VALID,4064491,sample=11
2026-07-29 08:45:31 HX710_DIAG,GROUP,sample=11,error=ESP_OK,captured_mask=0x07,valid_mask=0x07,not_ready_mask=0x00,stuck_high_mask=0x00,stuck_low_mask=0x00,post_invalid_mask=0x00,current_transaction=VALID,next_conversion=WARNING,next_ready_warning_mask=0x07,first_next_ready_low_us=18037,34031,30435,pulses=25,ready_wait_ms=0,cleanup=ESP_OK
2026-07-29 08:45:31 HX710_DIAG,INITIAL,pressure_ref,GPIO1,LOW_READY_OR_STUCK
2026-07-29 08:45:31 HX710_DIAG,INITIAL,pressure_1,GPIO3,LOW_READY_OR_STUCK
2026-07-29 08:45:31 HX710_DIAG,INITIAL,pressure_2,GPIO10,LOW_READY_OR_STUCK
2026-07-29 08:45:31 HX710_DIAG,READY,pressure_ref,GPIO1,initial=LOW,final=READY,status=CURRENT_TRANSACTION_VALID
2026-07-29 08:45:31 HX710_DIAG,RAW,pressure_ref,VALID,1306078,sample=12
2026-07-29 08:45:31 HX710_DIAG,READY,pressure_1,GPIO3,initial=LOW,final=READY,status=CURRENT_TRANSACTION_VALID
2026-07-29 08:45:31 HX710_DIAG,RAW,pressure_1,VALID,4163995,sample=12
2026-07-29 08:45:31 HX710_DIAG,READY,pressure_2,GPIO10,initial=LOW,final=READY,status=CURRENT_TRANSACTION_VALID
2026-07-29 08:45:31 HX710_DIAG,RAW,pressure_2,VALID,4064356,sample=12
2026-07-29 08:45:31 HX710_DIAG,GROUP,sample=12,error=ESP_OK,captured_mask=0x07,valid_mask=0x07,not_ready_mask=0x00,stuck_high_mask=0x00,stuck_low_mask=0x00,post_invalid_mask=0x00,current_transaction=VALID,next_conversion=WARNING,next_ready_warning_mask=0x07,first_next_ready_low_us=15803,35012,26838,pulses=25,ready_wait_ms=0,cleanup=ESP_OK
2026-07-29 08:45:31 HX710_DIAG,REPEATED_RESULT,warmup=3,attempts=10,successful_reads=10,required=10
2026-07-29 08:45:31 HX710_DIAG,SCK_CLEANUP,LOW
2026-07-29 08:45:31 ./main/test_hx710_diagnostics.c:310:test_hx710_repeated_synchronized_group_reads:PASS
2026-07-29 08:45:31
2026-07-29 08:45:31 -----------------------
2026-07-29 08:45:31 246 Tests 0 Failures 0 Ignored
2026-07-29 08:45:31 OK
2026-07-29 08:45:31 Enter next test, or 'enter' to see menu
.

============================== warnings summary ===============================
pytest_resq_unity.py::test_resq_firmware_unity
  pytest_resq_unity.py:8: PytestExperimentalApiWarning: record_xml_attribute is an experimental feature
    @pytest.mark.esp32c3

pytest_resq_unity.py::test_resq_firmware_unity
  pytest_resq_unity.py:8: PytestWarning: record_xml_attribute is incompatible with junit_family 'xunit2' (use 'legacy' or 'xunit1')
    @pytest.mark.esp32c3

pytest_resq_unity.py::test_resq_firmware_unity
  C:\Espressif\tools\python\v6.0\venv\Lib\site-packages\pytest_embedded_idf\dut.py:223: UserHint: if you're using `dut.expect_exact("Press ENTER to see the list of tests"); dut.write("*"); dut.expect_unity_test_output()` to run esp-idf unity tests, please consider using `dut.run_all_single_board_cases()` instead. It could help record the duration time and the error messages even for crashed test cases.
    warnings.warn(

C:\Espressif\tools\python\v6.0\venv\Lib\site-packages\_pytest\cacheprovider.py:469
  C:\Espressif\tools\python\v6.0\venv\Lib\site-packages\_pytest\cacheprovider.py:469: PytestCacheWarning: could not create cache path <repo>\code\resq-firmware\test\.pytest_cache\v\cache\nodeids: [WinError 183] Cannot create a file when that file already exists: 'D:\\Academics\\SEM6\\3YP\\e21-3yp-ResQ\\code\\resq-firmware\\test\\.pytest_cache\\v\\cache'
    config.cache.set("cache/nodeids", sorted(self.cached_nodeids))

-- Docs: https://docs.pytest.org/en/stable/how-to/capture-warnings.html
- generated xml file: <repo>\docs\integration-checkup\2026-07-29\phase-07-watchdog\unity-full-after-fix.xml -
======================= 1 passed, 4 warnings in 48.86s ========================
