[INFO] Scanning for projects...
[INFO]
[INFO] --------------------------< lk.resq:hub-api >---------------------------
[INFO] Building hub-api 0.1.1-SNAPSHOT
[INFO]   from pom.xml
[INFO] --------------------------------[ jar ]---------------------------------
[INFO]
[INFO] >>> spring-boot:3.3.4:run (default-cli) > test-compile @ hub-api >>>
[INFO]
[INFO] --- resources:3.3.1:resources (default-resources) @ hub-api ---
[INFO] Copying 1 resource from src\main\resources to target\classes
[INFO] Copying 0 resource from src\main\resources to target\classes
[INFO]
[INFO] --- compiler:3.13.0:compile (default-compile) @ hub-api ---
[INFO] Nothing to compile - all classes are up to date.
[INFO]
[INFO] --- resources:3.3.1:testResources (default-testResources) @ hub-api ---
[INFO] Copying 13 resources from src\test\resources to target\test-classes
[INFO]
[INFO] --- compiler:3.13.0:testCompile (default-testCompile) @ hub-api ---
[INFO] Nothing to compile - all classes are up to date.
[INFO]
[INFO] <<< spring-boot:3.3.4:run (default-cli) < test-compile @ hub-api <<<
[INFO]
[INFO]
[INFO] --- spring-boot:3.3.4:run (default-cli) @ hub-api ---
[INFO] Attaching agents: []

  .   ____          _            __ _ _
 /\\ / ___'_ __ _ _(_)_ __  __ _ \ \ \ \
( ( )\___ | '_ | '_| | '_ \/ _` | \ \ \ \
 \\/  ___)| |_)| | | | | || (_| |  ) ) ) )
  '  |____| .__|_| |_|_| |_\__, | / / / /
 =========|_|==============|___/=/_/_/_/

 :: Spring Boot ::                (v3.3.4)

2026-07-28T10:34:59.797+05:30  INFO 37596 --- [hub-api] [           main] lk.resq.localhub.LocalHubApplication     : Starting LocalHubApplication using Java 17.0.18 with PID 37596 (D:\Academics\SEM6\3YP\e21-3yp-ResQ\code\resq-localhub\services\hub-api\target\classes started by ganat in D:\Academics\SEM6\3YP\e21-3yp-ResQ\code\resq-localhub\services\hub-api)
2026-07-28T10:34:59.797+05:30  INFO 37596 --- [hub-api] [           main] lk.resq.localhub.LocalHubApplication     : No active profile set, falling back to 1 default profile: "default"
2026-07-28T10:35:01.019+05:30  INFO 37596 --- [hub-api] [           main] o.s.b.w.embedded.tomcat.TomcatWebServer  : Tomcat initialized with port 18080 (http)
2026-07-28T10:35:01.037+05:30  INFO 37596 --- [hub-api] [           main] o.apache.catalina.core.StandardService   : Starting service [Tomcat]
2026-07-28T10:35:01.039+05:30  INFO 37596 --- [hub-api] [           main] o.apache.catalina.core.StandardEngine    : Starting Servlet engine: [Apache Tomcat/10.1.30]
2026-07-28T10:35:01.114+05:30  INFO 37596 --- [hub-api] [           main] o.a.c.c.C.[Tomcat].[localhost].[/]       : Initializing Spring embedded WebApplicationContext
2026-07-28T10:35:01.116+05:30  INFO 37596 --- [hub-api] [           main] w.s.c.ServletWebServerApplicationContext : Root WebApplicationContext: initialization completed in 1243 ms
2026-07-28T10:35:01.842+05:30  INFO 37596 --- [hub-api] [pool-2-thread-1] l.r.l.s.MqttCommandPublisherService      : MQTT command publisher connected to tcp://127.0.0.1:1883
2026-07-28T10:35:02.042+05:30  INFO 37596 --- [hub-api] [           main] o.s.b.w.embedded.tomcat.TomcatWebServer  : Tomcat started on port 18080 (http) with context path '/'
2026-07-28T10:35:02.047+05:30  INFO 37596 --- [hub-api] [           main] lk.resq.localhub.LocalHubApplication     : Started LocalHubApplication in 2.777 seconds (process running for 3.134)
2026-07-28T10:35:02.123+05:30  INFO 37596 --- [hub-api] [pool-5-thread-1] l.r.l.service.MqttSubscriberService      : MQTT subscriber connected to tcp://127.0.0.1:1883
2026-07-28T10:35:02.125+05:30  INFO 37596 --- [hub-api] [pool-5-thread-1] l.r.l.service.MqttSubscriberService      : MQTT subscriber subscribed to resq/+/status qos=1
2026-07-28T10:35:02.126+05:30  INFO 37596 --- [hub-api] [pool-5-thread-1] l.r.l.service.MqttSubscriberService      : MQTT subscriber subscribed to resq/+/heartbeat qos=0
2026-07-28T10:35:02.126+05:30  INFO 37596 --- [hub-api] [pool-5-thread-1] l.r.l.service.MqttSubscriberService      : MQTT subscriber subscribed to resq/+/telemetry qos=0
2026-07-28T10:35:02.127+05:30  INFO 37596 --- [hub-api] [pool-5-thread-1] l.r.l.service.MqttSubscriberService      : MQTT subscriber subscribed to resq/+/debug qos=0
2026-07-28T10:35:02.128+05:30  INFO 37596 --- [hub-api] [pool-5-thread-1] l.r.l.service.MqttSubscriberService      : MQTT subscriber subscribed to resq/+/events qos=1
2026-07-28T10:35:02.128+05:30  INFO 37596 --- [hub-api] [pool-5-thread-1] l.r.l.service.MqttSubscriberService      : MQTT subscriber subscribed to resq/+/events/calibration qos=1
2026-07-28T10:35:02.129+05:30  INFO 37596 --- [hub-api] [pool-5-thread-1] l.r.l.service.MqttSubscriberService      : MQTT subscriber subscribed to resq/+/events/error qos=1
2026-07-28T10:35:02.130+05:30  INFO 37596 --- [hub-api] [pool-5-thread-1] l.r.l.service.MqttSubscriberService      : MQTT subscriber subscribed to resq/manikins/+/status qos=1
2026-07-28T10:35:02.130+05:30  INFO 37596 --- [hub-api] [pool-5-thread-1] l.r.l.service.MqttSubscriberService      : MQTT subscriber subscribed to resq/manikins/+/heartbeat qos=0
2026-07-28T10:35:02.131+05:30  INFO 37596 --- [hub-api] [pool-5-thread-1] l.r.l.service.MqttSubscriberService      : MQTT subscriber subscribed to resq/manikins/+/telemetry qos=0
2026-07-28T10:35:02.132+05:30  INFO 37596 --- [hub-api] [pool-5-thread-1] l.r.l.service.MqttSubscriberService      : MQTT subscriber subscribed to resq/manikins/+/debug qos=0
2026-07-28T10:35:02.132+05:30  INFO 37596 --- [hub-api] [pool-5-thread-1] l.r.l.service.MqttSubscriberService      : MQTT subscriber subscribed to resq/manikins/+/events qos=1
2026-07-28T10:35:02.134+05:30  INFO 37596 --- [hub-api] [pool-5-thread-1] l.r.l.service.MqttSubscriberService      : MQTT subscriber subscribed to resq/manikins/+/events/calibration qos=1
2026-07-28T10:35:02.134+05:30  INFO 37596 --- [hub-api] [pool-5-thread-1] l.r.l.service.MqttSubscriberService      : MQTT subscriber subscribed to resq/manikins/+/events/error qos=1
2026-07-28T10:35:02.135+05:30  INFO 37596 --- [hub-api] [pool-5-thread-1] l.r.l.service.MqttSubscriberService      : MQTT subscriber subscribed to resq/manikins/+/live qos=0
2026-07-28T10:35:02.135+05:30  INFO 37596 --- [hub-api] [pool-5-thread-1] l.r.l.service.MqttSubscriberService      : MQTT subscriber subscribed to 15 topic patterns
2026-07-28T10:36:43.607+05:30  INFO 37596 --- [hub-api] [io-18080-exec-1] o.a.c.c.C.[Tomcat].[localhost].[/]       : Initializing Spring DispatcherServlet 'dispatcherServlet'
2026-07-28T10:36:43.607+05:30  INFO 37596 --- [hub-api] [io-18080-exec-1] o.s.web.servlet.DispatcherServlet        : Initializing Servlet 'dispatcherServlet'
2026-07-28T10:36:43.607+05:30  INFO 37596 --- [hub-api] [io-18080-exec-1] o.s.web.servlet.DispatcherServlet        : Completed initialization in 0 ms
2026-07-28T10:36:43.631+05:30  INFO 37596 --- [hub-api] [io-18080-exec-1] l.r.l.service.HubServiceInfoService      : MQTT internal URL: tcp://127.0.0.1:1883
2026-07-28T10:36:43.631+05:30  INFO 37596 --- [hub-api] [io-18080-exec-1] l.r.l.service.HubServiceInfoService      : MQTT advertised/public host: 192.168.8.187:1883
2026-07-28T10:36:43.632+05:30  INFO 37596 --- [hub-api] [io-18080-exec-1] l.r.l.service.HubServiceInfoService      : Backend advertised URL: http://192.168.8.187:18080
2026-07-28T10:37:00.428+05:30  INFO 37596 --- [hub-api] [io-18080-exec-7] l.r.l.service.HubServiceInfoService      : MQTT internal URL: tcp://127.0.0.1:1883
2026-07-28T10:37:00.429+05:30  INFO 37596 --- [hub-api] [io-18080-exec-7] l.r.l.service.HubServiceInfoService      : MQTT advertised/public host: 192.168.8.187:1883
2026-07-28T10:37:00.429+05:30  INFO 37596 --- [hub-api] [io-18080-exec-7] l.r.l.service.HubServiceInfoService      : Backend advertised URL: http://192.168.8.187:18080
2026-07-28T10:37:01.245+05:30  INFO 37596 --- [hub-api] [y-1785215101795] l.r.l.service.MqttSubscriberService      : Processed MQTT status message for M01
2026-07-28T10:37:01.245+05:30  INFO 37596 --- [hub-api] [y-1785215101795] l.r.l.service.MqttSubscriberService      : Processed MQTT heartbeat message for M01
2026-07-28T10:37:02.247+05:30  INFO 37596 --- [hub-api] [y-1785215101795] l.r.l.service.MqttSubscriberService      : Processed MQTT heartbeat message for M01
2026-07-28T10:37:03.249+05:30  INFO 37596 --- [hub-api] [y-1785215101795] l.r.l.service.MqttSubscriberService      : Processed MQTT heartbeat message for M01
2026-07-28T10:37:04.257+05:30  INFO 37596 --- [hub-api] [y-1785215101795] l.r.l.service.MqttSubscriberService      : Processed MQTT heartbeat message for M01
2026-07-28T10:37:05.259+05:30  INFO 37596 --- [hub-api] [y-1785215101795] l.r.l.service.MqttSubscriberService      : Processed MQTT heartbeat message for M01
2026-07-28T10:37:06.263+05:30  INFO 37596 --- [hub-api] [y-1785215101795] l.r.l.service.MqttSubscriberService      : Processed MQTT heartbeat message for M01
2026-07-28T10:37:07.284+05:30  INFO 37596 --- [hub-api] [y-1785215101795] l.r.l.service.MqttSubscriberService      : Processed MQTT heartbeat message for M01
2026-07-28T10:37:08.301+05:30  INFO 37596 --- [hub-api] [y-1785215101795] l.r.l.service.MqttSubscriberService      : Processed MQTT heartbeat message for M01
2026-07-28T10:37:09.296+05:30  INFO 37596 --- [hub-api] [y-1785215101795] l.r.l.service.MqttSubscriberService      : Processed MQTT heartbeat message for M01
2026-07-28T10:37:10.306+05:30  INFO 37596 --- [hub-api] [y-1785215101795] l.r.l.service.MqttSubscriberService      : Processed MQTT heartbeat message for M01
2026-07-28T10:37:11.319+05:30  INFO 37596 --- [hub-api] [y-1785215101795] l.r.l.service.MqttSubscriberService      : Processed MQTT heartbeat message for M01
2026-07-28T10:37:12.331+05:30  INFO 37596 --- [hub-api] [y-1785215101795] l.r.l.service.MqttSubscriberService      : Processed MQTT heartbeat message for M01
2026-07-28T10:37:13.345+05:30  INFO 37596 --- [hub-api] [y-1785215101795] l.r.l.service.MqttSubscriberService      : Processed MQTT heartbeat message for M01
2026-07-28T10:37:14.349+05:30  INFO 37596 --- [hub-api] [y-1785215101795] l.r.l.service.MqttSubscriberService      : Processed MQTT heartbeat message for M01
2026-07-28T10:37:15.365+05:30  INFO 37596 --- [hub-api] [y-1785215101795] l.r.l.service.MqttSubscriberService      : Processed MQTT heartbeat message for M01
2026-07-28T10:37:16.367+05:30  INFO 37596 --- [hub-api] [y-1785215101795] l.r.l.service.MqttSubscriberService      : Processed MQTT heartbeat message for M01
2026-07-28T10:37:17.377+05:30  INFO 37596 --- [hub-api] [y-1785215101795] l.r.l.service.MqttSubscriberService      : Processed MQTT heartbeat message for M01
2026-07-28T10:37:18.373+05:30  INFO 37596 --- [hub-api] [y-1785215101795] l.r.l.service.MqttSubscriberService      : Processed MQTT heartbeat message for M01
2026-07-28T10:37:19.383+05:30  INFO 37596 --- [hub-api] [y-1785215101795] l.r.l.service.MqttSubscriberService      : Processed MQTT heartbeat message for M01
2026-07-28T10:37:20.400+05:30  INFO 37596 --- [hub-api] [y-1785215101795] l.r.l.service.MqttSubscriberService      : Processed MQTT heartbeat message for M01
2026-07-28T10:37:21.390+05:30  INFO 37596 --- [hub-api] [y-1785215101795] l.r.l.service.MqttSubscriberService      : Processed MQTT heartbeat message for M01
2026-07-28T10:37:22.413+05:30  INFO 37596 --- [hub-api] [y-1785215101795] l.r.l.service.MqttSubscriberService      : Processed MQTT heartbeat message for M01
2026-07-28T10:37:23.408+05:30  INFO 37596 --- [hub-api] [y-1785215101795] l.r.l.service.MqttSubscriberService      : Processed MQTT heartbeat message for M01
2026-07-28T10:37:24.419+05:30  INFO 37596 --- [hub-api] [y-1785215101795] l.r.l.service.MqttSubscriberService      : Processed MQTT heartbeat message for M01
2026-07-28T10:37:25.433+05:30  INFO 37596 --- [hub-api] [y-1785215101795] l.r.l.service.MqttSubscriberService      : Processed MQTT heartbeat message for M01
2026-07-28T10:37:26.447+05:30  INFO 37596 --- [hub-api] [y-1785215101795] l.r.l.service.MqttSubscriberService      : Processed MQTT heartbeat message for M01
2026-07-28T10:37:27.451+05:30  INFO 37596 --- [hub-api] [y-1785215101795] l.r.l.service.MqttSubscriberService      : Processed MQTT heartbeat message for M01
2026-07-28T10:37:28.456+05:30  INFO 37596 --- [hub-api] [y-1785215101795] l.r.l.service.MqttSubscriberService      : Processed MQTT heartbeat message for M01
2026-07-28T10:37:29.475+05:30  INFO 37596 --- [hub-api] [y-1785215101795] l.r.l.service.MqttSubscriberService      : Processed MQTT heartbeat message for M01
2026-07-28T10:37:30.481+05:30  INFO 37596 --- [hub-api] [y-1785215101795] l.r.l.service.MqttSubscriberService      : Processed MQTT heartbeat message for M01
2026-07-28T10:37:31.491+05:30  INFO 37596 --- [hub-api] [y-1785215101795] l.r.l.service.MqttSubscriberService      : Processed MQTT heartbeat message for M01
2026-07-28T10:37:32.498+05:30  INFO 37596 --- [hub-api] [y-1785215101795] l.r.l.service.MqttSubscriberService      : Processed MQTT heartbeat message for M01
2026-07-28T10:37:33.497+05:30  INFO 37596 --- [hub-api] [y-1785215101795] l.r.l.service.MqttSubscriberService      : Processed MQTT heartbeat message for M01
2026-07-28T10:37:34.507+05:30  INFO 37596 --- [hub-api] [y-1785215101795] l.r.l.service.MqttSubscriberService      : Processed MQTT heartbeat message for M01
2026-07-28T10:37:35.522+05:30  INFO 37596 --- [hub-api] [y-1785215101795] l.r.l.service.MqttSubscriberService      : Processed MQTT heartbeat message for M01
2026-07-28T10:37:36.528+05:30  INFO 37596 --- [hub-api] [y-1785215101795] l.r.l.service.MqttSubscriberService      : Processed MQTT heartbeat message for M01
2026-07-28T10:37:37.547+05:30  INFO 37596 --- [hub-api] [y-1785215101795] l.r.l.service.MqttSubscriberService      : Processed MQTT heartbeat message for M01
2026-07-28T10:37:38.553+05:30  INFO 37596 --- [hub-api] [y-1785215101795] l.r.l.service.MqttSubscriberService      : Processed MQTT heartbeat message for M01
2026-07-28T10:37:39.554+05:30  INFO 37596 --- [hub-api] [y-1785215101795] l.r.l.service.MqttSubscriberService      : Processed MQTT heartbeat message for M01
2026-07-28T10:37:40.568+05:30  INFO 37596 --- [hub-api] [y-1785215101795] l.r.l.service.MqttSubscriberService      : Processed MQTT heartbeat message for M01
2026-07-28T10:37:41.577+05:30  INFO 37596 --- [hub-api] [y-1785215101795] l.r.l.service.MqttSubscriberService      : Processed MQTT heartbeat message for M01
2026-07-28T10:37:42.598+05:30  INFO 37596 --- [hub-api] [y-1785215101795] l.r.l.service.MqttSubscriberService      : Processed MQTT heartbeat message for M01
2026-07-28T10:37:43.612+05:30  INFO 37596 --- [hub-api] [y-1785215101795] l.r.l.service.MqttSubscriberService      : Processed MQTT heartbeat message for M01
2026-07-28T10:37:44.616+05:30  INFO 37596 --- [hub-api] [y-1785215101795] l.r.l.service.MqttSubscriberService      : Processed MQTT heartbeat message for M01
2026-07-28T10:37:45.629+05:30  INFO 37596 --- [hub-api] [y-1785215101795] l.r.l.service.MqttSubscriberService      : Processed MQTT heartbeat message for M01
2026-07-28T10:37:46.623+05:30  INFO 37596 --- [hub-api] [y-1785215101795] l.r.l.service.MqttSubscriberService      : Processed MQTT heartbeat message for M01
2026-07-28T10:37:47.622+05:30  INFO 37596 --- [hub-api] [y-1785215101795] l.r.l.service.MqttSubscriberService      : Processed MQTT heartbeat message for M01
2026-07-28T10:37:48.627+05:30  INFO 37596 --- [hub-api] [y-1785215101795] l.r.l.service.MqttSubscriberService      : Processed MQTT heartbeat message for M01
2026-07-28T10:37:49.642+05:30  INFO 37596 --- [hub-api] [y-1785215101795] l.r.l.service.MqttSubscriberService      : Processed MQTT heartbeat message for M01
2026-07-28T10:37:50.648+05:30  INFO 37596 --- [hub-api] [y-1785215101795] l.r.l.service.MqttSubscriberService      : Processed MQTT heartbeat message for M01
2026-07-28T10:37:51.653+05:30  INFO 37596 --- [hub-api] [y-1785215101795] l.r.l.service.MqttSubscriberService      : Processed MQTT heartbeat message for M01
2026-07-28T10:37:52.667+05:30  INFO 37596 --- [hub-api] [y-1785215101795] l.r.l.service.MqttSubscriberService      : Processed MQTT heartbeat message for M01
2026-07-28T10:37:53.675+05:30  INFO 37596 --- [hub-api] [y-1785215101795] l.r.l.service.MqttSubscriberService      : Processed MQTT heartbeat message for M01
2026-07-28T10:37:54.680+05:30  INFO 37596 --- [hub-api] [y-1785215101795] l.r.l.service.MqttSubscriberService      : Processed MQTT heartbeat message for M01
2026-07-28T10:37:55.685+05:30  INFO 37596 --- [hub-api] [y-1785215101795] l.r.l.service.MqttSubscriberService      : Processed MQTT heartbeat message for M01
2026-07-28T10:37:56.691+05:30  INFO 37596 --- [hub-api] [y-1785215101795] l.r.l.service.MqttSubscriberService      : Processed MQTT heartbeat message for M01
2026-07-28T10:37:57.708+05:30  INFO 37596 --- [hub-api] [y-1785215101795] l.r.l.service.MqttSubscriberService      : Processed MQTT heartbeat message for M01
2026-07-28T10:37:58.715+05:30  INFO 37596 --- [hub-api] [y-1785215101795] l.r.l.service.MqttSubscriberService      : Processed MQTT heartbeat message for M01
2026-07-28T10:37:59.725+05:30  INFO 37596 --- [hub-api] [y-1785215101795] l.r.l.service.MqttSubscriberService      : Processed MQTT heartbeat message for M01
2026-07-28T10:38:00.738+05:30  INFO 37596 --- [hub-api] [y-1785215101795] l.r.l.service.MqttSubscriberService      : Processed MQTT heartbeat message for M01
2026-07-28T10:38:01.747+05:30  INFO 37596 --- [hub-api] [y-1785215101795] l.r.l.service.MqttSubscriberService      : Processed MQTT heartbeat message for M01
2026-07-28T10:38:02.754+05:30  INFO 37596 --- [hub-api] [y-1785215101795] l.r.l.service.MqttSubscriberService      : Processed MQTT heartbeat message for M01
2026-07-28T10:38:03.760+05:30  INFO 37596 --- [hub-api] [y-1785215101795] l.r.l.service.MqttSubscriberService      : Processed MQTT heartbeat message for M01
2026-07-28T10:38:04.763+05:30  INFO 37596 --- [hub-api] [y-1785215101795] l.r.l.service.MqttSubscriberService      : Processed MQTT heartbeat message for M01
2026-07-28T10:38:05.780+05:30  INFO 37596 --- [hub-api] [y-1785215101795] l.r.l.service.MqttSubscriberService      : Processed MQTT heartbeat message for M01
2026-07-28T10:38:06.787+05:30  INFO 37596 --- [hub-api] [y-1785215101795] l.r.l.service.MqttSubscriberService      : Processed MQTT heartbeat message for M01
2026-07-28T10:38:07.797+05:30  INFO 37596 --- [hub-api] [y-1785215101795] l.r.l.service.MqttSubscriberService      : Processed MQTT heartbeat message for M01
2026-07-28T10:38:08.810+05:30  INFO 37596 --- [hub-api] [y-1785215101795] l.r.l.service.MqttSubscriberService      : Processed MQTT heartbeat message for M01
2026-07-28T10:38:09.817+05:30  INFO 37596 --- [hub-api] [y-1785215101795] l.r.l.service.MqttSubscriberService      : Processed MQTT heartbeat message for M01
2026-07-28T10:38:10.829+05:30  INFO 37596 --- [hub-api] [y-1785215101795] l.r.l.service.MqttSubscriberService      : Processed MQTT heartbeat message for M01
2026-07-28T10:38:11.833+05:30  INFO 37596 --- [hub-api] [y-1785215101795] l.r.l.service.MqttSubscriberService      : Processed MQTT heartbeat message for M01
2026-07-28T10:38:12.834+05:30  INFO 37596 --- [hub-api] [y-1785215101795] l.r.l.service.MqttSubscriberService      : Processed MQTT heartbeat message for M01
2026-07-28T10:38:13.843+05:30  INFO 37596 --- [hub-api] [y-1785215101795] l.r.l.service.MqttSubscriberService      : Processed MQTT heartbeat message for M01
2026-07-28T10:38:14.848+05:30  INFO 37596 --- [hub-api] [y-1785215101795] l.r.l.service.MqttSubscriberService      : Processed MQTT heartbeat message for M01
2026-07-28T10:38:15.858+05:30  INFO 37596 --- [hub-api] [y-1785215101795] l.r.l.service.MqttSubscriberService      : Processed MQTT heartbeat message for M01
2026-07-28T10:38:16.861+05:30  INFO 37596 --- [hub-api] [y-1785215101795] l.r.l.service.MqttSubscriberService      : Processed MQTT heartbeat message for M01
2026-07-28T10:38:17.859+05:30  INFO 37596 --- [hub-api] [y-1785215101795] l.r.l.service.MqttSubscriberService      : Processed MQTT heartbeat message for M01
2026-07-28T10:38:18.870+05:30  INFO 37596 --- [hub-api] [y-1785215101795] l.r.l.service.MqttSubscriberService      : Processed MQTT heartbeat message for M01
2026-07-28T10:38:19.877+05:30  INFO 37596 --- [hub-api] [y-1785215101795] l.r.l.service.MqttSubscriberService      : Processed MQTT heartbeat message for M01
2026-07-28T10:38:20.892+05:30  INFO 37596 --- [hub-api] [y-1785215101795] l.r.l.service.MqttSubscriberService      : Processed MQTT heartbeat message for M01
2026-07-28T10:38:21.892+05:30  INFO 37596 --- [hub-api] [y-1785215101795] l.r.l.service.MqttSubscriberService      : Processed MQTT heartbeat message for M01
2026-07-28T10:38:22.900+05:30  INFO 37596 --- [hub-api] [y-1785215101795] l.r.l.service.MqttSubscriberService      : Processed MQTT heartbeat message for M01
2026-07-28T10:38:23.906+05:30  INFO 37596 --- [hub-api] [y-1785215101795] l.r.l.service.MqttSubscriberService      : Processed MQTT heartbeat message for M01
2026-07-28T10:38:24.891+05:30  INFO 37596 --- [hub-api] [y-1785215101795] l.r.l.service.MqttSubscriberService      : Processed MQTT heartbeat message for M01
2026-07-28T10:38:25.891+05:30  INFO 37596 --- [hub-api] [y-1785215101795] l.r.l.service.MqttSubscriberService      : Processed MQTT heartbeat message for M01
2026-07-28T10:38:26.922+05:30  INFO 37596 --- [hub-api] [y-1785215101795] l.r.l.service.MqttSubscriberService      : Processed MQTT heartbeat message for M01
2026-07-28T10:38:28.126+05:30  INFO 37596 --- [hub-api] [y-1785215101795] l.r.l.service.MqttSubscriberService      : Processed MQTT heartbeat message for M01
2026-07-28T10:38:28.927+05:30  INFO 37596 --- [hub-api] [y-1785215101795] l.r.l.service.MqttSubscriberService      : Processed MQTT heartbeat message for M01
2026-07-28T10:38:29.929+05:30  INFO 37596 --- [hub-api] [y-1785215101795] l.r.l.service.MqttSubscriberService      : Processed MQTT heartbeat message for M01
2026-07-28T10:38:30.930+05:30  INFO 37596 --- [hub-api] [y-1785215101795] l.r.l.service.MqttSubscriberService      : Processed MQTT heartbeat message for M01
2026-07-28T10:38:31.922+05:30  INFO 37596 --- [hub-api] [y-1785215101795] l.r.l.service.MqttSubscriberService      : Processed MQTT heartbeat message for M01
2026-07-28T10:38:32.944+05:30  INFO 37596 --- [hub-api] [y-1785215101795] l.r.l.service.MqttSubscriberService      : Processed MQTT heartbeat message for M01
2026-07-28T10:38:33.939+05:30  INFO 37596 --- [hub-api] [y-1785215101795] l.r.l.service.MqttSubscriberService      : Processed MQTT heartbeat message for M01
2026-07-28T10:38:34.961+05:30  INFO 37596 --- [hub-api] [y-1785215101795] l.r.l.service.MqttSubscriberService      : Processed MQTT heartbeat message for M01
2026-07-28T10:38:35.956+05:30  INFO 37596 --- [hub-api] [y-1785215101795] l.r.l.service.MqttSubscriberService      : Processed MQTT heartbeat message for M01
2026-07-28T10:38:36.978+05:30  INFO 37596 --- [hub-api] [y-1785215101795] l.r.l.service.MqttSubscriberService      : Processed MQTT heartbeat message for M01
2026-07-28T10:38:37.980+05:30  INFO 37596 --- [hub-api] [y-1785215101795] l.r.l.service.MqttSubscriberService      : Processed MQTT heartbeat message for M01
2026-07-28T10:38:38.979+05:30  INFO 37596 --- [hub-api] [y-1785215101795] l.r.l.service.MqttSubscriberService      : Processed MQTT heartbeat message for M01
2026-07-28T10:38:39.992+05:30  INFO 37596 --- [hub-api] [y-1785215101795] l.r.l.service.MqttSubscriberService      : Processed MQTT heartbeat message for M01
2026-07-28T10:38:41.007+05:30  INFO 37596 --- [hub-api] [y-1785215101795] l.r.l.service.MqttSubscriberService      : Processed MQTT heartbeat message for M01
2026-07-28T10:38:42.010+05:30  INFO 37596 --- [hub-api] [y-1785215101795] l.r.l.service.MqttSubscriberService      : Processed MQTT heartbeat message for M01
2026-07-28T10:38:43.023+05:30  INFO 37596 --- [hub-api] [y-1785215101795] l.r.l.service.MqttSubscriberService      : Processed MQTT heartbeat message for M01
2026-07-28T10:38:44.022+05:30  INFO 37596 --- [hub-api] [y-1785215101795] l.r.l.service.MqttSubscriberService      : Processed MQTT heartbeat message for M01
2026-07-28T10:38:45.039+05:30  INFO 37596 --- [hub-api] [y-1785215101795] l.r.l.service.MqttSubscriberService      : Processed MQTT heartbeat message for M01
2026-07-28T10:38:46.040+05:30  INFO 37596 --- [hub-api] [y-1785215101795] l.r.l.service.MqttSubscriberService      : Processed MQTT heartbeat message for M01
2026-07-28T10:38:47.056+05:30  INFO 37596 --- [hub-api] [y-1785215101795] l.r.l.service.MqttSubscriberService      : Processed MQTT heartbeat message for M01
2026-07-28T10:38:48.063+05:30  INFO 37596 --- [hub-api] [y-1785215101795] l.r.l.service.MqttSubscriberService      : Processed MQTT heartbeat message for M01
2026-07-28T10:38:49.060+05:30  INFO 37596 --- [hub-api] [y-1785215101795] l.r.l.service.MqttSubscriberService      : Processed MQTT heartbeat message for M01
2026-07-28T10:38:50.056+05:30  INFO 37596 --- [hub-api] [y-1785215101795] l.r.l.service.MqttSubscriberService      : Processed MQTT heartbeat message for M01
2026-07-28T10:38:51.076+05:30  INFO 37596 --- [hub-api] [y-1785215101795] l.r.l.service.MqttSubscriberService      : Processed MQTT heartbeat message for M01
2026-07-28T10:38:52.074+05:30  INFO 37596 --- [hub-api] [y-1785215101795] l.r.l.service.MqttSubscriberService      : Processed MQTT heartbeat message for M01
2026-07-28T10:38:53.071+05:30  INFO 37596 --- [hub-api] [y-1785215101795] l.r.l.service.MqttSubscriberService      : Processed MQTT heartbeat message for M01
2026-07-28T10:38:54.080+05:30  INFO 37596 --- [hub-api] [y-1785215101795] l.r.l.service.MqttSubscriberService      : Processed MQTT heartbeat message for M01
2026-07-28T10:38:55.090+05:30  INFO 37596 --- [hub-api] [y-1785215101795] l.r.l.service.MqttSubscriberService      : Processed MQTT heartbeat message for M01
2026-07-28T10:38:56.106+05:30  INFO 37596 --- [hub-api] [y-1785215101795] l.r.l.service.MqttSubscriberService      : Processed MQTT heartbeat message for M01
2026-07-28T10:38:57.105+05:30  INFO 37596 --- [hub-api] [y-1785215101795] l.r.l.service.MqttSubscriberService      : Processed MQTT heartbeat message for M01
2026-07-28T10:38:58.115+05:30  INFO 37596 --- [hub-api] [y-1785215101795] l.r.l.service.MqttSubscriberService      : Processed MQTT heartbeat message for M01
2026-07-28T10:38:59.127+05:30  INFO 37596 --- [hub-api] [y-1785215101795] l.r.l.service.MqttSubscriberService      : Processed MQTT heartbeat message for M01
2026-07-28T10:39:00.131+05:30  INFO 37596 --- [hub-api] [y-1785215101795] l.r.l.service.MqttSubscriberService      : Processed MQTT heartbeat message for M01
2026-07-28T10:39:01.131+05:30  INFO 37596 --- [hub-api] [y-1785215101795] l.r.l.service.MqttSubscriberService      : Processed MQTT heartbeat message for M01
2026-07-28T10:39:02.151+05:30  INFO 37596 --- [hub-api] [y-1785215101795] l.r.l.service.MqttSubscriberService      : Processed MQTT heartbeat message for M01
2026-07-28T10:39:03.145+05:30  INFO 37596 --- [hub-api] [y-1785215101795] l.r.l.service.MqttSubscriberService      : Processed MQTT heartbeat message for M01
2026-07-28T10:39:04.139+05:30  INFO 37596 --- [hub-api] [y-1785215101795] l.r.l.service.MqttSubscriberService      : Processed MQTT heartbeat message for M01
2026-07-28T10:39:04.794+05:30  INFO 37596 --- [hub-api] [y-1785215101795] l.r.l.service.MqttSubscriberService      : Processed MQTT event message for M01
2026-07-28T10:39:05.161+05:30  INFO 37596 --- [hub-api] [y-1785215101795] l.r.l.service.MqttSubscriberService      : Processed MQTT heartbeat message for M01
2026-07-28T10:39:06.167+05:30  INFO 37596 --- [hub-api] [y-1785215101795] l.r.l.service.MqttSubscriberService      : Processed MQTT heartbeat message for M01
2026-07-28T10:39:07.180+05:30  INFO 37596 --- [hub-api] [y-1785215101795] l.r.l.service.MqttSubscriberService      : Processed MQTT heartbeat message for M01
2026-07-28T10:39:08.193+05:30  INFO 37596 --- [hub-api] [y-1785215101795] l.r.l.service.MqttSubscriberService      : Processed MQTT heartbeat message for M01
2026-07-28T10:39:09.189+05:30  INFO 37596 --- [hub-api] [y-1785215101795] l.r.l.service.MqttSubscriberService      : Processed MQTT heartbeat message for M01
2026-07-28T10:39:10.197+05:30  INFO 37596 --- [hub-api] [y-1785215101795] l.r.l.service.MqttSubscriberService      : Processed MQTT heartbeat message for M01
2026-07-28T10:39:11.195+05:30  INFO 37596 --- [hub-api] [y-1785215101795] l.r.l.service.MqttSubscriberService      : Processed MQTT heartbeat message for M01
2026-07-28T10:39:12.212+05:30  INFO 37596 --- [hub-api] [y-1785215101795] l.r.l.service.MqttSubscriberService      : Processed MQTT heartbeat message for M01
2026-07-28T10:39:13.215+05:30  INFO 37596 --- [hub-api] [y-1785215101795] l.r.l.service.MqttSubscriberService      : Processed MQTT heartbeat message for M01
2026-07-28T10:39:14.228+05:30  INFO 37596 --- [hub-api] [y-1785215101795] l.r.l.service.MqttSubscriberService      : Processed MQTT heartbeat message for M01
2026-07-28T10:39:15.222+05:30  INFO 37596 --- [hub-api] [y-1785215101795] l.r.l.service.MqttSubscriberService      : Processed MQTT heartbeat message for M01
2026-07-28T10:39:16.239+05:30  INFO 37596 --- [hub-api] [y-1785215101795] l.r.l.service.MqttSubscriberService      : Processed MQTT heartbeat message for M01
2026-07-28T10:39:17.249+05:30  INFO 37596 --- [hub-api] [y-1785215101795] l.r.l.service.MqttSubscriberService      : Processed MQTT heartbeat message for M01
2026-07-28T10:39:18.263+05:30  INFO 37596 --- [hub-api] [y-1785215101795] l.r.l.service.MqttSubscriberService      : Processed MQTT heartbeat message for M01
2026-07-28T10:39:19.277+05:30  INFO 37596 --- [hub-api] [y-1785215101795] l.r.l.service.MqttSubscriberService      : Processed MQTT heartbeat message for M01
2026-07-28T10:39:20.279+05:30  INFO 37596 --- [hub-api] [y-1785215101795] l.r.l.service.MqttSubscriberService      : Processed MQTT heartbeat message for M01
2026-07-28T10:39:21.272+05:30  INFO 37596 --- [hub-api] [y-1785215101795] l.r.l.service.MqttSubscriberService      : Processed MQTT heartbeat message for M01
2026-07-28T10:39:22.271+05:30  INFO 37596 --- [hub-api] [y-1785215101795] l.r.l.service.MqttSubscriberService      : Processed MQTT heartbeat message for M01
2026-07-28T10:39:23.295+05:30  INFO 37596 --- [hub-api] [y-1785215101795] l.r.l.service.MqttSubscriberService      : Processed MQTT heartbeat message for M01
2026-07-28T10:39:24.293+05:30  INFO 37596 --- [hub-api] [y-1785215101795] l.r.l.service.MqttSubscriberService      : Processed MQTT heartbeat message for M01
2026-07-28T10:39:25.313+05:30  INFO 37596 --- [hub-api] [y-1785215101795] l.r.l.service.MqttSubscriberService      : Processed MQTT heartbeat message for M01
2026-07-28T10:39:26.318+05:30  INFO 37596 --- [hub-api] [y-1785215101795] l.r.l.service.MqttSubscriberService      : Processed MQTT heartbeat message for M01
2026-07-28T10:39:27.331+05:30  INFO 37596 --- [hub-api] [y-1785215101795] l.r.l.service.MqttSubscriberService      : Processed MQTT heartbeat message for M01
2026-07-28T10:39:28.338+05:30  INFO 37596 --- [hub-api] [y-1785215101795] l.r.l.service.MqttSubscriberService      : Processed MQTT heartbeat message for M01
2026-07-28T10:39:29.353+05:30  INFO 37596 --- [hub-api] [y-1785215101795] l.r.l.service.MqttSubscriberService      : Processed MQTT heartbeat message for M01
2026-07-28T10:39:30.364+05:30  INFO 37596 --- [hub-api] [y-1785215101795] l.r.l.service.MqttSubscriberService      : Processed MQTT heartbeat message for M01
2026-07-28T10:39:31.379+05:30  INFO 37596 --- [hub-api] [y-1785215101795] l.r.l.service.MqttSubscriberService      : Processed MQTT heartbeat message for M01
2026-07-28T10:39:32.386+05:30  INFO 37596 --- [hub-api] [y-1785215101795] l.r.l.service.MqttSubscriberService      : Processed MQTT heartbeat message for M01
2026-07-28T10:39:33.392+05:30  INFO 37596 --- [hub-api] [y-1785215101795] l.r.l.service.MqttSubscriberService      : Processed MQTT heartbeat message for M01
2026-07-28T10:39:34.396+05:30  INFO 37596 --- [hub-api] [y-1785215101795] l.r.l.service.MqttSubscriberService      : Processed MQTT heartbeat message for M01
2026-07-28T10:39:35.398+05:30  INFO 37596 --- [hub-api] [y-1785215101795] l.r.l.service.MqttSubscriberService      : Processed MQTT heartbeat message for M01
2026-07-28T10:39:36.404+05:30  INFO 37596 --- [hub-api] [y-1785215101795] l.r.l.service.MqttSubscriberService      : Processed MQTT heartbeat message for M01
2026-07-28T10:39:37.410+05:30  INFO 37596 --- [hub-api] [y-1785215101795] l.r.l.service.MqttSubscriberService      : Processed MQTT heartbeat message for M01
2026-07-28T10:39:38.419+05:30  INFO 37596 --- [hub-api] [y-1785215101795] l.r.l.service.MqttSubscriberService      : Processed MQTT heartbeat message for M01
2026-07-28T10:39:39.421+05:30  INFO 37596 --- [hub-api] [y-1785215101795] l.r.l.service.MqttSubscriberService      : Processed MQTT heartbeat message for M01
2026-07-28T10:39:40.432+05:30  INFO 37596 --- [hub-api] [y-1785215101795] l.r.l.service.MqttSubscriberService      : Processed MQTT heartbeat message for M01
2026-07-28T10:39:41.443+05:30  INFO 37596 --- [hub-api] [y-1785215101795] l.r.l.service.MqttSubscriberService      : Processed MQTT heartbeat message for M01
2026-07-28T10:39:42.448+05:30  INFO 37596 --- [hub-api] [y-1785215101795] l.r.l.service.MqttSubscriberService      : Processed MQTT heartbeat message for M01
2026-07-28T10:39:43.466+05:30  INFO 37596 --- [hub-api] [y-1785215101795] l.r.l.service.MqttSubscriberService      : Processed MQTT heartbeat message for M01
2026-07-28T10:39:44.478+05:30  INFO 37596 --- [hub-api] [y-1785215101795] l.r.l.service.MqttSubscriberService      : Processed MQTT heartbeat message for M01
2026-07-28T10:39:45.489+05:30  INFO 37596 --- [hub-api] [y-1785215101795] l.r.l.service.MqttSubscriberService      : Processed MQTT heartbeat message for M01
2026-07-28T10:39:46.496+05:30  INFO 37596 --- [hub-api] [y-1785215101795] l.r.l.service.MqttSubscriberService      : Processed MQTT heartbeat message for M01
2026-07-28T10:39:47.504+05:30  INFO 37596 --- [hub-api] [y-1785215101795] l.r.l.service.MqttSubscriberService      : Processed MQTT heartbeat message for M01
2026-07-28T10:39:48.506+05:30  INFO 37596 --- [hub-api] [y-1785215101795] l.r.l.service.MqttSubscriberService      : Processed MQTT heartbeat message for M01
2026-07-28T10:39:49.522+05:30  INFO 37596 --- [hub-api] [y-1785215101795] l.r.l.service.MqttSubscriberService      : Processed MQTT heartbeat message for M01
2026-07-28T10:39:50.520+05:30  INFO 37596 --- [hub-api] [y-1785215101795] l.r.l.service.MqttSubscriberService      : Processed MQTT heartbeat message for M01
2026-07-28T10:39:51.542+05:30  INFO 37596 --- [hub-api] [y-1785215101795] l.r.l.service.MqttSubscriberService      : Processed MQTT heartbeat message for M01
2026-07-28T10:39:52.544+05:30  INFO 37596 --- [hub-api] [y-1785215101795] l.r.l.service.MqttSubscriberService      : Processed MQTT heartbeat message for M01
2026-07-28T10:39:53.560+05:30  INFO 37596 --- [hub-api] [y-1785215101795] l.r.l.service.MqttSubscriberService      : Processed MQTT heartbeat message for M01
2026-07-28T10:39:54.560+05:30  INFO 37596 --- [hub-api] [y-1785215101795] l.r.l.service.MqttSubscriberService      : Processed MQTT heartbeat message for M01
2026-07-28T10:39:55.578+05:30  INFO 37596 --- [hub-api] [y-1785215101795] l.r.l.service.MqttSubscriberService      : Processed MQTT heartbeat message for M01
2026-07-28T10:39:56.587+05:30  INFO 37596 --- [hub-api] [y-1785215101795] l.r.l.service.MqttSubscriberService      : Processed MQTT heartbeat message for M01
2026-07-28T10:39:57.595+05:30  INFO 37596 --- [hub-api] [y-1785215101795] l.r.l.service.MqttSubscriberService      : Processed MQTT heartbeat message for M01
2026-07-28T10:39:58.591+05:30  INFO 37596 --- [hub-api] [y-1785215101795] l.r.l.service.MqttSubscriberService      : Processed MQTT heartbeat message for M01
2026-07-28T10:39:59.600+05:30  INFO 37596 --- [hub-api] [y-1785215101795] l.r.l.service.MqttSubscriberService      : Processed MQTT heartbeat message for M01
2026-07-28T10:40:00.606+05:30  INFO 37596 --- [hub-api] [y-1785215101795] l.r.l.service.MqttSubscriberService      : Processed MQTT heartbeat message for M01
2026-07-28T10:40:01.608+05:30  INFO 37596 --- [hub-api] [y-1785215101795] l.r.l.service.MqttSubscriberService      : Processed MQTT heartbeat message for M01
2026-07-28T10:40:02.638+05:30  INFO 37596 --- [hub-api] [y-1785215101795] l.r.l.service.MqttSubscriberService      : Processed MQTT heartbeat message for M01
2026-07-28T10:40:03.638+05:30  INFO 37596 --- [hub-api] [y-1785215101795] l.r.l.service.MqttSubscriberService      : Processed MQTT heartbeat message for M01
2026-07-28T10:40:04.654+05:30  INFO 37596 --- [hub-api] [y-1785215101795] l.r.l.service.MqttSubscriberService      : Processed MQTT heartbeat message for M01
2026-07-28T10:40:04.856+05:30  INFO 37596 --- [hub-api] [y-1785215101795] l.r.l.service.MqttSubscriberService      : Processed MQTT event message for M01
2026-07-28T10:40:05.401+05:30  INFO 37596 --- [hub-api] [y-1785215101795] l.r.l.service.MqttSubscriberService      : Processed MQTT status message for M01
2026-07-28T10:40:05.406+05:30  INFO 37596 --- [hub-api] [y-1785215101795] l.r.l.service.MqttSubscriberService      : Processed MQTT status message for M01
2026-07-28T10:40:05.421+05:30  INFO 37596 --- [hub-api] [y-1785215101795] l.r.l.service.DeviceReadinessService     : Received calibration event deviceId=M01 eventId=4000 progressId=null state=CALIBRATING
2026-07-28T10:40:05.424+05:30  INFO 37596 --- [hub-api] [y-1785215101795] l.r.l.service.DeviceReadinessService     : Updated runtime readiness deviceId=M01 calibrationState=CALIBRATING readyForSession=false
2026-07-28T10:40:05.567+05:30  INFO 37596 --- [hub-api] [y-1785215101795] l.r.l.service.DeviceReadinessService     : Received calibration event deviceId=M01 eventId=4001 progressId=1 state=CALIBRATING
2026-07-28T10:40:05.567+05:30  INFO 37596 --- [hub-api] [y-1785215101795] l.r.l.service.DeviceReadinessService     : Updated runtime readiness deviceId=M01 calibrationState=CALIBRATING readyForSession=false
2026-07-28T10:40:05.576+05:30  INFO 37596 --- [hub-api] [y-1785215101795] l.r.l.service.MqttSubscriberService      : Processed MQTT calibration event for M01
2026-07-28T10:40:05.670+05:30  INFO 37596 --- [hub-api] [y-1785215101795] l.r.l.service.MqttSubscriberService      : Processed MQTT heartbeat message for M01
2026-07-28T10:40:05.692+05:30  INFO 37596 --- [hub-api] [y-1785215101795] l.r.l.service.DeviceReadinessService     : Received calibration event deviceId=M01 eventId=4001 progressId=2 state=CALIBRATING
2026-07-28T10:40:05.693+05:30  INFO 37596 --- [hub-api] [y-1785215101795] l.r.l.service.DeviceReadinessService     : Updated runtime readiness deviceId=M01 calibrationState=CALIBRATING readyForSession=false
2026-07-28T10:40:05.803+05:30  INFO 37596 --- [hub-api] [y-1785215101795] l.r.l.service.DeviceReadinessService     : Received calibration event deviceId=M01 eventId=4001 progressId=3 state=CALIBRATING
2026-07-28T10:40:05.804+05:30  INFO 37596 --- [hub-api] [y-1785215101795] l.r.l.service.DeviceReadinessService     : Updated runtime readiness deviceId=M01 calibrationState=CALIBRATING readyForSession=false
2026-07-28T10:40:05.815+05:30  INFO 37596 --- [hub-api] [y-1785215101795] l.r.l.service.MqttSubscriberService      : Processed MQTT calibration event for M01
2026-07-28T10:40:05.918+05:30  INFO 37596 --- [hub-api] [y-1785215101795] l.r.l.service.DeviceReadinessService     : Received calibration event deviceId=M01 eventId=4001 progressId=4 state=CALIBRATING
2026-07-28T10:40:05.918+05:30  INFO 37596 --- [hub-api] [y-1785215101795] l.r.l.service.DeviceReadinessService     : Updated runtime readiness deviceId=M01 calibrationState=CALIBRATING readyForSession=false
2026-07-28T10:40:05.930+05:30  INFO 37596 --- [hub-api] [y-1785215101795] l.r.l.service.MqttSubscriberService      : Processed MQTT calibration event for M01
2026-07-28T10:40:06.050+05:30  INFO 37596 --- [hub-api] [y-1785215101795] l.r.l.service.DeviceReadinessService     : Received calibration event deviceId=M01 eventId=4001 progressId=5 state=CALIBRATING
2026-07-28T10:40:06.051+05:30  INFO 37596 --- [hub-api] [y-1785215101795] l.r.l.service.DeviceReadinessService     : Updated runtime readiness deviceId=M01 calibrationState=CALIBRATING readyForSession=false
2026-07-28T10:40:06.059+05:30  INFO 37596 --- [hub-api] [y-1785215101795] l.r.l.service.MqttSubscriberService      : Processed MQTT calibration event for M01
2026-07-28T10:40:06.170+05:30  INFO 37596 --- [hub-api] [y-1785215101795] l.r.l.service.DeviceReadinessService     : Received calibration event deviceId=M01 eventId=4001 progressId=6 state=CALIBRATING
2026-07-28T10:40:06.172+05:30  INFO 37596 --- [hub-api] [y-1785215101795] l.r.l.service.DeviceReadinessService     : Updated runtime readiness deviceId=M01 calibrationState=CALIBRATING readyForSession=false
2026-07-28T10:40:06.186+05:30  INFO 37596 --- [hub-api] [y-1785215101795] l.r.l.service.MqttSubscriberService      : Processed MQTT calibration event for M01
2026-07-28T10:40:06.297+05:30  INFO 37596 --- [hub-api] [y-1785215101795] l.r.l.service.DeviceReadinessService     : Received calibration event deviceId=M01 eventId=4001 progressId=7 state=CALIBRATING
2026-07-28T10:40:06.299+05:30  INFO 37596 --- [hub-api] [y-1785215101795] l.r.l.service.DeviceReadinessService     : Updated runtime readiness deviceId=M01 calibrationState=CALIBRATING readyForSession=false
2026-07-28T10:40:06.316+05:30  INFO 37596 --- [hub-api] [y-1785215101795] l.r.l.service.MqttSubscriberService      : Processed MQTT calibration event for M01
2026-07-28T10:40:06.397+05:30  INFO 37596 --- [hub-api] [y-1785215101795] l.r.l.service.DeviceReadinessService     : Received calibration event deviceId=M01 eventId=4001 progressId=8 state=CALIBRATING
2026-07-28T10:40:06.397+05:30  INFO 37596 --- [hub-api] [y-1785215101795] l.r.l.service.DeviceReadinessService     : Updated runtime readiness deviceId=M01 calibrationState=CALIBRATING readyForSession=false
2026-07-28T10:40:06.414+05:30  INFO 37596 --- [hub-api] [y-1785215101795] l.r.l.service.MqttSubscriberService      : Processed MQTT calibration event for M01
2026-07-28T10:40:06.521+05:30  INFO 37596 --- [hub-api] [y-1785215101795] l.r.l.service.DeviceReadinessService     : Received calibration event deviceId=M01 eventId=4001 progressId=9 state=CALIBRATING
2026-07-28T10:40:06.522+05:30  INFO 37596 --- [hub-api] [y-1785215101795] l.r.l.service.DeviceReadinessService     : Updated runtime readiness deviceId=M01 calibrationState=CALIBRATING readyForSession=false
2026-07-28T10:40:06.528+05:30  INFO 37596 --- [hub-api] [y-1785215101795] l.r.l.service.MqttSubscriberService      : Processed MQTT calibration event for M01
2026-07-28T10:40:06.655+05:30  INFO 37596 --- [hub-api] [y-1785215101795] l.r.l.service.DeviceReadinessService     : Received calibration event deviceId=M01 eventId=4001 progressId=10 state=CALIBRATING
2026-07-28T10:40:06.655+05:30  INFO 37596 --- [hub-api] [y-1785215101795] l.r.l.service.DeviceReadinessService     : Updated runtime readiness deviceId=M01 calibrationState=CALIBRATING readyForSession=false
2026-07-28T10:40:06.666+05:30  INFO 37596 --- [hub-api] [y-1785215101795] l.r.l.service.MqttSubscriberService      : Processed MQTT calibration event for M01
2026-07-28T10:40:06.675+05:30  INFO 37596 --- [hub-api] [y-1785215101795] l.r.l.service.MqttSubscriberService      : Processed MQTT heartbeat message for M01
2026-07-28T10:40:06.763+05:30  INFO 37596 --- [hub-api] [y-1785215101795] l.r.l.service.DeviceReadinessService     : Received calibration event deviceId=M01 eventId=4002 progressId=11 state=READY_FOR_SESSION
2026-07-28T10:40:06.763+05:30  INFO 37596 --- [hub-api] [y-1785215101795] l.r.l.service.DeviceReadinessService     : Updated runtime readiness deviceId=M01 calibrationState=READY readyForSession=false
2026-07-28T10:40:06.773+05:30  INFO 37596 --- [hub-api] [y-1785215101795] l.r.l.service.MqttSubscriberService      : Processed MQTT calibration event for M01
2026-07-28T10:40:06.777+05:30  INFO 37596 --- [hub-api] [y-1785215101795] l.r.l.service.MqttSubscriberService      : Processed MQTT status message for M01
2026-07-28T10:40:07.678+05:30  INFO 37596 --- [hub-api] [y-1785215101795] l.r.l.service.MqttSubscriberService      : Processed MQTT heartbeat message for M01
2026-07-28T10:40:08.694+05:30  INFO 37596 --- [hub-api] [y-1785215101795] l.r.l.service.MqttSubscriberService      : Processed MQTT heartbeat message for M01
2026-07-28T10:40:09.705+05:30  INFO 37596 --- [hub-api] [y-1785215101795] l.r.l.service.MqttSubscriberService      : Processed MQTT heartbeat message for M01
2026-07-28T10:40:10.714+05:30  INFO 37596 --- [hub-api] [y-1785215101795] l.r.l.service.MqttSubscriberService      : Processed MQTT heartbeat message for M01
2026-07-28T10:40:11.728+05:30  INFO 37596 --- [hub-api] [y-1785215101795] l.r.l.service.MqttSubscriberService      : Processed MQTT heartbeat message for M01
2026-07-28T10:40:12.737+05:30  INFO 37596 --- [hub-api] [y-1785215101795] l.r.l.service.MqttSubscriberService      : Processed MQTT heartbeat message for M01
2026-07-28T10:40:13.722+05:30  INFO 37596 --- [hub-api] [y-1785215101795] l.r.l.service.MqttSubscriberService      : Processed MQTT heartbeat message for M01
2026-07-28T10:40:14.740+05:30  INFO 37596 --- [hub-api] [y-1785215101795] l.r.l.service.MqttSubscriberService      : Processed MQTT heartbeat message for M01
2026-07-28T10:40:15.737+05:30  INFO 37596 --- [hub-api] [y-1785215101795] l.r.l.service.MqttSubscriberService      : Processed MQTT heartbeat message for M01
2026-07-28T10:40:16.750+05:30  INFO 37596 --- [hub-api] [y-1785215101795] l.r.l.service.MqttSubscriberService      : Processed MQTT heartbeat message for M01
2026-07-28T10:40:17.754+05:30  INFO 37596 --- [hub-api] [y-1785215101795] l.r.l.service.MqttSubscriberService      : Processed MQTT heartbeat message for M01
2026-07-28T10:40:18.772+05:30  INFO 37596 --- [hub-api] [y-1785215101795] l.r.l.service.MqttSubscriberService      : Processed MQTT heartbeat message for M01
2026-07-28T10:40:19.778+05:30  INFO 37596 --- [hub-api] [y-1785215101795] l.r.l.service.MqttSubscriberService      : Processed MQTT heartbeat message for M01
2026-07-28T10:40:20.787+05:30  INFO 37596 --- [hub-api] [y-1785215101795] l.r.l.service.MqttSubscriberService      : Processed MQTT heartbeat message for M01
2026-07-28T10:40:21.782+05:30  INFO 37596 --- [hub-api] [y-1785215101795] l.r.l.service.MqttSubscriberService      : Processed MQTT heartbeat message for M01
2026-07-28T10:40:22.788+05:30  INFO 37596 --- [hub-api] [y-1785215101795] l.r.l.service.MqttSubscriberService      : Processed MQTT heartbeat message for M01
2026-07-28T10:40:23.794+05:30  INFO 37596 --- [hub-api] [y-1785215101795] l.r.l.service.MqttSubscriberService      : Processed MQTT heartbeat message for M01
2026-07-28T10:40:24.803+05:30  INFO 37596 --- [hub-api] [y-1785215101795] l.r.l.service.MqttSubscriberService      : Processed MQTT heartbeat message for M01
2026-07-28T10:40:25.804+05:30  INFO 37596 --- [hub-api] [y-1785215101795] l.r.l.service.MqttSubscriberService      : Processed MQTT heartbeat message for M01
2026-07-28T10:40:26.804+05:30  INFO 37596 --- [hub-api] [y-1785215101795] l.r.l.service.MqttSubscriberService      : Processed MQTT heartbeat message for M01
2026-07-28T10:40:27.812+05:30  INFO 37596 --- [hub-api] [y-1785215101795] l.r.l.service.MqttSubscriberService      : Processed MQTT heartbeat message for M01
2026-07-28T10:40:28.812+05:30  INFO 37596 --- [hub-api] [y-1785215101795] l.r.l.service.MqttSubscriberService      : Processed MQTT heartbeat message for M01
2026-07-28T10:40:29.813+05:30  INFO 37596 --- [hub-api] [y-1785215101795] l.r.l.service.MqttSubscriberService      : Processed MQTT heartbeat message for M01
2026-07-28T10:40:30.811+05:30  INFO 37596 --- [hub-api] [y-1785215101795] l.r.l.service.MqttSubscriberService      : Processed MQTT heartbeat message for M01
2026-07-28T10:40:31.813+05:30  INFO 37596 --- [hub-api] [y-1785215101795] l.r.l.service.MqttSubscriberService      : Processed MQTT heartbeat message for M01
2026-07-28T10:40:32.811+05:30  INFO 37596 --- [hub-api] [y-1785215101795] l.r.l.service.MqttSubscriberService      : Processed MQTT heartbeat message for M01
2026-07-28T10:40:33.817+05:30  INFO 37596 --- [hub-api] [y-1785215101795] l.r.l.service.MqttSubscriberService      : Processed MQTT heartbeat message for M01
2026-07-28T10:40:34.822+05:30  INFO 37596 --- [hub-api] [y-1785215101795] l.r.l.service.MqttSubscriberService      : Processed MQTT heartbeat message for M01
2026-07-28T10:40:35.826+05:30  INFO 37596 --- [hub-api] [y-1785215101795] l.r.l.service.MqttSubscriberService      : Processed MQTT heartbeat message for M01
2026-07-28T10:40:36.825+05:30  INFO 37596 --- [hub-api] [y-1785215101795] l.r.l.service.MqttSubscriberService      : Processed MQTT heartbeat message for M01
2026-07-28T10:40:37.841+05:30  INFO 37596 --- [hub-api] [y-1785215101795] l.r.l.service.MqttSubscriberService      : Processed MQTT heartbeat message for M01
2026-07-28T10:40:38.841+05:30  INFO 37596 --- [hub-api] [y-1785215101795] l.r.l.service.MqttSubscriberService      : Processed MQTT heartbeat message for M01
2026-07-28T10:40:39.845+05:30  INFO 37596 --- [hub-api] [y-1785215101795] l.r.l.service.MqttSubscriberService      : Processed MQTT heartbeat message for M01
2026-07-28T10:40:40.840+05:30  INFO 37596 --- [hub-api] [y-1785215101795] l.r.l.service.MqttSubscriberService      : Processed MQTT heartbeat message for M01
2026-07-28T10:40:41.857+05:30  INFO 37596 --- [hub-api] [y-1785215101795] l.r.l.service.MqttSubscriberService      : Processed MQTT heartbeat message for M01
2026-07-28T10:40:42.860+05:30  INFO 37596 --- [hub-api] [y-1785215101795] l.r.l.service.MqttSubscriberService      : Processed MQTT heartbeat message for M01
2026-07-28T10:40:43.863+05:30  INFO 37596 --- [hub-api] [y-1785215101795] l.r.l.service.MqttSubscriberService      : Processed MQTT heartbeat message for M01
2026-07-28T10:40:44.862+05:30  INFO 37596 --- [hub-api] [y-1785215101795] l.r.l.service.MqttSubscriberService      : Processed MQTT heartbeat message for M01
2026-07-28T10:40:45.855+05:30  INFO 37596 --- [hub-api] [y-1785215101795] l.r.l.service.MqttSubscriberService      : Processed MQTT heartbeat message for M01
2026-07-28T10:40:46.876+05:30  INFO 37596 --- [hub-api] [y-1785215101795] l.r.l.service.MqttSubscriberService      : Processed MQTT heartbeat message for M01
2026-07-28T10:40:47.872+05:30  INFO 37596 --- [hub-api] [y-1785215101795] l.r.l.service.MqttSubscriberService      : Processed MQTT heartbeat message for M01
2026-07-28T10:40:48.881+05:30  INFO 37596 --- [hub-api] [y-1785215101795] l.r.l.service.MqttSubscriberService      : Processed MQTT heartbeat message for M01
2026-07-28T10:40:49.893+05:30  INFO 37596 --- [hub-api] [y-1785215101795] l.r.l.service.MqttSubscriberService      : Processed MQTT heartbeat message for M01
2026-07-28T10:40:50.889+05:30  INFO 37596 --- [hub-api] [y-1785215101795] l.r.l.service.MqttSubscriberService      : Processed MQTT heartbeat message for M01
2026-07-28T10:40:51.919+05:30  INFO 37596 --- [hub-api] [y-1785215101795] l.r.l.service.MqttSubscriberService      : Processed MQTT heartbeat message for M01
2026-07-28T10:40:52.918+05:30  INFO 37596 --- [hub-api] [y-1785215101795] l.r.l.service.MqttSubscriberService      : Processed MQTT heartbeat message for M01
2026-07-28T10:40:53.931+05:30  INFO 37596 --- [hub-api] [y-1785215101795] l.r.l.service.MqttSubscriberService      : Processed MQTT heartbeat message for M01
2026-07-28T10:40:54.927+05:30  INFO 37596 --- [hub-api] [y-1785215101795] l.r.l.service.MqttSubscriberService      : Processed MQTT heartbeat message for M01
2026-07-28T10:40:55.939+05:30  INFO 37596 --- [hub-api] [y-1785215101795] l.r.l.service.MqttSubscriberService      : Processed MQTT heartbeat message for M01
2026-07-28T10:40:56.944+05:30  INFO 37596 --- [hub-api] [y-1785215101795] l.r.l.service.MqttSubscriberService      : Processed MQTT heartbeat message for M01
2026-07-28T10:40:57.959+05:30  INFO 37596 --- [hub-api] [y-1785215101795] l.r.l.service.MqttSubscriberService      : Processed MQTT heartbeat message for M01
2026-07-28T10:40:58.958+05:30  INFO 37596 --- [hub-api] [y-1785215101795] l.r.l.service.MqttSubscriberService      : Processed MQTT heartbeat message for M01
2026-07-28T10:40:59.960+05:30  INFO 37596 --- [hub-api] [y-1785215101795] l.r.l.service.MqttSubscriberService      : Processed MQTT heartbeat message for M01
2026-07-28T10:41:00.964+05:30  INFO 37596 --- [hub-api] [y-1785215101795] l.r.l.service.MqttSubscriberService      : Processed MQTT heartbeat message for M01
2026-07-28T10:41:01.970+05:30  INFO 37596 --- [hub-api] [y-1785215101795] l.r.l.service.MqttSubscriberService      : Processed MQTT heartbeat message for M01
2026-07-28T10:41:02.973+05:30  INFO 37596 --- [hub-api] [y-1785215101795] l.r.l.service.MqttSubscriberService      : Processed MQTT heartbeat message for M01
2026-07-28T10:41:03.974+05:30  INFO 37596 --- [hub-api] [y-1785215101795] l.r.l.service.MqttSubscriberService      : Processed MQTT heartbeat message for M01
2026-07-28T10:41:04.990+05:30  INFO 37596 --- [hub-api] [y-1785215101795] l.r.l.service.MqttSubscriberService      : Processed MQTT heartbeat message for M01
2026-07-28T10:41:06.015+05:30  INFO 37596 --- [hub-api] [y-1785215101795] l.r.l.service.MqttSubscriberService      : Processed MQTT heartbeat message for M01
2026-07-28T10:41:07.021+05:30  INFO 37596 --- [hub-api] [y-1785215101795] l.r.l.service.MqttSubscriberService      : Processed MQTT heartbeat message for M01
2026-07-28T10:41:08.037+05:30  INFO 37596 --- [hub-api] [y-1785215101795] l.r.l.service.MqttSubscriberService      : Processed MQTT heartbeat message for M01
2026-07-28T10:41:09.039+05:30  INFO 37596 --- [hub-api] [y-1785215101795] l.r.l.service.MqttSubscriberService      : Processed MQTT heartbeat message for M01
2026-07-28T10:41:10.069+05:30  INFO 37596 --- [hub-api] [y-1785215101795] l.r.l.service.MqttSubscriberService      : Processed MQTT heartbeat message for M01
2026-07-28T10:41:11.089+05:30  INFO 37596 --- [hub-api] [y-1785215101795] l.r.l.service.MqttSubscriberService      : Processed MQTT heartbeat message for M01
2026-07-28T10:41:12.091+05:30  INFO 37596 --- [hub-api] [y-1785215101795] l.r.l.service.MqttSubscriberService      : Processed MQTT heartbeat message for M01
2026-07-28T10:41:13.094+05:30  INFO 37596 --- [hub-api] [y-1785215101795] l.r.l.service.MqttSubscriberService      : Processed MQTT heartbeat message for M01
2026-07-28T10:41:14.090+05:30  INFO 37596 --- [hub-api] [y-1785215101795] l.r.l.service.MqttSubscriberService      : Processed MQTT heartbeat message for M01
2026-07-28T10:41:15.099+05:30  INFO 37596 --- [hub-api] [y-1785215101795] l.r.l.service.MqttSubscriberService      : Processed MQTT heartbeat message for M01
2026-07-28T10:41:16.102+05:30  INFO 37596 --- [hub-api] [y-1785215101795] l.r.l.service.MqttSubscriberService      : Processed MQTT heartbeat message for M01
2026-07-28T10:41:17.122+05:30  INFO 37596 --- [hub-api] [y-1785215101795] l.r.l.service.MqttSubscriberService      : Processed MQTT heartbeat message for M01
2026-07-28T10:41:18.132+05:30  INFO 37596 --- [hub-api] [y-1785215101795] l.r.l.service.MqttSubscriberService      : Processed MQTT heartbeat message for M01
2026-07-28T10:41:19.152+05:30  INFO 37596 --- [hub-api] [y-1785215101795] l.r.l.service.MqttSubscriberService      : Processed MQTT heartbeat message for M01
2026-07-28T10:41:20.147+05:30  INFO 37596 --- [hub-api] [y-1785215101795] l.r.l.service.MqttSubscriberService      : Processed MQTT heartbeat message for M01
2026-07-28T10:41:21.173+05:30  INFO 37596 --- [hub-api] [y-1785215101795] l.r.l.service.MqttSubscriberService      : Processed MQTT heartbeat message for M01
2026-07-28T10:41:22.175+05:30  INFO 37596 --- [hub-api] [y-1785215101795] l.r.l.service.MqttSubscriberService      : Processed MQTT heartbeat message for M01
2026-07-28T10:41:23.182+05:30  INFO 37596 --- [hub-api] [y-1785215101795] l.r.l.service.MqttSubscriberService      : Processed MQTT heartbeat message for M01
2026-07-28T10:41:24.183+05:30  INFO 37596 --- [hub-api] [y-1785215101795] l.r.l.service.MqttSubscriberService      : Processed MQTT heartbeat message for M01
2026-07-28T10:41:25.193+05:30  INFO 37596 --- [hub-api] [y-1785215101795] l.r.l.service.MqttSubscriberService      : Processed MQTT heartbeat message for M01
2026-07-28T10:41:26.194+05:30  INFO 37596 --- [hub-api] [y-1785215101795] l.r.l.service.MqttSubscriberService      : Processed MQTT heartbeat message for M01
2026-07-28T10:41:27.200+05:30  INFO 37596 --- [hub-api] [y-1785215101795] l.r.l.service.MqttSubscriberService      : Processed MQTT heartbeat message for M01
2026-07-28T10:41:28.206+05:30  INFO 37596 --- [hub-api] [y-1785215101795] l.r.l.service.MqttSubscriberService      : Processed MQTT heartbeat message for M01
2026-07-28T10:41:29.213+05:30  INFO 37596 --- [hub-api] [y-1785215101795] l.r.l.service.MqttSubscriberService      : Processed MQTT heartbeat message for M01
2026-07-28T10:41:30.213+05:30  INFO 37596 --- [hub-api] [y-1785215101795] l.r.l.service.MqttSubscriberService      : Processed MQTT heartbeat message for M01
2026-07-28T10:41:31.228+05:30  INFO 37596 --- [hub-api] [y-1785215101795] l.r.l.service.MqttSubscriberService      : Processed MQTT heartbeat message for M01
2026-07-28T10:41:32.229+05:30  INFO 37596 --- [hub-api] [y-1785215101795] l.r.l.service.MqttSubscriberService      : Processed MQTT heartbeat message for M01
2026-07-28T10:41:33.230+05:30  INFO 37596 --- [hub-api] [y-1785215101795] l.r.l.service.MqttSubscriberService      : Processed MQTT heartbeat message for M01
2026-07-28T10:41:34.254+05:30  INFO 37596 --- [hub-api] [y-1785215101795] l.r.l.service.MqttSubscriberService      : Processed MQTT heartbeat message for M01
2026-07-28T10:41:35.250+05:30  INFO 37596 --- [hub-api] [y-1785215101795] l.r.l.service.MqttSubscriberService      : Processed MQTT heartbeat message for M01
2026-07-28T10:41:36.268+05:30  INFO 37596 --- [hub-api] [y-1785215101795] l.r.l.service.MqttSubscriberService      : Processed MQTT heartbeat message for M01
2026-07-28T10:41:37.291+05:30  INFO 37596 --- [hub-api] [y-1785215101795] l.r.l.service.MqttSubscriberService      : Processed MQTT heartbeat message for M01
2026-07-28T10:41:38.286+05:30  INFO 37596 --- [hub-api] [y-1785215101795] l.r.l.service.MqttSubscriberService      : Processed MQTT heartbeat message for M01
2026-07-28T10:41:39.297+05:30  INFO 37596 --- [hub-api] [y-1785215101795] l.r.l.service.MqttSubscriberService      : Processed MQTT heartbeat message for M01
2026-07-28T10:41:40.320+05:30  INFO 37596 --- [hub-api] [y-1785215101795] l.r.l.service.MqttSubscriberService      : Processed MQTT heartbeat message for M01
2026-07-28T10:41:41.312+05:30  INFO 37596 --- [hub-api] [y-1785215101795] l.r.l.service.MqttSubscriberService      : Processed MQTT heartbeat message for M01
2026-07-28T10:41:42.327+05:30  INFO 37596 --- [hub-api] [y-1785215101795] l.r.l.service.MqttSubscriberService      : Processed MQTT heartbeat message for M01
2026-07-28T10:41:43.319+05:30  INFO 37596 --- [hub-api] [y-1785215101795] l.r.l.service.MqttSubscriberService      : Processed MQTT heartbeat message for M01
2026-07-28T10:41:44.342+05:30  INFO 37596 --- [hub-api] [y-1785215101795] l.r.l.service.MqttSubscriberService      : Processed MQTT heartbeat message for M01
2026-07-28T10:41:45.354+05:30  INFO 37596 --- [hub-api] [y-1785215101795] l.r.l.service.MqttSubscriberService      : Processed MQTT heartbeat message for M01
2026-07-28T10:41:46.348+05:30  INFO 37596 --- [hub-api] [y-1785215101795] l.r.l.service.MqttSubscriberService      : Processed MQTT heartbeat message for M01
2026-07-28T10:41:47.356+05:30  INFO 37596 --- [hub-api] [y-1785215101795] l.r.l.service.MqttSubscriberService      : Processed MQTT heartbeat message for M01
2026-07-28T10:41:48.359+05:30  INFO 37596 --- [hub-api] [y-1785215101795] l.r.l.service.MqttSubscriberService      : Processed MQTT heartbeat message for M01
2026-07-28T10:41:49.372+05:30  INFO 37596 --- [hub-api] [y-1785215101795] l.r.l.service.MqttSubscriberService      : Processed MQTT heartbeat message for M01
2026-07-28T10:41:50.369+05:30  INFO 37596 --- [hub-api] [y-1785215101795] l.r.l.service.MqttSubscriberService      : Processed MQTT heartbeat message for M01
2026-07-28T10:41:51.376+05:30  INFO 37596 --- [hub-api] [y-1785215101795] l.r.l.service.MqttSubscriberService      : Processed MQTT heartbeat message for M01
2026-07-28T10:41:52.376+05:30  INFO 37596 --- [hub-api] [y-1785215101795] l.r.l.service.MqttSubscriberService      : Processed MQTT heartbeat message for M01
2026-07-28T10:41:53.371+05:30  INFO 37596 --- [hub-api] [y-1785215101795] l.r.l.service.MqttSubscriberService      : Processed MQTT heartbeat message for M01
2026-07-28T10:41:54.369+05:30  INFO 37596 --- [hub-api] [y-1785215101795] l.r.l.service.MqttSubscriberService      : Processed MQTT heartbeat message for M01
2026-07-28T10:41:55.377+05:30  INFO 37596 --- [hub-api] [y-1785215101795] l.r.l.service.MqttSubscriberService      : Processed MQTT heartbeat message for M01
2026-07-28T10:41:56.388+05:30  INFO 37596 --- [hub-api] [y-1785215101795] l.r.l.service.MqttSubscriberService      : Processed MQTT heartbeat message for M01
2026-07-28T10:41:57.388+05:30  INFO 37596 --- [hub-api] [y-1785215101795] l.r.l.service.MqttSubscriberService      : Processed MQTT heartbeat message for M01
2026-07-28T10:41:58.401+05:30  INFO 37596 --- [hub-api] [y-1785215101795] l.r.l.service.MqttSubscriberService      : Processed MQTT heartbeat message for M01
2026-07-28T10:41:59.403+05:30  INFO 37596 --- [hub-api] [y-1785215101795] l.r.l.service.MqttSubscriberService      : Processed MQTT heartbeat message for M01
2026-07-28T10:42:00.412+05:30  INFO 37596 --- [hub-api] [y-1785215101795] l.r.l.service.MqttSubscriberService      : Processed MQTT heartbeat message for M01
2026-07-28T10:42:01.424+05:30  INFO 37596 --- [hub-api] [y-1785215101795] l.r.l.service.MqttSubscriberService      : Processed MQTT heartbeat message for M01
2026-07-28T10:42:02.428+05:30  INFO 37596 --- [hub-api] [y-1785215101795] l.r.l.service.MqttSubscriberService      : Processed MQTT heartbeat message for M01
2026-07-28T10:42:03.443+05:30  INFO 37596 --- [hub-api] [y-1785215101795] l.r.l.service.MqttSubscriberService      : Processed MQTT heartbeat message for M01
2026-07-28T10:42:04.441+05:30  INFO 37596 --- [hub-api] [y-1785215101795] l.r.l.service.MqttSubscriberService      : Processed MQTT heartbeat message for M01
2026-07-28T10:42:05.459+05:30  INFO 37596 --- [hub-api] [y-1785215101795] l.r.l.service.MqttSubscriberService      : Processed MQTT heartbeat message for M01
2026-07-28T10:42:05.970+05:30  INFO 37596 --- [hub-api] [y-1785215101795] l.r.l.service.MqttSubscriberService      : Processed MQTT status message for M01
2026-07-28T10:42:05.979+05:30  INFO 37596 --- [hub-api] [y-1785215101795] l.r.l.service.MqttSubscriberService      : Processed MQTT event message for M01
2026-07-28T10:42:05.989+05:30  INFO 37596 --- [hub-api] [y-1785215101795] l.r.l.service.MqttSubscriberService      : Processed MQTT status message for M01
2026-07-28T10:42:06.026+05:30  WARN 37596 --- [hub-api] [y-1785215101795] l.r.l.service.MqttSubscriberService      : Rejected session telemetry for device M01 session S-PHASE03-001: session is not active
2026-07-28T10:42:06.172+05:30  WARN 37596 --- [hub-api] [y-1785215101795] l.r.l.service.MqttSubscriberService      : Rejected session telemetry for device M01 session S-PHASE03-001: session is not active
2026-07-28T10:42:06.370+05:30  WARN 37596 --- [hub-api] [y-1785215101795] l.r.l.service.MqttSubscriberService      : Rejected session telemetry for device M01 session S-PHASE03-001: session is not active
2026-07-28T10:42:06.465+05:30  INFO 37596 --- [hub-api] [y-1785215101795] l.r.l.service.MqttSubscriberService      : Processed MQTT heartbeat message for M01
2026-07-28T10:42:06.585+05:30  WARN 37596 --- [hub-api] [y-1785215101795] l.r.l.service.MqttSubscriberService      : Rejected session telemetry for device M01 session S-PHASE03-001: session is not active
2026-07-28T10:42:06.787+05:30  WARN 37596 --- [hub-api] [y-1785215101795] l.r.l.service.MqttSubscriberService      : Rejected session telemetry for device M01 session S-PHASE03-001: session is not active
2026-07-28T10:42:07.006+05:30  WARN 37596 --- [hub-api] [y-1785215101795] l.r.l.service.MqttSubscriberService      : Rejected session telemetry for device M01 session S-PHASE03-001: session is not active
2026-07-28T10:42:07.209+05:30  WARN 37596 --- [hub-api] [y-1785215101795] l.r.l.service.MqttSubscriberService      : Rejected session telemetry for device M01 session S-PHASE03-001: session is not active
2026-07-28T10:42:07.403+05:30  WARN 37596 --- [hub-api] [y-1785215101795] l.r.l.service.MqttSubscriberService      : Rejected session telemetry for device M01 session S-PHASE03-001: session is not active
2026-07-28T10:42:07.469+05:30  INFO 37596 --- [hub-api] [y-1785215101795] l.r.l.service.MqttSubscriberService      : Processed MQTT heartbeat message for M01
2026-07-28T10:42:07.622+05:30  WARN 37596 --- [hub-api] [y-1785215101795] l.r.l.service.MqttSubscriberService      : Rejected session telemetry for device M01 session S-PHASE03-001: session is not active
2026-07-28T10:42:07.828+05:30  WARN 37596 --- [hub-api] [y-1785215101795] l.r.l.service.MqttSubscriberService      : Rejected session telemetry for device M01 session S-PHASE03-001: session is not active
2026-07-28T10:42:08.027+05:30  WARN 37596 --- [hub-api] [y-1785215101795] l.r.l.service.MqttSubscriberService      : Rejected session telemetry for device M01 session S-PHASE03-001: session is not active
2026-07-28T10:42:08.241+05:30  WARN 37596 --- [hub-api] [y-1785215101795] l.r.l.service.MqttSubscriberService      : Rejected session telemetry for device M01 session S-PHASE03-001: session is not active
2026-07-28T10:42:08.438+05:30  WARN 37596 --- [hub-api] [y-1785215101795] l.r.l.service.MqttSubscriberService      : Rejected session telemetry for device M01 session S-PHASE03-001: session is not active
2026-07-28T10:42:08.497+05:30  INFO 37596 --- [hub-api] [y-1785215101795] l.r.l.service.MqttSubscriberService      : Processed MQTT heartbeat message for M01
2026-07-28T10:42:08.641+05:30  WARN 37596 --- [hub-api] [y-1785215101795] l.r.l.service.MqttSubscriberService      : Rejected session telemetry for device M01 session S-PHASE03-001: session is not active
2026-07-28T10:42:08.846+05:30  WARN 37596 --- [hub-api] [y-1785215101795] l.r.l.service.MqttSubscriberService      : Rejected session telemetry for device M01 session S-PHASE03-001: session is not active
2026-07-28T10:42:09.053+05:30  WARN 37596 --- [hub-api] [y-1785215101795] l.r.l.service.MqttSubscriberService      : Rejected session telemetry for device M01 session S-PHASE03-001: session is not active
2026-07-28T10:42:09.278+05:30  WARN 37596 --- [hub-api] [y-1785215101795] l.r.l.service.MqttSubscriberService      : Rejected session telemetry for device M01 session S-PHASE03-001: session is not active
2026-07-28T10:42:09.479+05:30  WARN 37596 --- [hub-api] [y-1785215101795] l.r.l.service.MqttSubscriberService      : Rejected session telemetry for device M01 session S-PHASE03-001: session is not active
2026-07-28T10:42:09.511+05:30  INFO 37596 --- [hub-api] [y-1785215101795] l.r.l.service.MqttSubscriberService      : Processed MQTT heartbeat message for M01
2026-07-28T10:42:09.694+05:30  WARN 37596 --- [hub-api] [y-1785215101795] l.r.l.service.MqttSubscriberService      : Rejected session telemetry for device M01 session S-PHASE03-001: session is not active
2026-07-28T10:42:09.898+05:30  WARN 37596 --- [hub-api] [y-1785215101795] l.r.l.service.MqttSubscriberService      : Rejected session telemetry for device M01 session S-PHASE03-001: session is not active
2026-07-28T10:42:10.110+05:30  WARN 37596 --- [hub-api] [y-1785215101795] l.r.l.service.MqttSubscriberService      : Rejected session telemetry for device M01 session S-PHASE03-001: session is not active
2026-07-28T10:42:10.326+05:30  WARN 37596 --- [hub-api] [y-1785215101795] l.r.l.service.MqttSubscriberService      : Rejected session telemetry for device M01 session S-PHASE03-001: session is not active
2026-07-28T10:42:10.510+05:30  INFO 37596 --- [hub-api] [y-1785215101795] l.r.l.service.MqttSubscriberService      : Processed MQTT heartbeat message for M01
2026-07-28T10:42:10.528+05:30  WARN 37596 --- [hub-api] [y-1785215101795] l.r.l.service.MqttSubscriberService      : Rejected session telemetry for device M01 session S-PHASE03-001: session is not active
2026-07-28T10:42:10.737+05:30  WARN 37596 --- [hub-api] [y-1785215101795] l.r.l.service.MqttSubscriberService      : Rejected session telemetry for device M01 session S-PHASE03-001: session is not active
2026-07-28T10:42:10.938+05:30  WARN 37596 --- [hub-api] [y-1785215101795] l.r.l.service.MqttSubscriberService      : Rejected session telemetry for device M01 session S-PHASE03-001: session is not active
2026-07-28T10:42:11.141+05:30  WARN 37596 --- [hub-api] [y-1785215101795] l.r.l.service.MqttSubscriberService      : Rejected session telemetry for device M01 session S-PHASE03-001: session is not active
2026-07-28T10:42:11.362+05:30  WARN 37596 --- [hub-api] [y-1785215101795] l.r.l.service.MqttSubscriberService      : Rejected session telemetry for device M01 session S-PHASE03-001: session is not active
2026-07-28T10:42:11.527+05:30  INFO 37596 --- [hub-api] [y-1785215101795] l.r.l.service.MqttSubscriberService      : Processed MQTT heartbeat message for M01
2026-07-28T10:42:11.554+05:30  WARN 37596 --- [hub-api] [y-1785215101795] l.r.l.service.MqttSubscriberService      : Rejected session telemetry for device M01 session S-PHASE03-001: session is not active
2026-07-28T10:42:11.772+05:30  WARN 37596 --- [hub-api] [y-1785215101795] l.r.l.service.MqttSubscriberService      : Rejected session telemetry for device M01 session S-PHASE03-001: session is not active
2026-07-28T10:42:11.985+05:30  WARN 37596 --- [hub-api] [y-1785215101795] l.r.l.service.MqttSubscriberService      : Rejected session telemetry for device M01 session S-PHASE03-001: session is not active
2026-07-28T10:42:12.204+05:30  WARN 37596 --- [hub-api] [y-1785215101795] l.r.l.service.MqttSubscriberService      : Rejected session telemetry for device M01 session S-PHASE03-001: session is not active
2026-07-28T10:42:12.411+05:30  WARN 37596 --- [hub-api] [y-1785215101795] l.r.l.service.MqttSubscriberService      : Rejected session telemetry for device M01 session S-PHASE03-001: session is not active
2026-07-28T10:42:12.535+05:30  INFO 37596 --- [hub-api] [y-1785215101795] l.r.l.service.MqttSubscriberService      : Processed MQTT heartbeat message for M01
2026-07-28T10:42:12.625+05:30  WARN 37596 --- [hub-api] [y-1785215101795] l.r.l.service.MqttSubscriberService      : Rejected session telemetry for device M01 session S-PHASE03-001: session is not active
2026-07-28T10:42:12.835+05:30  WARN 37596 --- [hub-api] [y-1785215101795] l.r.l.service.MqttSubscriberService      : Rejected session telemetry for device M01 session S-PHASE03-001: session is not active
2026-07-28T10:42:13.036+05:30  WARN 37596 --- [hub-api] [y-1785215101795] l.r.l.service.MqttSubscriberService      : Rejected session telemetry for device M01 session S-PHASE03-001: session is not active
2026-07-28T10:42:13.256+05:30  WARN 37596 --- [hub-api] [y-1785215101795] l.r.l.service.MqttSubscriberService      : Rejected session telemetry for device M01 session S-PHASE03-001: session is not active
2026-07-28T10:42:13.477+05:30  WARN 37596 --- [hub-api] [y-1785215101795] l.r.l.service.MqttSubscriberService      : Rejected session telemetry for device M01 session S-PHASE03-001: session is not active
2026-07-28T10:42:13.529+05:30  INFO 37596 --- [hub-api] [y-1785215101795] l.r.l.service.MqttSubscriberService      : Processed MQTT heartbeat message for M01
2026-07-28T10:42:13.675+05:30  WARN 37596 --- [hub-api] [y-1785215101795] l.r.l.service.MqttSubscriberService      : Rejected session telemetry for device M01 session S-PHASE03-001: session is not active
2026-07-28T10:42:13.878+05:30  WARN 37596 --- [hub-api] [y-1785215101795] l.r.l.service.MqttSubscriberService      : Rejected session telemetry for device M01 session S-PHASE03-001: session is not active
2026-07-28T10:42:14.069+05:30  WARN 37596 --- [hub-api] [y-1785215101795] l.r.l.service.MqttSubscriberService      : Rejected session telemetry for device M01 session S-PHASE03-001: session is not active
2026-07-28T10:42:14.286+05:30  WARN 37596 --- [hub-api] [y-1785215101795] l.r.l.service.MqttSubscriberService      : Rejected session telemetry for device M01 session S-PHASE03-001: session is not active
2026-07-28T10:42:14.491+05:30  WARN 37596 --- [hub-api] [y-1785215101795] l.r.l.service.MqttSubscriberService      : Rejected session telemetry for device M01 session S-PHASE03-001: session is not active
2026-07-28T10:42:14.541+05:30  INFO 37596 --- [hub-api] [y-1785215101795] l.r.l.service.MqttSubscriberService      : Processed MQTT heartbeat message for M01
2026-07-28T10:42:14.703+05:30  WARN 37596 --- [hub-api] [y-1785215101795] l.r.l.service.MqttSubscriberService      : Rejected session telemetry for device M01 session S-PHASE03-001: session is not active
2026-07-28T10:42:14.909+05:30  WARN 37596 --- [hub-api] [y-1785215101795] l.r.l.service.MqttSubscriberService      : Rejected session telemetry for device M01 session S-PHASE03-001: session is not active
2026-07-28T10:42:15.107+05:30  WARN 37596 --- [hub-api] [y-1785215101795] l.r.l.service.MqttSubscriberService      : Rejected session telemetry for device M01 session S-PHASE03-001: session is not active
2026-07-28T10:42:15.319+05:30  WARN 37596 --- [hub-api] [y-1785215101795] l.r.l.service.MqttSubscriberService      : Rejected session telemetry for device M01 session S-PHASE03-001: session is not active
2026-07-28T10:42:15.537+05:30  WARN 37596 --- [hub-api] [y-1785215101795] l.r.l.service.MqttSubscriberService      : Rejected session telemetry for device M01 session S-PHASE03-001: session is not active
2026-07-28T10:42:15.543+05:30  INFO 37596 --- [hub-api] [y-1785215101795] l.r.l.service.MqttSubscriberService      : Processed MQTT heartbeat message for M01
2026-07-28T10:42:15.731+05:30  WARN 37596 --- [hub-api] [y-1785215101795] l.r.l.service.MqttSubscriberService      : Rejected session telemetry for device M01 session S-PHASE03-001: session is not active
2026-07-28T10:42:15.936+05:30  WARN 37596 --- [hub-api] [y-1785215101795] l.r.l.service.MqttSubscriberService      : Rejected session telemetry for device M01 session S-PHASE03-001: session is not active
2026-07-28T10:42:16.147+05:30  WARN 37596 --- [hub-api] [y-1785215101795] l.r.l.service.MqttSubscriberService      : Rejected session telemetry for device M01 session S-PHASE03-001: session is not active
2026-07-28T10:42:16.351+05:30  WARN 37596 --- [hub-api] [y-1785215101795] l.r.l.service.MqttSubscriberService      : Rejected session telemetry for device M01 session S-PHASE03-001: session is not active
2026-07-28T10:42:16.551+05:30  INFO 37596 --- [hub-api] [y-1785215101795] l.r.l.service.MqttSubscriberService      : Processed MQTT heartbeat message for M01
2026-07-28T10:42:16.557+05:30  WARN 37596 --- [hub-api] [y-1785215101795] l.r.l.service.MqttSubscriberService      : Rejected session telemetry for device M01 session S-PHASE03-001: session is not active
2026-07-28T10:42:16.770+05:30  WARN 37596 --- [hub-api] [y-1785215101795] l.r.l.service.MqttSubscriberService      : Rejected session telemetry for device M01 session S-PHASE03-001: session is not active
2026-07-28T10:42:16.977+05:30  WARN 37596 --- [hub-api] [y-1785215101795] l.r.l.service.MqttSubscriberService      : Rejected session telemetry for device M01 session S-PHASE03-001: session is not active
2026-07-28T10:42:17.180+05:30  WARN 37596 --- [hub-api] [y-1785215101795] l.r.l.service.MqttSubscriberService      : Rejected session telemetry for device M01 session S-PHASE03-001: session is not active
2026-07-28T10:42:17.393+05:30  WARN 37596 --- [hub-api] [y-1785215101795] l.r.l.service.MqttSubscriberService      : Rejected session telemetry for device M01 session S-PHASE03-001: session is not active
2026-07-28T10:42:17.540+05:30  INFO 37596 --- [hub-api] [y-1785215101795] l.r.l.service.MqttSubscriberService      : Processed MQTT heartbeat message for M01
2026-07-28T10:42:17.593+05:30  WARN 37596 --- [hub-api] [y-1785215101795] l.r.l.service.MqttSubscriberService      : Rejected session telemetry for device M01 session S-PHASE03-001: session is not active
2026-07-28T10:42:17.803+05:30  WARN 37596 --- [hub-api] [y-1785215101795] l.r.l.service.MqttSubscriberService      : Rejected session telemetry for device M01 session S-PHASE03-001: session is not active
2026-07-28T10:42:18.006+05:30  WARN 37596 --- [hub-api] [y-1785215101795] l.r.l.service.MqttSubscriberService      : Rejected session telemetry for device M01 session S-PHASE03-001: session is not active
2026-07-28T10:42:18.210+05:30  WARN 37596 --- [hub-api] [y-1785215101795] l.r.l.service.MqttSubscriberService      : Rejected session telemetry for device M01 session S-PHASE03-001: session is not active
2026-07-28T10:42:18.412+05:30  WARN 37596 --- [hub-api] [y-1785215101795] l.r.l.service.MqttSubscriberService      : Rejected session telemetry for device M01 session S-PHASE03-001: session is not active
2026-07-28T10:42:18.554+05:30  INFO 37596 --- [hub-api] [y-1785215101795] l.r.l.service.MqttSubscriberService      : Processed MQTT heartbeat message for M01
2026-07-28T10:42:18.622+05:30  WARN 37596 --- [hub-api] [y-1785215101795] l.r.l.service.MqttSubscriberService      : Rejected session telemetry for device M01 session S-PHASE03-001: session is not active
2026-07-28T10:42:18.839+05:30  WARN 37596 --- [hub-api] [y-1785215101795] l.r.l.service.MqttSubscriberService      : Rejected session telemetry for device M01 session S-PHASE03-001: session is not active
2026-07-28T10:42:19.036+05:30  WARN 37596 --- [hub-api] [y-1785215101795] l.r.l.service.MqttSubscriberService      : Rejected session telemetry for device M01 session S-PHASE03-001: session is not active
2026-07-28T10:42:19.258+05:30  WARN 37596 --- [hub-api] [y-1785215101795] l.r.l.service.MqttSubscriberService      : Rejected session telemetry for device M01 session S-PHASE03-001: session is not active
2026-07-28T10:42:19.458+05:30  WARN 37596 --- [hub-api] [y-1785215101795] l.r.l.service.MqttSubscriberService      : Rejected session telemetry for device M01 session S-PHASE03-001: session is not active
2026-07-28T10:42:19.578+05:30  INFO 37596 --- [hub-api] [y-1785215101795] l.r.l.service.MqttSubscriberService      : Processed MQTT heartbeat message for M01
2026-07-28T10:42:19.661+05:30  WARN 37596 --- [hub-api] [y-1785215101795] l.r.l.service.MqttSubscriberService      : Rejected session telemetry for device M01 session S-PHASE03-001: session is not active
2026-07-28T10:42:19.871+05:30  WARN 37596 --- [hub-api] [y-1785215101795] l.r.l.service.MqttSubscriberService      : Rejected session telemetry for device M01 session S-PHASE03-001: session is not active
2026-07-28T10:42:20.077+05:30  WARN 37596 --- [hub-api] [y-1785215101795] l.r.l.service.MqttSubscriberService      : Rejected session telemetry for device M01 session S-PHASE03-001: session is not active
2026-07-28T10:42:20.276+05:30  WARN 37596 --- [hub-api] [y-1785215101795] l.r.l.service.MqttSubscriberService      : Rejected session telemetry for device M01 session S-PHASE03-001: session is not active
2026-07-28T10:42:20.490+05:30  WARN 37596 --- [hub-api] [y-1785215101795] l.r.l.service.MqttSubscriberService      : Rejected session telemetry for device M01 session S-PHASE03-001: session is not active
2026-07-28T10:42:20.584+05:30  INFO 37596 --- [hub-api] [y-1785215101795] l.r.l.service.MqttSubscriberService      : Processed MQTT heartbeat message for M01
2026-07-28T10:42:20.693+05:30  WARN 37596 --- [hub-api] [y-1785215101795] l.r.l.service.MqttSubscriberService      : Rejected session telemetry for device M01 session S-PHASE03-001: session is not active
2026-07-28T10:42:20.888+05:30  WARN 37596 --- [hub-api] [y-1785215101795] l.r.l.service.MqttSubscriberService      : Rejected session telemetry for device M01 session S-PHASE03-001: session is not active
2026-07-28T10:42:21.085+05:30  WARN 37596 --- [hub-api] [y-1785215101795] l.r.l.service.MqttSubscriberService      : Rejected session telemetry for device M01 session S-PHASE03-001: session is not active
2026-07-28T10:42:21.302+05:30  WARN 37596 --- [hub-api] [y-1785215101795] l.r.l.service.MqttSubscriberService      : Rejected session telemetry for device M01 session S-PHASE03-001: session is not active
2026-07-28T10:42:21.521+05:30  WARN 37596 --- [hub-api] [y-1785215101795] l.r.l.service.MqttSubscriberService      : Rejected session telemetry for device M01 session S-PHASE03-001: session is not active
2026-07-28T10:42:21.587+05:30  INFO 37596 --- [hub-api] [y-1785215101795] l.r.l.service.MqttSubscriberService      : Processed MQTT heartbeat message for M01
2026-07-28T10:42:21.723+05:30  WARN 37596 --- [hub-api] [y-1785215101795] l.r.l.service.MqttSubscriberService      : Rejected session telemetry for device M01 session S-PHASE03-001: session is not active
2026-07-28T10:42:21.926+05:30  WARN 37596 --- [hub-api] [y-1785215101795] l.r.l.service.MqttSubscriberService      : Rejected session telemetry for device M01 session S-PHASE03-001: session is not active
2026-07-28T10:42:22.131+05:30  WARN 37596 --- [hub-api] [y-1785215101795] l.r.l.service.MqttSubscriberService      : Rejected session telemetry for device M01 session S-PHASE03-001: session is not active
2026-07-28T10:42:22.325+05:30  WARN 37596 --- [hub-api] [y-1785215101795] l.r.l.service.MqttSubscriberService      : Rejected session telemetry for device M01 session S-PHASE03-001: session is not active
2026-07-28T10:42:22.528+05:30  WARN 37596 --- [hub-api] [y-1785215101795] l.r.l.service.MqttSubscriberService      : Rejected session telemetry for device M01 session S-PHASE03-001: session is not active
2026-07-28T10:42:22.606+05:30  INFO 37596 --- [hub-api] [y-1785215101795] l.r.l.service.MqttSubscriberService      : Processed MQTT heartbeat message for M01
2026-07-28T10:42:22.738+05:30  WARN 37596 --- [hub-api] [y-1785215101795] l.r.l.service.MqttSubscriberService      : Rejected session telemetry for device M01 session S-PHASE03-001: session is not active
2026-07-28T10:42:22.942+05:30  WARN 37596 --- [hub-api] [y-1785215101795] l.r.l.service.MqttSubscriberService      : Rejected session telemetry for device M01 session S-PHASE03-001: session is not active
2026-07-28T10:42:23.138+05:30  WARN 37596 --- [hub-api] [y-1785215101795] l.r.l.service.MqttSubscriberService      : Rejected session telemetry for device M01 session S-PHASE03-001: session is not active
2026-07-28T10:42:23.340+05:30  WARN 37596 --- [hub-api] [y-1785215101795] l.r.l.service.MqttSubscriberService      : Rejected session telemetry for device M01 session S-PHASE03-001: session is not active
2026-07-28T10:42:23.555+05:30  WARN 37596 --- [hub-api] [y-1785215101795] l.r.l.service.MqttSubscriberService      : Rejected session telemetry for device M01 session S-PHASE03-001: session is not active
2026-07-28T10:42:23.610+05:30  INFO 37596 --- [hub-api] [y-1785215101795] l.r.l.service.MqttSubscriberService      : Processed MQTT heartbeat message for M01
2026-07-28T10:42:23.764+05:30  WARN 37596 --- [hub-api] [y-1785215101795] l.r.l.service.MqttSubscriberService      : Rejected session telemetry for device M01 session S-PHASE03-001: session is not active
2026-07-28T10:42:23.995+05:30  WARN 37596 --- [hub-api] [y-1785215101795] l.r.l.service.MqttSubscriberService      : Rejected session telemetry for device M01 session S-PHASE03-001: session is not active
2026-07-28T10:42:24.188+05:30  WARN 37596 --- [hub-api] [y-1785215101795] l.r.l.service.MqttSubscriberService      : Rejected session telemetry for device M01 session S-PHASE03-001: session is not active
2026-07-28T10:42:24.395+05:30  WARN 37596 --- [hub-api] [y-1785215101795] l.r.l.service.MqttSubscriberService      : Rejected session telemetry for device M01 session S-PHASE03-001: session is not active
2026-07-28T10:42:24.609+05:30  WARN 37596 --- [hub-api] [y-1785215101795] l.r.l.service.MqttSubscriberService      : Rejected session telemetry for device M01 session S-PHASE03-001: session is not active
2026-07-28T10:42:24.622+05:30  INFO 37596 --- [hub-api] [y-1785215101795] l.r.l.service.MqttSubscriberService      : Processed MQTT heartbeat message for M01
2026-07-28T10:42:24.809+05:30  WARN 37596 --- [hub-api] [y-1785215101795] l.r.l.service.MqttSubscriberService      : Rejected session telemetry for device M01 session S-PHASE03-001: session is not active
2026-07-28T10:42:25.022+05:30  WARN 37596 --- [hub-api] [y-1785215101795] l.r.l.service.MqttSubscriberService      : Rejected session telemetry for device M01 session S-PHASE03-001: session is not active
2026-07-28T10:42:25.229+05:30  WARN 37596 --- [hub-api] [y-1785215101795] l.r.l.service.MqttSubscriberService      : Rejected session telemetry for device M01 session S-PHASE03-001: session is not active
2026-07-28T10:42:25.419+05:30  WARN 37596 --- [hub-api] [y-1785215101795] l.r.l.service.MqttSubscriberService      : Rejected session telemetry for device M01 session S-PHASE03-001: session is not active
2026-07-28T10:42:25.621+05:30  INFO 37596 --- [hub-api] [y-1785215101795] l.r.l.service.MqttSubscriberService      : Processed MQTT heartbeat message for M01
2026-07-28T10:42:25.641+05:30  WARN 37596 --- [hub-api] [y-1785215101795] l.r.l.service.MqttSubscriberService      : Rejected session telemetry for device M01 session S-PHASE03-001: session is not active
2026-07-28T10:42:25.844+05:30  WARN 37596 --- [hub-api] [y-1785215101795] l.r.l.service.MqttSubscriberService      : Rejected session telemetry for device M01 session S-PHASE03-001: session is not active
2026-07-28T10:42:26.057+05:30  WARN 37596 --- [hub-api] [y-1785215101795] l.r.l.service.MqttSubscriberService      : Rejected session telemetry for device M01 session S-PHASE03-001: session is not active
2026-07-28T10:42:26.259+05:30  WARN 37596 --- [hub-api] [y-1785215101795] l.r.l.service.MqttSubscriberService      : Rejected session telemetry for device M01 session S-PHASE03-001: session is not active
2026-07-28T10:42:26.460+05:30  WARN 37596 --- [hub-api] [y-1785215101795] l.r.l.service.MqttSubscriberService      : Rejected session telemetry for device M01 session S-PHASE03-001: session is not active
2026-07-28T10:42:26.618+05:30  INFO 37596 --- [hub-api] [y-1785215101795] l.r.l.service.MqttSubscriberService      : Processed MQTT heartbeat message for M01
2026-07-28T10:42:26.653+05:30  WARN 37596 --- [hub-api] [y-1785215101795] l.r.l.service.MqttSubscriberService      : Rejected session telemetry for device M01 session S-PHASE03-001: session is not active
2026-07-28T10:42:26.864+05:30  WARN 37596 --- [hub-api] [y-1785215101795] l.r.l.service.MqttSubscriberService      : Rejected session telemetry for device M01 session S-PHASE03-001: session is not active
2026-07-28T10:42:27.071+05:30  WARN 37596 --- [hub-api] [y-1785215101795] l.r.l.service.MqttSubscriberService      : Rejected session telemetry for device M01 session S-PHASE03-001: session is not active
2026-07-28T10:42:27.280+05:30  WARN 37596 --- [hub-api] [y-1785215101795] l.r.l.service.MqttSubscriberService      : Rejected session telemetry for device M01 session S-PHASE03-001: session is not active
2026-07-28T10:42:27.493+05:30  WARN 37596 --- [hub-api] [y-1785215101795] l.r.l.service.MqttSubscriberService      : Rejected session telemetry for device M01 session S-PHASE03-001: session is not active
2026-07-28T10:42:27.633+05:30  INFO 37596 --- [hub-api] [y-1785215101795] l.r.l.service.MqttSubscriberService      : Processed MQTT heartbeat message for M01
2026-07-28T10:42:27.693+05:30  WARN 37596 --- [hub-api] [y-1785215101795] l.r.l.service.MqttSubscriberService      : Rejected session telemetry for device M01 session S-PHASE03-001: session is not active
2026-07-28T10:42:27.906+05:30  WARN 37596 --- [hub-api] [y-1785215101795] l.r.l.service.MqttSubscriberService      : Rejected session telemetry for device M01 session S-PHASE03-001: session is not active
2026-07-28T10:42:28.105+05:30  WARN 37596 --- [hub-api] [y-1785215101795] l.r.l.service.MqttSubscriberService      : Rejected session telemetry for device M01 session S-PHASE03-001: session is not active
2026-07-28T10:42:28.308+05:30  WARN 37596 --- [hub-api] [y-1785215101795] l.r.l.service.MqttSubscriberService      : Rejected session telemetry for device M01 session S-PHASE03-001: session is not active
2026-07-28T10:42:28.524+05:30  WARN 37596 --- [hub-api] [y-1785215101795] l.r.l.service.MqttSubscriberService      : Rejected session telemetry for device M01 session S-PHASE03-001: session is not active
2026-07-28T10:42:28.631+05:30  INFO 37596 --- [hub-api] [y-1785215101795] l.r.l.service.MqttSubscriberService      : Processed MQTT heartbeat message for M01
2026-07-28T10:42:28.720+05:30  WARN 37596 --- [hub-api] [y-1785215101795] l.r.l.service.MqttSubscriberService      : Rejected session telemetry for device M01 session S-PHASE03-001: session is not active
2026-07-28T10:42:28.922+05:30  WARN 37596 --- [hub-api] [y-1785215101795] l.r.l.service.MqttSubscriberService      : Rejected session telemetry for device M01 session S-PHASE03-001: session is not active
2026-07-28T10:42:29.126+05:30  WARN 37596 --- [hub-api] [y-1785215101795] l.r.l.service.MqttSubscriberService      : Rejected session telemetry for device M01 session S-PHASE03-001: session is not active
2026-07-28T10:42:29.346+05:30  WARN 37596 --- [hub-api] [y-1785215101795] l.r.l.service.MqttSubscriberService      : Rejected session telemetry for device M01 session S-PHASE03-001: session is not active
2026-07-28T10:42:29.562+05:30  WARN 37596 --- [hub-api] [y-1785215101795] l.r.l.service.MqttSubscriberService      : Rejected session telemetry for device M01 session S-PHASE03-001: session is not active
2026-07-28T10:42:29.635+05:30  INFO 37596 --- [hub-api] [y-1785215101795] l.r.l.service.MqttSubscriberService      : Processed MQTT heartbeat message for M01
2026-07-28T10:42:29.772+05:30  WARN 37596 --- [hub-api] [y-1785215101795] l.r.l.service.MqttSubscriberService      : Rejected session telemetry for device M01 session S-PHASE03-001: session is not active
2026-07-28T10:42:29.977+05:30  WARN 37596 --- [hub-api] [y-1785215101795] l.r.l.service.MqttSubscriberService      : Rejected session telemetry for device M01 session S-PHASE03-001: session is not active
2026-07-28T10:42:30.180+05:30  WARN 37596 --- [hub-api] [y-1785215101795] l.r.l.service.MqttSubscriberService      : Rejected session telemetry for device M01 session S-PHASE03-001: session is not active
2026-07-28T10:42:30.393+05:30  WARN 37596 --- [hub-api] [y-1785215101795] l.r.l.service.MqttSubscriberService      : Rejected session telemetry for device M01 session S-PHASE03-001: session is not active
2026-07-28T10:42:30.602+05:30  WARN 37596 --- [hub-api] [y-1785215101795] l.r.l.service.MqttSubscriberService      : Rejected session telemetry for device M01 session S-PHASE03-001: session is not active
2026-07-28T10:42:30.666+05:30  INFO 37596 --- [hub-api] [y-1785215101795] l.r.l.service.MqttSubscriberService      : Processed MQTT heartbeat message for M01
2026-07-28T10:42:30.810+05:30  WARN 37596 --- [hub-api] [y-1785215101795] l.r.l.service.MqttSubscriberService      : Rejected session telemetry for device M01 session S-PHASE03-001: session is not active
2026-07-28T10:42:31.025+05:30  WARN 37596 --- [hub-api] [y-1785215101795] l.r.l.service.MqttSubscriberService      : Rejected session telemetry for device M01 session S-PHASE03-001: session is not active
2026-07-28T10:42:31.220+05:30  WARN 37596 --- [hub-api] [y-1785215101795] l.r.l.service.MqttSubscriberService      : Rejected session telemetry for device M01 session S-PHASE03-001: session is not active
2026-07-28T10:42:31.434+05:30  WARN 37596 --- [hub-api] [y-1785215101795] l.r.l.service.MqttSubscriberService      : Rejected session telemetry for device M01 session S-PHASE03-001: session is not active
2026-07-28T10:42:31.644+05:30  WARN 37596 --- [hub-api] [y-1785215101795] l.r.l.service.MqttSubscriberService      : Rejected session telemetry for device M01 session S-PHASE03-001: session is not active
2026-07-28T10:42:31.657+05:30  INFO 37596 --- [hub-api] [y-1785215101795] l.r.l.service.MqttSubscriberService      : Processed MQTT heartbeat message for M01
2026-07-28T10:42:31.846+05:30  WARN 37596 --- [hub-api] [y-1785215101795] l.r.l.service.MqttSubscriberService      : Rejected session telemetry for device M01 session S-PHASE03-001: session is not active
2026-07-28T10:42:32.046+05:30  WARN 37596 --- [hub-api] [y-1785215101795] l.r.l.service.MqttSubscriberService      : Rejected session telemetry for device M01 session S-PHASE03-001: session is not active
2026-07-28T10:42:32.262+05:30  WARN 37596 --- [hub-api] [y-1785215101795] l.r.l.service.MqttSubscriberService      : Rejected session telemetry for device M01 session S-PHASE03-001: session is not active
2026-07-28T10:42:32.473+05:30  WARN 37596 --- [hub-api] [y-1785215101795] l.r.l.service.MqttSubscriberService      : Rejected session telemetry for device M01 session S-PHASE03-001: session is not active
2026-07-28T10:42:32.661+05:30  INFO 37596 --- [hub-api] [y-1785215101795] l.r.l.service.MqttSubscriberService      : Processed MQTT heartbeat message for M01
2026-07-28T10:42:32.675+05:30  WARN 37596 --- [hub-api] [y-1785215101795] l.r.l.service.MqttSubscriberService      : Rejected session telemetry for device M01 session S-PHASE03-001: session is not active
2026-07-28T10:42:32.878+05:30  WARN 37596 --- [hub-api] [y-1785215101795] l.r.l.service.MqttSubscriberService      : Rejected session telemetry for device M01 session S-PHASE03-001: session is not active
2026-07-28T10:42:33.084+05:30  WARN 37596 --- [hub-api] [y-1785215101795] l.r.l.service.MqttSubscriberService      : Rejected session telemetry for device M01 session S-PHASE03-001: session is not active
2026-07-28T10:42:33.301+05:30  WARN 37596 --- [hub-api] [y-1785215101795] l.r.l.service.MqttSubscriberService      : Rejected session telemetry for device M01 session S-PHASE03-001: session is not active
2026-07-28T10:42:33.519+05:30  WARN 37596 --- [hub-api] [y-1785215101795] l.r.l.service.MqttSubscriberService      : Rejected session telemetry for device M01 session S-PHASE03-001: session is not active
2026-07-28T10:42:33.675+05:30  INFO 37596 --- [hub-api] [y-1785215101795] l.r.l.service.MqttSubscriberService      : Processed MQTT heartbeat message for M01
2026-07-28T10:42:33.720+05:30  WARN 37596 --- [hub-api] [y-1785215101795] l.r.l.service.MqttSubscriberService      : Rejected session telemetry for device M01 session S-PHASE03-001: session is not active
2026-07-28T10:42:33.924+05:30  WARN 37596 --- [hub-api] [y-1785215101795] l.r.l.service.MqttSubscriberService      : Rejected session telemetry for device M01 session S-PHASE03-001: session is not active
2026-07-28T10:42:34.137+05:30  WARN 37596 --- [hub-api] [y-1785215101795] l.r.l.service.MqttSubscriberService      : Rejected session telemetry for device M01 session S-PHASE03-001: session is not active
2026-07-28T10:42:34.343+05:30  WARN 37596 --- [hub-api] [y-1785215101795] l.r.l.service.MqttSubscriberService      : Rejected session telemetry for device M01 session S-PHASE03-001: session is not active
2026-07-28T10:42:34.554+05:30  WARN 37596 --- [hub-api] [y-1785215101795] l.r.l.service.MqttSubscriberService      : Rejected session telemetry for device M01 session S-PHASE03-001: session is not active
2026-07-28T10:42:34.672+05:30  INFO 37596 --- [hub-api] [y-1785215101795] l.r.l.service.MqttSubscriberService      : Processed MQTT heartbeat message for M01
2026-07-28T10:42:34.753+05:30  WARN 37596 --- [hub-api] [y-1785215101795] l.r.l.service.MqttSubscriberService      : Rejected session telemetry for device M01 session S-PHASE03-001: session is not active
2026-07-28T10:42:34.961+05:30  WARN 37596 --- [hub-api] [y-1785215101795] l.r.l.service.MqttSubscriberService      : Rejected session telemetry for device M01 session S-PHASE03-001: session is not active
2026-07-28T10:42:35.164+05:30  WARN 37596 --- [hub-api] [y-1785215101795] l.r.l.service.MqttSubscriberService      : Rejected session telemetry for device M01 session S-PHASE03-001: session is not active
2026-07-28T10:42:35.356+05:30  WARN 37596 --- [hub-api] [y-1785215101795] l.r.l.service.MqttSubscriberService      : Rejected session telemetry for device M01 session S-PHASE03-001: session is not active
2026-07-28T10:42:35.564+05:30  WARN 37596 --- [hub-api] [y-1785215101795] l.r.l.service.MqttSubscriberService      : Rejected session telemetry for device M01 session S-PHASE03-001: session is not active
2026-07-28T10:42:35.669+05:30  INFO 37596 --- [hub-api] [y-1785215101795] l.r.l.service.MqttSubscriberService      : Processed MQTT heartbeat message for M01
2026-07-28T10:42:35.773+05:30  WARN 37596 --- [hub-api] [y-1785215101795] l.r.l.service.MqttSubscriberService      : Rejected session telemetry for device M01 session S-PHASE03-001: session is not active
2026-07-28T10:42:35.989+05:30  WARN 37596 --- [hub-api] [y-1785215101795] l.r.l.service.MqttSubscriberService      : Rejected session telemetry for device M01 session S-PHASE03-001: session is not active
2026-07-28T10:42:36.192+05:30  WARN 37596 --- [hub-api] [y-1785215101795] l.r.l.service.MqttSubscriberService      : Rejected session telemetry for device M01 session S-PHASE03-001: session is not active
2026-07-28T10:42:36.394+05:30  WARN 37596 --- [hub-api] [y-1785215101795] l.r.l.service.MqttSubscriberService      : Rejected session telemetry for device M01 session S-PHASE03-001: session is not active
2026-07-28T10:42:36.605+05:30  WARN 37596 --- [hub-api] [y-1785215101795] l.r.l.service.MqttSubscriberService      : Rejected session telemetry for device M01 session S-PHASE03-001: session is not active
2026-07-28T10:42:36.692+05:30  INFO 37596 --- [hub-api] [y-1785215101795] l.r.l.service.MqttSubscriberService      : Processed MQTT heartbeat message for M01
2026-07-28T10:42:36.813+05:30  WARN 37596 --- [hub-api] [y-1785215101795] l.r.l.service.MqttSubscriberService      : Rejected session telemetry for device M01 session S-PHASE03-001: session is not active
2026-07-28T10:42:37.026+05:30  WARN 37596 --- [hub-api] [y-1785215101795] l.r.l.service.MqttSubscriberService      : Rejected session telemetry for device M01 session S-PHASE03-001: session is not active
2026-07-28T10:42:37.228+05:30  WARN 37596 --- [hub-api] [y-1785215101795] l.r.l.service.MqttSubscriberService      : Rejected session telemetry for device M01 session S-PHASE03-001: session is not active
2026-07-28T10:42:37.442+05:30  WARN 37596 --- [hub-api] [y-1785215101795] l.r.l.service.MqttSubscriberService      : Rejected session telemetry for device M01 session S-PHASE03-001: session is not active
2026-07-28T10:42:37.637+05:30  WARN 37596 --- [hub-api] [y-1785215101795] l.r.l.service.MqttSubscriberService      : Rejected session telemetry for device M01 session S-PHASE03-001: session is not active
2026-07-28T10:42:37.686+05:30  INFO 37596 --- [hub-api] [y-1785215101795] l.r.l.service.MqttSubscriberService      : Processed MQTT heartbeat message for M01
2026-07-28T10:42:37.846+05:30  WARN 37596 --- [hub-api] [y-1785215101795] l.r.l.service.MqttSubscriberService      : Rejected session telemetry for device M01 session S-PHASE03-001: session is not active
2026-07-28T10:42:38.048+05:30  WARN 37596 --- [hub-api] [y-1785215101795] l.r.l.service.MqttSubscriberService      : Rejected session telemetry for device M01 session S-PHASE03-001: session is not active
2026-07-28T10:42:38.254+05:30  WARN 37596 --- [hub-api] [y-1785215101795] l.r.l.service.MqttSubscriberService      : Rejected session telemetry for device M01 session S-PHASE03-001: session is not active
2026-07-28T10:42:38.463+05:30  WARN 37596 --- [hub-api] [y-1785215101795] l.r.l.service.MqttSubscriberService      : Rejected session telemetry for device M01 session S-PHASE03-001: session is not active
2026-07-28T10:42:38.663+05:30  WARN 37596 --- [hub-api] [y-1785215101795] l.r.l.service.MqttSubscriberService      : Rejected session telemetry for device M01 session S-PHASE03-001: session is not active
2026-07-28T10:42:38.689+05:30  INFO 37596 --- [hub-api] [y-1785215101795] l.r.l.service.MqttSubscriberService      : Processed MQTT heartbeat message for M01
2026-07-28T10:42:38.875+05:30  WARN 37596 --- [hub-api] [y-1785215101795] l.r.l.service.MqttSubscriberService      : Rejected session telemetry for device M01 session S-PHASE03-001: session is not active
2026-07-28T10:42:39.082+05:30  WARN 37596 --- [hub-api] [y-1785215101795] l.r.l.service.MqttSubscriberService      : Rejected session telemetry for device M01 session S-PHASE03-001: session is not active
2026-07-28T10:42:39.293+05:30  WARN 37596 --- [hub-api] [y-1785215101795] l.r.l.service.MqttSubscriberService      : Rejected session telemetry for device M01 session S-PHASE03-001: session is not active
2026-07-28T10:42:39.497+05:30  WARN 37596 --- [hub-api] [y-1785215101795] l.r.l.service.MqttSubscriberService      : Rejected session telemetry for device M01 session S-PHASE03-001: session is not active
2026-07-28T10:42:39.694+05:30  INFO 37596 --- [hub-api] [y-1785215101795] l.r.l.service.MqttSubscriberService      : Processed MQTT heartbeat message for M01
2026-07-28T10:42:39.708+05:30  WARN 37596 --- [hub-api] [y-1785215101795] l.r.l.service.MqttSubscriberService      : Rejected session telemetry for device M01 session S-PHASE03-001: session is not active
2026-07-28T10:42:39.911+05:30  WARN 37596 --- [hub-api] [y-1785215101795] l.r.l.service.MqttSubscriberService      : Rejected session telemetry for device M01 session S-PHASE03-001: session is not active
2026-07-28T10:42:40.120+05:30  WARN 37596 --- [hub-api] [y-1785215101795] l.r.l.service.MqttSubscriberService      : Rejected session telemetry for device M01 session S-PHASE03-001: session is not active
2026-07-28T10:42:40.318+05:30  WARN 37596 --- [hub-api] [y-1785215101795] l.r.l.service.MqttSubscriberService      : Rejected session telemetry for device M01 session S-PHASE03-001: session is not active
2026-07-28T10:42:40.544+05:30  WARN 37596 --- [hub-api] [y-1785215101795] l.r.l.service.MqttSubscriberService      : Rejected session telemetry for device M01 session S-PHASE03-001: session is not active
2026-07-28T10:42:40.709+05:30  INFO 37596 --- [hub-api] [y-1785215101795] l.r.l.service.MqttSubscriberService      : Processed MQTT heartbeat message for M01
2026-07-28T10:42:40.755+05:30  WARN 37596 --- [hub-api] [y-1785215101795] l.r.l.service.MqttSubscriberService      : Rejected session telemetry for device M01 session S-PHASE03-001: session is not active
2026-07-28T10:42:40.960+05:30  WARN 37596 --- [hub-api] [y-1785215101795] l.r.l.service.MqttSubscriberService      : Rejected session telemetry for device M01 session S-PHASE03-001: session is not active
2026-07-28T10:42:41.160+05:30  WARN 37596 --- [hub-api] [y-1785215101795] l.r.l.service.MqttSubscriberService      : Rejected session telemetry for device M01 session S-PHASE03-001: session is not active
2026-07-28T10:42:41.361+05:30  WARN 37596 --- [hub-api] [y-1785215101795] l.r.l.service.MqttSubscriberService      : Rejected session telemetry for device M01 session S-PHASE03-001: session is not active
2026-07-28T10:42:41.573+05:30  WARN 37596 --- [hub-api] [y-1785215101795] l.r.l.service.MqttSubscriberService      : Rejected session telemetry for device M01 session S-PHASE03-001: session is not active
2026-07-28T10:42:41.709+05:30  INFO 37596 --- [hub-api] [y-1785215101795] l.r.l.service.MqttSubscriberService      : Processed MQTT heartbeat message for M01
2026-07-28T10:42:41.773+05:30  WARN 37596 --- [hub-api] [y-1785215101795] l.r.l.service.MqttSubscriberService      : Rejected session telemetry for device M01 session S-PHASE03-001: session is not active
2026-07-28T10:42:41.972+05:30  WARN 37596 --- [hub-api] [y-1785215101795] l.r.l.service.MqttSubscriberService      : Rejected session telemetry for device M01 session S-PHASE03-001: session is not active
2026-07-28T10:42:42.180+05:30  WARN 37596 --- [hub-api] [y-1785215101795] l.r.l.service.MqttSubscriberService      : Rejected session telemetry for device M01 session S-PHASE03-001: session is not active
2026-07-28T10:42:42.399+05:30  WARN 37596 --- [hub-api] [y-1785215101795] l.r.l.service.MqttSubscriberService      : Rejected session telemetry for device M01 session S-PHASE03-001: session is not active
2026-07-28T10:42:42.599+05:30  WARN 37596 --- [hub-api] [y-1785215101795] l.r.l.service.MqttSubscriberService      : Rejected session telemetry for device M01 session S-PHASE03-001: session is not active
2026-07-28T10:42:42.712+05:30  INFO 37596 --- [hub-api] [y-1785215101795] l.r.l.service.MqttSubscriberService      : Processed MQTT heartbeat message for M01
2026-07-28T10:42:42.810+05:30  WARN 37596 --- [hub-api] [y-1785215101795] l.r.l.service.MqttSubscriberService      : Rejected session telemetry for device M01 session S-PHASE03-001: session is not active
2026-07-28T10:42:43.013+05:30  WARN 37596 --- [hub-api] [y-1785215101795] l.r.l.service.MqttSubscriberService      : Rejected session telemetry for device M01 session S-PHASE03-001: session is not active
2026-07-28T10:42:43.219+05:30  WARN 37596 --- [hub-api] [y-1785215101795] l.r.l.service.MqttSubscriberService      : Rejected session telemetry for device M01 session S-PHASE03-001: session is not active
2026-07-28T10:42:43.428+05:30  WARN 37596 --- [hub-api] [y-1785215101795] l.r.l.service.MqttSubscriberService      : Rejected session telemetry for device M01 session S-PHASE03-001: session is not active
2026-07-28T10:42:43.637+05:30  WARN 37596 --- [hub-api] [y-1785215101795] l.r.l.service.MqttSubscriberService      : Rejected session telemetry for device M01 session S-PHASE03-001: session is not active
2026-07-28T10:42:43.722+05:30  INFO 37596 --- [hub-api] [y-1785215101795] l.r.l.service.MqttSubscriberService      : Processed MQTT heartbeat message for M01
2026-07-28T10:42:43.855+05:30  WARN 37596 --- [hub-api] [y-1785215101795] l.r.l.service.MqttSubscriberService      : Rejected session telemetry for device M01 session S-PHASE03-001: session is not active
2026-07-28T10:42:44.055+05:30  WARN 37596 --- [hub-api] [y-1785215101795] l.r.l.service.MqttSubscriberService      : Rejected session telemetry for device M01 session S-PHASE03-001: session is not active
2026-07-28T10:42:44.271+05:30  WARN 37596 --- [hub-api] [y-1785215101795] l.r.l.service.MqttSubscriberService      : Rejected session telemetry for device M01 session S-PHASE03-001: session is not active
2026-07-28T10:42:44.471+05:30  WARN 37596 --- [hub-api] [y-1785215101795] l.r.l.service.MqttSubscriberService      : Rejected session telemetry for device M01 session S-PHASE03-001: session is not active
2026-07-28T10:42:44.674+05:30  WARN 37596 --- [hub-api] [y-1785215101795] l.r.l.service.MqttSubscriberService      : Rejected session telemetry for device M01 session S-PHASE03-001: session is not active
2026-07-28T10:42:44.737+05:30  INFO 37596 --- [hub-api] [y-1785215101795] l.r.l.service.MqttSubscriberService      : Processed MQTT heartbeat message for M01
2026-07-28T10:42:44.873+05:30  WARN 37596 --- [hub-api] [y-1785215101795] l.r.l.service.MqttSubscriberService      : Rejected session telemetry for device M01 session S-PHASE03-001: session is not active
2026-07-28T10:42:45.092+05:30  WARN 37596 --- [hub-api] [y-1785215101795] l.r.l.service.MqttSubscriberService      : Rejected session telemetry for device M01 session S-PHASE03-001: session is not active
2026-07-28T10:42:45.285+05:30  WARN 37596 --- [hub-api] [y-1785215101795] l.r.l.service.MqttSubscriberService      : Rejected session telemetry for device M01 session S-PHASE03-001: session is not active
2026-07-28T10:42:45.494+05:30  WARN 37596 --- [hub-api] [y-1785215101795] l.r.l.service.MqttSubscriberService      : Rejected session telemetry for device M01 session S-PHASE03-001: session is not active
2026-07-28T10:42:45.701+05:30  WARN 37596 --- [hub-api] [y-1785215101795] l.r.l.service.MqttSubscriberService      : Rejected session telemetry for device M01 session S-PHASE03-001: session is not active
2026-07-28T10:42:45.745+05:30  INFO 37596 --- [hub-api] [y-1785215101795] l.r.l.service.MqttSubscriberService      : Processed MQTT heartbeat message for M01
2026-07-28T10:42:45.919+05:30  WARN 37596 --- [hub-api] [y-1785215101795] l.r.l.service.MqttSubscriberService      : Rejected session telemetry for device M01 session S-PHASE03-001: session is not active
2026-07-28T10:42:46.142+05:30  WARN 37596 --- [hub-api] [y-1785215101795] l.r.l.service.MqttSubscriberService      : Rejected session telemetry for device M01 session S-PHASE03-001: session is not active
2026-07-28T10:42:46.348+05:30  WARN 37596 --- [hub-api] [y-1785215101795] l.r.l.service.MqttSubscriberService      : Rejected session telemetry for device M01 session S-PHASE03-001: session is not active
2026-07-28T10:42:46.552+05:30  WARN 37596 --- [hub-api] [y-1785215101795] l.r.l.service.MqttSubscriberService      : Rejected session telemetry for device M01 session S-PHASE03-001: session is not active
2026-07-28T10:42:46.757+05:30  INFO 37596 --- [hub-api] [y-1785215101795] l.r.l.service.MqttSubscriberService      : Processed MQTT heartbeat message for M01
2026-07-28T10:42:46.763+05:30  WARN 37596 --- [hub-api] [y-1785215101795] l.r.l.service.MqttSubscriberService      : Rejected session telemetry for device M01 session S-PHASE03-001: session is not active
2026-07-28T10:42:46.958+05:30  WARN 37596 --- [hub-api] [y-1785215101795] l.r.l.service.MqttSubscriberService      : Rejected session telemetry for device M01 session S-PHASE03-001: session is not active
2026-07-28T10:42:47.169+05:30  WARN 37596 --- [hub-api] [y-1785215101795] l.r.l.service.MqttSubscriberService      : Rejected session telemetry for device M01 session S-PHASE03-001: session is not active
2026-07-28T10:42:47.371+05:30  WARN 37596 --- [hub-api] [y-1785215101795] l.r.l.service.MqttSubscriberService      : Rejected session telemetry for device M01 session S-PHASE03-001: session is not active
2026-07-28T10:42:47.577+05:30  WARN 37596 --- [hub-api] [y-1785215101795] l.r.l.service.MqttSubscriberService      : Rejected session telemetry for device M01 session S-PHASE03-001: session is not active
2026-07-28T10:42:47.759+05:30  INFO 37596 --- [hub-api] [y-1785215101795] l.r.l.service.MqttSubscriberService      : Processed MQTT heartbeat message for M01
2026-07-28T10:42:47.796+05:30  WARN 37596 --- [hub-api] [y-1785215101795] l.r.l.service.MqttSubscriberService      : Rejected session telemetry for device M01 session S-PHASE03-001: session is not active
2026-07-28T10:42:48.008+05:30  WARN 37596 --- [hub-api] [y-1785215101795] l.r.l.service.MqttSubscriberService      : Rejected session telemetry for device M01 session S-PHASE03-001: session is not active
2026-07-28T10:42:48.209+05:30  WARN 37596 --- [hub-api] [y-1785215101795] l.r.l.service.MqttSubscriberService      : Rejected session telemetry for device M01 session S-PHASE03-001: session is not active
2026-07-28T10:42:48.402+05:30  WARN 37596 --- [hub-api] [y-1785215101795] l.r.l.service.MqttSubscriberService      : Rejected session telemetry for device M01 session S-PHASE03-001: session is not active
2026-07-28T10:42:48.614+05:30  WARN 37596 --- [hub-api] [y-1785215101795] l.r.l.service.MqttSubscriberService      : Rejected session telemetry for device M01 session S-PHASE03-001: session is not active
2026-07-28T10:42:48.768+05:30  INFO 37596 --- [hub-api] [y-1785215101795] l.r.l.service.MqttSubscriberService      : Processed MQTT heartbeat message for M01
2026-07-28T10:42:48.820+05:30  WARN 37596 --- [hub-api] [y-1785215101795] l.r.l.service.MqttSubscriberService      : Rejected session telemetry for device M01 session S-PHASE03-001: session is not active
2026-07-28T10:42:49.037+05:30  WARN 37596 --- [hub-api] [y-1785215101795] l.r.l.service.MqttSubscriberService      : Rejected session telemetry for device M01 session S-PHASE03-001: session is not active
2026-07-28T10:42:49.244+05:30  WARN 37596 --- [hub-api] [y-1785215101795] l.r.l.service.MqttSubscriberService      : Rejected session telemetry for device M01 session S-PHASE03-001: session is not active
2026-07-28T10:42:49.452+05:30  WARN 37596 --- [hub-api] [y-1785215101795] l.r.l.service.MqttSubscriberService      : Rejected session telemetry for device M01 session S-PHASE03-001: session is not active
2026-07-28T10:42:49.657+05:30  WARN 37596 --- [hub-api] [y-1785215101795] l.r.l.service.MqttSubscriberService      : Rejected session telemetry for device M01 session S-PHASE03-001: session is not active
2026-07-28T10:42:49.788+05:30  INFO 37596 --- [hub-api] [y-1785215101795] l.r.l.service.MqttSubscriberService      : Processed MQTT heartbeat message for M01
2026-07-28T10:42:49.863+05:30  WARN 37596 --- [hub-api] [y-1785215101795] l.r.l.service.MqttSubscriberService      : Rejected session telemetry for device M01 session S-PHASE03-001: session is not active
2026-07-28T10:42:50.053+05:30  WARN 37596 --- [hub-api] [y-1785215101795] l.r.l.service.MqttSubscriberService      : Rejected session telemetry for device M01 session S-PHASE03-001: session is not active
2026-07-28T10:42:50.270+05:30  WARN 37596 --- [hub-api] [y-1785215101795] l.r.l.service.MqttSubscriberService      : Rejected session telemetry for device M01 session S-PHASE03-001: session is not active
2026-07-28T10:42:50.466+05:30  WARN 37596 --- [hub-api] [y-1785215101795] l.r.l.service.MqttSubscriberService      : Rejected session telemetry for device M01 session S-PHASE03-001: session is not active
2026-07-28T10:42:50.673+05:30  WARN 37596 --- [hub-api] [y-1785215101795] l.r.l.service.MqttSubscriberService      : Rejected session telemetry for device M01 session S-PHASE03-001: session is not active
2026-07-28T10:42:50.791+05:30  INFO 37596 --- [hub-api] [y-1785215101795] l.r.l.service.MqttSubscriberService      : Processed MQTT heartbeat message for M01
2026-07-28T10:42:50.868+05:30  WARN 37596 --- [hub-api] [y-1785215101795] l.r.l.service.MqttSubscriberService      : Rejected session telemetry for device M01 session S-PHASE03-001: session is not active
2026-07-28T10:42:51.068+05:30  WARN 37596 --- [hub-api] [y-1785215101795] l.r.l.service.MqttSubscriberService      : Rejected session telemetry for device M01 session S-PHASE03-001: session is not active
2026-07-28T10:42:51.287+05:30  WARN 37596 --- [hub-api] [y-1785215101795] l.r.l.service.MqttSubscriberService      : Rejected session telemetry for device M01 session S-PHASE03-001: session is not active
2026-07-28T10:42:51.490+05:30  WARN 37596 --- [hub-api] [y-1785215101795] l.r.l.service.MqttSubscriberService      : Rejected session telemetry for device M01 session S-PHASE03-001: session is not active
2026-07-28T10:42:51.695+05:30  WARN 37596 --- [hub-api] [y-1785215101795] l.r.l.service.MqttSubscriberService      : Rejected session telemetry for device M01 session S-PHASE03-001: session is not active
2026-07-28T10:42:51.803+05:30  INFO 37596 --- [hub-api] [y-1785215101795] l.r.l.service.MqttSubscriberService      : Processed MQTT heartbeat message for M01
2026-07-28T10:42:51.910+05:30  WARN 37596 --- [hub-api] [y-1785215101795] l.r.l.service.MqttSubscriberService      : Rejected session telemetry for device M01 session S-PHASE03-001: session is not active
2026-07-28T10:42:52.138+05:30  WARN 37596 --- [hub-api] [y-1785215101795] l.r.l.service.MqttSubscriberService      : Rejected session telemetry for device M01 session S-PHASE03-001: session is not active
2026-07-28T10:42:52.340+05:30  WARN 37596 --- [hub-api] [y-1785215101795] l.r.l.service.MqttSubscriberService      : Rejected session telemetry for device M01 session S-PHASE03-001: session is not active
2026-07-28T10:42:52.543+05:30  WARN 37596 --- [hub-api] [y-1785215101795] l.r.l.service.MqttSubscriberService      : Rejected session telemetry for device M01 session S-PHASE03-001: session is not active
2026-07-28T10:42:52.755+05:30  WARN 37596 --- [hub-api] [y-1785215101795] l.r.l.service.MqttSubscriberService      : Rejected session telemetry for device M01 session S-PHASE03-001: session is not active
2026-07-28T10:42:52.802+05:30  INFO 37596 --- [hub-api] [y-1785215101795] l.r.l.service.MqttSubscriberService      : Processed MQTT heartbeat message for M01
2026-07-28T10:42:52.960+05:30  WARN 37596 --- [hub-api] [y-1785215101795] l.r.l.service.MqttSubscriberService      : Rejected session telemetry for device M01 session S-PHASE03-001: session is not active
2026-07-28T10:42:53.160+05:30  WARN 37596 --- [hub-api] [y-1785215101795] l.r.l.service.MqttSubscriberService      : Rejected session telemetry for device M01 session S-PHASE03-001: session is not active
2026-07-28T10:42:53.364+05:30  WARN 37596 --- [hub-api] [y-1785215101795] l.r.l.service.MqttSubscriberService      : Rejected session telemetry for device M01 session S-PHASE03-001: session is not active
2026-07-28T10:42:53.568+05:30  WARN 37596 --- [hub-api] [y-1785215101795] l.r.l.service.MqttSubscriberService      : Rejected session telemetry for device M01 session S-PHASE03-001: session is not active
2026-07-28T10:42:53.770+05:30  WARN 37596 --- [hub-api] [y-1785215101795] l.r.l.service.MqttSubscriberService      : Rejected session telemetry for device M01 session S-PHASE03-001: session is not active
2026-07-28T10:42:53.809+05:30  INFO 37596 --- [hub-api] [y-1785215101795] l.r.l.service.MqttSubscriberService      : Processed MQTT heartbeat message for M01
2026-07-28T10:42:53.976+05:30  WARN 37596 --- [hub-api] [y-1785215101795] l.r.l.service.MqttSubscriberService      : Rejected session telemetry for device M01 session S-PHASE03-001: session is not active
2026-07-28T10:42:54.174+05:30  WARN 37596 --- [hub-api] [y-1785215101795] l.r.l.service.MqttSubscriberService      : Rejected session telemetry for device M01 session S-PHASE03-001: session is not active
2026-07-28T10:42:54.388+05:30  WARN 37596 --- [hub-api] [y-1785215101795] l.r.l.service.MqttSubscriberService      : Rejected session telemetry for device M01 session S-PHASE03-001: session is not active
2026-07-28T10:42:54.603+05:30  WARN 37596 --- [hub-api] [y-1785215101795] l.r.l.service.MqttSubscriberService      : Rejected session telemetry for device M01 session S-PHASE03-001: session is not active
2026-07-28T10:42:54.819+05:30  WARN 37596 --- [hub-api] [y-1785215101795] l.r.l.service.MqttSubscriberService      : Rejected session telemetry for device M01 session S-PHASE03-001: session is not active
2026-07-28T10:42:54.826+05:30  INFO 37596 --- [hub-api] [y-1785215101795] l.r.l.service.MqttSubscriberService      : Processed MQTT heartbeat message for M01
2026-07-28T10:42:55.026+05:30  WARN 37596 --- [hub-api] [y-1785215101795] l.r.l.service.MqttSubscriberService      : Rejected session telemetry for device M01 session S-PHASE03-001: session is not active
2026-07-28T10:42:55.243+05:30  WARN 37596 --- [hub-api] [y-1785215101795] l.r.l.service.MqttSubscriberService      : Rejected session telemetry for device M01 session S-PHASE03-001: session is not active
2026-07-28T10:42:55.459+05:30  WARN 37596 --- [hub-api] [y-1785215101795] l.r.l.service.MqttSubscriberService      : Rejected session telemetry for device M01 session S-PHASE03-001: session is not active
2026-07-28T10:42:55.653+05:30  WARN 37596 --- [hub-api] [y-1785215101795] l.r.l.service.MqttSubscriberService      : Rejected session telemetry for device M01 session S-PHASE03-001: session is not active
2026-07-28T10:42:55.827+05:30  INFO 37596 --- [hub-api] [y-1785215101795] l.r.l.service.MqttSubscriberService      : Processed MQTT heartbeat message for M01
2026-07-28T10:42:55.872+05:30  WARN 37596 --- [hub-api] [y-1785215101795] l.r.l.service.MqttSubscriberService      : Rejected session telemetry for device M01 session S-PHASE03-001: session is not active
2026-07-28T10:42:56.089+05:30  WARN 37596 --- [hub-api] [y-1785215101795] l.r.l.service.MqttSubscriberService      : Rejected session telemetry for device M01 session S-PHASE03-001: session is not active
2026-07-28T10:42:56.293+05:30  WARN 37596 --- [hub-api] [y-1785215101795] l.r.l.service.MqttSubscriberService      : Rejected session telemetry for device M01 session S-PHASE03-001: session is not active
2026-07-28T10:42:56.508+05:30  WARN 37596 --- [hub-api] [y-1785215101795] l.r.l.service.MqttSubscriberService      : Rejected session telemetry for device M01 session S-PHASE03-001: session is not active
2026-07-28T10:42:56.701+05:30  WARN 37596 --- [hub-api] [y-1785215101795] l.r.l.service.MqttSubscriberService      : Rejected session telemetry for device M01 session S-PHASE03-001: session is not active
2026-07-28T10:42:56.836+05:30  INFO 37596 --- [hub-api] [y-1785215101795] l.r.l.service.MqttSubscriberService      : Processed MQTT heartbeat message for M01
2026-07-28T10:42:56.925+05:30  WARN 37596 --- [hub-api] [y-1785215101795] l.r.l.service.MqttSubscriberService      : Rejected session telemetry for device M01 session S-PHASE03-001: session is not active
2026-07-28T10:42:57.133+05:30  WARN 37596 --- [hub-api] [y-1785215101795] l.r.l.service.MqttSubscriberService      : Rejected session telemetry for device M01 session S-PHASE03-001: session is not active
2026-07-28T10:42:57.343+05:30  WARN 37596 --- [hub-api] [y-1785215101795] l.r.l.service.MqttSubscriberService      : Rejected session telemetry for device M01 session S-PHASE03-001: session is not active
2026-07-28T10:42:57.558+05:30  WARN 37596 --- [hub-api] [y-1785215101795] l.r.l.service.MqttSubscriberService      : Rejected session telemetry for device M01 session S-PHASE03-001: session is not active
2026-07-28T10:42:57.771+05:30  WARN 37596 --- [hub-api] [y-1785215101795] l.r.l.service.MqttSubscriberService      : Rejected session telemetry for device M01 session S-PHASE03-001: session is not active
2026-07-28T10:42:57.852+05:30  INFO 37596 --- [hub-api] [y-1785215101795] l.r.l.service.MqttSubscriberService      : Processed MQTT heartbeat message for M01
2026-07-28T10:42:57.971+05:30  WARN 37596 --- [hub-api] [y-1785215101795] l.r.l.service.MqttSubscriberService      : Rejected session telemetry for device M01 session S-PHASE03-001: session is not active
2026-07-28T10:42:58.189+05:30  WARN 37596 --- [hub-api] [y-1785215101795] l.r.l.service.MqttSubscriberService      : Rejected session telemetry for device M01 session S-PHASE03-001: session is not active
2026-07-28T10:42:58.385+05:30  WARN 37596 --- [hub-api] [y-1785215101795] l.r.l.service.MqttSubscriberService      : Rejected session telemetry for device M01 session S-PHASE03-001: session is not active
2026-07-28T10:42:58.597+05:30  WARN 37596 --- [hub-api] [y-1785215101795] l.r.l.service.MqttSubscriberService      : Rejected session telemetry for device M01 session S-PHASE03-001: session is not active
2026-07-28T10:42:58.801+05:30  WARN 37596 --- [hub-api] [y-1785215101795] l.r.l.service.MqttSubscriberService      : Rejected session telemetry for device M01 session S-PHASE03-001: session is not active
2026-07-28T10:42:58.861+05:30  INFO 37596 --- [hub-api] [y-1785215101795] l.r.l.service.MqttSubscriberService      : Processed MQTT heartbeat message for M01
2026-07-28T10:42:59.010+05:30  WARN 37596 --- [hub-api] [y-1785215101795] l.r.l.service.MqttSubscriberService      : Rejected session telemetry for device M01 session S-PHASE03-001: session is not active
2026-07-28T10:42:59.210+05:30  WARN 37596 --- [hub-api] [y-1785215101795] l.r.l.service.MqttSubscriberService      : Rejected session telemetry for device M01 session S-PHASE03-001: session is not active
2026-07-28T10:42:59.421+05:30  WARN 37596 --- [hub-api] [y-1785215101795] l.r.l.service.MqttSubscriberService      : Rejected session telemetry for device M01 session S-PHASE03-001: session is not active
2026-07-28T10:42:59.631+05:30  WARN 37596 --- [hub-api] [y-1785215101795] l.r.l.service.MqttSubscriberService      : Rejected session telemetry for device M01 session S-PHASE03-001: session is not active
2026-07-28T10:42:59.844+05:30  WARN 37596 --- [hub-api] [y-1785215101795] l.r.l.service.MqttSubscriberService      : Rejected session telemetry for device M01 session S-PHASE03-001: session is not active
2026-07-28T10:42:59.861+05:30  INFO 37596 --- [hub-api] [y-1785215101795] l.r.l.service.MqttSubscriberService      : Processed MQTT heartbeat message for M01
2026-07-28T10:43:00.059+05:30  WARN 37596 --- [hub-api] [y-1785215101795] l.r.l.service.MqttSubscriberService      : Rejected session telemetry for device M01 session S-PHASE03-001: session is not active
2026-07-28T10:43:00.278+05:30  WARN 37596 --- [hub-api] [y-1785215101795] l.r.l.service.MqttSubscriberService      : Rejected session telemetry for device M01 session S-PHASE03-001: session is not active
2026-07-28T10:43:00.507+05:30  WARN 37596 --- [hub-api] [y-1785215101795] l.r.l.service.MqttSubscriberService      : Rejected session telemetry for device M01 session S-PHASE03-001: session is not active
2026-07-28T10:43:00.702+05:30  WARN 37596 --- [hub-api] [y-1785215101795] l.r.l.service.MqttSubscriberService      : Rejected session telemetry for device M01 session S-PHASE03-001: session is not active
2026-07-28T10:43:00.868+05:30  INFO 37596 --- [hub-api] [y-1785215101795] l.r.l.service.MqttSubscriberService      : Processed MQTT heartbeat message for M01
2026-07-28T10:43:00.911+05:30  WARN 37596 --- [hub-api] [y-1785215101795] l.r.l.service.MqttSubscriberService      : Rejected session telemetry for device M01 session S-PHASE03-001: session is not active
2026-07-28T10:43:01.102+05:30  WARN 37596 --- [hub-api] [y-1785215101795] l.r.l.service.MqttSubscriberService      : Rejected session telemetry for device M01 session S-PHASE03-001: session is not active
2026-07-28T10:43:01.333+05:30  WARN 37596 --- [hub-api] [y-1785215101795] l.r.l.service.MqttSubscriberService      : Rejected session telemetry for device M01 session S-PHASE03-001: session is not active
2026-07-28T10:43:01.544+05:30  WARN 37596 --- [hub-api] [y-1785215101795] l.r.l.service.MqttSubscriberService      : Rejected session telemetry for device M01 session S-PHASE03-001: session is not active
2026-07-28T10:43:01.759+05:30  WARN 37596 --- [hub-api] [y-1785215101795] l.r.l.service.MqttSubscriberService      : Rejected session telemetry for device M01 session S-PHASE03-001: session is not active
2026-07-28T10:43:01.875+05:30  INFO 37596 --- [hub-api] [y-1785215101795] l.r.l.service.MqttSubscriberService      : Processed MQTT heartbeat message for M01
2026-07-28T10:43:01.957+05:30  WARN 37596 --- [hub-api] [y-1785215101795] l.r.l.service.MqttSubscriberService      : Rejected session telemetry for device M01 session S-PHASE03-001: session is not active
2026-07-28T10:43:02.174+05:30  WARN 37596 --- [hub-api] [y-1785215101795] l.r.l.service.MqttSubscriberService      : Rejected session telemetry for device M01 session S-PHASE03-001: session is not active
2026-07-28T10:43:02.376+05:30  WARN 37596 --- [hub-api] [y-1785215101795] l.r.l.service.MqttSubscriberService      : Rejected session telemetry for device M01 session S-PHASE03-001: session is not active
2026-07-28T10:43:02.576+05:30  WARN 37596 --- [hub-api] [y-1785215101795] l.r.l.service.MqttSubscriberService      : Rejected session telemetry for device M01 session S-PHASE03-001: session is not active
2026-07-28T10:43:02.787+05:30  WARN 37596 --- [hub-api] [y-1785215101795] l.r.l.service.MqttSubscriberService      : Rejected session telemetry for device M01 session S-PHASE03-001: session is not active
2026-07-28T10:43:02.891+05:30  INFO 37596 --- [hub-api] [y-1785215101795] l.r.l.service.MqttSubscriberService      : Processed MQTT heartbeat message for M01
2026-07-28T10:43:02.993+05:30  WARN 37596 --- [hub-api] [y-1785215101795] l.r.l.service.MqttSubscriberService      : Rejected session telemetry for device M01 session S-PHASE03-001: session is not active
2026-07-28T10:43:03.194+05:30  WARN 37596 --- [hub-api] [y-1785215101795] l.r.l.service.MqttSubscriberService      : Rejected session telemetry for device M01 session S-PHASE03-001: session is not active
2026-07-28T10:43:03.388+05:30  WARN 37596 --- [hub-api] [y-1785215101795] l.r.l.service.MqttSubscriberService      : Rejected session telemetry for device M01 session S-PHASE03-001: session is not active
2026-07-28T10:43:03.604+05:30  WARN 37596 --- [hub-api] [y-1785215101795] l.r.l.service.MqttSubscriberService      : Rejected session telemetry for device M01 session S-PHASE03-001: session is not active
2026-07-28T10:43:03.826+05:30  WARN 37596 --- [hub-api] [y-1785215101795] l.r.l.service.MqttSubscriberService      : Rejected session telemetry for device M01 session S-PHASE03-001: session is not active
2026-07-28T10:43:03.891+05:30  INFO 37596 --- [hub-api] [y-1785215101795] l.r.l.service.MqttSubscriberService      : Processed MQTT heartbeat message for M01
2026-07-28T10:43:04.026+05:30  WARN 37596 --- [hub-api] [y-1785215101795] l.r.l.service.MqttSubscriberService      : Rejected session telemetry for device M01 session S-PHASE03-001: session is not active
2026-07-28T10:43:04.240+05:30  WARN 37596 --- [hub-api] [y-1785215101795] l.r.l.service.MqttSubscriberService      : Rejected session telemetry for device M01 session S-PHASE03-001: session is not active
2026-07-28T10:43:04.442+05:30  WARN 37596 --- [hub-api] [y-1785215101795] l.r.l.service.MqttSubscriberService      : Rejected session telemetry for device M01 session S-PHASE03-001: session is not active
2026-07-28T10:43:04.642+05:30  WARN 37596 --- [hub-api] [y-1785215101795] l.r.l.service.MqttSubscriberService      : Rejected session telemetry for device M01 session S-PHASE03-001: session is not active
2026-07-28T10:43:04.862+05:30  WARN 37596 --- [hub-api] [y-1785215101795] l.r.l.service.MqttSubscriberService      : Rejected session telemetry for device M01 session S-PHASE03-001: session is not active
2026-07-28T10:43:04.904+05:30  INFO 37596 --- [hub-api] [y-1785215101795] l.r.l.service.MqttSubscriberService      : Processed MQTT heartbeat message for M01
2026-07-28T10:43:05.060+05:30  WARN 37596 --- [hub-api] [y-1785215101795] l.r.l.service.MqttSubscriberService      : Rejected session telemetry for device M01 session S-PHASE03-001: session is not active
2026-07-28T10:43:05.274+05:30  WARN 37596 --- [hub-api] [y-1785215101795] l.r.l.service.MqttSubscriberService      : Rejected session telemetry for device M01 session S-PHASE03-001: session is not active
2026-07-28T10:43:05.476+05:30  WARN 37596 --- [hub-api] [y-1785215101795] l.r.l.service.MqttSubscriberService      : Rejected session telemetry for device M01 session S-PHASE03-001: session is not active
2026-07-28T10:43:05.686+05:30  WARN 37596 --- [hub-api] [y-1785215101795] l.r.l.service.MqttSubscriberService      : Rejected session telemetry for device M01 session S-PHASE03-001: session is not active
2026-07-28T10:43:05.903+05:30  WARN 37596 --- [hub-api] [y-1785215101795] l.r.l.service.MqttSubscriberService      : Rejected session telemetry for device M01 session S-PHASE03-001: session is not active
2026-07-28T10:43:05.917+05:30  INFO 37596 --- [hub-api] [y-1785215101795] l.r.l.service.MqttSubscriberService      : Processed MQTT heartbeat message for M01
2026-07-28T10:43:06.111+05:30  WARN 37596 --- [hub-api] [y-1785215101795] l.r.l.service.MqttSubscriberService      : Rejected session telemetry for device M01 session S-PHASE03-001: session is not active
2026-07-28T10:43:06.325+05:30  WARN 37596 --- [hub-api] [y-1785215101795] l.r.l.service.MqttSubscriberService      : Rejected session telemetry for device M01 session S-PHASE03-001: session is not active
2026-07-28T10:43:06.526+05:30  WARN 37596 --- [hub-api] [y-1785215101795] l.r.l.service.MqttSubscriberService      : Rejected session telemetry for device M01 session S-PHASE03-001: session is not active
2026-07-28T10:43:06.741+05:30  WARN 37596 --- [hub-api] [y-1785215101795] l.r.l.service.MqttSubscriberService      : Rejected session telemetry for device M01 session S-PHASE03-001: session is not active
2026-07-28T10:43:06.908+05:30  INFO 37596 --- [hub-api] [y-1785215101795] l.r.l.service.MqttSubscriberService      : Processed MQTT heartbeat message for M01
2026-07-28T10:43:06.941+05:30  WARN 37596 --- [hub-api] [y-1785215101795] l.r.l.service.MqttSubscriberService      : Rejected session telemetry for device M01 session S-PHASE03-001: session is not active
2026-07-28T10:43:07.141+05:30  WARN 37596 --- [hub-api] [y-1785215101795] l.r.l.service.MqttSubscriberService      : Rejected session telemetry for device M01 session S-PHASE03-001: session is not active
2026-07-28T10:43:07.348+05:30  WARN 37596 --- [hub-api] [y-1785215101795] l.r.l.service.MqttSubscriberService      : Rejected session telemetry for device M01 session S-PHASE03-001: session is not active
2026-07-28T10:43:07.554+05:30  WARN 37596 --- [hub-api] [y-1785215101795] l.r.l.service.MqttSubscriberService      : Rejected session telemetry for device M01 session S-PHASE03-001: session is not active
2026-07-28T10:43:07.754+05:30  WARN 37596 --- [hub-api] [y-1785215101795] l.r.l.service.MqttSubscriberService      : Rejected session telemetry for device M01 session S-PHASE03-001: session is not active
2026-07-28T10:43:07.919+05:30  INFO 37596 --- [hub-api] [y-1785215101795] l.r.l.service.MqttSubscriberService      : Processed MQTT heartbeat message for M01
2026-07-28T10:43:07.962+05:30  WARN 37596 --- [hub-api] [y-1785215101795] l.r.l.service.MqttSubscriberService      : Rejected session telemetry for device M01 session S-PHASE03-001: session is not active
2026-07-28T10:43:08.174+05:30  WARN 37596 --- [hub-api] [y-1785215101795] l.r.l.service.MqttSubscriberService      : Rejected session telemetry for device M01 session S-PHASE03-001: session is not active
2026-07-28T10:43:08.378+05:30  WARN 37596 --- [hub-api] [y-1785215101795] l.r.l.service.MqttSubscriberService      : Rejected session telemetry for device M01 session S-PHASE03-001: session is not active
2026-07-28T10:43:08.591+05:30  WARN 37596 --- [hub-api] [y-1785215101795] l.r.l.service.MqttSubscriberService      : Rejected session telemetry for device M01 session S-PHASE03-001: session is not active
2026-07-28T10:43:08.792+05:30  WARN 37596 --- [hub-api] [y-1785215101795] l.r.l.service.MqttSubscriberService      : Rejected session telemetry for device M01 session S-PHASE03-001: session is not active
2026-07-28T10:43:08.926+05:30  INFO 37596 --- [hub-api] [y-1785215101795] l.r.l.service.MqttSubscriberService      : Processed MQTT heartbeat message for M01
2026-07-28T10:43:08.985+05:30  WARN 37596 --- [hub-api] [y-1785215101795] l.r.l.service.MqttSubscriberService      : Rejected session telemetry for device M01 session S-PHASE03-001: session is not active
2026-07-28T10:43:09.193+05:30  WARN 37596 --- [hub-api] [y-1785215101795] l.r.l.service.MqttSubscriberService      : Rejected session telemetry for device M01 session S-PHASE03-001: session is not active
2026-07-28T10:43:09.391+05:30  WARN 37596 --- [hub-api] [y-1785215101795] l.r.l.service.MqttSubscriberService      : Rejected session telemetry for device M01 session S-PHASE03-001: session is not active
2026-07-28T10:43:09.610+05:30  WARN 37596 --- [hub-api] [y-1785215101795] l.r.l.service.MqttSubscriberService      : Rejected session telemetry for device M01 session S-PHASE03-001: session is not active
2026-07-28T10:43:09.810+05:30  WARN 37596 --- [hub-api] [y-1785215101795] l.r.l.service.MqttSubscriberService      : Rejected session telemetry for device M01 session S-PHASE03-001: session is not active
2026-07-28T10:43:09.941+05:30  INFO 37596 --- [hub-api] [y-1785215101795] l.r.l.service.MqttSubscriberService      : Processed MQTT heartbeat message for M01
2026-07-28T10:43:10.018+05:30  WARN 37596 --- [hub-api] [y-1785215101795] l.r.l.service.MqttSubscriberService      : Rejected session telemetry for device M01 session S-PHASE03-001: session is not active
2026-07-28T10:43:10.225+05:30  WARN 37596 --- [hub-api] [y-1785215101795] l.r.l.service.MqttSubscriberService      : Rejected session telemetry for device M01 session S-PHASE03-001: session is not active
2026-07-28T10:43:10.445+05:30  WARN 37596 --- [hub-api] [y-1785215101795] l.r.l.service.MqttSubscriberService      : Rejected session telemetry for device M01 session S-PHASE03-001: session is not active
2026-07-28T10:43:10.651+05:30  WARN 37596 --- [hub-api] [y-1785215101795] l.r.l.service.MqttSubscriberService      : Rejected session telemetry for device M01 session S-PHASE03-001: session is not active
2026-07-28T10:43:10.866+05:30  WARN 37596 --- [hub-api] [y-1785215101795] l.r.l.service.MqttSubscriberService      : Rejected session telemetry for device M01 session S-PHASE03-001: session is not active
2026-07-28T10:43:10.945+05:30  INFO 37596 --- [hub-api] [y-1785215101795] l.r.l.service.MqttSubscriberService      : Processed MQTT heartbeat message for M01
2026-07-28T10:43:11.068+05:30  WARN 37596 --- [hub-api] [y-1785215101795] l.r.l.service.MqttSubscriberService      : Rejected session telemetry for device M01 session S-PHASE03-001: session is not active
2026-07-28T10:43:11.285+05:30  WARN 37596 --- [hub-api] [y-1785215101795] l.r.l.service.MqttSubscriberService      : Rejected session telemetry for device M01 session S-PHASE03-001: session is not active
2026-07-28T10:43:11.492+05:30  WARN 37596 --- [hub-api] [y-1785215101795] l.r.l.service.MqttSubscriberService      : Rejected session telemetry for device M01 session S-PHASE03-001: session is not active
2026-07-28T10:43:11.693+05:30  WARN 37596 --- [hub-api] [y-1785215101795] l.r.l.service.MqttSubscriberService      : Rejected session telemetry for device M01 session S-PHASE03-001: session is not active
2026-07-28T10:43:11.909+05:30  WARN 37596 --- [hub-api] [y-1785215101795] l.r.l.service.MqttSubscriberService      : Rejected session telemetry for device M01 session S-PHASE03-001: session is not active
2026-07-28T10:43:11.943+05:30  INFO 37596 --- [hub-api] [y-1785215101795] l.r.l.service.MqttSubscriberService      : Processed MQTT heartbeat message for M01
2026-07-28T10:43:12.103+05:30  WARN 37596 --- [hub-api] [y-1785215101795] l.r.l.service.MqttSubscriberService      : Rejected session telemetry for device M01 session S-PHASE03-001: session is not active
2026-07-28T10:43:12.319+05:30  WARN 37596 --- [hub-api] [y-1785215101795] l.r.l.service.MqttSubscriberService      : Rejected session telemetry for device M01 session S-PHASE03-001: session is not active
2026-07-28T10:43:12.536+05:30  WARN 37596 --- [hub-api] [y-1785215101795] l.r.l.service.MqttSubscriberService      : Rejected session telemetry for device M01 session S-PHASE03-001: session is not active
2026-07-28T10:43:12.751+05:30  WARN 37596 --- [hub-api] [y-1785215101795] l.r.l.service.MqttSubscriberService      : Rejected session telemetry for device M01 session S-PHASE03-001: session is not active
2026-07-28T10:43:12.952+05:30  INFO 37596 --- [hub-api] [y-1785215101795] l.r.l.service.MqttSubscriberService      : Processed MQTT heartbeat message for M01
2026-07-28T10:43:12.964+05:30  WARN 37596 --- [hub-api] [y-1785215101795] l.r.l.service.MqttSubscriberService      : Rejected session telemetry for device M01 session S-PHASE03-001: session is not active
2026-07-28T10:43:13.158+05:30  WARN 37596 --- [hub-api] [y-1785215101795] l.r.l.service.MqttSubscriberService      : Rejected session telemetry for device M01 session S-PHASE03-001: session is not active
2026-07-28T10:43:13.363+05:30  WARN 37596 --- [hub-api] [y-1785215101795] l.r.l.service.MqttSubscriberService      : Rejected session telemetry for device M01 session S-PHASE03-001: session is not active
2026-07-28T10:43:13.578+05:30  WARN 37596 --- [hub-api] [y-1785215101795] l.r.l.service.MqttSubscriberService      : Rejected session telemetry for device M01 session S-PHASE03-001: session is not active
2026-07-28T10:43:13.768+05:30  WARN 37596 --- [hub-api] [y-1785215101795] l.r.l.service.MqttSubscriberService      : Rejected session telemetry for device M01 session S-PHASE03-001: session is not active
2026-07-28T10:43:13.954+05:30  INFO 37596 --- [hub-api] [y-1785215101795] l.r.l.service.MqttSubscriberService      : Processed MQTT heartbeat message for M01
2026-07-28T10:43:13.985+05:30  WARN 37596 --- [hub-api] [y-1785215101795] l.r.l.service.MqttSubscriberService      : Rejected session telemetry for device M01 session S-PHASE03-001: session is not active
2026-07-28T10:43:14.203+05:30  WARN 37596 --- [hub-api] [y-1785215101795] l.r.l.service.MqttSubscriberService      : Rejected session telemetry for device M01 session S-PHASE03-001: session is not active
2026-07-28T10:43:14.411+05:30  WARN 37596 --- [hub-api] [y-1785215101795] l.r.l.service.MqttSubscriberService      : Rejected session telemetry for device M01 session S-PHASE03-001: session is not active
2026-07-28T10:43:14.619+05:30  WARN 37596 --- [hub-api] [y-1785215101795] l.r.l.service.MqttSubscriberService      : Rejected session telemetry for device M01 session S-PHASE03-001: session is not active
2026-07-28T10:43:14.819+05:30  WARN 37596 --- [hub-api] [y-1785215101795] l.r.l.service.MqttSubscriberService      : Rejected session telemetry for device M01 session S-PHASE03-001: session is not active
2026-07-28T10:43:14.974+05:30  INFO 37596 --- [hub-api] [y-1785215101795] l.r.l.service.MqttSubscriberService      : Processed MQTT heartbeat message for M01
2026-07-28T10:43:15.038+05:30  WARN 37596 --- [hub-api] [y-1785215101795] l.r.l.service.MqttSubscriberService      : Rejected session telemetry for device M01 session S-PHASE03-001: session is not active
2026-07-28T10:43:15.238+05:30  WARN 37596 --- [hub-api] [y-1785215101795] l.r.l.service.MqttSubscriberService      : Rejected session telemetry for device M01 session S-PHASE03-001: session is not active
2026-07-28T10:43:15.442+05:30  WARN 37596 --- [hub-api] [y-1785215101795] l.r.l.service.MqttSubscriberService      : Rejected session telemetry for device M01 session S-PHASE03-001: session is not active
2026-07-28T10:43:15.646+05:30  WARN 37596 --- [hub-api] [y-1785215101795] l.r.l.service.MqttSubscriberService      : Rejected session telemetry for device M01 session S-PHASE03-001: session is not active
2026-07-28T10:43:15.856+05:30  WARN 37596 --- [hub-api] [y-1785215101795] l.r.l.service.MqttSubscriberService      : Rejected session telemetry for device M01 session S-PHASE03-001: session is not active
2026-07-28T10:43:15.987+05:30  INFO 37596 --- [hub-api] [y-1785215101795] l.r.l.service.MqttSubscriberService      : Processed MQTT heartbeat message for M01
2026-07-28T10:43:16.065+05:30  WARN 37596 --- [hub-api] [y-1785215101795] l.r.l.service.MqttSubscriberService      : Rejected session telemetry for device M01 session S-PHASE03-001: session is not active
2026-07-28T10:43:16.275+05:30  WARN 37596 --- [hub-api] [y-1785215101795] l.r.l.service.MqttSubscriberService      : Rejected session telemetry for device M01 session S-PHASE03-001: session is not active
2026-07-28T10:43:16.490+05:30  WARN 37596 --- [hub-api] [y-1785215101795] l.r.l.service.MqttSubscriberService      : Rejected session telemetry for device M01 session S-PHASE03-001: session is not active
2026-07-28T10:43:16.683+05:30  WARN 37596 --- [hub-api] [y-1785215101795] l.r.l.service.MqttSubscriberService      : Rejected session telemetry for device M01 session S-PHASE03-001: session is not active
2026-07-28T10:43:16.905+05:30  WARN 37596 --- [hub-api] [y-1785215101795] l.r.l.service.MqttSubscriberService      : Rejected session telemetry for device M01 session S-PHASE03-001: session is not active
2026-07-28T10:43:16.987+05:30  INFO 37596 --- [hub-api] [y-1785215101795] l.r.l.service.MqttSubscriberService      : Processed MQTT heartbeat message for M01
2026-07-28T10:43:17.113+05:30  WARN 37596 --- [hub-api] [y-1785215101795] l.r.l.service.MqttSubscriberService      : Rejected session telemetry for device M01 session S-PHASE03-001: session is not active
2026-07-28T10:43:17.323+05:30  WARN 37596 --- [hub-api] [y-1785215101795] l.r.l.service.MqttSubscriberService      : Rejected session telemetry for device M01 session S-PHASE03-001: session is not active
2026-07-28T10:43:17.535+05:30  WARN 37596 --- [hub-api] [y-1785215101795] l.r.l.service.MqttSubscriberService      : Rejected session telemetry for device M01 session S-PHASE03-001: session is not active
2026-07-28T10:43:17.731+05:30  WARN 37596 --- [hub-api] [y-1785215101795] l.r.l.service.MqttSubscriberService      : Rejected session telemetry for device M01 session S-PHASE03-001: session is not active
2026-07-28T10:43:17.937+05:30  WARN 37596 --- [hub-api] [y-1785215101795] l.r.l.service.MqttSubscriberService      : Rejected session telemetry for device M01 session S-PHASE03-001: session is not active
2026-07-28T10:43:17.987+05:30  INFO 37596 --- [hub-api] [y-1785215101795] l.r.l.service.MqttSubscriberService      : Processed MQTT heartbeat message for M01
2026-07-28T10:43:18.159+05:30  WARN 37596 --- [hub-api] [y-1785215101795] l.r.l.service.MqttSubscriberService      : Rejected session telemetry for device M01 session S-PHASE03-001: session is not active
2026-07-28T10:43:18.376+05:30  WARN 37596 --- [hub-api] [y-1785215101795] l.r.l.service.MqttSubscriberService      : Rejected session telemetry for device M01 session S-PHASE03-001: session is not active
2026-07-28T10:43:18.576+05:30  WARN 37596 --- [hub-api] [y-1785215101795] l.r.l.service.MqttSubscriberService      : Rejected session telemetry for device M01 session S-PHASE03-001: session is not active
2026-07-28T10:43:18.790+05:30  WARN 37596 --- [hub-api] [y-1785215101795] l.r.l.service.MqttSubscriberService      : Rejected session telemetry for device M01 session S-PHASE03-001: session is not active
2026-07-28T10:43:18.993+05:30  WARN 37596 --- [hub-api] [y-1785215101795] l.r.l.service.MqttSubscriberService      : Rejected session telemetry for device M01 session S-PHASE03-001: session is not active
2026-07-28T10:43:19.010+05:30  INFO 37596 --- [hub-api] [y-1785215101795] l.r.l.service.MqttSubscriberService      : Processed MQTT heartbeat message for M01
2026-07-28T10:43:19.196+05:30  WARN 37596 --- [hub-api] [y-1785215101795] l.r.l.service.MqttSubscriberService      : Rejected session telemetry for device M01 session S-PHASE03-001: session is not active
2026-07-28T10:43:19.407+05:30  WARN 37596 --- [hub-api] [y-1785215101795] l.r.l.service.MqttSubscriberService      : Rejected session telemetry for device M01 session S-PHASE03-001: session is not active
2026-07-28T10:43:19.617+05:30  WARN 37596 --- [hub-api] [y-1785215101795] l.r.l.service.MqttSubscriberService      : Rejected session telemetry for device M01 session S-PHASE03-001: session is not active
2026-07-28T10:43:19.819+05:30  WARN 37596 --- [hub-api] [y-1785215101795] l.r.l.service.MqttSubscriberService      : Rejected session telemetry for device M01 session S-PHASE03-001: session is not active
2026-07-28T10:43:20.025+05:30  INFO 37596 --- [hub-api] [y-1785215101795] l.r.l.service.MqttSubscriberService      : Processed MQTT heartbeat message for M01
2026-07-28T10:43:20.032+05:30  WARN 37596 --- [hub-api] [y-1785215101795] l.r.l.service.MqttSubscriberService      : Rejected session telemetry for device M01 session S-PHASE03-001: session is not active
2026-07-28T10:43:20.219+05:30  WARN 37596 --- [hub-api] [y-1785215101795] l.r.l.service.MqttSubscriberService      : Rejected session telemetry for device M01 session S-PHASE03-001: session is not active
2026-07-28T10:43:20.441+05:30  WARN 37596 --- [hub-api] [y-1785215101795] l.r.l.service.MqttSubscriberService      : Rejected session telemetry for device M01 session S-PHASE03-001: session is not active
2026-07-28T10:43:20.645+05:30  WARN 37596 --- [hub-api] [y-1785215101795] l.r.l.service.MqttSubscriberService      : Rejected session telemetry for device M01 session S-PHASE03-001: session is not active
2026-07-28T10:43:20.859+05:30  WARN 37596 --- [hub-api] [y-1785215101795] l.r.l.service.MqttSubscriberService      : Rejected session telemetry for device M01 session S-PHASE03-001: session is not active
2026-07-28T10:43:21.039+05:30  INFO 37596 --- [hub-api] [y-1785215101795] l.r.l.service.MqttSubscriberService      : Processed MQTT heartbeat message for M01
2026-07-28T10:43:21.072+05:30  WARN 37596 --- [hub-api] [y-1785215101795] l.r.l.service.MqttSubscriberService      : Rejected session telemetry for device M01 session S-PHASE03-001: session is not active
2026-07-28T10:43:21.276+05:30  WARN 37596 --- [hub-api] [y-1785215101795] l.r.l.service.MqttSubscriberService      : Rejected session telemetry for device M01 session S-PHASE03-001: session is not active
2026-07-28T10:43:21.488+05:30  WARN 37596 --- [hub-api] [y-1785215101795] l.r.l.service.MqttSubscriberService      : Rejected session telemetry for device M01 session S-PHASE03-001: session is not active
2026-07-28T10:43:21.696+05:30  WARN 37596 --- [hub-api] [y-1785215101795] l.r.l.service.MqttSubscriberService      : Rejected session telemetry for device M01 session S-PHASE03-001: session is not active
2026-07-28T10:43:21.895+05:30  WARN 37596 --- [hub-api] [y-1785215101795] l.r.l.service.MqttSubscriberService      : Rejected session telemetry for device M01 session S-PHASE03-001: session is not active
2026-07-28T10:43:22.046+05:30  INFO 37596 --- [hub-api] [y-1785215101795] l.r.l.service.MqttSubscriberService      : Processed MQTT heartbeat message for M01
2026-07-28T10:43:22.108+05:30  WARN 37596 --- [hub-api] [y-1785215101795] l.r.l.service.MqttSubscriberService      : Rejected session telemetry for device M01 session S-PHASE03-001: session is not active
2026-07-28T10:43:22.310+05:30  WARN 37596 --- [hub-api] [y-1785215101795] l.r.l.service.MqttSubscriberService      : Rejected session telemetry for device M01 session S-PHASE03-001: session is not active
2026-07-28T10:43:22.511+05:30  WARN 37596 --- [hub-api] [y-1785215101795] l.r.l.service.MqttSubscriberService      : Rejected session telemetry for device M01 session S-PHASE03-001: session is not active
2026-07-28T10:43:22.726+05:30  WARN 37596 --- [hub-api] [y-1785215101795] l.r.l.service.MqttSubscriberService      : Rejected session telemetry for device M01 session S-PHASE03-001: session is not active
2026-07-28T10:43:22.921+05:30  WARN 37596 --- [hub-api] [y-1785215101795] l.r.l.service.MqttSubscriberService      : Rejected session telemetry for device M01 session S-PHASE03-001: session is not active
2026-07-28T10:43:23.042+05:30  INFO 37596 --- [hub-api] [y-1785215101795] l.r.l.service.MqttSubscriberService      : Processed MQTT heartbeat message for M01
2026-07-28T10:43:23.129+05:30  WARN 37596 --- [hub-api] [y-1785215101795] l.r.l.service.MqttSubscriberService      : Rejected session telemetry for device M01 session S-PHASE03-001: session is not active
2026-07-28T10:43:23.335+05:30  WARN 37596 --- [hub-api] [y-1785215101795] l.r.l.service.MqttSubscriberService      : Rejected session telemetry for device M01 session S-PHASE03-001: session is not active
2026-07-28T10:43:23.537+05:30  WARN 37596 --- [hub-api] [y-1785215101795] l.r.l.service.MqttSubscriberService      : Rejected session telemetry for device M01 session S-PHASE03-001: session is not active
2026-07-28T10:43:23.742+05:30  WARN 37596 --- [hub-api] [y-1785215101795] l.r.l.service.MqttSubscriberService      : Rejected session telemetry for device M01 session S-PHASE03-001: session is not active
2026-07-28T10:43:23.943+05:30  WARN 37596 --- [hub-api] [y-1785215101795] l.r.l.service.MqttSubscriberService      : Rejected session telemetry for device M01 session S-PHASE03-001: session is not active
2026-07-28T10:43:24.057+05:30  INFO 37596 --- [hub-api] [y-1785215101795] l.r.l.service.MqttSubscriberService      : Processed MQTT heartbeat message for M01
2026-07-28T10:43:24.156+05:30  WARN 37596 --- [hub-api] [y-1785215101795] l.r.l.service.MqttSubscriberService      : Rejected session telemetry for device M01 session S-PHASE03-001: session is not active
2026-07-28T10:43:24.360+05:30  WARN 37596 --- [hub-api] [y-1785215101795] l.r.l.service.MqttSubscriberService      : Rejected session telemetry for device M01 session S-PHASE03-001: session is not active
2026-07-28T10:43:24.559+05:30  WARN 37596 --- [hub-api] [y-1785215101795] l.r.l.service.MqttSubscriberService      : Rejected session telemetry for device M01 session S-PHASE03-001: session is not active
2026-07-28T10:43:24.759+05:30  WARN 37596 --- [hub-api] [y-1785215101795] l.r.l.service.MqttSubscriberService      : Rejected session telemetry for device M01 session S-PHASE03-001: session is not active
2026-07-28T10:43:24.954+05:30  WARN 37596 --- [hub-api] [y-1785215101795] l.r.l.service.MqttSubscriberService      : Rejected session telemetry for device M01 session S-PHASE03-001: session is not active
2026-07-28T10:43:25.061+05:30  INFO 37596 --- [hub-api] [y-1785215101795] l.r.l.service.MqttSubscriberService      : Processed MQTT heartbeat message for M01
2026-07-28T10:43:25.171+05:30  WARN 37596 --- [hub-api] [y-1785215101795] l.r.l.service.MqttSubscriberService      : Rejected session telemetry for device M01 session S-PHASE03-001: session is not active
2026-07-28T10:43:25.376+05:30  WARN 37596 --- [hub-api] [y-1785215101795] l.r.l.service.MqttSubscriberService      : Rejected session telemetry for device M01 session S-PHASE03-001: session is not active
2026-07-28T10:43:25.585+05:30  WARN 37596 --- [hub-api] [y-1785215101795] l.r.l.service.MqttSubscriberService      : Rejected session telemetry for device M01 session S-PHASE03-001: session is not active
2026-07-28T10:43:25.791+05:30  WARN 37596 --- [hub-api] [y-1785215101795] l.r.l.service.MqttSubscriberService      : Rejected session telemetry for device M01 session S-PHASE03-001: session is not active
2026-07-28T10:43:25.994+05:30  WARN 37596 --- [hub-api] [y-1785215101795] l.r.l.service.MqttSubscriberService      : Rejected session telemetry for device M01 session S-PHASE03-001: session is not active
2026-07-28T10:43:26.060+05:30  INFO 37596 --- [hub-api] [y-1785215101795] l.r.l.service.MqttSubscriberService      : Processed MQTT heartbeat message for M01
2026-07-28T10:43:26.195+05:30  WARN 37596 --- [hub-api] [y-1785215101795] l.r.l.service.MqttSubscriberService      : Rejected session telemetry for device M01 session S-PHASE03-001: session is not active
2026-07-28T10:43:26.394+05:30  WARN 37596 --- [hub-api] [y-1785215101795] l.r.l.service.MqttSubscriberService      : Rejected session telemetry for device M01 session S-PHASE03-001: session is not active
2026-07-28T10:43:26.610+05:30  WARN 37596 --- [hub-api] [y-1785215101795] l.r.l.service.MqttSubscriberService      : Rejected session telemetry for device M01 session S-PHASE03-001: session is not active
2026-07-28T10:43:26.809+05:30  WARN 37596 --- [hub-api] [y-1785215101795] l.r.l.service.MqttSubscriberService      : Rejected session telemetry for device M01 session S-PHASE03-001: session is not active
2026-07-28T10:43:27.019+05:30  WARN 37596 --- [hub-api] [y-1785215101795] l.r.l.service.MqttSubscriberService      : Rejected session telemetry for device M01 session S-PHASE03-001: session is not active
2026-07-28T10:43:27.057+05:30  INFO 37596 --- [hub-api] [y-1785215101795] l.r.l.service.MqttSubscriberService      : Processed MQTT heartbeat message for M01
2026-07-28T10:43:27.219+05:30  WARN 37596 --- [hub-api] [y-1785215101795] l.r.l.service.MqttSubscriberService      : Rejected session telemetry for device M01 session S-PHASE03-001: session is not active
2026-07-28T10:43:27.442+05:30  WARN 37596 --- [hub-api] [y-1785215101795] l.r.l.service.MqttSubscriberService      : Rejected session telemetry for device M01 session S-PHASE03-001: session is not active
2026-07-28T10:43:27.644+05:30  WARN 37596 --- [hub-api] [y-1785215101795] l.r.l.service.MqttSubscriberService      : Rejected session telemetry for device M01 session S-PHASE03-001: session is not active
2026-07-28T10:43:27.859+05:30  WARN 37596 --- [hub-api] [y-1785215101795] l.r.l.service.MqttSubscriberService      : Rejected session telemetry for device M01 session S-PHASE03-001: session is not active
2026-07-28T10:43:28.052+05:30  WARN 37596 --- [hub-api] [y-1785215101795] l.r.l.service.MqttSubscriberService      : Rejected session telemetry for device M01 session S-PHASE03-001: session is not active
2026-07-28T10:43:28.068+05:30  INFO 37596 --- [hub-api] [y-1785215101795] l.r.l.service.MqttSubscriberService      : Processed MQTT heartbeat message for M01
2026-07-28T10:43:28.257+05:30  WARN 37596 --- [hub-api] [y-1785215101795] l.r.l.service.MqttSubscriberService      : Rejected session telemetry for device M01 session S-PHASE03-001: session is not active
2026-07-28T10:43:28.474+05:30  WARN 37596 --- [hub-api] [y-1785215101795] l.r.l.service.MqttSubscriberService      : Rejected session telemetry for device M01 session S-PHASE03-001: session is not active
2026-07-28T10:43:28.677+05:30  WARN 37596 --- [hub-api] [y-1785215101795] l.r.l.service.MqttSubscriberService      : Rejected session telemetry for device M01 session S-PHASE03-001: session is not active
2026-07-28T10:43:28.893+05:30  WARN 37596 --- [hub-api] [y-1785215101795] l.r.l.service.MqttSubscriberService      : Rejected session telemetry for device M01 session S-PHASE03-001: session is not active
2026-07-28T10:43:29.079+05:30  INFO 37596 --- [hub-api] [y-1785215101795] l.r.l.service.MqttSubscriberService      : Processed MQTT heartbeat message for M01
2026-07-28T10:43:29.087+05:30  WARN 37596 --- [hub-api] [y-1785215101795] l.r.l.service.MqttSubscriberService      : Rejected session telemetry for device M01 session S-PHASE03-001: session is not active
2026-07-28T10:43:29.286+05:30  WARN 37596 --- [hub-api] [y-1785215101795] l.r.l.service.MqttSubscriberService      : Rejected session telemetry for device M01 session S-PHASE03-001: session is not active
2026-07-28T10:43:29.506+05:30  WARN 37596 --- [hub-api] [y-1785215101795] l.r.l.service.MqttSubscriberService      : Rejected session telemetry for device M01 session S-PHASE03-001: session is not active
2026-07-28T10:43:29.708+05:30  WARN 37596 --- [hub-api] [y-1785215101795] l.r.l.service.MqttSubscriberService      : Rejected session telemetry for device M01 session S-PHASE03-001: session is not active
2026-07-28T10:43:29.927+05:30  WARN 37596 --- [hub-api] [y-1785215101795] l.r.l.service.MqttSubscriberService      : Rejected session telemetry for device M01 session S-PHASE03-001: session is not active
2026-07-28T10:43:30.077+05:30  INFO 37596 --- [hub-api] [y-1785215101795] l.r.l.service.MqttSubscriberService      : Processed MQTT heartbeat message for M01
2026-07-28T10:43:30.147+05:30  WARN 37596 --- [hub-api] [y-1785215101795] l.r.l.service.MqttSubscriberService      : Rejected session telemetry for device M01 session S-PHASE03-001: session is not active
2026-07-28T10:43:30.354+05:30  WARN 37596 --- [hub-api] [y-1785215101795] l.r.l.service.MqttSubscriberService      : Rejected session telemetry for device M01 session S-PHASE03-001: session is not active
2026-07-28T10:43:30.546+05:30  WARN 37596 --- [hub-api] [y-1785215101795] l.r.l.service.MqttSubscriberService      : Rejected session telemetry for device M01 session S-PHASE03-001: session is not active
2026-07-28T10:43:30.750+05:30  WARN 37596 --- [hub-api] [y-1785215101795] l.r.l.service.MqttSubscriberService      : Rejected session telemetry for device M01 session S-PHASE03-001: session is not active
2026-07-28T10:43:30.959+05:30  WARN 37596 --- [hub-api] [y-1785215101795] l.r.l.service.MqttSubscriberService      : Rejected session telemetry for device M01 session S-PHASE03-001: session is not active
2026-07-28T10:43:31.108+05:30  INFO 37596 --- [hub-api] [y-1785215101795] l.r.l.service.MqttSubscriberService      : Processed MQTT heartbeat message for M01
2026-07-28T10:43:31.173+05:30  WARN 37596 --- [hub-api] [y-1785215101795] l.r.l.service.MqttSubscriberService      : Rejected session telemetry for device M01 session S-PHASE03-001: session is not active
2026-07-28T10:43:31.371+05:30  WARN 37596 --- [hub-api] [y-1785215101795] l.r.l.service.MqttSubscriberService      : Rejected session telemetry for device M01 session S-PHASE03-001: session is not active
2026-07-28T10:43:31.579+05:30  WARN 37596 --- [hub-api] [y-1785215101795] l.r.l.service.MqttSubscriberService      : Rejected session telemetry for device M01 session S-PHASE03-001: session is not active
2026-07-28T10:43:31.790+05:30  WARN 37596 --- [hub-api] [y-1785215101795] l.r.l.service.MqttSubscriberService      : Rejected session telemetry for device M01 session S-PHASE03-001: session is not active
2026-07-28T10:43:31.990+05:30  WARN 37596 --- [hub-api] [y-1785215101795] l.r.l.service.MqttSubscriberService      : Rejected session telemetry for device M01 session S-PHASE03-001: session is not active
2026-07-28T10:43:32.101+05:30  INFO 37596 --- [hub-api] [y-1785215101795] l.r.l.service.MqttSubscriberService      : Processed MQTT heartbeat message for M01
2026-07-28T10:43:32.203+05:30  WARN 37596 --- [hub-api] [y-1785215101795] l.r.l.service.MqttSubscriberService      : Rejected session telemetry for device M01 session S-PHASE03-001: session is not active
2026-07-28T10:43:32.411+05:30  WARN 37596 --- [hub-api] [y-1785215101795] l.r.l.service.MqttSubscriberService      : Rejected session telemetry for device M01 session S-PHASE03-001: session is not active
2026-07-28T10:43:32.601+05:30  WARN 37596 --- [hub-api] [y-1785215101795] l.r.l.service.MqttSubscriberService      : Rejected session telemetry for device M01 session S-PHASE03-001: session is not active
2026-07-28T10:43:32.806+05:30  WARN 37596 --- [hub-api] [y-1785215101795] l.r.l.service.MqttSubscriberService      : Rejected session telemetry for device M01 session S-PHASE03-001: session is not active
2026-07-28T10:43:33.020+05:30  WARN 37596 --- [hub-api] [y-1785215101795] l.r.l.service.MqttSubscriberService      : Rejected session telemetry for device M01 session S-PHASE03-001: session is not active
2026-07-28T10:43:33.114+05:30  INFO 37596 --- [hub-api] [y-1785215101795] l.r.l.service.MqttSubscriberService      : Processed MQTT heartbeat message for M01
2026-07-28T10:43:33.224+05:30  WARN 37596 --- [hub-api] [y-1785215101795] l.r.l.service.MqttSubscriberService      : Rejected session telemetry for device M01 session S-PHASE03-001: session is not active
2026-07-28T10:43:33.436+05:30  WARN 37596 --- [hub-api] [y-1785215101795] l.r.l.service.MqttSubscriberService      : Rejected session telemetry for device M01 session S-PHASE03-001: session is not active
2026-07-28T10:43:33.641+05:30  WARN 37596 --- [hub-api] [y-1785215101795] l.r.l.service.MqttSubscriberService      : Rejected session telemetry for device M01 session S-PHASE03-001: session is not active
2026-07-28T10:43:33.840+05:30  WARN 37596 --- [hub-api] [y-1785215101795] l.r.l.service.MqttSubscriberService      : Rejected session telemetry for device M01 session S-PHASE03-001: session is not active
2026-07-28T10:43:34.036+05:30  WARN 37596 --- [hub-api] [y-1785215101795] l.r.l.service.MqttSubscriberService      : Rejected session telemetry for device M01 session S-PHASE03-001: session is not active
2026-07-28T10:43:34.123+05:30  INFO 37596 --- [hub-api] [y-1785215101795] l.r.l.service.MqttSubscriberService      : Processed MQTT heartbeat message for M01
2026-07-28T10:43:34.258+05:30  WARN 37596 --- [hub-api] [y-1785215101795] l.r.l.service.MqttSubscriberService      : Rejected session telemetry for device M01 session S-PHASE03-001: session is not active
2026-07-28T10:43:34.462+05:30  WARN 37596 --- [hub-api] [y-1785215101795] l.r.l.service.MqttSubscriberService      : Rejected session telemetry for device M01 session S-PHASE03-001: session is not active
2026-07-28T10:43:34.675+05:30  WARN 37596 --- [hub-api] [y-1785215101795] l.r.l.service.MqttSubscriberService      : Rejected session telemetry for device M01 session S-PHASE03-001: session is not active
2026-07-28T10:43:34.876+05:30  WARN 37596 --- [hub-api] [y-1785215101795] l.r.l.service.MqttSubscriberService      : Rejected session telemetry for device M01 session S-PHASE03-001: session is not active
2026-07-28T10:43:35.075+05:30  WARN 37596 --- [hub-api] [y-1785215101795] l.r.l.service.MqttSubscriberService      : Rejected session telemetry for device M01 session S-PHASE03-001: session is not active
2026-07-28T10:43:35.125+05:30  INFO 37596 --- [hub-api] [y-1785215101795] l.r.l.service.MqttSubscriberService      : Processed MQTT heartbeat message for M01
2026-07-28T10:43:35.289+05:30  WARN 37596 --- [hub-api] [y-1785215101795] l.r.l.service.MqttSubscriberService      : Rejected session telemetry for device M01 session S-PHASE03-001: session is not active
2026-07-28T10:43:35.493+05:30  WARN 37596 --- [hub-api] [y-1785215101795] l.r.l.service.MqttSubscriberService      : Rejected session telemetry for device M01 session S-PHASE03-001: session is not active
2026-07-28T10:43:35.694+05:30  WARN 37596 --- [hub-api] [y-1785215101795] l.r.l.service.MqttSubscriberService      : Rejected session telemetry for device M01 session S-PHASE03-001: session is not active
2026-07-28T10:43:35.908+05:30  WARN 37596 --- [hub-api] [y-1785215101795] l.r.l.service.MqttSubscriberService      : Rejected session telemetry for device M01 session S-PHASE03-001: session is not active
2026-07-28T10:43:36.101+05:30  WARN 37596 --- [hub-api] [y-1785215101795] l.r.l.service.MqttSubscriberService      : Rejected session telemetry for device M01 session S-PHASE03-001: session is not active
2026-07-28T10:43:36.118+05:30  INFO 37596 --- [hub-api] [y-1785215101795] l.r.l.service.MqttSubscriberService      : Processed MQTT heartbeat message for M01
2026-07-28T10:43:36.319+05:30  WARN 37596 --- [hub-api] [y-1785215101795] l.r.l.service.MqttSubscriberService      : Rejected session telemetry for device M01 session S-PHASE03-001: session is not active
2026-07-28T10:43:36.526+05:30  WARN 37596 --- [hub-api] [y-1785215101795] l.r.l.service.MqttSubscriberService      : Rejected session telemetry for device M01 session S-PHASE03-001: session is not active
2026-07-28T10:43:36.735+05:30  WARN 37596 --- [hub-api] [y-1785215101795] l.r.l.service.MqttSubscriberService      : Rejected session telemetry for device M01 session S-PHASE03-001: session is not active
2026-07-28T10:43:36.941+05:30  WARN 37596 --- [hub-api] [y-1785215101795] l.r.l.service.MqttSubscriberService      : Rejected session telemetry for device M01 session S-PHASE03-001: session is not active
2026-07-28T10:43:37.137+05:30  INFO 37596 --- [hub-api] [y-1785215101795] l.r.l.service.MqttSubscriberService      : Processed MQTT heartbeat message for M01
2026-07-28T10:43:37.162+05:30  WARN 37596 --- [hub-api] [y-1785215101795] l.r.l.service.MqttSubscriberService      : Rejected session telemetry for device M01 session S-PHASE03-001: session is not active
2026-07-28T10:43:37.375+05:30  WARN 37596 --- [hub-api] [y-1785215101795] l.r.l.service.MqttSubscriberService      : Rejected session telemetry for device M01 session S-PHASE03-001: session is not active
2026-07-28T10:43:37.583+05:30  WARN 37596 --- [hub-api] [y-1785215101795] l.r.l.service.MqttSubscriberService      : Rejected session telemetry for device M01 session S-PHASE03-001: session is not active
2026-07-28T10:43:37.787+05:30  WARN 37596 --- [hub-api] [y-1785215101795] l.r.l.service.MqttSubscriberService      : Rejected session telemetry for device M01 session S-PHASE03-001: session is not active
2026-07-28T10:43:38.002+05:30  WARN 37596 --- [hub-api] [y-1785215101795] l.r.l.service.MqttSubscriberService      : Rejected session telemetry for device M01 session S-PHASE03-001: session is not active
2026-07-28T10:43:38.137+05:30  INFO 37596 --- [hub-api] [y-1785215101795] l.r.l.service.MqttSubscriberService      : Processed MQTT heartbeat message for M01
2026-07-28T10:43:38.202+05:30  WARN 37596 --- [hub-api] [y-1785215101795] l.r.l.service.MqttSubscriberService      : Rejected session telemetry for device M01 session S-PHASE03-001: session is not active
2026-07-28T10:43:38.422+05:30  WARN 37596 --- [hub-api] [y-1785215101795] l.r.l.service.MqttSubscriberService      : Rejected session telemetry for device M01 session S-PHASE03-001: session is not active
2026-07-28T10:43:38.641+05:30  WARN 37596 --- [hub-api] [y-1785215101795] l.r.l.service.MqttSubscriberService      : Rejected session telemetry for device M01 session S-PHASE03-001: session is not active
2026-07-28T10:43:38.842+05:30  WARN 37596 --- [hub-api] [y-1785215101795] l.r.l.service.MqttSubscriberService      : Rejected session telemetry for device M01 session S-PHASE03-001: session is not active
2026-07-28T10:43:39.043+05:30  WARN 37596 --- [hub-api] [y-1785215101795] l.r.l.service.MqttSubscriberService      : Rejected session telemetry for device M01 session S-PHASE03-001: session is not active
2026-07-28T10:43:39.142+05:30  INFO 37596 --- [hub-api] [y-1785215101795] l.r.l.service.MqttSubscriberService      : Processed MQTT heartbeat message for M01
2026-07-28T10:43:39.243+05:30  WARN 37596 --- [hub-api] [y-1785215101795] l.r.l.service.MqttSubscriberService      : Rejected session telemetry for device M01 session S-PHASE03-001: session is not active
2026-07-28T10:43:39.444+05:30  WARN 37596 --- [hub-api] [y-1785215101795] l.r.l.service.MqttSubscriberService      : Rejected session telemetry for device M01 session S-PHASE03-001: session is not active
2026-07-28T10:43:39.661+05:30  WARN 37596 --- [hub-api] [y-1785215101795] l.r.l.service.MqttSubscriberService      : Rejected session telemetry for device M01 session S-PHASE03-001: session is not active
2026-07-28T10:43:39.874+05:30  WARN 37596 --- [hub-api] [y-1785215101795] l.r.l.service.MqttSubscriberService      : Rejected session telemetry for device M01 session S-PHASE03-001: session is not active
2026-07-28T10:43:40.075+05:30  WARN 37596 --- [hub-api] [y-1785215101795] l.r.l.service.MqttSubscriberService      : Rejected session telemetry for device M01 session S-PHASE03-001: session is not active
2026-07-28T10:43:40.162+05:30  INFO 37596 --- [hub-api] [y-1785215101795] l.r.l.service.MqttSubscriberService      : Processed MQTT heartbeat message for M01
2026-07-28T10:43:40.287+05:30  WARN 37596 --- [hub-api] [y-1785215101795] l.r.l.service.MqttSubscriberService      : Rejected session telemetry for device M01 session S-PHASE03-001: session is not active
2026-07-28T10:43:40.492+05:30  WARN 37596 --- [hub-api] [y-1785215101795] l.r.l.service.MqttSubscriberService      : Rejected session telemetry for device M01 session S-PHASE03-001: session is not active
2026-07-28T10:43:40.705+05:30  WARN 37596 --- [hub-api] [y-1785215101795] l.r.l.service.MqttSubscriberService      : Rejected session telemetry for device M01 session S-PHASE03-001: session is not active
2026-07-28T10:43:40.905+05:30  WARN 37596 --- [hub-api] [y-1785215101795] l.r.l.service.MqttSubscriberService      : Rejected session telemetry for device M01 session S-PHASE03-001: session is not active
2026-07-28T10:43:41.110+05:30  WARN 37596 --- [hub-api] [y-1785215101795] l.r.l.service.MqttSubscriberService      : Rejected session telemetry for device M01 session S-PHASE03-001: session is not active
2026-07-28T10:43:41.174+05:30  INFO 37596 --- [hub-api] [y-1785215101795] l.r.l.service.MqttSubscriberService      : Processed MQTT heartbeat message for M01
2026-07-28T10:43:41.319+05:30  WARN 37596 --- [hub-api] [y-1785215101795] l.r.l.service.MqttSubscriberService      : Rejected session telemetry for device M01 session S-PHASE03-001: session is not active
2026-07-28T10:43:41.521+05:30  WARN 37596 --- [hub-api] [y-1785215101795] l.r.l.service.MqttSubscriberService      : Rejected session telemetry for device M01 session S-PHASE03-001: session is not active
2026-07-28T10:43:41.726+05:30  WARN 37596 --- [hub-api] [y-1785215101795] l.r.l.service.MqttSubscriberService      : Rejected session telemetry for device M01 session S-PHASE03-001: session is not active
2026-07-28T10:43:41.930+05:30  WARN 37596 --- [hub-api] [y-1785215101795] l.r.l.service.MqttSubscriberService      : Rejected session telemetry for device M01 session S-PHASE03-001: session is not active
2026-07-28T10:43:42.140+05:30  WARN 37596 --- [hub-api] [y-1785215101795] l.r.l.service.MqttSubscriberService      : Rejected session telemetry for device M01 session S-PHASE03-001: session is not active
2026-07-28T10:43:42.177+05:30  INFO 37596 --- [hub-api] [y-1785215101795] l.r.l.service.MqttSubscriberService      : Processed MQTT heartbeat message for M01
2026-07-28T10:43:42.348+05:30  WARN 37596 --- [hub-api] [y-1785215101795] l.r.l.service.MqttSubscriberService      : Rejected session telemetry for device M01 session S-PHASE03-001: session is not active
2026-07-28T10:43:42.556+05:30  WARN 37596 --- [hub-api] [y-1785215101795] l.r.l.service.MqttSubscriberService      : Rejected session telemetry for device M01 session S-PHASE03-001: session is not active
2026-07-28T10:43:42.759+05:30  WARN 37596 --- [hub-api] [y-1785215101795] l.r.l.service.MqttSubscriberService      : Rejected session telemetry for device M01 session S-PHASE03-001: session is not active
2026-07-28T10:43:42.951+05:30  WARN 37596 --- [hub-api] [y-1785215101795] l.r.l.service.MqttSubscriberService      : Rejected session telemetry for device M01 session S-PHASE03-001: session is not active
2026-07-28T10:43:43.152+05:30  WARN 37596 --- [hub-api] [y-1785215101795] l.r.l.service.MqttSubscriberService      : Rejected session telemetry for device M01 session S-PHASE03-001: session is not active
2026-07-28T10:43:43.192+05:30  INFO 37596 --- [hub-api] [y-1785215101795] l.r.l.service.MqttSubscriberService      : Processed MQTT heartbeat message for M01
2026-07-28T10:43:43.370+05:30  WARN 37596 --- [hub-api] [y-1785215101795] l.r.l.service.MqttSubscriberService      : Rejected session telemetry for device M01 session S-PHASE03-001: session is not active
2026-07-28T10:43:43.568+05:30  WARN 37596 --- [hub-api] [y-1785215101795] l.r.l.service.MqttSubscriberService      : Rejected session telemetry for device M01 session S-PHASE03-001: session is not active
2026-07-28T10:43:43.771+05:30  WARN 37596 --- [hub-api] [y-1785215101795] l.r.l.service.MqttSubscriberService      : Rejected session telemetry for device M01 session S-PHASE03-001: session is not active
2026-07-28T10:43:43.984+05:30  WARN 37596 --- [hub-api] [y-1785215101795] l.r.l.service.MqttSubscriberService      : Rejected session telemetry for device M01 session S-PHASE03-001: session is not active
2026-07-28T10:43:44.204+05:30  WARN 37596 --- [hub-api] [y-1785215101795] l.r.l.service.MqttSubscriberService      : Rejected session telemetry for device M01 session S-PHASE03-001: session is not active
2026-07-28T10:43:44.212+05:30  INFO 37596 --- [hub-api] [y-1785215101795] l.r.l.service.MqttSubscriberService      : Processed MQTT heartbeat message for M01
2026-07-28T10:43:44.409+05:30  WARN 37596 --- [hub-api] [y-1785215101795] l.r.l.service.MqttSubscriberService      : Rejected session telemetry for device M01 session S-PHASE03-001: session is not active
2026-07-28T10:43:44.619+05:30  WARN 37596 --- [hub-api] [y-1785215101795] l.r.l.service.MqttSubscriberService      : Rejected session telemetry for device M01 session S-PHASE03-001: session is not active
2026-07-28T10:43:44.823+05:30  WARN 37596 --- [hub-api] [y-1785215101795] l.r.l.service.MqttSubscriberService      : Rejected session telemetry for device M01 session S-PHASE03-001: session is not active
2026-07-28T10:43:45.026+05:30  WARN 37596 --- [hub-api] [y-1785215101795] l.r.l.service.MqttSubscriberService      : Rejected session telemetry for device M01 session S-PHASE03-001: session is not active
2026-07-28T10:43:45.215+05:30  INFO 37596 --- [hub-api] [y-1785215101795] l.r.l.service.MqttSubscriberService      : Processed MQTT heartbeat message for M01
2026-07-28T10:43:45.219+05:30  WARN 37596 --- [hub-api] [y-1785215101795] l.r.l.service.MqttSubscriberService      : Rejected session telemetry for device M01 session S-PHASE03-001: session is not active
2026-07-28T10:43:45.442+05:30  WARN 37596 --- [hub-api] [y-1785215101795] l.r.l.service.MqttSubscriberService      : Rejected session telemetry for device M01 session S-PHASE03-001: session is not active
2026-07-28T10:43:45.658+05:30  WARN 37596 --- [hub-api] [y-1785215101795] l.r.l.service.MqttSubscriberService      : Rejected session telemetry for device M01 session S-PHASE03-001: session is not active
2026-07-28T10:43:45.867+05:30  WARN 37596 --- [hub-api] [y-1785215101795] l.r.l.service.MqttSubscriberService      : Rejected session telemetry for device M01 session S-PHASE03-001: session is not active
2026-07-28T10:43:46.067+05:30  WARN 37596 --- [hub-api] [y-1785215101795] l.r.l.service.MqttSubscriberService      : Rejected session telemetry for device M01 session S-PHASE03-001: session is not active
2026-07-28T10:43:46.201+05:30  INFO 37596 --- [hub-api] [y-1785215101795] l.r.l.service.MqttSubscriberService      : Processed MQTT heartbeat message for M01
2026-07-28T10:43:46.286+05:30  WARN 37596 --- [hub-api] [y-1785215101795] l.r.l.service.MqttSubscriberService      : Rejected session telemetry for device M01 session S-PHASE03-001: session is not active
2026-07-28T10:43:46.481+05:30  WARN 37596 --- [hub-api] [y-1785215101795] l.r.l.service.MqttSubscriberService      : Rejected session telemetry for device M01 session S-PHASE03-001: session is not active
2026-07-28T10:43:46.700+05:30  WARN 37596 --- [hub-api] [y-1785215101795] l.r.l.service.MqttSubscriberService      : Rejected session telemetry for device M01 session S-PHASE03-001: session is not active
2026-07-28T10:43:46.908+05:30  WARN 37596 --- [hub-api] [y-1785215101795] l.r.l.service.MqttSubscriberService      : Rejected session telemetry for device M01 session S-PHASE03-001: session is not active
2026-07-28T10:43:47.121+05:30  WARN 37596 --- [hub-api] [y-1785215101795] l.r.l.service.MqttSubscriberService      : Rejected session telemetry for device M01 session S-PHASE03-001: session is not active
2026-07-28T10:43:47.221+05:30  INFO 37596 --- [hub-api] [y-1785215101795] l.r.l.service.MqttSubscriberService      : Processed MQTT heartbeat message for M01
2026-07-28T10:43:47.330+05:30  WARN 37596 --- [hub-api] [y-1785215101795] l.r.l.service.MqttSubscriberService      : Rejected session telemetry for device M01 session S-PHASE03-001: session is not active
2026-07-28T10:43:47.536+05:30  WARN 37596 --- [hub-api] [y-1785215101795] l.r.l.service.MqttSubscriberService      : Rejected session telemetry for device M01 session S-PHASE03-001: session is not active
2026-07-28T10:43:47.758+05:30  WARN 37596 --- [hub-api] [y-1785215101795] l.r.l.service.MqttSubscriberService      : Rejected session telemetry for device M01 session S-PHASE03-001: session is not active
2026-07-28T10:43:47.951+05:30  WARN 37596 --- [hub-api] [y-1785215101795] l.r.l.service.MqttSubscriberService      : Rejected session telemetry for device M01 session S-PHASE03-001: session is not active
2026-07-28T10:43:48.152+05:30  WARN 37596 --- [hub-api] [y-1785215101795] l.r.l.service.MqttSubscriberService      : Rejected session telemetry for device M01 session S-PHASE03-001: session is not active
2026-07-28T10:43:48.226+05:30  INFO 37596 --- [hub-api] [y-1785215101795] l.r.l.service.MqttSubscriberService      : Processed MQTT heartbeat message for M01
2026-07-28T10:43:48.365+05:30  WARN 37596 --- [hub-api] [y-1785215101795] l.r.l.service.MqttSubscriberService      : Rejected session telemetry for device M01 session S-PHASE03-001: session is not active
2026-07-28T10:43:48.579+05:30  WARN 37596 --- [hub-api] [y-1785215101795] l.r.l.service.MqttSubscriberService      : Rejected session telemetry for device M01 session S-PHASE03-001: session is not active
2026-07-28T10:43:48.783+05:30  WARN 37596 --- [hub-api] [y-1785215101795] l.r.l.service.MqttSubscriberService      : Rejected session telemetry for device M01 session S-PHASE03-001: session is not active
2026-07-28T10:43:48.992+05:30  WARN 37596 --- [hub-api] [y-1785215101795] l.r.l.service.MqttSubscriberService      : Rejected session telemetry for device M01 session S-PHASE03-001: session is not active
2026-07-28T10:43:49.191+05:30  WARN 37596 --- [hub-api] [y-1785215101795] l.r.l.service.MqttSubscriberService      : Rejected session telemetry for device M01 session S-PHASE03-001: session is not active
2026-07-28T10:43:49.226+05:30  INFO 37596 --- [hub-api] [y-1785215101795] l.r.l.service.MqttSubscriberService      : Processed MQTT heartbeat message for M01
2026-07-28T10:43:49.393+05:30  WARN 37596 --- [hub-api] [y-1785215101795] l.r.l.service.MqttSubscriberService      : Rejected session telemetry for device M01 session S-PHASE03-001: session is not active
2026-07-28T10:43:49.602+05:30  WARN 37596 --- [hub-api] [y-1785215101795] l.r.l.service.MqttSubscriberService      : Rejected session telemetry for device M01 session S-PHASE03-001: session is not active
2026-07-28T10:43:49.824+05:30  WARN 37596 --- [hub-api] [y-1785215101795] l.r.l.service.MqttSubscriberService      : Rejected session telemetry for device M01 session S-PHASE03-001: session is not active
2026-07-28T10:43:50.036+05:30  WARN 37596 --- [hub-api] [y-1785215101795] l.r.l.service.MqttSubscriberService      : Rejected session telemetry for device M01 session S-PHASE03-001: session is not active
2026-07-28T10:43:50.240+05:30  INFO 37596 --- [hub-api] [y-1785215101795] l.r.l.service.MqttSubscriberService      : Processed MQTT heartbeat message for M01
2026-07-28T10:43:50.251+05:30  WARN 37596 --- [hub-api] [y-1785215101795] l.r.l.service.MqttSubscriberService      : Rejected session telemetry for device M01 session S-PHASE03-001: session is not active
2026-07-28T10:43:50.436+05:30  WARN 37596 --- [hub-api] [y-1785215101795] l.r.l.service.MqttSubscriberService      : Rejected session telemetry for device M01 session S-PHASE03-001: session is not active
2026-07-28T10:43:50.652+05:30  WARN 37596 --- [hub-api] [y-1785215101795] l.r.l.service.MqttSubscriberService      : Rejected session telemetry for device M01 session S-PHASE03-001: session is not active
2026-07-28T10:43:50.868+05:30  WARN 37596 --- [hub-api] [y-1785215101795] l.r.l.service.MqttSubscriberService      : Rejected session telemetry for device M01 session S-PHASE03-001: session is not active
2026-07-28T10:43:51.067+05:30  WARN 37596 --- [hub-api] [y-1785215101795] l.r.l.service.MqttSubscriberService      : Rejected session telemetry for device M01 session S-PHASE03-001: session is not active
2026-07-28T10:43:51.238+05:30  INFO 37596 --- [hub-api] [y-1785215101795] l.r.l.service.MqttSubscriberService      : Processed MQTT heartbeat message for M01
2026-07-28T10:43:51.285+05:30  WARN 37596 --- [hub-api] [y-1785215101795] l.r.l.service.MqttSubscriberService      : Rejected session telemetry for device M01 session S-PHASE03-001: session is not active
2026-07-28T10:43:51.523+05:30  WARN 37596 --- [hub-api] [y-1785215101795] l.r.l.service.MqttSubscriberService      : Rejected session telemetry for device M01 session S-PHASE03-001: session is not active
2026-07-28T10:43:51.719+05:30  WARN 37596 --- [hub-api] [y-1785215101795] l.r.l.service.MqttSubscriberService      : Rejected session telemetry for device M01 session S-PHASE03-001: session is not active
2026-07-28T10:43:51.937+05:30  WARN 37596 --- [hub-api] [y-1785215101795] l.r.l.service.MqttSubscriberService      : Rejected session telemetry for device M01 session S-PHASE03-001: session is not active
2026-07-28T10:43:52.137+05:30  WARN 37596 --- [hub-api] [y-1785215101795] l.r.l.service.MqttSubscriberService      : Rejected session telemetry for device M01 session S-PHASE03-001: session is not active
2026-07-28T10:43:52.253+05:30  INFO 37596 --- [hub-api] [y-1785215101795] l.r.l.service.MqttSubscriberService      : Processed MQTT heartbeat message for M01
2026-07-28T10:43:52.358+05:30  WARN 37596 --- [hub-api] [y-1785215101795] l.r.l.service.MqttSubscriberService      : Rejected session telemetry for device M01 session S-PHASE03-001: session is not active
2026-07-28T10:43:52.559+05:30  WARN 37596 --- [hub-api] [y-1785215101795] l.r.l.service.MqttSubscriberService      : Rejected session telemetry for device M01 session S-PHASE03-001: session is not active
2026-07-28T10:43:52.760+05:30  WARN 37596 --- [hub-api] [y-1785215101795] l.r.l.service.MqttSubscriberService      : Rejected session telemetry for device M01 session S-PHASE03-001: session is not active
2026-07-28T10:43:52.952+05:30  WARN 37596 --- [hub-api] [y-1785215101795] l.r.l.service.MqttSubscriberService      : Rejected session telemetry for device M01 session S-PHASE03-001: session is not active
2026-07-28T10:43:53.163+05:30  WARN 37596 --- [hub-api] [y-1785215101795] l.r.l.service.MqttSubscriberService      : Rejected session telemetry for device M01 session S-PHASE03-001: session is not active
2026-07-28T10:43:53.259+05:30  INFO 37596 --- [hub-api] [y-1785215101795] l.r.l.service.MqttSubscriberService      : Processed MQTT heartbeat message for M01
2026-07-28T10:43:53.369+05:30  WARN 37596 --- [hub-api] [y-1785215101795] l.r.l.service.MqttSubscriberService      : Rejected session telemetry for device M01 session S-PHASE03-001: session is not active
2026-07-28T10:43:53.572+05:30  WARN 37596 --- [hub-api] [y-1785215101795] l.r.l.service.MqttSubscriberService      : Rejected session telemetry for device M01 session S-PHASE03-001: session is not active
2026-07-28T10:43:53.777+05:30  WARN 37596 --- [hub-api] [y-1785215101795] l.r.l.service.MqttSubscriberService      : Rejected session telemetry for device M01 session S-PHASE03-001: session is not active
2026-07-28T10:43:53.975+05:30  WARN 37596 --- [hub-api] [y-1785215101795] l.r.l.service.MqttSubscriberService      : Rejected session telemetry for device M01 session S-PHASE03-001: session is not active
2026-07-28T10:43:54.180+05:30  WARN 37596 --- [hub-api] [y-1785215101795] l.r.l.service.MqttSubscriberService      : Rejected session telemetry for device M01 session S-PHASE03-001: session is not active
2026-07-28T10:43:54.263+05:30  INFO 37596 --- [hub-api] [y-1785215101795] l.r.l.service.MqttSubscriberService      : Processed MQTT heartbeat message for M01
2026-07-28T10:43:54.380+05:30  WARN 37596 --- [hub-api] [y-1785215101795] l.r.l.service.MqttSubscriberService      : Rejected session telemetry for device M01 session S-PHASE03-001: session is not active
2026-07-28T10:43:54.592+05:30  WARN 37596 --- [hub-api] [y-1785215101795] l.r.l.service.MqttSubscriberService      : Rejected session telemetry for device M01 session S-PHASE03-001: session is not active
2026-07-28T10:43:54.801+05:30  WARN 37596 --- [hub-api] [y-1785215101795] l.r.l.service.MqttSubscriberService      : Rejected session telemetry for device M01 session S-PHASE03-001: session is not active
2026-07-28T10:43:55.010+05:30  WARN 37596 --- [hub-api] [y-1785215101795] l.r.l.service.MqttSubscriberService      : Rejected session telemetry for device M01 session S-PHASE03-001: session is not active
2026-07-28T10:43:55.209+05:30  WARN 37596 --- [hub-api] [y-1785215101795] l.r.l.service.MqttSubscriberService      : Rejected session telemetry for device M01 session S-PHASE03-001: session is not active
2026-07-28T10:43:55.290+05:30  INFO 37596 --- [hub-api] [y-1785215101795] l.r.l.service.MqttSubscriberService      : Processed MQTT heartbeat message for M01
2026-07-28T10:43:55.425+05:30  WARN 37596 --- [hub-api] [y-1785215101795] l.r.l.service.MqttSubscriberService      : Rejected session telemetry for device M01 session S-PHASE03-001: session is not active
2026-07-28T10:43:55.627+05:30  WARN 37596 --- [hub-api] [y-1785215101795] l.r.l.service.MqttSubscriberService      : Rejected session telemetry for device M01 session S-PHASE03-001: session is not active
2026-07-28T10:43:55.850+05:30  WARN 37596 --- [hub-api] [y-1785215101795] l.r.l.service.MqttSubscriberService      : Rejected session telemetry for device M01 session S-PHASE03-001: session is not active
2026-07-28T10:43:56.044+05:30  WARN 37596 --- [hub-api] [y-1785215101795] l.r.l.service.MqttSubscriberService      : Rejected session telemetry for device M01 session S-PHASE03-001: session is not active
2026-07-28T10:43:56.253+05:30  WARN 37596 --- [hub-api] [y-1785215101795] l.r.l.service.MqttSubscriberService      : Rejected session telemetry for device M01 session S-PHASE03-001: session is not active
2026-07-28T10:43:56.293+05:30  INFO 37596 --- [hub-api] [y-1785215101795] l.r.l.service.MqttSubscriberService      : Processed MQTT heartbeat message for M01
2026-07-28T10:43:56.455+05:30  WARN 37596 --- [hub-api] [y-1785215101795] l.r.l.service.MqttSubscriberService      : Rejected session telemetry for device M01 session S-PHASE03-001: session is not active
2026-07-28T10:43:56.660+05:30  WARN 37596 --- [hub-api] [y-1785215101795] l.r.l.service.MqttSubscriberService      : Rejected session telemetry for device M01 session S-PHASE03-001: session is not active
2026-07-28T10:43:56.875+05:30  WARN 37596 --- [hub-api] [y-1785215101795] l.r.l.service.MqttSubscriberService      : Rejected session telemetry for device M01 session S-PHASE03-001: session is not active
2026-07-28T10:43:57.069+05:30  WARN 37596 --- [hub-api] [y-1785215101795] l.r.l.service.MqttSubscriberService      : Rejected session telemetry for device M01 session S-PHASE03-001: session is not active
2026-07-28T10:43:57.275+05:30  WARN 37596 --- [hub-api] [y-1785215101795] l.r.l.service.MqttSubscriberService      : Rejected session telemetry for device M01 session S-PHASE03-001: session is not active
2026-07-28T10:43:57.285+05:30  INFO 37596 --- [hub-api] [y-1785215101795] l.r.l.service.MqttSubscriberService      : Processed MQTT heartbeat message for M01
2026-07-28T10:43:57.493+05:30  WARN 37596 --- [hub-api] [y-1785215101795] l.r.l.service.MqttSubscriberService      : Rejected session telemetry for device M01 session S-PHASE03-001: session is not active
2026-07-28T10:43:57.691+05:30  WARN 37596 --- [hub-api] [y-1785215101795] l.r.l.service.MqttSubscriberService      : Rejected session telemetry for device M01 session S-PHASE03-001: session is not active
2026-07-28T10:43:57.895+05:30  WARN 37596 --- [hub-api] [y-1785215101795] l.r.l.service.MqttSubscriberService      : Rejected session telemetry for device M01 session S-PHASE03-001: session is not active
2026-07-28T10:43:58.109+05:30  WARN 37596 --- [hub-api] [y-1785215101795] l.r.l.service.MqttSubscriberService      : Rejected session telemetry for device M01 session S-PHASE03-001: session is not active
2026-07-28T10:43:58.285+05:30  INFO 37596 --- [hub-api] [y-1785215101795] l.r.l.service.MqttSubscriberService      : Processed MQTT heartbeat message for M01
2026-07-28T10:43:58.302+05:30  WARN 37596 --- [hub-api] [y-1785215101795] l.r.l.service.MqttSubscriberService      : Rejected session telemetry for device M01 session S-PHASE03-001: session is not active
2026-07-28T10:43:58.525+05:30  WARN 37596 --- [hub-api] [y-1785215101795] l.r.l.service.MqttSubscriberService      : Rejected session telemetry for device M01 session S-PHASE03-001: session is not active
2026-07-28T10:43:58.718+05:30  WARN 37596 --- [hub-api] [y-1785215101795] l.r.l.service.MqttSubscriberService      : Rejected session telemetry for device M01 session S-PHASE03-001: session is not active
2026-07-28T10:43:58.940+05:30  WARN 37596 --- [hub-api] [y-1785215101795] l.r.l.service.MqttSubscriberService      : Rejected session telemetry for device M01 session S-PHASE03-001: session is not active
2026-07-28T10:43:59.152+05:30  WARN 37596 --- [hub-api] [y-1785215101795] l.r.l.service.MqttSubscriberService      : Rejected session telemetry for device M01 session S-PHASE03-001: session is not active
2026-07-28T10:43:59.312+05:30  INFO 37596 --- [hub-api] [y-1785215101795] l.r.l.service.MqttSubscriberService      : Processed MQTT heartbeat message for M01
2026-07-28T10:43:59.357+05:30  WARN 37596 --- [hub-api] [y-1785215101795] l.r.l.service.MqttSubscriberService      : Rejected session telemetry for device M01 session S-PHASE03-001: session is not active
2026-07-28T10:43:59.552+05:30  WARN 37596 --- [hub-api] [y-1785215101795] l.r.l.service.MqttSubscriberService      : Rejected session telemetry for device M01 session S-PHASE03-001: session is not active
2026-07-28T10:43:59.761+05:30  WARN 37596 --- [hub-api] [y-1785215101795] l.r.l.service.MqttSubscriberService      : Rejected session telemetry for device M01 session S-PHASE03-001: session is not active
2026-07-28T10:43:59.972+05:30  WARN 37596 --- [hub-api] [y-1785215101795] l.r.l.service.MqttSubscriberService      : Rejected session telemetry for device M01 session S-PHASE03-001: session is not active
2026-07-28T10:44:00.174+05:30  WARN 37596 --- [hub-api] [y-1785215101795] l.r.l.service.MqttSubscriberService      : Rejected session telemetry for device M01 session S-PHASE03-001: session is not active
2026-07-28T10:44:00.323+05:30  INFO 37596 --- [hub-api] [y-1785215101795] l.r.l.service.MqttSubscriberService      : Processed MQTT heartbeat message for M01
2026-07-28T10:44:00.388+05:30  WARN 37596 --- [hub-api] [y-1785215101795] l.r.l.service.MqttSubscriberService      : Rejected session telemetry for device M01 session S-PHASE03-001: session is not active
2026-07-28T10:44:00.592+05:30  WARN 37596 --- [hub-api] [y-1785215101795] l.r.l.service.MqttSubscriberService      : Rejected session telemetry for device M01 session S-PHASE03-001: session is not active
2026-07-28T10:44:00.823+05:30  WARN 37596 --- [hub-api] [y-1785215101795] l.r.l.service.MqttSubscriberService      : Rejected session telemetry for device M01 session S-PHASE03-001: session is not active
2026-07-28T10:44:01.026+05:30  WARN 37596 --- [hub-api] [y-1785215101795] l.r.l.service.MqttSubscriberService      : Rejected session telemetry for device M01 session S-PHASE03-001: session is not active
2026-07-28T10:44:01.235+05:30  WARN 37596 --- [hub-api] [y-1785215101795] l.r.l.service.MqttSubscriberService      : Rejected session telemetry for device M01 session S-PHASE03-001: session is not active
2026-07-28T10:44:01.325+05:30  INFO 37596 --- [hub-api] [y-1785215101795] l.r.l.service.MqttSubscriberService      : Processed MQTT heartbeat message for M01
2026-07-28T10:44:01.444+05:30  WARN 37596 --- [hub-api] [y-1785215101795] l.r.l.service.MqttSubscriberService      : Rejected session telemetry for device M01 session S-PHASE03-001: session is not active
2026-07-28T10:44:01.658+05:30  WARN 37596 --- [hub-api] [y-1785215101795] l.r.l.service.MqttSubscriberService      : Rejected session telemetry for device M01 session S-PHASE03-001: session is not active
2026-07-28T10:44:01.864+05:30  WARN 37596 --- [hub-api] [y-1785215101795] l.r.l.service.MqttSubscriberService      : Rejected session telemetry for device M01 session S-PHASE03-001: session is not active
2026-07-28T10:44:02.052+05:30  WARN 37596 --- [hub-api] [y-1785215101795] l.r.l.service.MqttSubscriberService      : Rejected session telemetry for device M01 session S-PHASE03-001: session is not active
2026-07-28T10:44:02.261+05:30  WARN 37596 --- [hub-api] [y-1785215101795] l.r.l.service.MqttSubscriberService      : Rejected session telemetry for device M01 session S-PHASE03-001: session is not active
2026-07-28T10:44:02.318+05:30  INFO 37596 --- [hub-api] [y-1785215101795] l.r.l.service.MqttSubscriberService      : Processed MQTT heartbeat message for M01
2026-07-28T10:44:02.469+05:30  WARN 37596 --- [hub-api] [y-1785215101795] l.r.l.service.MqttSubscriberService      : Rejected session telemetry for device M01 session S-PHASE03-001: session is not active
2026-07-28T10:44:02.675+05:30  WARN 37596 --- [hub-api] [y-1785215101795] l.r.l.service.MqttSubscriberService      : Rejected session telemetry for device M01 session S-PHASE03-001: session is not active
2026-07-28T10:44:02.888+05:30  WARN 37596 --- [hub-api] [y-1785215101795] l.r.l.service.MqttSubscriberService      : Rejected session telemetry for device M01 session S-PHASE03-001: session is not active
2026-07-28T10:44:03.091+05:30  WARN 37596 --- [hub-api] [y-1785215101795] l.r.l.service.MqttSubscriberService      : Rejected session telemetry for device M01 session S-PHASE03-001: session is not active
2026-07-28T10:44:03.284+05:30  WARN 37596 --- [hub-api] [y-1785215101795] l.r.l.service.MqttSubscriberService      : Rejected session telemetry for device M01 session S-PHASE03-001: session is not active
2026-07-28T10:44:03.324+05:30  INFO 37596 --- [hub-api] [y-1785215101795] l.r.l.service.MqttSubscriberService      : Processed MQTT heartbeat message for M01
2026-07-28T10:44:03.492+05:30  WARN 37596 --- [hub-api] [y-1785215101795] l.r.l.service.MqttSubscriberService      : Rejected session telemetry for device M01 session S-PHASE03-001: session is not active
2026-07-28T10:44:03.709+05:30  WARN 37596 --- [hub-api] [y-1785215101795] l.r.l.service.MqttSubscriberService      : Rejected session telemetry for device M01 session S-PHASE03-001: session is not active
2026-07-28T10:44:03.912+05:30  WARN 37596 --- [hub-api] [y-1785215101795] l.r.l.service.MqttSubscriberService      : Rejected session telemetry for device M01 session S-PHASE03-001: session is not active
2026-07-28T10:44:04.118+05:30  WARN 37596 --- [hub-api] [y-1785215101795] l.r.l.service.MqttSubscriberService      : Rejected session telemetry for device M01 session S-PHASE03-001: session is not active
2026-07-28T10:44:04.334+05:30  WARN 37596 --- [hub-api] [y-1785215101795] l.r.l.service.MqttSubscriberService      : Rejected session telemetry for device M01 session S-PHASE03-001: session is not active
2026-07-28T10:44:04.341+05:30  INFO 37596 --- [hub-api] [y-1785215101795] l.r.l.service.MqttSubscriberService      : Processed MQTT heartbeat message for M01
2026-07-28T10:44:04.542+05:30  WARN 37596 --- [hub-api] [y-1785215101795] l.r.l.service.MqttSubscriberService      : Rejected session telemetry for device M01 session S-PHASE03-001: session is not active
2026-07-28T10:44:04.762+05:30  WARN 37596 --- [hub-api] [y-1785215101795] l.r.l.service.MqttSubscriberService      : Rejected session telemetry for device M01 session S-PHASE03-001: session is not active
2026-07-28T10:44:04.958+05:30  WARN 37596 --- [hub-api] [y-1785215101795] l.r.l.service.MqttSubscriberService      : Rejected session telemetry for device M01 session S-PHASE03-001: session is not active
2026-07-28T10:44:05.179+05:30  WARN 37596 --- [hub-api] [y-1785215101795] l.r.l.service.MqttSubscriberService      : Rejected session telemetry for device M01 session S-PHASE03-001: session is not active
2026-07-28T10:44:05.336+05:30  INFO 37596 --- [hub-api] [y-1785215101795] l.r.l.service.MqttSubscriberService      : Processed MQTT heartbeat message for M01
2026-07-28T10:44:05.376+05:30  WARN 37596 --- [hub-api] [y-1785215101795] l.r.l.service.MqttSubscriberService      : Rejected session telemetry for device M01 session S-PHASE03-001: session is not active
2026-07-28T10:44:05.589+05:30  WARN 37596 --- [hub-api] [y-1785215101795] l.r.l.service.MqttSubscriberService      : Rejected session telemetry for device M01 session S-PHASE03-001: session is not active
2026-07-28T10:44:05.785+05:30  WARN 37596 --- [hub-api] [y-1785215101795] l.r.l.service.MqttSubscriberService      : Rejected session telemetry for device M01 session S-PHASE03-001: session is not active
2026-07-28T10:44:06.008+05:30  WARN 37596 --- [hub-api] [y-1785215101795] l.r.l.service.MqttSubscriberService      : Rejected session telemetry for device M01 session S-PHASE03-001: session is not active
2026-07-28T10:44:06.016+05:30  INFO 37596 --- [hub-api] [y-1785215101795] l.r.l.service.MqttSubscriberService      : Processed MQTT event message for M01
2026-07-28T10:44:06.026+05:30  INFO 37596 --- [hub-api] [y-1785215101795] l.r.l.service.MqttSubscriberService      : Processed MQTT status message for M01
2026-07-28T10:44:06.169+05:30  INFO 37596 --- [hub-api] [io-18080-exec-4] l.r.l.service.HubServiceInfoService      : MQTT internal URL: tcp://127.0.0.1:1883
2026-07-28T10:44:06.169+05:30  INFO 37596 --- [hub-api] [io-18080-exec-4] l.r.l.service.HubServiceInfoService      : MQTT advertised/public host: 192.168.8.187:1883
2026-07-28T10:44:06.169+05:30  INFO 37596 --- [hub-api] [io-18080-exec-4] l.r.l.service.HubServiceInfoService      : Backend advertised URL: http://192.168.8.187:18080
2026-07-28T10:46:06.501+05:30  INFO 37596 --- [hub-api] [io-18080-exec-5] l.r.l.service.HubServiceInfoService      : MQTT internal URL: tcp://127.0.0.1:1883
2026-07-28T10:46:06.507+05:30  INFO 37596 --- [hub-api] [io-18080-exec-5] l.r.l.service.HubServiceInfoService      : MQTT advertised/public host: 192.168.8.187:1883
2026-07-28T10:46:06.512+05:30  INFO 37596 --- [hub-api] [io-18080-exec-5] l.r.l.service.HubServiceInfoService      : Backend advertised URL: http://192.168.8.187:18080
2026-07-28T10:47:30.156+05:30  INFO 37596 --- [hub-api] [y-1785215101795] l.r.l.service.MqttSubscriberService      : Observed firmware reply phase03-telemetry-stop on resq/M01/events but no matching command request was found
2026-07-28T10:47:34.751+05:30  INFO 37596 --- [hub-api] [y-1785215101795] l.r.l.service.MqttSubscriberService      : Observed firmware reply phase03-calibration-start on resq/M01/events/calibration but no matching command request was found
2026-07-28T10:47:34.799+05:30  INFO 37596 --- [hub-api] [y-1785215101795] l.r.l.service.DeviceReadinessService     : Received calibration event deviceId=M01 eventId=4000 progressId=null state=CALIBRATING
2026-07-28T10:47:34.804+05:30  INFO 37596 --- [hub-api] [y-1785215101795] l.r.l.service.DeviceReadinessService     : Updated runtime readiness deviceId=M01 calibrationState=READY readyForSession=false
2026-07-28T10:47:34.974+05:30  INFO 37596 --- [hub-api] [y-1785215101795] l.r.l.service.MqttSubscriberService      : Observed firmware reply phase03-calibration-start on resq/M01/events/calibration but no matching command request was found
2026-07-28T10:47:34.982+05:30  INFO 37596 --- [hub-api] [y-1785215101795] l.r.l.service.DeviceReadinessService     : Received calibration event deviceId=M01 eventId=4001 progressId=1 state=CALIBRATING
2026-07-28T10:47:34.988+05:30  INFO 37596 --- [hub-api] [y-1785215101795] l.r.l.service.DeviceReadinessService     : Updated runtime readiness deviceId=M01 calibrationState=READY readyForSession=false
2026-07-28T10:47:35.402+05:30  INFO 37596 --- [hub-api] [y-1785215101795] l.r.l.service.MqttSubscriberService      : Observed firmware reply phase03-calibration-start on resq/M01/events/calibration but no matching command request was found
2026-07-28T10:47:35.487+05:30  INFO 37596 --- [hub-api] [y-1785215101795] l.r.l.service.DeviceReadinessService     : Received calibration event deviceId=M01 eventId=4001 progressId=2 state=CALIBRATING
2026-07-28T10:47:35.492+05:30  INFO 37596 --- [hub-api] [y-1785215101795] l.r.l.service.DeviceReadinessService     : Updated runtime readiness deviceId=M01 calibrationState=READY readyForSession=false
2026-07-28T10:47:35.838+05:30  INFO 37596 --- [hub-api] [y-1785215101795] l.r.l.service.MqttSubscriberService      : Observed firmware reply phase03-calibration-start on resq/M01/events/calibration but no matching command request was found
2026-07-28T10:47:35.954+05:30  INFO 37596 --- [hub-api] [y-1785215101795] l.r.l.service.DeviceReadinessService     : Received calibration event deviceId=M01 eventId=4001 progressId=3 state=CALIBRATING
2026-07-28T10:47:35.962+05:30  INFO 37596 --- [hub-api] [y-1785215101795] l.r.l.service.DeviceReadinessService     : Updated runtime readiness deviceId=M01 calibrationState=READY readyForSession=false
2026-07-28T10:47:36.453+05:30  INFO 37596 --- [hub-api] [y-1785215101795] l.r.l.service.MqttSubscriberService      : Observed firmware reply phase03-calibration-start on resq/M01/events/calibration but no matching command request was found
2026-07-28T10:47:36.566+05:30  INFO 37596 --- [hub-api] [y-1785215101795] l.r.l.service.DeviceReadinessService     : Received calibration event deviceId=M01 eventId=4001 progressId=4 state=CALIBRATING
2026-07-28T10:47:36.574+05:30  INFO 37596 --- [hub-api] [y-1785215101795] l.r.l.service.DeviceReadinessService     : Updated runtime readiness deviceId=M01 calibrationState=READY readyForSession=false
2026-07-28T10:47:37.198+05:30  INFO 37596 --- [hub-api] [y-1785215101795] l.r.l.service.MqttSubscriberService      : Observed firmware reply phase03-calibration-start on resq/M01/events/calibration but no matching command request was found
2026-07-28T10:47:37.206+05:30  INFO 37596 --- [hub-api] [y-1785215101795] l.r.l.service.DeviceReadinessService     : Received calibration event deviceId=M01 eventId=4001 progressId=5 state=CALIBRATING
2026-07-28T10:47:37.213+05:30  INFO 37596 --- [hub-api] [y-1785215101795] l.r.l.service.DeviceReadinessService     : Updated runtime readiness deviceId=M01 calibrationState=READY readyForSession=false
2026-07-28T10:47:37.946+05:30  INFO 37596 --- [hub-api] [y-1785215101795] l.r.l.service.MqttSubscriberService      : Observed firmware reply phase03-calibration-start on resq/M01/events/calibration but no matching command request was found
2026-07-28T10:47:38.022+05:30  INFO 37596 --- [hub-api] [y-1785215101795] l.r.l.service.DeviceReadinessService     : Received calibration event deviceId=M01 eventId=4001 progressId=6 state=CALIBRATING
2026-07-28T10:47:38.028+05:30  INFO 37596 --- [hub-api] [y-1785215101795] l.r.l.service.DeviceReadinessService     : Updated runtime readiness deviceId=M01 calibrationState=READY readyForSession=false
2026-07-28T10:47:38.426+05:30  INFO 37596 --- [hub-api] [y-1785215101795] l.r.l.service.MqttSubscriberService      : Observed firmware reply phase03-calibration-start on resq/M01/events/calibration but no matching command request was found
2026-07-28T10:47:38.486+05:30  INFO 37596 --- [hub-api] [y-1785215101795] l.r.l.service.DeviceReadinessService     : Received calibration event deviceId=M01 eventId=4001 progressId=7 state=CALIBRATING
2026-07-28T10:47:38.492+05:30  INFO 37596 --- [hub-api] [y-1785215101795] l.r.l.service.DeviceReadinessService     : Updated runtime readiness deviceId=M01 calibrationState=READY readyForSession=false
2026-07-28T10:47:39.072+05:30  INFO 37596 --- [hub-api] [y-1785215101795] l.r.l.service.MqttSubscriberService      : Observed firmware reply phase03-calibration-start on resq/M01/events/calibration but no matching command request was found
2026-07-28T10:47:39.145+05:30  INFO 37596 --- [hub-api] [y-1785215101795] l.r.l.service.DeviceReadinessService     : Received calibration event deviceId=M01 eventId=4001 progressId=8 state=CALIBRATING
2026-07-28T10:47:39.151+05:30  INFO 37596 --- [hub-api] [y-1785215101795] l.r.l.service.DeviceReadinessService     : Updated runtime readiness deviceId=M01 calibrationState=READY readyForSession=false
2026-07-28T10:47:39.495+05:30  INFO 37596 --- [hub-api] [y-1785215101795] l.r.l.service.MqttSubscriberService      : Observed firmware reply phase03-calibration-start on resq/M01/events/calibration but no matching command request was found
2026-07-28T10:47:39.628+05:30  INFO 37596 --- [hub-api] [y-1785215101795] l.r.l.service.DeviceReadinessService     : Received calibration event deviceId=M01 eventId=4001 progressId=9 state=CALIBRATING
2026-07-28T10:47:39.634+05:30  INFO 37596 --- [hub-api] [y-1785215101795] l.r.l.service.DeviceReadinessService     : Updated runtime readiness deviceId=M01 calibrationState=READY readyForSession=false
2026-07-28T10:47:39.821+05:30  INFO 37596 --- [hub-api] [y-1785215101795] l.r.l.service.MqttSubscriberService      : Observed firmware reply phase03-calibration-start on resq/M01/events/calibration but no matching command request was found
2026-07-28T10:47:39.912+05:30  INFO 37596 --- [hub-api] [y-1785215101795] l.r.l.service.DeviceReadinessService     : Received calibration event deviceId=M01 eventId=4001 progressId=10 state=CALIBRATING
2026-07-28T10:47:39.920+05:30  INFO 37596 --- [hub-api] [y-1785215101795] l.r.l.service.DeviceReadinessService     : Updated runtime readiness deviceId=M01 calibrationState=READY readyForSession=false
2026-07-28T10:47:40.465+05:30  INFO 37596 --- [hub-api] [y-1785215101795] l.r.l.service.MqttSubscriberService      : Observed firmware reply phase03-calibration-start on resq/M01/events/calibration but no matching command request was found
2026-07-28T10:47:40.554+05:30  INFO 37596 --- [hub-api] [y-1785215101795] l.r.l.service.DeviceReadinessService     : Received calibration event deviceId=M01 eventId=4002 progressId=11 state=READY_FOR_SESSION
2026-07-28T10:47:40.562+05:30  INFO 37596 --- [hub-api] [y-1785215101795] l.r.l.service.DeviceReadinessService     : Updated runtime readiness deviceId=M01 calibrationState=READY readyForSession=false
2026-07-28T10:49:42.856+05:30  INFO 37596 --- [hub-api] [y-1785215101795] l.r.l.service.MqttSubscriberService      : Observed firmware reply phase03-session-start on resq/M01/events but no matching command request was found
2026-07-28T10:49:43.386+05:30  WARN 37596 --- [hub-api] [y-1785215101795] l.r.l.service.MqttSubscriberService      : Rejected session telemetry for device M01 session S-PHASE03-001: session is not active
2026-07-28T10:49:44.647+05:30  WARN 37596 --- [hub-api] [y-1785215101795] l.r.l.service.MqttSubscriberService      : Rejected session telemetry for device M01 session S-PHASE03-001: session is not active
2026-07-28T10:49:46.446+05:30  WARN 37596 --- [hub-api] [y-1785215101795] l.r.l.service.MqttSubscriberService      : Rejected session telemetry for device M01 session S-PHASE03-001: session is not active
2026-07-28T10:49:46.627+05:30  WARN 37596 --- [hub-api] [y-1785215101795] l.r.l.service.MqttSubscriberService      : Rejected session telemetry for device M01 session S-PHASE03-001: session is not active
2026-07-28T10:49:47.632+05:30  WARN 37596 --- [hub-api] [y-1785215101795] l.r.l.service.MqttSubscriberService      : Rejected session telemetry for device M01 session S-PHASE03-001: session is not active
2026-07-28T10:49:49.015+05:30  WARN 37596 --- [hub-api] [y-1785215101795] l.r.l.service.MqttSubscriberService      : Rejected session telemetry for device M01 session S-PHASE03-001: session is not active
2026-07-28T10:49:49.279+05:30  WARN 37596 --- [hub-api] [y-1785215101795] l.r.l.service.MqttSubscriberService      : Rejected session telemetry for device M01 session S-PHASE03-001: session is not active
2026-07-28T10:49:49.413+05:30  WARN 37596 --- [hub-api] [y-1785215101795] l.r.l.service.MqttSubscriberService      : Rejected session telemetry for device M01 session S-PHASE03-001: session is not active
2026-07-28T10:49:49.750+05:30  WARN 37596 --- [hub-api] [y-1785215101795] l.r.l.service.MqttSubscriberService      : Rejected session telemetry for device M01 session S-PHASE03-001: session is not active
2026-07-28T10:49:49.948+05:30  WARN 37596 --- [hub-api] [y-1785215101795] l.r.l.service.MqttSubscriberService      : Rejected session telemetry for device M01 session S-PHASE03-001: session is not active
2026-07-28T10:49:50.606+05:30  WARN 37596 --- [hub-api] [y-1785215101795] l.r.l.service.MqttSubscriberService      : Rejected session telemetry for device M01 session S-PHASE03-001: session is not active
2026-07-28T10:49:50.682+05:30  WARN 37596 --- [hub-api] [y-1785215101795] l.r.l.service.MqttSubscriberService      : Rejected session telemetry for device M01 session S-PHASE03-001: session is not active
2026-07-28T10:49:50.955+05:30  WARN 37596 --- [hub-api] [y-1785215101795] l.r.l.service.MqttSubscriberService      : Rejected session telemetry for device M01 session S-PHASE03-001: session is not active
2026-07-28T10:49:51.668+05:30  WARN 37596 --- [hub-api] [y-1785215101795] l.r.l.service.MqttSubscriberService      : Rejected session telemetry for device M01 session S-PHASE03-001: session is not active
2026-07-28T10:49:51.967+05:30  WARN 37596 --- [hub-api] [y-1785215101795] l.r.l.service.MqttSubscriberService      : Rejected session telemetry for device M01 session S-PHASE03-001: session is not active
2026-07-28T10:49:52.221+05:30  WARN 37596 --- [hub-api] [y-1785215101795] l.r.l.service.MqttSubscriberService      : Rejected session telemetry for device M01 session S-PHASE03-001: session is not active
2026-07-28T10:49:52.559+05:30  WARN 37596 --- [hub-api] [y-1785215101795] l.r.l.service.MqttSubscriberService      : Rejected session telemetry for device M01 session S-PHASE03-001: session is not active
2026-07-28T10:49:52.713+05:30  WARN 37596 --- [hub-api] [y-1785215101795] l.r.l.service.MqttSubscriberService      : Rejected session telemetry for device M01 session S-PHASE03-001: session is not active
2026-07-28T10:49:52.978+05:30  WARN 37596 --- [hub-api] [y-1785215101795] l.r.l.service.MqttSubscriberService      : Rejected session telemetry for device M01 session S-PHASE03-001: session is not active
2026-07-28T10:49:53.521+05:30  WARN 37596 --- [hub-api] [y-1785215101795] l.r.l.service.MqttSubscriberService      : Rejected session telemetry for device M01 session S-PHASE03-001: session is not active
2026-07-28T10:49:53.598+05:30  WARN 37596 --- [hub-api] [y-1785215101795] l.r.l.service.MqttSubscriberService      : Rejected session telemetry for device M01 session S-PHASE03-001: session is not active
2026-07-28T10:49:53.853+05:30  WARN 37596 --- [hub-api] [y-1785215101795] l.r.l.service.MqttSubscriberService      : Rejected session telemetry for device M01 session S-PHASE03-001: session is not active
2026-07-28T10:49:53.933+05:30  WARN 37596 --- [hub-api] [y-1785215101795] l.r.l.service.MqttSubscriberService      : Rejected session telemetry for device M01 session S-PHASE03-001: session is not active
2026-07-28T10:49:54.865+05:30  WARN 37596 --- [hub-api] [y-1785215101795] l.r.l.service.MqttSubscriberService      : Rejected session telemetry for device M01 session S-PHASE03-001: session is not active
2026-07-28T10:49:55.508+05:30  WARN 37596 --- [hub-api] [y-1785215101795] l.r.l.service.MqttSubscriberService      : Rejected session telemetry for device M01 session S-PHASE03-001: session is not active
2026-07-28T10:49:55.770+05:30  WARN 37596 --- [hub-api] [y-1785215101795] l.r.l.service.MqttSubscriberService      : Rejected session telemetry for device M01 session S-PHASE03-001: session is not active
2026-07-28T10:49:56.251+05:30  WARN 37596 --- [hub-api] [y-1785215101795] l.r.l.service.MqttSubscriberService      : Rejected session telemetry for device M01 session S-PHASE03-001: session is not active
2026-07-28T10:49:56.700+05:30  WARN 37596 --- [hub-api] [y-1785215101795] l.r.l.service.MqttSubscriberService      : Rejected session telemetry for device M01 session S-PHASE03-001: session is not active
2026-07-28T10:49:56.929+05:30  WARN 37596 --- [hub-api] [y-1785215101795] l.r.l.service.MqttSubscriberService      : Rejected session telemetry for device M01 session S-PHASE03-001: session is not active
2026-07-28T10:49:57.010+05:30  WARN 37596 --- [hub-api] [y-1785215101795] l.r.l.service.MqttSubscriberService      : Rejected session telemetry for device M01 session S-PHASE03-001: session is not active
2026-07-28T10:49:58.934+05:30  WARN 37596 --- [hub-api] [y-1785215101795] l.r.l.service.MqttSubscriberService      : Rejected session telemetry for device M01 session S-PHASE03-001: session is not active
2026-07-28T10:49:59.440+05:30  WARN 37596 --- [hub-api] [y-1785215101795] l.r.l.service.MqttSubscriberService      : Rejected session telemetry for device M01 session S-PHASE03-001: session is not active
2026-07-28T10:49:59.521+05:30  WARN 37596 --- [hub-api] [y-1785215101795] l.r.l.service.MqttSubscriberService      : Rejected session telemetry for device M01 session S-PHASE03-001: session is not active
2026-07-28T10:49:59.957+05:30  WARN 37596 --- [hub-api] [y-1785215101795] l.r.l.service.MqttSubscriberService      : Rejected session telemetry for device M01 session S-PHASE03-001: session is not active
2026-07-28T10:50:00.603+05:30  WARN 37596 --- [hub-api] [y-1785215101795] l.r.l.service.MqttSubscriberService      : Rejected session telemetry for device M01 session S-PHASE03-001: session is not active
2026-07-28T10:50:00.845+05:30  WARN 37596 --- [hub-api] [y-1785215101795] l.r.l.service.MqttSubscriberService      : Rejected session telemetry for device M01 session S-PHASE03-001: session is not active
2026-07-28T10:50:01.048+05:30  WARN 37596 --- [hub-api] [y-1785215101795] l.r.l.service.MqttSubscriberService      : Rejected session telemetry for device M01 session S-PHASE03-001: session is not active
2026-07-28T10:50:01.221+05:30  WARN 37596 --- [hub-api] [y-1785215101795] l.r.l.service.MqttSubscriberService      : Rejected session telemetry for device M01 session S-PHASE03-001: session is not active
2026-07-28T10:50:01.988+05:30  WARN 37596 --- [hub-api] [y-1785215101795] l.r.l.service.MqttSubscriberService      : Rejected session telemetry for device M01 session S-PHASE03-001: session is not active
2026-07-28T10:50:02.125+05:30  WARN 37596 --- [hub-api] [y-1785215101795] l.r.l.service.MqttSubscriberService      : Rejected session telemetry for device M01 session S-PHASE03-001: session is not active
2026-07-28T10:50:02.543+05:30  WARN 37596 --- [hub-api] [y-1785215101795] l.r.l.service.MqttSubscriberService      : Rejected session telemetry for device M01 session S-PHASE03-001: session is not active
2026-07-28T10:50:02.726+05:30  WARN 37596 --- [hub-api] [y-1785215101795] l.r.l.service.MqttSubscriberService      : Rejected session telemetry for device M01 session S-PHASE03-001: session is not active
2026-07-28T10:50:02.957+05:30  WARN 37596 --- [hub-api] [y-1785215101795] l.r.l.service.MqttSubscriberService      : Rejected session telemetry for device M01 session S-PHASE03-001: session is not active
2026-07-28T10:50:03.162+05:30  WARN 37596 --- [hub-api] [y-1785215101795] l.r.l.service.MqttSubscriberService      : Rejected session telemetry for device M01 session S-PHASE03-001: session is not active
2026-07-28T10:50:03.425+05:30  WARN 37596 --- [hub-api] [y-1785215101795] l.r.l.service.MqttSubscriberService      : Rejected session telemetry for device M01 session S-PHASE03-001: session is not active
2026-07-28T10:50:03.827+05:30  WARN 37596 --- [hub-api] [y-1785215101795] l.r.l.service.MqttSubscriberService      : Rejected session telemetry for device M01 session S-PHASE03-001: session is not active
2026-07-28T10:50:04.118+05:30  WARN 37596 --- [hub-api] [y-1785215101795] l.r.l.service.MqttSubscriberService      : Rejected session telemetry for device M01 session S-PHASE03-001: session is not active
2026-07-28T10:50:04.195+05:30  WARN 37596 --- [hub-api] [y-1785215101795] l.r.l.service.MqttSubscriberService      : Rejected session telemetry for device M01 session S-PHASE03-001: session is not active
2026-07-28T10:50:04.498+05:30  WARN 37596 --- [hub-api] [y-1785215101795] l.r.l.service.MqttSubscriberService      : Rejected session telemetry for device M01 session S-PHASE03-001: session is not active
2026-07-28T10:50:04.978+05:30  WARN 37596 --- [hub-api] [y-1785215101795] l.r.l.service.MqttSubscriberService      : Rejected session telemetry for device M01 session S-PHASE03-001: session is not active
2026-07-28T10:50:05.052+05:30  WARN 37596 --- [hub-api] [y-1785215101795] l.r.l.service.MqttSubscriberService      : Rejected session telemetry for device M01 session S-PHASE03-001: session is not active
2026-07-28T10:50:05.135+05:30  WARN 37596 --- [hub-api] [y-1785215101795] l.r.l.service.MqttSubscriberService      : Rejected session telemetry for device M01 session S-PHASE03-001: session is not active
2026-07-28T10:50:05.613+05:30  WARN 37596 --- [hub-api] [y-1785215101795] l.r.l.service.MqttSubscriberService      : Rejected session telemetry for device M01 session S-PHASE03-001: session is not active
2026-07-28T10:50:06.861+05:30  WARN 37596 --- [hub-api] [y-1785215101795] l.r.l.service.MqttSubscriberService      : Rejected session telemetry for device M01 session S-PHASE03-001: session is not active
2026-07-28T10:50:07.137+05:30  WARN 37596 --- [hub-api] [y-1785215101795] l.r.l.service.MqttSubscriberService      : Rejected session telemetry for device M01 session S-PHASE03-001: session is not active
2026-07-28T10:50:07.598+05:30  WARN 37596 --- [hub-api] [y-1785215101795] l.r.l.service.MqttSubscriberService      : Rejected session telemetry for device M01 session S-PHASE03-001: session is not active
2026-07-28T10:50:08.212+05:30  WARN 37596 --- [hub-api] [y-1785215101795] l.r.l.service.MqttSubscriberService      : Rejected session telemetry for device M01 session S-PHASE03-001: session is not active
2026-07-28T10:50:08.554+05:30  WARN 37596 --- [hub-api] [y-1785215101795] l.r.l.service.MqttSubscriberService      : Rejected session telemetry for device M01 session S-PHASE03-001: session is not active
2026-07-28T10:50:08.634+05:30  WARN 37596 --- [hub-api] [y-1785215101795] l.r.l.service.MqttSubscriberService      : Rejected session telemetry for device M01 session S-PHASE03-001: session is not active
2026-07-28T10:50:10.113+05:30  WARN 37596 --- [hub-api] [y-1785215101795] l.r.l.service.MqttSubscriberService      : Rejected session telemetry for device M01 session S-PHASE03-001: session is not active
2026-07-28T10:50:10.193+05:30  WARN 37596 --- [hub-api] [y-1785215101795] l.r.l.service.MqttSubscriberService      : Rejected session telemetry for device M01 session S-PHASE03-001: session is not active
2026-07-28T10:50:10.922+05:30  WARN 37596 --- [hub-api] [y-1785215101795] l.r.l.service.MqttSubscriberService      : Rejected session telemetry for device M01 session S-PHASE03-001: session is not active
2026-07-28T10:50:11.004+05:30  WARN 37596 --- [hub-api] [y-1785215101795] l.r.l.service.MqttSubscriberService      : Rejected session telemetry for device M01 session S-PHASE03-001: session is not active
2026-07-28T10:50:12.491+05:30  WARN 37596 --- [hub-api] [y-1785215101795] l.r.l.service.MqttSubscriberService      : Rejected session telemetry for device M01 session S-PHASE03-001: session is not active
2026-07-28T10:50:12.917+05:30  WARN 37596 --- [hub-api] [y-1785215101795] l.r.l.service.MqttSubscriberService      : Rejected session telemetry for device M01 session S-PHASE03-001: session is not active
2026-07-28T10:50:13.298+05:30  WARN 37596 --- [hub-api] [y-1785215101795] l.r.l.service.MqttSubscriberService      : Rejected session telemetry for device M01 session S-PHASE03-001: session is not active
2026-07-28T10:50:15.033+05:30  WARN 37596 --- [hub-api] [y-1785215101795] l.r.l.service.MqttSubscriberService      : Rejected session telemetry for device M01 session S-PHASE03-001: session is not active
2026-07-28T10:50:15.109+05:30  WARN 37596 --- [hub-api] [y-1785215101795] l.r.l.service.MqttSubscriberService      : Rejected session telemetry for device M01 session S-PHASE03-001: session is not active
2026-07-28T10:50:15.673+05:30  WARN 37596 --- [hub-api] [y-1785215101795] l.r.l.service.MqttSubscriberService      : Rejected session telemetry for device M01 session S-PHASE03-001: session is not active
2026-07-28T10:50:15.994+05:30  WARN 37596 --- [hub-api] [y-1785215101795] l.r.l.service.MqttSubscriberService      : Rejected session telemetry for device M01 session S-PHASE03-001: session is not active
2026-07-28T10:50:16.070+05:30  WARN 37596 --- [hub-api] [y-1785215101795] l.r.l.service.MqttSubscriberService      : Rejected session telemetry for device M01 session S-PHASE03-001: session is not active
2026-07-28T10:50:16.136+05:30  WARN 37596 --- [hub-api] [y-1785215101795] l.r.l.service.MqttSubscriberService      : Rejected session telemetry for device M01 session S-PHASE03-001: session is not active
2026-07-28T10:50:16.267+05:30  WARN 37596 --- [hub-api] [y-1785215101795] l.r.l.service.MqttSubscriberService      : Rejected session telemetry for device M01 session S-PHASE03-001: session is not active
2026-07-28T10:50:16.352+05:30  WARN 37596 --- [hub-api] [y-1785215101795] l.r.l.service.MqttSubscriberService      : Rejected session telemetry for device M01 session S-PHASE03-001: session is not active
2026-07-28T10:50:16.566+05:30  WARN 37596 --- [hub-api] [y-1785215101795] l.r.l.service.MqttSubscriberService      : Rejected session telemetry for device M01 session S-PHASE03-001: session is not active
2026-07-28T10:50:16.640+05:30  WARN 37596 --- [hub-api] [y-1785215101795] l.r.l.service.MqttSubscriberService      : Rejected session telemetry for device M01 session S-PHASE03-001: session is not active
2026-07-28T10:50:17.120+05:30  WARN 37596 --- [hub-api] [y-1785215101795] l.r.l.service.MqttSubscriberService      : Rejected session telemetry for device M01 session S-PHASE03-001: session is not active
2026-07-28T10:50:17.390+05:30  WARN 37596 --- [hub-api] [y-1785215101795] l.r.l.service.MqttSubscriberService      : Rejected session telemetry for device M01 session S-PHASE03-001: session is not active
2026-07-28T10:50:17.469+05:30  WARN 37596 --- [hub-api] [y-1785215101795] l.r.l.service.MqttSubscriberService      : Rejected session telemetry for device M01 session S-PHASE03-001: session is not active
2026-07-28T10:50:18.058+05:30  WARN 37596 --- [hub-api] [y-1785215101795] l.r.l.service.MqttSubscriberService      : Rejected session telemetry for device M01 session S-PHASE03-001: session is not active
2026-07-28T10:50:18.349+05:30  WARN 37596 --- [hub-api] [y-1785215101795] l.r.l.service.MqttSubscriberService      : Rejected session telemetry for device M01 session S-PHASE03-001: session is not active
2026-07-28T10:50:18.535+05:30  WARN 37596 --- [hub-api] [y-1785215101795] l.r.l.service.MqttSubscriberService      : Rejected session telemetry for device M01 session S-PHASE03-001: session is not active
2026-07-28T10:50:19.182+05:30  WARN 37596 --- [hub-api] [y-1785215101795] l.r.l.service.MqttSubscriberService      : Rejected session telemetry for device M01 session S-PHASE03-001: session is not active
2026-07-28T10:50:19.578+05:30  WARN 37596 --- [hub-api] [y-1785215101795] l.r.l.service.MqttSubscriberService      : Rejected session telemetry for device M01 session S-PHASE03-001: session is not active
2026-07-28T10:50:19.744+05:30  WARN 37596 --- [hub-api] [y-1785215101795] l.r.l.service.MqttSubscriberService      : Rejected session telemetry for device M01 session S-PHASE03-001: session is not active
2026-07-28T10:50:20.853+05:30  WARN 37596 --- [hub-api] [y-1785215101795] l.r.l.service.MqttSubscriberService      : Rejected session telemetry for device M01 session S-PHASE03-001: session is not active
2026-07-28T10:50:20.925+05:30  WARN 37596 --- [hub-api] [y-1785215101795] l.r.l.service.MqttSubscriberService      : Rejected session telemetry for device M01 session S-PHASE03-001: session is not active
2026-07-28T10:50:21.281+05:30  WARN 37596 --- [hub-api] [y-1785215101795] l.r.l.service.MqttSubscriberService      : Rejected session telemetry for device M01 session S-PHASE03-001: session is not active
2026-07-28T10:50:21.514+05:30  WARN 37596 --- [hub-api] [y-1785215101795] l.r.l.service.MqttSubscriberService      : Rejected session telemetry for device M01 session S-PHASE03-001: session is not active
2026-07-28T10:50:22.011+05:30  WARN 37596 --- [hub-api] [y-1785215101795] l.r.l.service.MqttSubscriberService      : Rejected session telemetry for device M01 session S-PHASE03-001: session is not active
2026-07-28T10:50:22.549+05:30  WARN 37596 --- [hub-api] [y-1785215101795] l.r.l.service.MqttSubscriberService      : Rejected session telemetry for device M01 session S-PHASE03-001: session is not active
2026-07-28T10:50:23.171+05:30  WARN 37596 --- [hub-api] [y-1785215101795] l.r.l.service.MqttSubscriberService      : Rejected session telemetry for device M01 session S-PHASE03-001: session is not active
2026-07-28T10:50:23.421+05:30  WARN 37596 --- [hub-api] [y-1785215101795] l.r.l.service.MqttSubscriberService      : Rejected session telemetry for device M01 session S-PHASE03-001: session is not active
2026-07-28T10:50:24.122+05:30  WARN 37596 --- [hub-api] [y-1785215101795] l.r.l.service.MqttSubscriberService      : Rejected session telemetry for device M01 session S-PHASE03-001: session is not active
2026-07-28T10:50:24.574+05:30  WARN 37596 --- [hub-api] [y-1785215101795] l.r.l.service.MqttSubscriberService      : Rejected session telemetry for device M01 session S-PHASE03-001: session is not active
2026-07-28T10:50:24.848+05:30  WARN 37596 --- [hub-api] [y-1785215101795] l.r.l.service.MqttSubscriberService      : Rejected session telemetry for device M01 session S-PHASE03-001: session is not active
2026-07-28T10:50:25.024+05:30  WARN 37596 --- [hub-api] [y-1785215101795] l.r.l.service.MqttSubscriberService      : Rejected session telemetry for device M01 session S-PHASE03-001: session is not active
2026-07-28T10:50:25.477+05:30  WARN 37596 --- [hub-api] [y-1785215101795] l.r.l.service.MqttSubscriberService      : Rejected session telemetry for device M01 session S-PHASE03-001: session is not active
2026-07-28T10:50:25.800+05:30  WARN 37596 --- [hub-api] [y-1785215101795] l.r.l.service.MqttSubscriberService      : Rejected session telemetry for device M01 session S-PHASE03-001: session is not active
2026-07-28T10:50:25.877+05:30  WARN 37596 --- [hub-api] [y-1785215101795] l.r.l.service.MqttSubscriberService      : Rejected session telemetry for device M01 session S-PHASE03-001: session is not active
2026-07-28T10:50:26.074+05:30  WARN 37596 --- [hub-api] [y-1785215101795] l.r.l.service.MqttSubscriberService      : Rejected session telemetry for device M01 session S-PHASE03-001: session is not active
2026-07-28T10:50:26.497+05:30  WARN 37596 --- [hub-api] [y-1785215101795] l.r.l.service.MqttSubscriberService      : Rejected session telemetry for device M01 session S-PHASE03-001: session is not active
2026-07-28T10:50:26.938+05:30  WARN 37596 --- [hub-api] [y-1785215101795] l.r.l.service.MqttSubscriberService      : Rejected session telemetry for device M01 session S-PHASE03-001: session is not active
2026-07-28T10:50:27.111+05:30  WARN 37596 --- [hub-api] [y-1785215101795] l.r.l.service.MqttSubscriberService      : Rejected session telemetry for device M01 session S-PHASE03-001: session is not active
2026-07-28T10:50:27.662+05:30  WARN 37596 --- [hub-api] [y-1785215101795] l.r.l.service.MqttSubscriberService      : Rejected session telemetry for device M01 session S-PHASE03-001: session is not active
2026-07-28T10:50:27.737+05:30  WARN 37596 --- [hub-api] [y-1785215101795] l.r.l.service.MqttSubscriberService      : Rejected session telemetry for device M01 session S-PHASE03-001: session is not active
2026-07-28T10:50:28.008+05:30  WARN 37596 --- [hub-api] [y-1785215101795] l.r.l.service.MqttSubscriberService      : Rejected session telemetry for device M01 session S-PHASE03-001: session is not active
2026-07-28T10:50:28.846+05:30  WARN 37596 --- [hub-api] [y-1785215101795] l.r.l.service.MqttSubscriberService      : Rejected session telemetry for device M01 session S-PHASE03-001: session is not active
2026-07-28T10:50:29.256+05:30  WARN 37596 --- [hub-api] [y-1785215101795] l.r.l.service.MqttSubscriberService      : Rejected session telemetry for device M01 session S-PHASE03-001: session is not active
2026-07-28T10:50:29.758+05:30  WARN 37596 --- [hub-api] [y-1785215101795] l.r.l.service.MqttSubscriberService      : Rejected session telemetry for device M01 session S-PHASE03-001: session is not active
2026-07-28T10:50:30.550+05:30  WARN 37596 --- [hub-api] [y-1785215101795] l.r.l.service.MqttSubscriberService      : Rejected session telemetry for device M01 session S-PHASE03-001: session is not active
2026-07-28T10:50:30.750+05:30  WARN 37596 --- [hub-api] [y-1785215101795] l.r.l.service.MqttSubscriberService      : Rejected session telemetry for device M01 session S-PHASE03-001: session is not active
2026-07-28T10:50:30.836+05:30  WARN 37596 --- [hub-api] [y-1785215101795] l.r.l.service.MqttSubscriberService      : Rejected session telemetry for device M01 session S-PHASE03-001: session is not active
2026-07-28T10:50:31.029+05:30  WARN 37596 --- [hub-api] [y-1785215101795] l.r.l.service.MqttSubscriberService      : Rejected session telemetry for device M01 session S-PHASE03-001: session is not active
2026-07-28T10:50:31.770+05:30  WARN 37596 --- [hub-api] [y-1785215101795] l.r.l.service.MqttSubscriberService      : Rejected session telemetry for device M01 session S-PHASE03-001: session is not active
2026-07-28T10:50:31.946+05:30  WARN 37596 --- [hub-api] [y-1785215101795] l.r.l.service.MqttSubscriberService      : Rejected session telemetry for device M01 session S-PHASE03-001: session is not active
2026-07-28T10:50:32.185+05:30  WARN 37596 --- [hub-api] [y-1785215101795] l.r.l.service.MqttSubscriberService      : Rejected session telemetry for device M01 session S-PHASE03-001: session is not active
2026-07-28T10:50:32.596+05:30  WARN 37596 --- [hub-api] [y-1785215101795] l.r.l.service.MqttSubscriberService      : Rejected session telemetry for device M01 session S-PHASE03-001: session is not active
2026-07-28T10:50:32.678+05:30  WARN 37596 --- [hub-api] [y-1785215101795] l.r.l.service.MqttSubscriberService      : Rejected session telemetry for device M01 session S-PHASE03-001: session is not active
2026-07-28T10:50:32.874+05:30  WARN 37596 --- [hub-api] [y-1785215101795] l.r.l.service.MqttSubscriberService      : Rejected session telemetry for device M01 session S-PHASE03-001: session is not active
2026-07-28T10:50:33.024+05:30  WARN 37596 --- [hub-api] [y-1785215101795] l.r.l.service.MqttSubscriberService      : Rejected session telemetry for device M01 session S-PHASE03-001: session is not active
2026-07-28T10:50:33.419+05:30  WARN 37596 --- [hub-api] [y-1785215101795] l.r.l.service.MqttSubscriberService      : Rejected session telemetry for device M01 session S-PHASE03-001: session is not active
2026-07-28T10:50:33.663+05:30  WARN 37596 --- [hub-api] [y-1785215101795] l.r.l.service.MqttSubscriberService      : Rejected session telemetry for device M01 session S-PHASE03-001: session is not active
2026-07-28T10:50:34.487+05:30  WARN 37596 --- [hub-api] [y-1785215101795] l.r.l.service.MqttSubscriberService      : Rejected session telemetry for device M01 session S-PHASE03-001: session is not active
2026-07-28T10:50:34.568+05:30  WARN 37596 --- [hub-api] [y-1785215101795] l.r.l.service.MqttSubscriberService      : Rejected session telemetry for device M01 session S-PHASE03-001: session is not active
2026-07-28T10:50:34.823+05:30  WARN 37596 --- [hub-api] [y-1785215101795] l.r.l.service.MqttSubscriberService      : Rejected session telemetry for device M01 session S-PHASE03-001: session is not active
2026-07-28T10:50:35.129+05:30  WARN 37596 --- [hub-api] [y-1785215101795] l.r.l.service.MqttSubscriberService      : Rejected session telemetry for device M01 session S-PHASE03-001: session is not active
2026-07-28T10:50:35.586+05:30  WARN 37596 --- [hub-api] [y-1785215101795] l.r.l.service.MqttSubscriberService      : Rejected session telemetry for device M01 session S-PHASE03-001: session is not active
2026-07-28T10:50:36.431+05:30  WARN 37596 --- [hub-api] [y-1785215101795] l.r.l.service.MqttSubscriberService      : Rejected session telemetry for device M01 session S-PHASE03-001: session is not active
2026-07-28T10:50:36.687+05:30  WARN 37596 --- [hub-api] [y-1785215101795] l.r.l.service.MqttSubscriberService      : Rejected session telemetry for device M01 session S-PHASE03-001: session is not active
2026-07-28T10:50:37.594+05:30  WARN 37596 --- [hub-api] [y-1785215101795] l.r.l.service.MqttSubscriberService      : Rejected session telemetry for device M01 session S-PHASE03-001: session is not active
2026-07-28T10:50:37.861+05:30  WARN 37596 --- [hub-api] [y-1785215101795] l.r.l.service.MqttSubscriberService      : Rejected session telemetry for device M01 session S-PHASE03-001: session is not active
2026-07-28T10:50:38.019+05:30  WARN 37596 --- [hub-api] [y-1785215101795] l.r.l.service.MqttSubscriberService      : Rejected session telemetry for device M01 session S-PHASE03-001: session is not active
2026-07-28T10:50:38.093+05:30  WARN 37596 --- [hub-api] [y-1785215101795] l.r.l.service.MqttSubscriberService      : Rejected session telemetry for device M01 session S-PHASE03-001: session is not active
2026-07-28T10:50:39.539+05:30  WARN 37596 --- [hub-api] [y-1785215101795] l.r.l.service.MqttSubscriberService      : Rejected session telemetry for device M01 session S-PHASE03-001: session is not active
2026-07-28T10:50:40.029+05:30  WARN 37596 --- [hub-api] [y-1785215101795] l.r.l.service.MqttSubscriberService      : Rejected session telemetry for device M01 session S-PHASE03-001: session is not active
2026-07-28T10:50:40.268+05:30  WARN 37596 --- [hub-api] [y-1785215101795] l.r.l.service.MqttSubscriberService      : Rejected session telemetry for device M01 session S-PHASE03-001: session is not active
2026-07-28T10:50:40.344+05:30  WARN 37596 --- [hub-api] [y-1785215101795] l.r.l.service.MqttSubscriberService      : Rejected session telemetry for device M01 session S-PHASE03-001: session is not active
2026-07-28T10:50:40.811+05:30  WARN 37596 --- [hub-api] [y-1785215101795] l.r.l.service.MqttSubscriberService      : Rejected session telemetry for device M01 session S-PHASE03-001: session is not active
2026-07-28T10:50:41.094+05:30  WARN 37596 --- [hub-api] [y-1785215101795] l.r.l.service.MqttSubscriberService      : Rejected session telemetry for device M01 session S-PHASE03-001: session is not active
2026-07-28T10:50:41.239+05:30  WARN 37596 --- [hub-api] [y-1785215101795] l.r.l.service.MqttSubscriberService      : Rejected session telemetry for device M01 session S-PHASE03-001: session is not active
2026-07-28T10:50:41.362+05:30  WARN 37596 --- [hub-api] [y-1785215101795] l.r.l.service.MqttSubscriberService      : Rejected session telemetry for device M01 session S-PHASE03-001: session is not active
2026-07-28T10:50:42.067+05:30  WARN 37596 --- [hub-api] [y-1785215101795] l.r.l.service.MqttSubscriberService      : Rejected session telemetry for device M01 session S-PHASE03-001: session is not active
2026-07-28T10:50:42.590+05:30  WARN 37596 --- [hub-api] [y-1785215101795] l.r.l.service.MqttSubscriberService      : Rejected session telemetry for device M01 session S-PHASE03-001: session is not active
2026-07-28T10:50:42.795+05:30  WARN 37596 --- [hub-api] [y-1785215101795] l.r.l.service.MqttSubscriberService      : Rejected session telemetry for device M01 session S-PHASE03-001: session is not active
2026-07-28T10:50:43.061+05:30  WARN 37596 --- [hub-api] [y-1785215101795] l.r.l.service.MqttSubscriberService      : Rejected session telemetry for device M01 session S-PHASE03-001: session is not active
2026-07-28T10:50:43.366+05:30  WARN 37596 --- [hub-api] [y-1785215101795] l.r.l.service.MqttSubscriberService      : Rejected session telemetry for device M01 session S-PHASE03-001: session is not active
2026-07-28T10:50:43.769+05:30  WARN 37596 --- [hub-api] [y-1785215101795] l.r.l.service.MqttSubscriberService      : Rejected session telemetry for device M01 session S-PHASE03-001: session is not active
2026-07-28T10:50:43.966+05:30  WARN 37596 --- [hub-api] [y-1785215101795] l.r.l.service.MqttSubscriberService      : Rejected session telemetry for device M01 session S-PHASE03-001: session is not active
2026-07-28T10:50:44.125+05:30  WARN 37596 --- [hub-api] [y-1785215101795] l.r.l.service.MqttSubscriberService      : Rejected session telemetry for device M01 session S-PHASE03-001: session is not active
2026-07-28T10:50:44.503+05:30  WARN 37596 --- [hub-api] [y-1785215101795] l.r.l.service.MqttSubscriberService      : Rejected session telemetry for device M01 session S-PHASE03-001: session is not active
2026-07-28T10:50:45.038+05:30  WARN 37596 --- [hub-api] [y-1785215101795] l.r.l.service.MqttSubscriberService      : Rejected session telemetry for device M01 session S-PHASE03-001: session is not active
2026-07-28T10:50:45.211+05:30  WARN 37596 --- [hub-api] [y-1785215101795] l.r.l.service.MqttSubscriberService      : Rejected session telemetry for device M01 session S-PHASE03-001: session is not active
2026-07-28T10:50:45.517+05:30  WARN 37596 --- [hub-api] [y-1785215101795] l.r.l.service.MqttSubscriberService      : Rejected session telemetry for device M01 session S-PHASE03-001: session is not active
2026-07-28T10:50:45.589+05:30  WARN 37596 --- [hub-api] [y-1785215101795] l.r.l.service.MqttSubscriberService      : Rejected session telemetry for device M01 session S-PHASE03-001: session is not active
2026-07-28T10:50:46.574+05:30  WARN 37596 --- [hub-api] [y-1785215101795] l.r.l.service.MqttSubscriberService      : Rejected session telemetry for device M01 session S-PHASE03-001: session is not active
2026-07-28T10:50:47.175+05:30  WARN 37596 --- [hub-api] [y-1785215101795] l.r.l.service.MqttSubscriberService      : Rejected session telemetry for device M01 session S-PHASE03-001: session is not active
2026-07-28T10:50:47.386+05:30  WARN 37596 --- [hub-api] [y-1785215101795] l.r.l.service.MqttSubscriberService      : Rejected session telemetry for device M01 session S-PHASE03-001: session is not active
2026-07-28T10:50:47.694+05:30  WARN 37596 --- [hub-api] [y-1785215101795] l.r.l.service.MqttSubscriberService      : Rejected session telemetry for device M01 session S-PHASE03-001: session is not active
2026-07-28T10:50:48.155+05:30  WARN 37596 --- [hub-api] [y-1785215101795] l.r.l.service.MqttSubscriberService      : Rejected session telemetry for device M01 session S-PHASE03-001: session is not active
2026-07-28T10:50:48.370+05:30  WARN 37596 --- [hub-api] [y-1785215101795] l.r.l.service.MqttSubscriberService      : Rejected session telemetry for device M01 session S-PHASE03-001: session is not active
2026-07-28T10:50:48.521+05:30  WARN 37596 --- [hub-api] [y-1785215101795] l.r.l.service.MqttSubscriberService      : Rejected session telemetry for device M01 session S-PHASE03-001: session is not active
2026-07-28T10:50:48.802+05:30  WARN 37596 --- [hub-api] [y-1785215101795] l.r.l.service.MqttSubscriberService      : Rejected session telemetry for device M01 session S-PHASE03-001: session is not active
2026-07-28T10:50:48.967+05:30  WARN 37596 --- [hub-api] [y-1785215101795] l.r.l.service.MqttSubscriberService      : Rejected session telemetry for device M01 session S-PHASE03-001: session is not active
2026-07-28T10:50:49.325+05:30  WARN 37596 --- [hub-api] [y-1785215101795] l.r.l.service.MqttSubscriberService      : Rejected session telemetry for device M01 session S-PHASE03-001: session is not active
2026-07-28T10:50:49.541+05:30  WARN 37596 --- [hub-api] [y-1785215101795] l.r.l.service.MqttSubscriberService      : Rejected session telemetry for device M01 session S-PHASE03-001: session is not active
2026-07-28T10:50:49.757+05:30  WARN 37596 --- [hub-api] [y-1785215101795] l.r.l.service.MqttSubscriberService      : Rejected session telemetry for device M01 session S-PHASE03-001: session is not active
2026-07-28T10:50:50.113+05:30  WARN 37596 --- [hub-api] [y-1785215101795] l.r.l.service.MqttSubscriberService      : Rejected session telemetry for device M01 session S-PHASE03-001: session is not active
2026-07-28T10:50:50.260+05:30  WARN 37596 --- [hub-api] [y-1785215101795] l.r.l.service.MqttSubscriberService      : Rejected session telemetry for device M01 session S-PHASE03-001: session is not active
2026-07-28T10:50:50.583+05:30  WARN 37596 --- [hub-api] [y-1785215101795] l.r.l.service.MqttSubscriberService      : Rejected session telemetry for device M01 session S-PHASE03-001: session is not active
2026-07-28T10:50:50.751+05:30  WARN 37596 --- [hub-api] [y-1785215101795] l.r.l.service.MqttSubscriberService      : Rejected session telemetry for device M01 session S-PHASE03-001: session is not active
2026-07-28T10:50:50.924+05:30  WARN 37596 --- [hub-api] [y-1785215101795] l.r.l.service.MqttSubscriberService      : Rejected session telemetry for device M01 session S-PHASE03-001: session is not active
2026-07-28T10:50:51.652+05:30  WARN 37596 --- [hub-api] [y-1785215101795] l.r.l.service.MqttSubscriberService      : Rejected session telemetry for device M01 session S-PHASE03-001: session is not active
2026-07-28T10:50:51.884+05:30  WARN 37596 --- [hub-api] [y-1785215101795] l.r.l.service.MqttSubscriberService      : Rejected session telemetry for device M01 session S-PHASE03-001: session is not active
2026-07-28T10:50:52.279+05:30  WARN 37596 --- [hub-api] [y-1785215101795] l.r.l.service.MqttSubscriberService      : Rejected session telemetry for device M01 session S-PHASE03-001: session is not active
2026-07-28T10:50:52.356+05:30  WARN 37596 --- [hub-api] [y-1785215101795] l.r.l.service.MqttSubscriberService      : Rejected session telemetry for device M01 session S-PHASE03-001: session is not active
2026-07-28T10:50:52.926+05:30  WARN 37596 --- [hub-api] [y-1785215101795] l.r.l.service.MqttSubscriberService      : Rejected session telemetry for device M01 session S-PHASE03-001: session is not active
2026-07-28T10:50:53.431+05:30  WARN 37596 --- [hub-api] [y-1785215101795] l.r.l.service.MqttSubscriberService      : Rejected session telemetry for device M01 session S-PHASE03-001: session is not active
2026-07-28T10:50:54.522+05:30  WARN 37596 --- [hub-api] [y-1785215101795] l.r.l.service.MqttSubscriberService      : Rejected session telemetry for device M01 session S-PHASE03-001: session is not active
2026-07-28T10:50:54.591+05:30  WARN 37596 --- [hub-api] [y-1785215101795] l.r.l.service.MqttSubscriberService      : Rejected session telemetry for device M01 session S-PHASE03-001: session is not active
2026-07-28T10:50:54.800+05:30  WARN 37596 --- [hub-api] [y-1785215101795] l.r.l.service.MqttSubscriberService      : Rejected session telemetry for device M01 session S-PHASE03-001: session is not active
2026-07-28T10:50:54.895+05:30  WARN 37596 --- [hub-api] [y-1785215101795] l.r.l.service.MqttSubscriberService      : Rejected session telemetry for device M01 session S-PHASE03-001: session is not active
2026-07-28T10:50:55.041+05:30  WARN 37596 --- [hub-api] [y-1785215101795] l.r.l.service.MqttSubscriberService      : Rejected session telemetry for device M01 session S-PHASE03-001: session is not active
2026-07-28T10:50:55.398+05:30  WARN 37596 --- [hub-api] [y-1785215101795] l.r.l.service.MqttSubscriberService      : Rejected session telemetry for device M01 session S-PHASE03-001: session is not active
2026-07-28T10:50:55.587+05:30  WARN 37596 --- [hub-api] [y-1785215101795] l.r.l.service.MqttSubscriberService      : Rejected session telemetry for device M01 session S-PHASE03-001: session is not active
2026-07-28T10:50:56.013+05:30  WARN 37596 --- [hub-api] [y-1785215101795] l.r.l.service.MqttSubscriberService      : Rejected session telemetry for device M01 session S-PHASE03-001: session is not active
2026-07-28T10:50:56.220+05:30  WARN 37596 --- [hub-api] [y-1785215101795] l.r.l.service.MqttSubscriberService      : Rejected session telemetry for device M01 session S-PHASE03-001: session is not active
2026-07-28T10:50:56.564+05:30  WARN 37596 --- [hub-api] [y-1785215101795] l.r.l.service.MqttSubscriberService      : Rejected session telemetry for device M01 session S-PHASE03-001: session is not active
2026-07-28T10:50:56.996+05:30  WARN 37596 --- [hub-api] [y-1785215101795] l.r.l.service.MqttSubscriberService      : Rejected session telemetry for device M01 session S-PHASE03-001: session is not active
2026-07-28T10:50:57.076+05:30  WARN 37596 --- [hub-api] [y-1785215101795] l.r.l.service.MqttSubscriberService      : Rejected session telemetry for device M01 session S-PHASE03-001: session is not active
2026-07-28T10:50:57.401+05:30  WARN 37596 --- [hub-api] [y-1785215101795] l.r.l.service.MqttSubscriberService      : Rejected session telemetry for device M01 session S-PHASE03-001: session is not active
2026-07-28T10:50:57.770+05:30  WARN 37596 --- [hub-api] [y-1785215101795] l.r.l.service.MqttSubscriberService      : Rejected session telemetry for device M01 session S-PHASE03-001: session is not active
2026-07-28T10:50:58.643+05:30  WARN 37596 --- [hub-api] [y-1785215101795] l.r.l.service.MqttSubscriberService      : Rejected session telemetry for device M01 session S-PHASE03-001: session is not active
2026-07-28T10:50:59.154+05:30  WARN 37596 --- [hub-api] [y-1785215101795] l.r.l.service.MqttSubscriberService      : Rejected session telemetry for device M01 session S-PHASE03-001: session is not active
2026-07-28T10:50:59.269+05:30  WARN 37596 --- [hub-api] [y-1785215101795] l.r.l.service.MqttSubscriberService      : Rejected session telemetry for device M01 session S-PHASE03-001: session is not active
2026-07-28T10:50:59.799+05:30  WARN 37596 --- [hub-api] [y-1785215101795] l.r.l.service.MqttSubscriberService      : Rejected session telemetry for device M01 session S-PHASE03-001: session is not active
2026-07-28T10:51:00.304+05:30  WARN 37596 --- [hub-api] [y-1785215101795] l.r.l.service.MqttSubscriberService      : Rejected session telemetry for device M01 session S-PHASE03-001: session is not active
2026-07-28T10:51:00.649+05:30  WARN 37596 --- [hub-api] [y-1785215101795] l.r.l.service.MqttSubscriberService      : Rejected session telemetry for device M01 session S-PHASE03-001: session is not active
2026-07-28T10:51:00.927+05:30  WARN 37596 --- [hub-api] [y-1785215101795] l.r.l.service.MqttSubscriberService      : Rejected session telemetry for device M01 session S-PHASE03-001: session is not active
2026-07-28T10:51:01.315+05:30  WARN 37596 --- [hub-api] [y-1785215101795] l.r.l.service.MqttSubscriberService      : Rejected session telemetry for device M01 session S-PHASE03-001: session is not active
2026-07-28T10:51:02.115+05:30  WARN 37596 --- [hub-api] [y-1785215101795] l.r.l.service.MqttSubscriberService      : Rejected session telemetry for device M01 session S-PHASE03-001: session is not active
2026-07-28T10:51:02.480+05:30  WARN 37596 --- [hub-api] [y-1785215101795] l.r.l.service.MqttSubscriberService      : Rejected session telemetry for device M01 session S-PHASE03-001: session is not active
2026-07-28T10:51:02.910+05:30  WARN 37596 --- [hub-api] [y-1785215101795] l.r.l.service.MqttSubscriberService      : Rejected session telemetry for device M01 session S-PHASE03-001: session is not active
2026-07-28T10:51:03.164+05:30  WARN 37596 --- [hub-api] [y-1785215101795] l.r.l.service.MqttSubscriberService      : Rejected session telemetry for device M01 session S-PHASE03-001: session is not active
2026-07-28T10:51:03.241+05:30  WARN 37596 --- [hub-api] [y-1785215101795] l.r.l.service.MqttSubscriberService      : Rejected session telemetry for device M01 session S-PHASE03-001: session is not active
2026-07-28T10:51:03.332+05:30  WARN 37596 --- [hub-api] [y-1785215101795] l.r.l.service.MqttSubscriberService      : Rejected session telemetry for device M01 session S-PHASE03-001: session is not active
2026-07-28T10:51:03.714+05:30  WARN 37596 --- [hub-api] [y-1785215101795] l.r.l.service.MqttSubscriberService      : Rejected session telemetry for device M01 session S-PHASE03-001: session is not active
2026-07-28T10:51:05.596+05:30  WARN 37596 --- [hub-api] [y-1785215101795] l.r.l.service.MqttSubscriberService      : Rejected session telemetry for device M01 session S-PHASE03-001: session is not active
2026-07-28T10:51:05.938+05:30  WARN 37596 --- [hub-api] [y-1785215101795] l.r.l.service.MqttSubscriberService      : Rejected session telemetry for device M01 session S-PHASE03-001: session is not active
2026-07-28T10:51:06.516+05:30  WARN 37596 --- [hub-api] [y-1785215101795] l.r.l.service.MqttSubscriberService      : Rejected session telemetry for device M01 session S-PHASE03-001: session is not active
2026-07-28T10:51:06.590+05:30  WARN 37596 --- [hub-api] [y-1785215101795] l.r.l.service.MqttSubscriberService      : Rejected session telemetry for device M01 session S-PHASE03-001: session is not active
2026-07-28T10:51:06.947+05:30  WARN 37596 --- [hub-api] [y-1785215101795] l.r.l.service.MqttSubscriberService      : Rejected session telemetry for device M01 session S-PHASE03-001: session is not active
2026-07-28T10:51:07.234+05:30  WARN 37596 --- [hub-api] [y-1785215101795] l.r.l.service.MqttSubscriberService      : Rejected session telemetry for device M01 session S-PHASE03-001: session is not active
2026-07-28T10:51:09.719+05:30  WARN 37596 --- [hub-api] [y-1785215101795] l.r.l.service.MqttSubscriberService      : Rejected session telemetry for device M01 session S-PHASE03-001: session is not active
2026-07-28T10:51:11.839+05:30  WARN 37596 --- [hub-api] [y-1785215101795] l.r.l.service.MqttSubscriberService      : Rejected session telemetry for device M01 session S-PHASE03-001: session is not active
2026-07-28T10:51:12.837+05:30  WARN 37596 --- [hub-api] [y-1785215101795] l.r.l.service.MqttSubscriberService      : Rejected session telemetry for device M01 session S-PHASE03-001: session is not active
2026-07-28T10:51:13.071+05:30  WARN 37596 --- [hub-api] [y-1785215101795] l.r.l.service.MqttSubscriberService      : Rejected session telemetry for device M01 session S-PHASE03-001: session is not active
2026-07-28T10:51:14.893+05:30  WARN 37596 --- [hub-api] [y-1785215101795] l.r.l.service.MqttSubscriberService      : Rejected session telemetry for device M01 session S-PHASE03-001: session is not active
2026-07-28T10:51:16.307+05:30  WARN 37596 --- [hub-api] [y-1785215101795] l.r.l.service.MqttSubscriberService      : Rejected session telemetry for device M01 session S-PHASE03-001: session is not active
2026-07-28T10:51:18.763+05:30  WARN 37596 --- [hub-api] [y-1785215101795] l.r.l.service.MqttSubscriberService      : Rejected session telemetry for device M01 session S-PHASE03-001: session is not active
2026-07-28T10:51:19.183+05:30  WARN 37596 --- [hub-api] [y-1785215101795] l.r.l.service.MqttSubscriberService      : Rejected session telemetry for device M01 session S-PHASE03-001: session is not active
2026-07-28T10:51:23.101+05:30  WARN 37596 --- [hub-api] [y-1785215101795] l.r.l.service.MqttSubscriberService      : Rejected session telemetry for device M01 session S-PHASE03-001: session is not active
2026-07-28T10:51:24.528+05:30  WARN 37596 --- [hub-api] [y-1785215101795] l.r.l.service.MqttSubscriberService      : Rejected session telemetry for device M01 session S-PHASE03-001: session is not active
2026-07-28T10:51:30.707+05:30  WARN 37596 --- [hub-api] [y-1785215101795] l.r.l.service.MqttSubscriberService      : Rejected session telemetry for device M01 session S-PHASE03-001: session is not active
2026-07-28T10:51:30.726+05:30  WARN 37596 --- [hub-api] [y-1785215101795] l.r.l.service.MqttSubscriberService      : Rejected session telemetry for device M01 session S-PHASE03-001: session is not active
2026-07-28T10:51:30.742+05:30  WARN 37596 --- [hub-api] [y-1785215101795] l.r.l.service.MqttSubscriberService      : Rejected session telemetry for device M01 session S-PHASE03-001: session is not active
2026-07-28T10:51:30.756+05:30  WARN 37596 --- [hub-api] [y-1785215101795] l.r.l.service.MqttSubscriberService      : Rejected session telemetry for device M01 session S-PHASE03-001: session is not active
2026-07-28T10:51:30.785+05:30  WARN 37596 --- [hub-api] [y-1785215101795] l.r.l.service.MqttSubscriberService      : Rejected session telemetry for device M01 session S-PHASE03-001: session is not active
2026-07-28T10:51:30.798+05:30  WARN 37596 --- [hub-api] [y-1785215101795] l.r.l.service.MqttSubscriberService      : Rejected session telemetry for device M01 session S-PHASE03-001: session is not active
2026-07-28T10:51:30.812+05:30  WARN 37596 --- [hub-api] [y-1785215101795] l.r.l.service.MqttSubscriberService      : Rejected session telemetry for device M01 session S-PHASE03-001: session is not active
2026-07-28T10:51:30.848+05:30  WARN 37596 --- [hub-api] [y-1785215101795] l.r.l.service.MqttSubscriberService      : Rejected session telemetry for device M01 session S-PHASE03-001: session is not active
2026-07-28T10:51:30.863+05:30  WARN 37596 --- [hub-api] [y-1785215101795] l.r.l.service.MqttSubscriberService      : Rejected session telemetry for device M01 session S-PHASE03-001: session is not active
2026-07-28T10:51:30.928+05:30  WARN 37596 --- [hub-api] [y-1785215101795] l.r.l.service.MqttSubscriberService      : Rejected session telemetry for device M01 session S-PHASE03-001: session is not active
2026-07-28T10:51:30.946+05:30  WARN 37596 --- [hub-api] [y-1785215101795] l.r.l.service.MqttSubscriberService      : Rejected session telemetry for device M01 session S-PHASE03-001: session is not active
2026-07-28T10:51:30.976+05:30  WARN 37596 --- [hub-api] [y-1785215101795] l.r.l.service.MqttSubscriberService      : Rejected session telemetry for device M01 session S-PHASE03-001: session is not active
2026-07-28T10:51:30.991+05:30  WARN 37596 --- [hub-api] [y-1785215101795] l.r.l.service.MqttSubscriberService      : Rejected session telemetry for device M01 session S-PHASE03-001: session is not active
2026-07-28T10:51:31.006+05:30  WARN 37596 --- [hub-api] [y-1785215101795] l.r.l.service.MqttSubscriberService      : Rejected session telemetry for device M01 session S-PHASE03-001: session is not active
2026-07-28T10:51:31.020+05:30  WARN 37596 --- [hub-api] [y-1785215101795] l.r.l.service.MqttSubscriberService      : Rejected session telemetry for device M01 session S-PHASE03-001: session is not active
2026-07-28T10:51:31.048+05:30  WARN 37596 --- [hub-api] [y-1785215101795] l.r.l.service.MqttSubscriberService      : Rejected session telemetry for device M01 session S-PHASE03-001: session is not active
2026-07-28T10:51:31.066+05:30  WARN 37596 --- [hub-api] [y-1785215101795] l.r.l.service.MqttSubscriberService      : Rejected session telemetry for device M01 session S-PHASE03-001: session is not active
2026-07-28T10:51:31.083+05:30  WARN 37596 --- [hub-api] [y-1785215101795] l.r.l.service.MqttSubscriberService      : Rejected session telemetry for device M01 session S-PHASE03-001: session is not active
2026-07-28T10:51:31.100+05:30  WARN 37596 --- [hub-api] [y-1785215101795] l.r.l.service.MqttSubscriberService      : Rejected session telemetry for device M01 session S-PHASE03-001: session is not active
2026-07-28T10:51:31.130+05:30  WARN 37596 --- [hub-api] [y-1785215101795] l.r.l.service.MqttSubscriberService      : Rejected session telemetry for device M01 session S-PHASE03-001: session is not active
2026-07-28T10:51:31.143+05:30  WARN 37596 --- [hub-api] [y-1785215101795] l.r.l.service.MqttSubscriberService      : Rejected session telemetry for device M01 session S-PHASE03-001: session is not active
2026-07-28T10:51:31.158+05:30  WARN 37596 --- [hub-api] [y-1785215101795] l.r.l.service.MqttSubscriberService      : Rejected session telemetry for device M01 session S-PHASE03-001: session is not active
2026-07-28T10:51:31.171+05:30  WARN 37596 --- [hub-api] [y-1785215101795] l.r.l.service.MqttSubscriberService      : Rejected session telemetry for device M01 session S-PHASE03-001: session is not active
2026-07-28T10:51:31.198+05:30  WARN 37596 --- [hub-api] [y-1785215101795] l.r.l.service.MqttSubscriberService      : Rejected session telemetry for device M01 session S-PHASE03-001: session is not active
2026-07-28T10:51:31.214+05:30  WARN 37596 --- [hub-api] [y-1785215101795] l.r.l.service.MqttSubscriberService      : Rejected session telemetry for device M01 session S-PHASE03-001: session is not active
2026-07-28T10:51:31.230+05:30  WARN 37596 --- [hub-api] [y-1785215101795] l.r.l.service.MqttSubscriberService      : Rejected session telemetry for device M01 session S-PHASE03-001: session is not active
2026-07-28T10:51:31.246+05:30  WARN 37596 --- [hub-api] [y-1785215101795] l.r.l.service.MqttSubscriberService      : Rejected session telemetry for device M01 session S-PHASE03-001: session is not active
2026-07-28T10:51:31.274+05:30  WARN 37596 --- [hub-api] [y-1785215101795] l.r.l.service.MqttSubscriberService      : Rejected session telemetry for device M01 session S-PHASE03-001: session is not active
2026-07-28T10:51:31.291+05:30  WARN 37596 --- [hub-api] [y-1785215101795] l.r.l.service.MqttSubscriberService      : Rejected session telemetry for device M01 session S-PHASE03-001: session is not active
2026-07-28T10:51:31.307+05:30  WARN 37596 --- [hub-api] [y-1785215101795] l.r.l.service.MqttSubscriberService      : Rejected session telemetry for device M01 session S-PHASE03-001: session is not active
2026-07-28T10:51:31.324+05:30  WARN 37596 --- [hub-api] [y-1785215101795] l.r.l.service.MqttSubscriberService      : Rejected session telemetry for device M01 session S-PHASE03-001: session is not active
2026-07-28T10:51:31.353+05:30  WARN 37596 --- [hub-api] [y-1785215101795] l.r.l.service.MqttSubscriberService      : Rejected session telemetry for device M01 session S-PHASE03-001: session is not active
2026-07-28T10:51:31.367+05:30  WARN 37596 --- [hub-api] [y-1785215101795] l.r.l.service.MqttSubscriberService      : Rejected session telemetry for device M01 session S-PHASE03-001: session is not active
2026-07-28T10:51:31.385+05:30  WARN 37596 --- [hub-api] [y-1785215101795] l.r.l.service.MqttSubscriberService      : Rejected session telemetry for device M01 session S-PHASE03-001: session is not active
2026-07-28T10:51:31.405+05:30  WARN 37596 --- [hub-api] [y-1785215101795] l.r.l.service.MqttSubscriberService      : Rejected session telemetry for device M01 session S-PHASE03-001: session is not active
2026-07-28T10:51:31.435+05:30  WARN 37596 --- [hub-api] [y-1785215101795] l.r.l.service.MqttSubscriberService      : Rejected session telemetry for device M01 session S-PHASE03-001: session is not active
2026-07-28T10:51:31.454+05:30  WARN 37596 --- [hub-api] [y-1785215101795] l.r.l.service.MqttSubscriberService      : Rejected session telemetry for device M01 session S-PHASE03-001: session is not active
2026-07-28T10:51:31.477+05:30  WARN 37596 --- [hub-api] [y-1785215101795] l.r.l.service.MqttSubscriberService      : Rejected session telemetry for device M01 session S-PHASE03-001: session is not active
2026-07-28T10:51:31.493+05:30  WARN 37596 --- [hub-api] [y-1785215101795] l.r.l.service.MqttSubscriberService      : Rejected session telemetry for device M01 session S-PHASE03-001: session is not active
2026-07-28T10:51:31.521+05:30  WARN 37596 --- [hub-api] [y-1785215101795] l.r.l.service.MqttSubscriberService      : Rejected session telemetry for device M01 session S-PHASE03-001: session is not active
2026-07-28T10:51:31.536+05:30  WARN 37596 --- [hub-api] [y-1785215101795] l.r.l.service.MqttSubscriberService      : Rejected session telemetry for device M01 session S-PHASE03-001: session is not active
2026-07-28T10:51:31.551+05:30  WARN 37596 --- [hub-api] [y-1785215101795] l.r.l.service.MqttSubscriberService      : Rejected session telemetry for device M01 session S-PHASE03-001: session is not active
2026-07-28T10:51:31.568+05:30  WARN 37596 --- [hub-api] [y-1785215101795] l.r.l.service.MqttSubscriberService      : Rejected session telemetry for device M01 session S-PHASE03-001: session is not active
2026-07-28T10:51:31.597+05:30  WARN 37596 --- [hub-api] [y-1785215101795] l.r.l.service.MqttSubscriberService      : Rejected session telemetry for device M01 session S-PHASE03-001: session is not active
2026-07-28T10:51:31.610+05:30  WARN 37596 --- [hub-api] [y-1785215101795] l.r.l.service.MqttSubscriberService      : Rejected session telemetry for device M01 session S-PHASE03-001: session is not active
2026-07-28T10:51:31.624+05:30  WARN 37596 --- [hub-api] [y-1785215101795] l.r.l.service.MqttSubscriberService      : Rejected session telemetry for device M01 session S-PHASE03-001: session is not active
2026-07-28T10:51:31.654+05:30  WARN 37596 --- [hub-api] [y-1785215101795] l.r.l.service.MqttSubscriberService      : Rejected session telemetry for device M01 session S-PHASE03-001: session is not active
2026-07-28T10:51:31.669+05:30  WARN 37596 --- [hub-api] [y-1785215101795] l.r.l.service.MqttSubscriberService      : Rejected session telemetry for device M01 session S-PHASE03-001: session is not active
2026-07-28T10:51:31.685+05:30  WARN 37596 --- [hub-api] [y-1785215101795] l.r.l.service.MqttSubscriberService      : Rejected session telemetry for device M01 session S-PHASE03-001: session is not active
2026-07-28T10:51:31.700+05:30  WARN 37596 --- [hub-api] [y-1785215101795] l.r.l.service.MqttSubscriberService      : Rejected session telemetry for device M01 session S-PHASE03-001: session is not active
2026-07-28T10:51:31.728+05:30  WARN 37596 --- [hub-api] [y-1785215101795] l.r.l.service.MqttSubscriberService      : Rejected session telemetry for device M01 session S-PHASE03-001: session is not active
2026-07-28T10:51:31.743+05:30  WARN 37596 --- [hub-api] [y-1785215101795] l.r.l.service.MqttSubscriberService      : Rejected session telemetry for device M01 session S-PHASE03-001: session is not active
2026-07-28T10:51:31.758+05:30  WARN 37596 --- [hub-api] [y-1785215101795] l.r.l.service.MqttSubscriberService      : Rejected session telemetry for device M01 session S-PHASE03-001: session is not active
2026-07-28T10:51:31.773+05:30  WARN 37596 --- [hub-api] [y-1785215101795] l.r.l.service.MqttSubscriberService      : Rejected session telemetry for device M01 session S-PHASE03-001: session is not active
2026-07-28T10:51:31.801+05:30  WARN 37596 --- [hub-api] [y-1785215101795] l.r.l.service.MqttSubscriberService      : Rejected session telemetry for device M01 session S-PHASE03-001: session is not active
2026-07-28T10:51:31.818+05:30  WARN 37596 --- [hub-api] [y-1785215101795] l.r.l.service.MqttSubscriberService      : Rejected session telemetry for device M01 session S-PHASE03-001: session is not active
2026-07-28T10:51:31.835+05:30  WARN 37596 --- [hub-api] [y-1785215101795] l.r.l.service.MqttSubscriberService      : Rejected session telemetry for device M01 session S-PHASE03-001: session is not active
2026-07-28T10:51:31.849+05:30  WARN 37596 --- [hub-api] [y-1785215101795] l.r.l.service.MqttSubscriberService      : Rejected session telemetry for device M01 session S-PHASE03-001: session is not active
2026-07-28T10:51:31.877+05:30  WARN 37596 --- [hub-api] [y-1785215101795] l.r.l.service.MqttSubscriberService      : Rejected session telemetry for device M01 session S-PHASE03-001: session is not active
2026-07-28T10:51:31.890+05:30  WARN 37596 --- [hub-api] [y-1785215101795] l.r.l.service.MqttSubscriberService      : Rejected session telemetry for device M01 session S-PHASE03-001: session is not active
2026-07-28T10:51:31.903+05:30  WARN 37596 --- [hub-api] [y-1785215101795] l.r.l.service.MqttSubscriberService      : Rejected session telemetry for device M01 session S-PHASE03-001: session is not active
2026-07-28T10:51:31.916+05:30  WARN 37596 --- [hub-api] [y-1785215101795] l.r.l.service.MqttSubscriberService      : Rejected session telemetry for device M01 session S-PHASE03-001: session is not active
2026-07-28T10:51:31.943+05:30  WARN 37596 --- [hub-api] [y-1785215101795] l.r.l.service.MqttSubscriberService      : Rejected session telemetry for device M01 session S-PHASE03-001: session is not active
2026-07-28T10:51:31.968+05:30  WARN 37596 --- [hub-api] [y-1785215101795] l.r.l.service.MqttSubscriberService      : Rejected session telemetry for device M01 session S-PHASE03-001: session is not active
2026-07-28T10:51:31.982+05:30  WARN 37596 --- [hub-api] [y-1785215101795] l.r.l.service.MqttSubscriberService      : Rejected session telemetry for device M01 session S-PHASE03-001: session is not active
2026-07-28T10:51:32.009+05:30  WARN 37596 --- [hub-api] [y-1785215101795] l.r.l.service.MqttSubscriberService      : Rejected session telemetry for device M01 session S-PHASE03-001: session is not active
2026-07-28T10:51:32.022+05:30  WARN 37596 --- [hub-api] [y-1785215101795] l.r.l.service.MqttSubscriberService      : Rejected session telemetry for device M01 session S-PHASE03-001: session is not active
2026-07-28T10:51:32.035+05:30  WARN 37596 --- [hub-api] [y-1785215101795] l.r.l.service.MqttSubscriberService      : Rejected session telemetry for device M01 session S-PHASE03-001: session is not active
2026-07-28T10:51:32.050+05:30  WARN 37596 --- [hub-api] [y-1785215101795] l.r.l.service.MqttSubscriberService      : Rejected session telemetry for device M01 session S-PHASE03-001: session is not active
2026-07-28T10:51:32.077+05:30  WARN 37596 --- [hub-api] [y-1785215101795] l.r.l.service.MqttSubscriberService      : Rejected session telemetry for device M01 session S-PHASE03-001: session is not active
2026-07-28T10:51:32.092+05:30  WARN 37596 --- [hub-api] [y-1785215101795] l.r.l.service.MqttSubscriberService      : Rejected session telemetry for device M01 session S-PHASE03-001: session is not active
2026-07-28T10:51:32.105+05:30  WARN 37596 --- [hub-api] [y-1785215101795] l.r.l.service.MqttSubscriberService      : Rejected session telemetry for device M01 session S-PHASE03-001: session is not active
2026-07-28T10:51:32.119+05:30  WARN 37596 --- [hub-api] [y-1785215101795] l.r.l.service.MqttSubscriberService      : Rejected session telemetry for device M01 session S-PHASE03-001: session is not active
2026-07-28T10:51:32.145+05:30  WARN 37596 --- [hub-api] [y-1785215101795] l.r.l.service.MqttSubscriberService      : Rejected session telemetry for device M01 session S-PHASE03-001: session is not active
2026-07-28T10:51:32.158+05:30  WARN 37596 --- [hub-api] [y-1785215101795] l.r.l.service.MqttSubscriberService      : Rejected session telemetry for device M01 session S-PHASE03-001: session is not active
2026-07-28T10:51:32.174+05:30  WARN 37596 --- [hub-api] [y-1785215101795] l.r.l.service.MqttSubscriberService      : Rejected session telemetry for device M01 session S-PHASE03-001: session is not active
2026-07-28T10:51:32.187+05:30  WARN 37596 --- [hub-api] [y-1785215101795] l.r.l.service.MqttSubscriberService      : Rejected session telemetry for device M01 session S-PHASE03-001: session is not active
2026-07-28T10:51:32.216+05:30  WARN 37596 --- [hub-api] [y-1785215101795] l.r.l.service.MqttSubscriberService      : Rejected session telemetry for device M01 session S-PHASE03-001: session is not active
2026-07-28T10:51:32.229+05:30  WARN 37596 --- [hub-api] [y-1785215101795] l.r.l.service.MqttSubscriberService      : Rejected session telemetry for device M01 session S-PHASE03-001: session is not active
2026-07-28T10:51:32.255+05:30  WARN 37596 --- [hub-api] [y-1785215101795] l.r.l.service.MqttSubscriberService      : Rejected session telemetry for device M01 session S-PHASE03-001: session is not active
2026-07-28T10:51:32.283+05:30  WARN 37596 --- [hub-api] [y-1785215101795] l.r.l.service.MqttSubscriberService      : Rejected session telemetry for device M01 session S-PHASE03-001: session is not active
2026-07-28T10:51:32.297+05:30  WARN 37596 --- [hub-api] [y-1785215101795] l.r.l.service.MqttSubscriberService      : Rejected session telemetry for device M01 session S-PHASE03-001: session is not active
2026-07-28T10:51:32.312+05:30  WARN 37596 --- [hub-api] [y-1785215101795] l.r.l.service.MqttSubscriberService      : Rejected session telemetry for device M01 session S-PHASE03-001: session is not active
2026-07-28T10:51:32.325+05:30  WARN 37596 --- [hub-api] [y-1785215101795] l.r.l.service.MqttSubscriberService      : Rejected session telemetry for device M01 session S-PHASE03-001: session is not active
2026-07-28T10:51:32.353+05:30  WARN 37596 --- [hub-api] [y-1785215101795] l.r.l.service.MqttSubscriberService      : Rejected session telemetry for device M01 session S-PHASE03-001: session is not active
2026-07-28T10:51:32.368+05:30  WARN 37596 --- [hub-api] [y-1785215101795] l.r.l.service.MqttSubscriberService      : Rejected session telemetry for device M01 session S-PHASE03-001: session is not active
2026-07-28T10:51:32.382+05:30  WARN 37596 --- [hub-api] [y-1785215101795] l.r.l.service.MqttSubscriberService      : Rejected session telemetry for device M01 session S-PHASE03-001: session is not active
2026-07-28T10:51:32.411+05:30  WARN 37596 --- [hub-api] [y-1785215101795] l.r.l.service.MqttSubscriberService      : Rejected session telemetry for device M01 session S-PHASE03-001: session is not active
2026-07-28T10:51:32.425+05:30  WARN 37596 --- [hub-api] [y-1785215101795] l.r.l.service.MqttSubscriberService      : Rejected session telemetry for device M01 session S-PHASE03-001: session is not active
2026-07-28T10:51:32.440+05:30  WARN 37596 --- [hub-api] [y-1785215101795] l.r.l.service.MqttSubscriberService      : Rejected session telemetry for device M01 session S-PHASE03-001: session is not active
2026-07-28T10:51:32.469+05:30  WARN 37596 --- [hub-api] [y-1785215101795] l.r.l.service.MqttSubscriberService      : Rejected session telemetry for device M01 session S-PHASE03-001: session is not active
2026-07-28T10:51:32.483+05:30  WARN 37596 --- [hub-api] [y-1785215101795] l.r.l.service.MqttSubscriberService      : Rejected session telemetry for device M01 session S-PHASE03-001: session is not active
2026-07-28T10:51:32.498+05:30  WARN 37596 --- [hub-api] [y-1785215101795] l.r.l.service.MqttSubscriberService      : Rejected session telemetry for device M01 session S-PHASE03-001: session is not active
2026-07-28T10:51:32.512+05:30  WARN 37596 --- [hub-api] [y-1785215101795] l.r.l.service.MqttSubscriberService      : Rejected session telemetry for device M01 session S-PHASE03-001: session is not active
2026-07-28T10:51:32.527+05:30  WARN 37596 --- [hub-api] [y-1785215101795] l.r.l.service.MqttSubscriberService      : Rejected session telemetry for device M01 session S-PHASE03-001: session is not active
2026-07-28T10:51:32.558+05:30  WARN 37596 --- [hub-api] [y-1785215101795] l.r.l.service.MqttSubscriberService      : Rejected session telemetry for device M01 session S-PHASE03-001: session is not active
2026-07-28T10:51:32.573+05:30  WARN 37596 --- [hub-api] [y-1785215101795] l.r.l.service.MqttSubscriberService      : Rejected session telemetry for device M01 session S-PHASE03-001: session is not active
2026-07-28T10:51:32.603+05:30  WARN 37596 --- [hub-api] [y-1785215101795] l.r.l.service.MqttSubscriberService      : Rejected session telemetry for device M01 session S-PHASE03-001: session is not active
2026-07-28T10:51:32.616+05:30  WARN 37596 --- [hub-api] [y-1785215101795] l.r.l.service.MqttSubscriberService      : Rejected session telemetry for device M01 session S-PHASE03-001: session is not active
2026-07-28T10:51:32.642+05:30  WARN 37596 --- [hub-api] [y-1785215101795] l.r.l.service.MqttSubscriberService      : Rejected session telemetry for device M01 session S-PHASE03-001: session is not active
2026-07-28T10:51:32.669+05:30  WARN 37596 --- [hub-api] [y-1785215101795] l.r.l.service.MqttSubscriberService      : Rejected session telemetry for device M01 session S-PHASE03-001: session is not active
2026-07-28T10:51:32.684+05:30  WARN 37596 --- [hub-api] [y-1785215101795] l.r.l.service.MqttSubscriberService      : Rejected session telemetry for device M01 session S-PHASE03-001: session is not active
2026-07-28T10:51:32.698+05:30  WARN 37596 --- [hub-api] [y-1785215101795] l.r.l.service.MqttSubscriberService      : Rejected session telemetry for device M01 session S-PHASE03-001: session is not active
2026-07-28T10:51:32.712+05:30  WARN 37596 --- [hub-api] [y-1785215101795] l.r.l.service.MqttSubscriberService      : Rejected session telemetry for device M01 session S-PHASE03-001: session is not active
2026-07-28T10:51:32.739+05:30  WARN 37596 --- [hub-api] [y-1785215101795] l.r.l.service.MqttSubscriberService      : Rejected session telemetry for device M01 session S-PHASE03-001: session is not active
2026-07-28T10:51:32.753+05:30  WARN 37596 --- [hub-api] [y-1785215101795] l.r.l.service.MqttSubscriberService      : Rejected session telemetry for device M01 session S-PHASE03-001: session is not active
2026-07-28T10:51:32.770+05:30  WARN 37596 --- [hub-api] [y-1785215101795] l.r.l.service.MqttSubscriberService      : Rejected session telemetry for device M01 session S-PHASE03-001: session is not active
2026-07-28T10:51:32.795+05:30  WARN 37596 --- [hub-api] [y-1785215101795] l.r.l.service.MqttSubscriberService      : Rejected session telemetry for device M01 session S-PHASE03-001: session is not active
2026-07-28T10:51:32.810+05:30  WARN 37596 --- [hub-api] [y-1785215101795] l.r.l.service.MqttSubscriberService      : Rejected session telemetry for device M01 session S-PHASE03-001: session is not active
2026-07-28T10:51:32.825+05:30  WARN 37596 --- [hub-api] [y-1785215101795] l.r.l.service.MqttSubscriberService      : Rejected session telemetry for device M01 session S-PHASE03-001: session is not active
2026-07-28T10:51:32.840+05:30  WARN 37596 --- [hub-api] [y-1785215101795] l.r.l.service.MqttSubscriberService      : Rejected session telemetry for device M01 session S-PHASE03-001: session is not active
2026-07-28T10:51:32.855+05:30  WARN 37596 --- [hub-api] [y-1785215101795] l.r.l.service.MqttSubscriberService      : Rejected session telemetry for device M01 session S-PHASE03-001: session is not active
2026-07-28T10:51:32.883+05:30  WARN 37596 --- [hub-api] [y-1785215101795] l.r.l.service.MqttSubscriberService      : Rejected session telemetry for device M01 session S-PHASE03-001: session is not active
2026-07-28T10:51:32.912+05:30  WARN 37596 --- [hub-api] [y-1785215101795] l.r.l.service.MqttSubscriberService      : Rejected session telemetry for device M01 session S-PHASE03-001: session is not active
2026-07-28T10:51:32.940+05:30  WARN 37596 --- [hub-api] [y-1785215101795] l.r.l.service.MqttSubscriberService      : Rejected session telemetry for device M01 session S-PHASE03-001: session is not active
2026-07-28T10:51:32.954+05:30  WARN 37596 --- [hub-api] [y-1785215101795] l.r.l.service.MqttSubscriberService      : Rejected session telemetry for device M01 session S-PHASE03-001: session is not active
2026-07-28T10:51:32.980+05:30  WARN 37596 --- [hub-api] [y-1785215101795] l.r.l.service.MqttSubscriberService      : Rejected session telemetry for device M01 session S-PHASE03-001: session is not active
2026-07-28T10:51:32.993+05:30  WARN 37596 --- [hub-api] [y-1785215101795] l.r.l.service.MqttSubscriberService      : Rejected session telemetry for device M01 session S-PHASE03-001: session is not active
2026-07-28T10:51:33.008+05:30  WARN 37596 --- [hub-api] [y-1785215101795] l.r.l.service.MqttSubscriberService      : Rejected session telemetry for device M01 session S-PHASE03-001: session is not active
2026-07-28T10:51:33.020+05:30  WARN 37596 --- [hub-api] [y-1785215101795] l.r.l.service.MqttSubscriberService      : Rejected session telemetry for device M01 session S-PHASE03-001: session is not active
2026-07-28T10:51:33.047+05:30  WARN 37596 --- [hub-api] [y-1785215101795] l.r.l.service.MqttSubscriberService      : Rejected session telemetry for device M01 session S-PHASE03-001: session is not active
2026-07-28T10:51:33.061+05:30  WARN 37596 --- [hub-api] [y-1785215101795] l.r.l.service.MqttSubscriberService      : Rejected session telemetry for device M01 session S-PHASE03-001: session is not active
2026-07-28T10:51:33.074+05:30  WARN 37596 --- [hub-api] [y-1785215101795] l.r.l.service.MqttSubscriberService      : Rejected session telemetry for device M01 session S-PHASE03-001: session is not active
2026-07-28T10:51:33.090+05:30  WARN 37596 --- [hub-api] [y-1785215101795] l.r.l.service.MqttSubscriberService      : Rejected session telemetry for device M01 session S-PHASE03-001: session is not active
2026-07-28T10:51:33.105+05:30  WARN 37596 --- [hub-api] [y-1785215101795] l.r.l.service.MqttSubscriberService      : Rejected session telemetry for device M01 session S-PHASE03-001: session is not active
2026-07-28T10:51:33.130+05:30  WARN 37596 --- [hub-api] [y-1785215101795] l.r.l.service.MqttSubscriberService      : Rejected session telemetry for device M01 session S-PHASE03-001: session is not active
2026-07-28T10:51:33.145+05:30  WARN 37596 --- [hub-api] [y-1785215101795] l.r.l.service.MqttSubscriberService      : Rejected session telemetry for device M01 session S-PHASE03-001: session is not active
2026-07-28T10:51:33.158+05:30  WARN 37596 --- [hub-api] [y-1785215101795] l.r.l.service.MqttSubscriberService      : Rejected session telemetry for device M01 session S-PHASE03-001: session is not active
2026-07-28T10:51:33.173+05:30  WARN 37596 --- [hub-api] [y-1785215101795] l.r.l.service.MqttSubscriberService      : Rejected session telemetry for device M01 session S-PHASE03-001: session is not active
2026-07-28T10:51:33.187+05:30  WARN 37596 --- [hub-api] [y-1785215101795] l.r.l.service.MqttSubscriberService      : Rejected session telemetry for device M01 session S-PHASE03-001: session is not active
2026-07-28T10:51:33.215+05:30  WARN 37596 --- [hub-api] [y-1785215101795] l.r.l.service.MqttSubscriberService      : Rejected session telemetry for device M01 session S-PHASE03-001: session is not active
2026-07-28T10:51:33.230+05:30  WARN 37596 --- [hub-api] [y-1785215101795] l.r.l.service.MqttSubscriberService      : Rejected session telemetry for device M01 session S-PHASE03-001: session is not active
2026-07-28T10:51:33.246+05:30  WARN 37596 --- [hub-api] [y-1785215101795] l.r.l.service.MqttSubscriberService      : Rejected session telemetry for device M01 session S-PHASE03-001: session is not active
2026-07-28T10:51:33.261+05:30  WARN 37596 --- [hub-api] [y-1785215101795] l.r.l.service.MqttSubscriberService      : Rejected session telemetry for device M01 session S-PHASE03-001: session is not active
2026-07-28T10:51:33.274+05:30  WARN 37596 --- [hub-api] [y-1785215101795] l.r.l.service.MqttSubscriberService      : Rejected session telemetry for device M01 session S-PHASE03-001: session is not active
2026-07-28T10:51:33.301+05:30  WARN 37596 --- [hub-api] [y-1785215101795] l.r.l.service.MqttSubscriberService      : Rejected session telemetry for device M01 session S-PHASE03-001: session is not active
2026-07-28T10:51:33.386+05:30  WARN 37596 --- [hub-api] [y-1785215101795] l.r.l.service.MqttSubscriberService      : Rejected session telemetry for device M01 session S-PHASE03-001: session is not active
2026-07-28T10:51:33.621+05:30  WARN 37596 --- [hub-api] [y-1785215101795] l.r.l.service.MqttSubscriberService      : Rejected session telemetry for device M01 session S-PHASE03-001: session is not active
2026-07-28T10:51:33.806+05:30  WARN 37596 --- [hub-api] [y-1785215101795] l.r.l.service.MqttSubscriberService      : Rejected session telemetry for device M01 session S-PHASE03-001: session is not active
2026-07-28T10:51:34.010+05:30  WARN 37596 --- [hub-api] [y-1785215101795] l.r.l.service.MqttSubscriberService      : Rejected session telemetry for device M01 session S-PHASE03-001: session is not active
2026-07-28T10:51:34.213+05:30  WARN 37596 --- [hub-api] [y-1785215101795] l.r.l.service.MqttSubscriberService      : Rejected session telemetry for device M01 session S-PHASE03-001: session is not active
2026-07-28T10:51:34.411+05:30  WARN 37596 --- [hub-api] [y-1785215101795] l.r.l.service.MqttSubscriberService      : Rejected session telemetry for device M01 session S-PHASE03-001: session is not active
2026-07-28T10:51:34.613+05:30  WARN 37596 --- [hub-api] [y-1785215101795] l.r.l.service.MqttSubscriberService      : Rejected session telemetry for device M01 session S-PHASE03-001: session is not active
2026-07-28T10:51:34.816+05:30  WARN 37596 --- [hub-api] [y-1785215101795] l.r.l.service.MqttSubscriberService      : Rejected session telemetry for device M01 session S-PHASE03-001: session is not active
2026-07-28T10:51:35.021+05:30  WARN 37596 --- [hub-api] [y-1785215101795] l.r.l.service.MqttSubscriberService      : Rejected session telemetry for device M01 session S-PHASE03-001: session is not active
2026-07-28T10:51:35.221+05:30  WARN 37596 --- [hub-api] [y-1785215101795] l.r.l.service.MqttSubscriberService      : Rejected session telemetry for device M01 session S-PHASE03-001: session is not active
2026-07-28T10:51:35.438+05:30  WARN 37596 --- [hub-api] [y-1785215101795] l.r.l.service.MqttSubscriberService      : Rejected session telemetry for device M01 session S-PHASE03-001: session is not active
2026-07-28T10:51:35.639+05:30  WARN 37596 --- [hub-api] [y-1785215101795] l.r.l.service.MqttSubscriberService      : Rejected session telemetry for device M01 session S-PHASE03-001: session is not active
2026-07-28T10:51:35.845+05:30  WARN 37596 --- [hub-api] [y-1785215101795] l.r.l.service.MqttSubscriberService      : Rejected session telemetry for device M01 session S-PHASE03-001: session is not active
2026-07-28T10:51:36.054+05:30  WARN 37596 --- [hub-api] [y-1785215101795] l.r.l.service.MqttSubscriberService      : Rejected session telemetry for device M01 session S-PHASE03-001: session is not active
2026-07-28T10:51:36.263+05:30  WARN 37596 --- [hub-api] [y-1785215101795] l.r.l.service.MqttSubscriberService      : Rejected session telemetry for device M01 session S-PHASE03-001: session is not active
2026-07-28T10:51:36.475+05:30  WARN 37596 --- [hub-api] [y-1785215101795] l.r.l.service.MqttSubscriberService      : Rejected session telemetry for device M01 session S-PHASE03-001: session is not active
2026-07-28T10:51:36.700+05:30  WARN 37596 --- [hub-api] [y-1785215101795] l.r.l.service.MqttSubscriberService      : Rejected session telemetry for device M01 session S-PHASE03-001: session is not active
2026-07-28T10:51:36.903+05:30  WARN 37596 --- [hub-api] [y-1785215101795] l.r.l.service.MqttSubscriberService      : Rejected session telemetry for device M01 session S-PHASE03-001: session is not active
2026-07-28T10:51:37.104+05:30  WARN 37596 --- [hub-api] [y-1785215101795] l.r.l.service.MqttSubscriberService      : Rejected session telemetry for device M01 session S-PHASE03-001: session is not active
2026-07-28T10:51:37.315+05:30  WARN 37596 --- [hub-api] [y-1785215101795] l.r.l.service.MqttSubscriberService      : Rejected session telemetry for device M01 session S-PHASE03-001: session is not active
2026-07-28T10:51:37.508+05:30  WARN 37596 --- [hub-api] [y-1785215101795] l.r.l.service.MqttSubscriberService      : Rejected session telemetry for device M01 session S-PHASE03-001: session is not active
2026-07-28T10:51:37.712+05:30  WARN 37596 --- [hub-api] [y-1785215101795] l.r.l.service.MqttSubscriberService      : Rejected session telemetry for device M01 session S-PHASE03-001: session is not active
2026-07-28T10:51:37.925+05:30  WARN 37596 --- [hub-api] [y-1785215101795] l.r.l.service.MqttSubscriberService      : Rejected session telemetry for device M01 session S-PHASE03-001: session is not active
2026-07-28T10:51:38.125+05:30  WARN 37596 --- [hub-api] [y-1785215101795] l.r.l.service.MqttSubscriberService      : Rejected session telemetry for device M01 session S-PHASE03-001: session is not active
2026-07-28T10:51:38.340+05:30  WARN 37596 --- [hub-api] [y-1785215101795] l.r.l.service.MqttSubscriberService      : Rejected session telemetry for device M01 session S-PHASE03-001: session is not active
2026-07-28T10:51:38.550+05:30  WARN 37596 --- [hub-api] [y-1785215101795] l.r.l.service.MqttSubscriberService      : Rejected session telemetry for device M01 session S-PHASE03-001: session is not active
2026-07-28T10:51:38.752+05:30  WARN 37596 --- [hub-api] [y-1785215101795] l.r.l.service.MqttSubscriberService      : Rejected session telemetry for device M01 session S-PHASE03-001: session is not active
2026-07-28T10:51:38.954+05:30  WARN 37596 --- [hub-api] [y-1785215101795] l.r.l.service.MqttSubscriberService      : Rejected session telemetry for device M01 session S-PHASE03-001: session is not active
2026-07-28T10:51:39.158+05:30  WARN 37596 --- [hub-api] [y-1785215101795] l.r.l.service.MqttSubscriberService      : Rejected session telemetry for device M01 session S-PHASE03-001: session is not active
2026-07-28T10:51:39.357+05:30  WARN 37596 --- [hub-api] [y-1785215101795] l.r.l.service.MqttSubscriberService      : Rejected session telemetry for device M01 session S-PHASE03-001: session is not active
2026-07-28T10:51:39.556+05:30  WARN 37596 --- [hub-api] [y-1785215101795] l.r.l.service.MqttSubscriberService      : Rejected session telemetry for device M01 session S-PHASE03-001: session is not active
2026-07-28T10:51:39.771+05:30  WARN 37596 --- [hub-api] [y-1785215101795] l.r.l.service.MqttSubscriberService      : Rejected session telemetry for device M01 session S-PHASE03-001: session is not active
2026-07-28T10:51:39.987+05:30  WARN 37596 --- [hub-api] [y-1785215101795] l.r.l.service.MqttSubscriberService      : Rejected session telemetry for device M01 session S-PHASE03-001: session is not active
2026-07-28T10:51:40.190+05:30  WARN 37596 --- [hub-api] [y-1785215101795] l.r.l.service.MqttSubscriberService      : Rejected session telemetry for device M01 session S-PHASE03-001: session is not active
2026-07-28T10:51:40.405+05:30  WARN 37596 --- [hub-api] [y-1785215101795] l.r.l.service.MqttSubscriberService      : Rejected session telemetry for device M01 session S-PHASE03-001: session is not active
2026-07-28T10:51:40.605+05:30  WARN 37596 --- [hub-api] [y-1785215101795] l.r.l.service.MqttSubscriberService      : Rejected session telemetry for device M01 session S-PHASE03-001: session is not active
2026-07-28T10:51:40.806+05:30  WARN 37596 --- [hub-api] [y-1785215101795] l.r.l.service.MqttSubscriberService      : Rejected session telemetry for device M01 session S-PHASE03-001: session is not active
2026-07-28T10:51:41.025+05:30  WARN 37596 --- [hub-api] [y-1785215101795] l.r.l.service.MqttSubscriberService      : Rejected session telemetry for device M01 session S-PHASE03-001: session is not active
2026-07-28T10:51:41.228+05:30  WARN 37596 --- [hub-api] [y-1785215101795] l.r.l.service.MqttSubscriberService      : Rejected session telemetry for device M01 session S-PHASE03-001: session is not active
2026-07-28T10:51:41.431+05:30  WARN 37596 --- [hub-api] [y-1785215101795] l.r.l.service.MqttSubscriberService      : Rejected session telemetry for device M01 session S-PHASE03-001: session is not active
2026-07-28T10:51:41.632+05:30  WARN 37596 --- [hub-api] [y-1785215101795] l.r.l.service.MqttSubscriberService      : Rejected session telemetry for device M01 session S-PHASE03-001: session is not active
2026-07-28T10:51:41.837+05:30  WARN 37596 --- [hub-api] [y-1785215101795] l.r.l.service.MqttSubscriberService      : Rejected session telemetry for device M01 session S-PHASE03-001: session is not active
2026-07-28T10:51:42.037+05:30  WARN 37596 --- [hub-api] [y-1785215101795] l.r.l.service.MqttSubscriberService      : Rejected session telemetry for device M01 session S-PHASE03-001: session is not active
2026-07-28T10:51:42.260+05:30  WARN 37596 --- [hub-api] [y-1785215101795] l.r.l.service.MqttSubscriberService      : Rejected session telemetry for device M01 session S-PHASE03-001: session is not active
2026-07-28T10:51:42.467+05:30  WARN 37596 --- [hub-api] [y-1785215101795] l.r.l.service.MqttSubscriberService      : Rejected session telemetry for device M01 session S-PHASE03-001: session is not active
2026-07-28T10:51:42.520+05:30  INFO 37596 --- [hub-api] [y-1785215101795] l.r.l.service.MqttSubscriberService      : Observed firmware reply phase03-session-stop on resq/M01/events but no matching command request was found
2026-07-28T10:51:42.737+05:30  INFO 37596 --- [hub-api] [io-18080-exec-1] l.r.l.service.HubServiceInfoService      : MQTT internal URL: tcp://127.0.0.1:1883
2026-07-28T10:51:42.738+05:30  INFO 37596 --- [hub-api] [io-18080-exec-1] l.r.l.service.HubServiceInfoService      : MQTT advertised/public host: 192.168.8.187:1883
2026-07-28T10:51:42.739+05:30  INFO 37596 --- [hub-api] [io-18080-exec-1] l.r.l.service.HubServiceInfoService      : Backend advertised URL: http://192.168.8.187:18080
2026-07-28T10:53:47.346+05:30  INFO 37596 --- [hub-api] [io-18080-exec-4] l.r.l.service.HubServiceInfoService      : MQTT internal URL: tcp://127.0.0.1:1883
2026-07-28T10:53:47.347+05:30  INFO 37596 --- [hub-api] [io-18080-exec-4] l.r.l.service.HubServiceInfoService      : MQTT advertised/public host: 192.168.8.187:1883
2026-07-28T10:53:47.347+05:30  INFO 37596 --- [hub-api] [io-18080-exec-4] l.r.l.service.HubServiceInfoService      : Backend advertised URL: http://192.168.8.187:18080
2026-07-28T10:53:58.010+05:30  WARN 37596 --- [hub-api] [y-1785215101795] l.r.l.service.MqttSubscriberService      : Failed to process MQTT payload on topic resq/M01/telemetry. Raw payload: {"device_id":"M01","telemetry_mode":"SENSOR_STREAM","state":"PAIRED_IDLE","pressure_0_kpa":0.83,"pressure_0_kpa_valid":true,"pressure_1_kpa":1.42,"pressure_1_kpa_valid":true,"pressure_2_kpa":1.335,"pressure_2_kpa_valid":true,"pressure_kpa_valid":true,"hall_mm":13.12,"hall_progress":0.44,"hall_mm_valid":true,"pressure_saturation_mask":0,"interval_ms":200,"ts_ms":10472}. Error message: pressure_0_raw is required and must be an integer

java.lang.IllegalArgumentException: pressure_0_raw is required and must be an integer
	at lk.resq.localhub.service.SensorStreamService.requiredInt(SensorStreamService.java:306) ~[classes/:na]
	at lk.resq.localhub.service.SensorStreamService.parseSnapshot(SensorStreamService.java:65) ~[classes/:na]
	at lk.resq.localhub.service.MqttSubscriberService.handleMessage(MqttSubscriberService.java:437) ~[classes/:na]
	at lk.resq.localhub.service.MqttSubscriberService$1.messageArrived(MqttSubscriberService.java:321) ~[classes/:na]
	at org.eclipse.paho.client.mqttv3.internal.CommsCallback.deliverMessage(CommsCallback.java:519) ~[org.eclipse.paho.client.mqttv3-1.2.5.jar:na]
	at org.eclipse.paho.client.mqttv3.internal.CommsCallback.handleMessage(CommsCallback.java:417) ~[org.eclipse.paho.client.mqttv3-1.2.5.jar:na]
	at org.eclipse.paho.client.mqttv3.internal.CommsCallback.run(CommsCallback.java:214) ~[org.eclipse.paho.client.mqttv3-1.2.5.jar:na]
	at java.base/java.lang.Thread.run(Thread.java:840) ~[na:na]

2026-07-28T10:53:58.045+05:30  INFO 37596 --- [hub-api] [y-1785215101795] l.r.l.service.MqttSubscriberService      : Observed firmware reply phase03-telemetry-start on resq/M01/events but no matching command request was found
2026-07-28T10:53:58.205+05:30  WARN 37596 --- [hub-api] [y-1785215101795] l.r.l.service.MqttSubscriberService      : Failed to process MQTT payload on topic resq/M01/telemetry. Raw payload: {"device_id":"M01","telemetry_mode":"SENSOR_STREAM","state":"PAIRED_IDLE","pressure_0_kpa":0.858,"pressure_0_kpa_valid":true,"pressure_1_kpa":1.438,"pressure_1_kpa_valid":true,"pressure_2_kpa":1.321,"pressure_2_kpa_valid":true,"pressure_kpa_valid":true,"hall_mm":13.7,"hall_progress":0.458,"hall_mm_valid":true,"pressure_saturation_mask":0,"interval_ms":200,"ts_ms":10677}. Error message: pressure_0_raw is required and must be an integer

java.lang.IllegalArgumentException: pressure_0_raw is required and must be an integer
	at lk.resq.localhub.service.SensorStreamService.requiredInt(SensorStreamService.java:306) ~[classes/:na]
	at lk.resq.localhub.service.SensorStreamService.parseSnapshot(SensorStreamService.java:65) ~[classes/:na]
	at lk.resq.localhub.service.MqttSubscriberService.handleMessage(MqttSubscriberService.java:437) ~[classes/:na]
	at lk.resq.localhub.service.MqttSubscriberService$1.messageArrived(MqttSubscriberService.java:321) ~[classes/:na]
	at org.eclipse.paho.client.mqttv3.internal.CommsCallback.deliverMessage(CommsCallback.java:519) ~[org.eclipse.paho.client.mqttv3-1.2.5.jar:na]
	at org.eclipse.paho.client.mqttv3.internal.CommsCallback.handleMessage(CommsCallback.java:417) ~[org.eclipse.paho.client.mqttv3-1.2.5.jar:na]
	at org.eclipse.paho.client.mqttv3.internal.CommsCallback.run(CommsCallback.java:214) ~[org.eclipse.paho.client.mqttv3-1.2.5.jar:na]
	at java.base/java.lang.Thread.run(Thread.java:840) ~[na:na]

2026-07-28T10:53:58.418+05:30  WARN 37596 --- [hub-api] [y-1785215101795] l.r.l.service.MqttSubscriberService      : Failed to process MQTT payload on topic resq/M01/telemetry. Raw payload: {"device_id":"M01","telemetry_mode":"SENSOR_STREAM","state":"PAIRED_IDLE","pressure_0_kpa":0.882,"pressure_0_kpa_valid":true,"pressure_1_kpa":1.455,"pressure_1_kpa_valid":true,"pressure_2_kpa":1.309,"pressure_2_kpa_valid":true,"pressure_kpa_valid":true,"hall_mm":14.2,"hall_progress":0.475,"hall_mm_valid":true,"pressure_saturation_mask":0,"interval_ms":200,"ts_ms":10880}. Error message: pressure_0_raw is required and must be an integer

java.lang.IllegalArgumentException: pressure_0_raw is required and must be an integer
	at lk.resq.localhub.service.SensorStreamService.requiredInt(SensorStreamService.java:306) ~[classes/:na]
	at lk.resq.localhub.service.SensorStreamService.parseSnapshot(SensorStreamService.java:65) ~[classes/:na]
	at lk.resq.localhub.service.MqttSubscriberService.handleMessage(MqttSubscriberService.java:437) ~[classes/:na]
	at lk.resq.localhub.service.MqttSubscriberService$1.messageArrived(MqttSubscriberService.java:321) ~[classes/:na]
	at org.eclipse.paho.client.mqttv3.internal.CommsCallback.deliverMessage(CommsCallback.java:519) ~[org.eclipse.paho.client.mqttv3-1.2.5.jar:na]
	at org.eclipse.paho.client.mqttv3.internal.CommsCallback.handleMessage(CommsCallback.java:417) ~[org.eclipse.paho.client.mqttv3-1.2.5.jar:na]
	at org.eclipse.paho.client.mqttv3.internal.CommsCallback.run(CommsCallback.java:214) ~[org.eclipse.paho.client.mqttv3-1.2.5.jar:na]
	at java.base/java.lang.Thread.run(Thread.java:840) ~[na:na]

2026-07-28T10:53:58.614+05:30  WARN 37596 --- [hub-api] [y-1785215101795] l.r.l.service.MqttSubscriberService      : Failed to process MQTT payload on topic resq/M01/telemetry. Raw payload: {"device_id":"M01","telemetry_mode":"SENSOR_STREAM","state":"PAIRED_IDLE","pressure_0_kpa":0.901,"pressure_0_kpa_valid":true,"pressure_1_kpa":1.467,"pressure_1_kpa_valid":true,"pressure_2_kpa":1.3,"pressure_2_kpa_valid":true,"pressure_kpa_valid":true,"hall_mm":14.6,"hall_progress":0.487,"hall_mm_valid":true,"pressure_saturation_mask":0,"interval_ms":200,"ts_ms":11081}. Error message: pressure_0_raw is required and must be an integer

java.lang.IllegalArgumentException: pressure_0_raw is required and must be an integer
	at lk.resq.localhub.service.SensorStreamService.requiredInt(SensorStreamService.java:306) ~[classes/:na]
	at lk.resq.localhub.service.SensorStreamService.parseSnapshot(SensorStreamService.java:65) ~[classes/:na]
	at lk.resq.localhub.service.MqttSubscriberService.handleMessage(MqttSubscriberService.java:437) ~[classes/:na]
	at lk.resq.localhub.service.MqttSubscriberService$1.messageArrived(MqttSubscriberService.java:321) ~[classes/:na]
	at org.eclipse.paho.client.mqttv3.internal.CommsCallback.deliverMessage(CommsCallback.java:519) ~[org.eclipse.paho.client.mqttv3-1.2.5.jar:na]
	at org.eclipse.paho.client.mqttv3.internal.CommsCallback.handleMessage(CommsCallback.java:417) ~[org.eclipse.paho.client.mqttv3-1.2.5.jar:na]
	at org.eclipse.paho.client.mqttv3.internal.CommsCallback.run(CommsCallback.java:214) ~[org.eclipse.paho.client.mqttv3-1.2.5.jar:na]
	at java.base/java.lang.Thread.run(Thread.java:840) ~[na:na]

2026-07-28T10:53:58.819+05:30  WARN 37596 --- [hub-api] [y-1785215101795] l.r.l.service.MqttSubscriberService      : Failed to process MQTT payload on topic resq/M01/telemetry. Raw payload: {"device_id":"M01","telemetry_mode":"SENSOR_STREAM","state":"PAIRED_IDLE","pressure_0_kpa":0.914,"pressure_0_kpa_valid":true,"pressure_1_kpa":1.476,"pressure_1_kpa_valid":true,"pressure_2_kpa":1.293,"pressure_2_kpa_valid":true,"pressure_kpa_valid":true,"hall_mm":14.87,"hall_progress":0.496,"hall_mm_valid":true,"pressure_saturation_mask":0,"interval_ms":200,"ts_ms":11287}. Error message: pressure_0_raw is required and must be an integer

java.lang.IllegalArgumentException: pressure_0_raw is required and must be an integer
	at lk.resq.localhub.service.SensorStreamService.requiredInt(SensorStreamService.java:306) ~[classes/:na]
	at lk.resq.localhub.service.SensorStreamService.parseSnapshot(SensorStreamService.java:65) ~[classes/:na]
	at lk.resq.localhub.service.MqttSubscriberService.handleMessage(MqttSubscriberService.java:437) ~[classes/:na]
	at lk.resq.localhub.service.MqttSubscriberService$1.messageArrived(MqttSubscriberService.java:321) ~[classes/:na]
	at org.eclipse.paho.client.mqttv3.internal.CommsCallback.deliverMessage(CommsCallback.java:519) ~[org.eclipse.paho.client.mqttv3-1.2.5.jar:na]
	at org.eclipse.paho.client.mqttv3.internal.CommsCallback.handleMessage(CommsCallback.java:417) ~[org.eclipse.paho.client.mqttv3-1.2.5.jar:na]
	at org.eclipse.paho.client.mqttv3.internal.CommsCallback.run(CommsCallback.java:214) ~[org.eclipse.paho.client.mqttv3-1.2.5.jar:na]
	at java.base/java.lang.Thread.run(Thread.java:840) ~[na:na]

2026-07-28T10:53:59.024+05:30  WARN 37596 --- [hub-api] [y-1785215101795] l.r.l.service.MqttSubscriberService      : Failed to process MQTT payload on topic resq/M01/telemetry. Raw payload: {"device_id":"M01","telemetry_mode":"SENSOR_STREAM","state":"PAIRED_IDLE","pressure_0_kpa":0.92,"pressure_0_kpa_valid":true,"pressure_1_kpa":1.48,"pressure_1_kpa_valid":true,"pressure_2_kpa":1.29,"pressure_2_kpa_valid":true,"pressure_kpa_valid":true,"hall_mm":14.99,"hall_progress":0.5,"hall_mm_valid":true,"pressure_saturation_mask":0,"interval_ms":200,"ts_ms":11501}. Error message: pressure_0_raw is required and must be an integer

java.lang.IllegalArgumentException: pressure_0_raw is required and must be an integer
	at lk.resq.localhub.service.SensorStreamService.requiredInt(SensorStreamService.java:306) ~[classes/:na]
	at lk.resq.localhub.service.SensorStreamService.parseSnapshot(SensorStreamService.java:65) ~[classes/:na]
	at lk.resq.localhub.service.MqttSubscriberService.handleMessage(MqttSubscriberService.java:437) ~[classes/:na]
	at lk.resq.localhub.service.MqttSubscriberService$1.messageArrived(MqttSubscriberService.java:321) ~[classes/:na]
	at org.eclipse.paho.client.mqttv3.internal.CommsCallback.deliverMessage(CommsCallback.java:519) ~[org.eclipse.paho.client.mqttv3-1.2.5.jar:na]
	at org.eclipse.paho.client.mqttv3.internal.CommsCallback.handleMessage(CommsCallback.java:417) ~[org.eclipse.paho.client.mqttv3-1.2.5.jar:na]
	at org.eclipse.paho.client.mqttv3.internal.CommsCallback.run(CommsCallback.java:214) ~[org.eclipse.paho.client.mqttv3-1.2.5.jar:na]
	at java.base/java.lang.Thread.run(Thread.java:840) ~[na:na]

2026-07-28T10:53:59.243+05:30  WARN 37596 --- [hub-api] [y-1785215101795] l.r.l.service.MqttSubscriberService      : Failed to process MQTT payload on topic resq/M01/telemetry. Raw payload: {"device_id":"M01","telemetry_mode":"SENSOR_STREAM","state":"PAIRED_IDLE","pressure_0_kpa":0.918,"pressure_0_kpa_valid":true,"pressure_1_kpa":1.479,"pressure_1_kpa_valid":true,"pressure_2_kpa":1.291,"pressure_2_kpa_valid":true,"pressure_kpa_valid":true,"hall_mm":14.96,"hall_progress":0.499,"hall_mm_valid":true,"pressure_saturation_mask":0,"interval_ms":200,"ts_ms":11708}. Error message: pressure_0_raw is required and must be an integer

java.lang.IllegalArgumentException: pressure_0_raw is required and must be an integer
	at lk.resq.localhub.service.SensorStreamService.requiredInt(SensorStreamService.java:306) ~[classes/:na]
	at lk.resq.localhub.service.SensorStreamService.parseSnapshot(SensorStreamService.java:65) ~[classes/:na]
	at lk.resq.localhub.service.MqttSubscriberService.handleMessage(MqttSubscriberService.java:437) ~[classes/:na]
	at lk.resq.localhub.service.MqttSubscriberService$1.messageArrived(MqttSubscriberService.java:321) ~[classes/:na]
	at org.eclipse.paho.client.mqttv3.internal.CommsCallback.deliverMessage(CommsCallback.java:519) ~[org.eclipse.paho.client.mqttv3-1.2.5.jar:na]
	at org.eclipse.paho.client.mqttv3.internal.CommsCallback.handleMessage(CommsCallback.java:417) ~[org.eclipse.paho.client.mqttv3-1.2.5.jar:na]
	at org.eclipse.paho.client.mqttv3.internal.CommsCallback.run(CommsCallback.java:214) ~[org.eclipse.paho.client.mqttv3-1.2.5.jar:na]
	at java.base/java.lang.Thread.run(Thread.java:840) ~[na:na]

2026-07-28T10:53:59.439+05:30  WARN 37596 --- [hub-api] [y-1785215101795] l.r.l.service.MqttSubscriberService      : Failed to process MQTT payload on topic resq/M01/telemetry. Raw payload: {"device_id":"M01","telemetry_mode":"SENSOR_STREAM","state":"PAIRED_IDLE","pressure_0_kpa":0.909,"pressure_0_kpa_valid":true,"pressure_1_kpa":1.473,"pressure_1_kpa_valid":true,"pressure_2_kpa":1.295,"pressure_2_kpa_valid":true,"pressure_kpa_valid":true,"hall_mm":14.77,"hall_progress":0.493,"hall_mm_valid":true,"pressure_saturation_mask":0,"interval_ms":200,"ts_ms":11911}. Error message: pressure_0_raw is required and must be an integer

java.lang.IllegalArgumentException: pressure_0_raw is required and must be an integer
	at lk.resq.localhub.service.SensorStreamService.requiredInt(SensorStreamService.java:306) ~[classes/:na]
	at lk.resq.localhub.service.SensorStreamService.parseSnapshot(SensorStreamService.java:65) ~[classes/:na]
	at lk.resq.localhub.service.MqttSubscriberService.handleMessage(MqttSubscriberService.java:437) ~[classes/:na]
	at lk.resq.localhub.service.MqttSubscriberService$1.messageArrived(MqttSubscriberService.java:321) ~[classes/:na]
	at org.eclipse.paho.client.mqttv3.internal.CommsCallback.deliverMessage(CommsCallback.java:519) ~[org.eclipse.paho.client.mqttv3-1.2.5.jar:na]
	at org.eclipse.paho.client.mqttv3.internal.CommsCallback.handleMessage(CommsCallback.java:417) ~[org.eclipse.paho.client.mqttv3-1.2.5.jar:na]
	at org.eclipse.paho.client.mqttv3.internal.CommsCallback.run(CommsCallback.java:214) ~[org.eclipse.paho.client.mqttv3-1.2.5.jar:na]
	at java.base/java.lang.Thread.run(Thread.java:840) ~[na:na]

2026-07-28T10:53:59.648+05:30  WARN 37596 --- [hub-api] [y-1785215101795] l.r.l.service.MqttSubscriberService      : Failed to process MQTT payload on topic resq/M01/telemetry. Raw payload: {"device_id":"M01","telemetry_mode":"SENSOR_STREAM","state":"PAIRED_IDLE","pressure_0_kpa":0.893,"pressure_0_kpa_valid":true,"pressure_1_kpa":1.462,"pressure_1_kpa_valid":true,"pressure_2_kpa":1.303,"pressure_2_kpa_valid":true,"pressure_kpa_valid":true,"hall_mm":14.45,"hall_progress":0.482,"hall_mm_valid":true,"pressure_saturation_mask":0,"interval_ms":200,"ts_ms":12116}. Error message: pressure_0_raw is required and must be an integer

java.lang.IllegalArgumentException: pressure_0_raw is required and must be an integer
	at lk.resq.localhub.service.SensorStreamService.requiredInt(SensorStreamService.java:306) ~[classes/:na]
	at lk.resq.localhub.service.SensorStreamService.parseSnapshot(SensorStreamService.java:65) ~[classes/:na]
	at lk.resq.localhub.service.MqttSubscriberService.handleMessage(MqttSubscriberService.java:437) ~[classes/:na]
	at lk.resq.localhub.service.MqttSubscriberService$1.messageArrived(MqttSubscriberService.java:321) ~[classes/:na]
	at org.eclipse.paho.client.mqttv3.internal.CommsCallback.deliverMessage(CommsCallback.java:519) ~[org.eclipse.paho.client.mqttv3-1.2.5.jar:na]
	at org.eclipse.paho.client.mqttv3.internal.CommsCallback.handleMessage(CommsCallback.java:417) ~[org.eclipse.paho.client.mqttv3-1.2.5.jar:na]
	at org.eclipse.paho.client.mqttv3.internal.CommsCallback.run(CommsCallback.java:214) ~[org.eclipse.paho.client.mqttv3-1.2.5.jar:na]
	at java.base/java.lang.Thread.run(Thread.java:840) ~[na:na]

2026-07-28T10:53:59.860+05:30  WARN 37596 --- [hub-api] [y-1785215101795] l.r.l.service.MqttSubscriberService      : Failed to process MQTT payload on topic resq/M01/telemetry. Raw payload: {"device_id":"M01","telemetry_mode":"SENSOR_STREAM","state":"PAIRED_IDLE","pressure_0_kpa":0.872,"pressure_0_kpa_valid":true,"pressure_1_kpa":1.448,"pressure_1_kpa_valid":true,"pressure_2_kpa":1.314,"pressure_2_kpa_valid":true,"pressure_kpa_valid":true,"hall_mm":14,"hall_progress":0.468,"hall_mm_valid":true,"pressure_saturation_mask":0,"interval_ms":200,"ts_ms":12318}. Error message: pressure_0_raw is required and must be an integer

java.lang.IllegalArgumentException: pressure_0_raw is required and must be an integer
	at lk.resq.localhub.service.SensorStreamService.requiredInt(SensorStreamService.java:306) ~[classes/:na]
	at lk.resq.localhub.service.SensorStreamService.parseSnapshot(SensorStreamService.java:65) ~[classes/:na]
	at lk.resq.localhub.service.MqttSubscriberService.handleMessage(MqttSubscriberService.java:437) ~[classes/:na]
	at lk.resq.localhub.service.MqttSubscriberService$1.messageArrived(MqttSubscriberService.java:321) ~[classes/:na]
	at org.eclipse.paho.client.mqttv3.internal.CommsCallback.deliverMessage(CommsCallback.java:519) ~[org.eclipse.paho.client.mqttv3-1.2.5.jar:na]
	at org.eclipse.paho.client.mqttv3.internal.CommsCallback.handleMessage(CommsCallback.java:417) ~[org.eclipse.paho.client.mqttv3-1.2.5.jar:na]
	at org.eclipse.paho.client.mqttv3.internal.CommsCallback.run(CommsCallback.java:214) ~[org.eclipse.paho.client.mqttv3-1.2.5.jar:na]
	at java.base/java.lang.Thread.run(Thread.java:840) ~[na:na]

2026-07-28T10:54:00.062+05:30  WARN 37596 --- [hub-api] [y-1785215101795] l.r.l.service.MqttSubscriberService      : Failed to process MQTT payload on topic resq/M01/telemetry. Raw payload: {"device_id":"M01","telemetry_mode":"SENSOR_STREAM","state":"PAIRED_IDLE","pressure_0_kpa":0.846,"pressure_0_kpa_valid":true,"pressure_1_kpa":1.431,"pressure_1_kpa_valid":true,"pressure_2_kpa":1.327,"pressure_2_kpa_valid":true,"pressure_kpa_valid":true,"hall_mm":13.45,"hall_progress":0.451,"hall_mm_valid":true,"pressure_saturation_mask":0,"interval_ms":200,"ts_ms":12533}. Error message: pressure_0_raw is required and must be an integer

java.lang.IllegalArgumentException: pressure_0_raw is required and must be an integer
	at lk.resq.localhub.service.SensorStreamService.requiredInt(SensorStreamService.java:306) ~[classes/:na]
	at lk.resq.localhub.service.SensorStreamService.parseSnapshot(SensorStreamService.java:65) ~[classes/:na]
	at lk.resq.localhub.service.MqttSubscriberService.handleMessage(MqttSubscriberService.java:437) ~[classes/:na]
	at lk.resq.localhub.service.MqttSubscriberService$1.messageArrived(MqttSubscriberService.java:321) ~[classes/:na]
	at org.eclipse.paho.client.mqttv3.internal.CommsCallback.deliverMessage(CommsCallback.java:519) ~[org.eclipse.paho.client.mqttv3-1.2.5.jar:na]
	at org.eclipse.paho.client.mqttv3.internal.CommsCallback.handleMessage(CommsCallback.java:417) ~[org.eclipse.paho.client.mqttv3-1.2.5.jar:na]
	at org.eclipse.paho.client.mqttv3.internal.CommsCallback.run(CommsCallback.java:214) ~[org.eclipse.paho.client.mqttv3-1.2.5.jar:na]
	at java.base/java.lang.Thread.run(Thread.java:840) ~[na:na]

2026-07-28T10:54:00.271+05:30  WARN 37596 --- [hub-api] [y-1785215101795] l.r.l.service.MqttSubscriberService      : Failed to process MQTT payload on topic resq/M01/telemetry. Raw payload: {"device_id":"M01","telemetry_mode":"SENSOR_STREAM","state":"PAIRED_IDLE","pressure_0_kpa":0.817,"pressure_0_kpa_valid":true,"pressure_1_kpa":1.411,"pressure_1_kpa_valid":true,"pressure_2_kpa":1.342,"pressure_2_kpa_valid":true,"pressure_kpa_valid":true,"hall_mm":12.85,"hall_progress":0.431,"hall_mm_valid":true,"pressure_saturation_mask":0,"interval_ms":200,"ts_ms":12739}. Error message: pressure_0_raw is required and must be an integer

java.lang.IllegalArgumentException: pressure_0_raw is required and must be an integer
	at lk.resq.localhub.service.SensorStreamService.requiredInt(SensorStreamService.java:306) ~[classes/:na]
	at lk.resq.localhub.service.SensorStreamService.parseSnapshot(SensorStreamService.java:65) ~[classes/:na]
	at lk.resq.localhub.service.MqttSubscriberService.handleMessage(MqttSubscriberService.java:437) ~[classes/:na]
	at lk.resq.localhub.service.MqttSubscriberService$1.messageArrived(MqttSubscriberService.java:321) ~[classes/:na]
	at org.eclipse.paho.client.mqttv3.internal.CommsCallback.deliverMessage(CommsCallback.java:519) ~[org.eclipse.paho.client.mqttv3-1.2.5.jar:na]
	at org.eclipse.paho.client.mqttv3.internal.CommsCallback.handleMessage(CommsCallback.java:417) ~[org.eclipse.paho.client.mqttv3-1.2.5.jar:na]
	at org.eclipse.paho.client.mqttv3.internal.CommsCallback.run(CommsCallback.java:214) ~[org.eclipse.paho.client.mqttv3-1.2.5.jar:na]
	at java.base/java.lang.Thread.run(Thread.java:840) ~[na:na]

2026-07-28T10:54:00.476+05:30  WARN 37596 --- [hub-api] [y-1785215101795] l.r.l.service.MqttSubscriberService      : Failed to process MQTT payload on topic resq/M01/telemetry. Raw payload: {"device_id":"M01","telemetry_mode":"SENSOR_STREAM","state":"PAIRED_IDLE","pressure_0_kpa":0.787,"pressure_0_kpa_valid":true,"pressure_1_kpa":1.391,"pressure_1_kpa_valid":false,"pressure_2_kpa":1.356,"pressure_2_kpa_valid":true,"pressure_kpa_valid":false,"hall_mm":12.23,"hall_progress":0.411,"hall_mm_valid":true,"pressure_saturation_mask":0,"interval_ms":200,"ts_ms":12944}. Error message: pressure_0_raw is required and must be an integer

java.lang.IllegalArgumentException: pressure_0_raw is required and must be an integer
	at lk.resq.localhub.service.SensorStreamService.requiredInt(SensorStreamService.java:306) ~[classes/:na]
	at lk.resq.localhub.service.SensorStreamService.parseSnapshot(SensorStreamService.java:65) ~[classes/:na]
	at lk.resq.localhub.service.MqttSubscriberService.handleMessage(MqttSubscriberService.java:437) ~[classes/:na]
	at lk.resq.localhub.service.MqttSubscriberService$1.messageArrived(MqttSubscriberService.java:321) ~[classes/:na]
	at org.eclipse.paho.client.mqttv3.internal.CommsCallback.deliverMessage(CommsCallback.java:519) ~[org.eclipse.paho.client.mqttv3-1.2.5.jar:na]
	at org.eclipse.paho.client.mqttv3.internal.CommsCallback.handleMessage(CommsCallback.java:417) ~[org.eclipse.paho.client.mqttv3-1.2.5.jar:na]
	at org.eclipse.paho.client.mqttv3.internal.CommsCallback.run(CommsCallback.java:214) ~[org.eclipse.paho.client.mqttv3-1.2.5.jar:na]
	at java.base/java.lang.Thread.run(Thread.java:840) ~[na:na]

2026-07-28T10:54:00.680+05:30  WARN 37596 --- [hub-api] [y-1785215101795] l.r.l.service.MqttSubscriberService      : Failed to process MQTT payload on topic resq/M01/telemetry. Raw payload: {"device_id":"M01","telemetry_mode":"SENSOR_STREAM","state":"PAIRED_IDLE","pressure_0_kpa":0.758,"pressure_0_kpa_valid":true,"pressure_1_kpa":1.372,"pressure_1_kpa_valid":true,"pressure_2_kpa":1.371,"pressure_2_kpa_valid":true,"pressure_kpa_valid":true,"hall_mm":11.62,"hall_progress":0.392,"hall_mm_valid":true,"pressure_saturation_mask":0,"interval_ms":200,"ts_ms":13146}. Error message: pressure_0_raw is required and must be an integer

java.lang.IllegalArgumentException: pressure_0_raw is required and must be an integer
	at lk.resq.localhub.service.SensorStreamService.requiredInt(SensorStreamService.java:306) ~[classes/:na]
	at lk.resq.localhub.service.SensorStreamService.parseSnapshot(SensorStreamService.java:65) ~[classes/:na]
	at lk.resq.localhub.service.MqttSubscriberService.handleMessage(MqttSubscriberService.java:437) ~[classes/:na]
	at lk.resq.localhub.service.MqttSubscriberService$1.messageArrived(MqttSubscriberService.java:321) ~[classes/:na]
	at org.eclipse.paho.client.mqttv3.internal.CommsCallback.deliverMessage(CommsCallback.java:519) ~[org.eclipse.paho.client.mqttv3-1.2.5.jar:na]
	at org.eclipse.paho.client.mqttv3.internal.CommsCallback.handleMessage(CommsCallback.java:417) ~[org.eclipse.paho.client.mqttv3-1.2.5.jar:na]
	at org.eclipse.paho.client.mqttv3.internal.CommsCallback.run(CommsCallback.java:214) ~[org.eclipse.paho.client.mqttv3-1.2.5.jar:na]
	at java.base/java.lang.Thread.run(Thread.java:840) ~[na:na]

2026-07-28T10:54:00.881+05:30  WARN 37596 --- [hub-api] [y-1785215101795] l.r.l.service.MqttSubscriberService      : Failed to process MQTT payload on topic resq/M01/telemetry. Raw payload: {"device_id":"M01","telemetry_mode":"SENSOR_STREAM","state":"PAIRED_IDLE","pressure_0_kpa":0.731,"pressure_0_kpa_valid":true,"pressure_1_kpa":1.354,"pressure_1_kpa_valid":true,"pressure_2_kpa":1.384,"pressure_2_kpa_valid":true,"pressure_kpa_valid":true,"hall_mm":11.07,"hall_progress":0.374,"hall_mm_valid":true,"pressure_saturation_mask":0,"interval_ms":200,"ts_ms":13347}. Error message: pressure_0_raw is required and must be an integer

java.lang.IllegalArgumentException: pressure_0_raw is required and must be an integer
	at lk.resq.localhub.service.SensorStreamService.requiredInt(SensorStreamService.java:306) ~[classes/:na]
	at lk.resq.localhub.service.SensorStreamService.parseSnapshot(SensorStreamService.java:65) ~[classes/:na]
	at lk.resq.localhub.service.MqttSubscriberService.handleMessage(MqttSubscriberService.java:437) ~[classes/:na]
	at lk.resq.localhub.service.MqttSubscriberService$1.messageArrived(MqttSubscriberService.java:321) ~[classes/:na]
	at org.eclipse.paho.client.mqttv3.internal.CommsCallback.deliverMessage(CommsCallback.java:519) ~[org.eclipse.paho.client.mqttv3-1.2.5.jar:na]
	at org.eclipse.paho.client.mqttv3.internal.CommsCallback.handleMessage(CommsCallback.java:417) ~[org.eclipse.paho.client.mqttv3-1.2.5.jar:na]
	at org.eclipse.paho.client.mqttv3.internal.CommsCallback.run(CommsCallback.java:214) ~[org.eclipse.paho.client.mqttv3-1.2.5.jar:na]
	at java.base/java.lang.Thread.run(Thread.java:840) ~[na:na]

2026-07-28T10:54:01.084+05:30  WARN 37596 --- [hub-api] [y-1785215101795] l.r.l.service.MqttSubscriberService      : Failed to process MQTT payload on topic resq/M01/telemetry. Raw payload: {"device_id":"M01","telemetry_mode":"SENSOR_STREAM","state":"PAIRED_IDLE","pressure_0_kpa":0.709,"pressure_0_kpa_valid":true,"pressure_1_kpa":1.339,"pressure_1_kpa_valid":true,"pressure_2_kpa":1.395,"pressure_2_kpa_valid":true,"pressure_kpa_valid":true,"hall_mm":10.61,"hall_progress":0.359,"hall_mm_valid":true,"pressure_saturation_mask":0,"interval_ms":200,"ts_ms":13549}. Error message: pressure_0_raw is required and must be an integer

java.lang.IllegalArgumentException: pressure_0_raw is required and must be an integer
	at lk.resq.localhub.service.SensorStreamService.requiredInt(SensorStreamService.java:306) ~[classes/:na]
	at lk.resq.localhub.service.SensorStreamService.parseSnapshot(SensorStreamService.java:65) ~[classes/:na]
	at lk.resq.localhub.service.MqttSubscriberService.handleMessage(MqttSubscriberService.java:437) ~[classes/:na]
	at lk.resq.localhub.service.MqttSubscriberService$1.messageArrived(MqttSubscriberService.java:321) ~[classes/:na]
	at org.eclipse.paho.client.mqttv3.internal.CommsCallback.deliverMessage(CommsCallback.java:519) ~[org.eclipse.paho.client.mqttv3-1.2.5.jar:na]
	at org.eclipse.paho.client.mqttv3.internal.CommsCallback.handleMessage(CommsCallback.java:417) ~[org.eclipse.paho.client.mqttv3-1.2.5.jar:na]
	at org.eclipse.paho.client.mqttv3.internal.CommsCallback.run(CommsCallback.java:214) ~[org.eclipse.paho.client.mqttv3-1.2.5.jar:na]
	at java.base/java.lang.Thread.run(Thread.java:840) ~[na:na]

2026-07-28T10:54:01.303+05:30  WARN 37596 --- [hub-api] [y-1785215101795] l.r.l.service.MqttSubscriberService      : Failed to process MQTT payload on topic resq/M01/telemetry. Raw payload: {"device_id":"M01","telemetry_mode":"SENSOR_STREAM","state":"PAIRED_IDLE","pressure_0_kpa":0.693,"pressure_0_kpa_valid":true,"pressure_1_kpa":1.328,"pressure_1_kpa_valid":true,"pressure_2_kpa":1.404,"pressure_2_kpa_valid":true,"pressure_kpa_valid":true,"hall_mm":10.26,"hall_progress":0.348,"hall_mm_valid":true,"pressure_saturation_mask":2,"interval_ms":200,"ts_ms":13768}. Error message: pressure_0_raw is required and must be an integer

java.lang.IllegalArgumentException: pressure_0_raw is required and must be an integer
	at lk.resq.localhub.service.SensorStreamService.requiredInt(SensorStreamService.java:306) ~[classes/:na]
	at lk.resq.localhub.service.SensorStreamService.parseSnapshot(SensorStreamService.java:65) ~[classes/:na]
	at lk.resq.localhub.service.MqttSubscriberService.handleMessage(MqttSubscriberService.java:437) ~[classes/:na]
	at lk.resq.localhub.service.MqttSubscriberService$1.messageArrived(MqttSubscriberService.java:321) ~[classes/:na]
	at org.eclipse.paho.client.mqttv3.internal.CommsCallback.deliverMessage(CommsCallback.java:519) ~[org.eclipse.paho.client.mqttv3-1.2.5.jar:na]
	at org.eclipse.paho.client.mqttv3.internal.CommsCallback.handleMessage(CommsCallback.java:417) ~[org.eclipse.paho.client.mqttv3-1.2.5.jar:na]
	at org.eclipse.paho.client.mqttv3.internal.CommsCallback.run(CommsCallback.java:214) ~[org.eclipse.paho.client.mqttv3-1.2.5.jar:na]
	at java.base/java.lang.Thread.run(Thread.java:840) ~[na:na]

2026-07-28T10:54:01.506+05:30  WARN 37596 --- [hub-api] [y-1785215101795] l.r.l.service.MqttSubscriberService      : Failed to process MQTT payload on topic resq/M01/telemetry. Raw payload: {"device_id":"M01","telemetry_mode":"SENSOR_STREAM","state":"PAIRED_IDLE","pressure_0_kpa":0.683,"pressure_0_kpa_valid":true,"pressure_1_kpa":1.322,"pressure_1_kpa_valid":true,"pressure_2_kpa":1.409,"pressure_2_kpa_valid":true,"pressure_kpa_valid":true,"hall_mm":10.06,"hall_progress":0.342,"hall_mm_valid":true,"pressure_saturation_mask":0,"interval_ms":200,"ts_ms":13973}. Error message: pressure_0_raw is required and must be an integer

java.lang.IllegalArgumentException: pressure_0_raw is required and must be an integer
	at lk.resq.localhub.service.SensorStreamService.requiredInt(SensorStreamService.java:306) ~[classes/:na]
	at lk.resq.localhub.service.SensorStreamService.parseSnapshot(SensorStreamService.java:65) ~[classes/:na]
	at lk.resq.localhub.service.MqttSubscriberService.handleMessage(MqttSubscriberService.java:437) ~[classes/:na]
	at lk.resq.localhub.service.MqttSubscriberService$1.messageArrived(MqttSubscriberService.java:321) ~[classes/:na]
	at org.eclipse.paho.client.mqttv3.internal.CommsCallback.deliverMessage(CommsCallback.java:519) ~[org.eclipse.paho.client.mqttv3-1.2.5.jar:na]
	at org.eclipse.paho.client.mqttv3.internal.CommsCallback.handleMessage(CommsCallback.java:417) ~[org.eclipse.paho.client.mqttv3-1.2.5.jar:na]
	at org.eclipse.paho.client.mqttv3.internal.CommsCallback.run(CommsCallback.java:214) ~[org.eclipse.paho.client.mqttv3-1.2.5.jar:na]
	at java.base/java.lang.Thread.run(Thread.java:840) ~[na:na]

2026-07-28T10:54:01.716+05:30  WARN 37596 --- [hub-api] [y-1785215101795] l.r.l.service.MqttSubscriberService      : Failed to process MQTT payload on topic resq/M01/telemetry. Raw payload: {"device_id":"M01","telemetry_mode":"SENSOR_STREAM","state":"PAIRED_IDLE","pressure_0_kpa":0.68,"pressure_0_kpa_valid":true,"pressure_1_kpa":1.32,"pressure_1_kpa_valid":true,"pressure_2_kpa":1.41,"pressure_2_kpa_valid":true,"pressure_kpa_valid":true,"hall_mm":10,"hall_progress":0.34,"hall_mm_valid":true,"pressure_saturation_mask":0,"interval_ms":200,"ts_ms":14184}. Error message: pressure_0_raw is required and must be an integer

java.lang.IllegalArgumentException: pressure_0_raw is required and must be an integer
	at lk.resq.localhub.service.SensorStreamService.requiredInt(SensorStreamService.java:306) ~[classes/:na]
	at lk.resq.localhub.service.SensorStreamService.parseSnapshot(SensorStreamService.java:65) ~[classes/:na]
	at lk.resq.localhub.service.MqttSubscriberService.handleMessage(MqttSubscriberService.java:437) ~[classes/:na]
	at lk.resq.localhub.service.MqttSubscriberService$1.messageArrived(MqttSubscriberService.java:321) ~[classes/:na]
	at org.eclipse.paho.client.mqttv3.internal.CommsCallback.deliverMessage(CommsCallback.java:519) ~[org.eclipse.paho.client.mqttv3-1.2.5.jar:na]
	at org.eclipse.paho.client.mqttv3.internal.CommsCallback.handleMessage(CommsCallback.java:417) ~[org.eclipse.paho.client.mqttv3-1.2.5.jar:na]
	at org.eclipse.paho.client.mqttv3.internal.CommsCallback.run(CommsCallback.java:214) ~[org.eclipse.paho.client.mqttv3-1.2.5.jar:na]
	at java.base/java.lang.Thread.run(Thread.java:840) ~[na:na]

2026-07-28T10:54:01.940+05:30  WARN 37596 --- [hub-api] [y-1785215101795] l.r.l.service.MqttSubscriberService      : Failed to process MQTT payload on topic resq/M01/telemetry. Raw payload: {"device_id":"M01","telemetry_mode":"SENSOR_STREAM","state":"PAIRED_IDLE","pressure_0_kpa":0.685,"pressure_0_kpa_valid":true,"pressure_1_kpa":1.323,"pressure_1_kpa_valid":true,"pressure_2_kpa":1.408,"pressure_2_kpa_valid":true,"pressure_kpa_valid":true,"hall_mm":10.1,"hall_progress":0.343,"hall_mm_valid":true,"pressure_saturation_mask":0,"interval_ms":200,"ts_ms":14396}. Error message: pressure_0_raw is required and must be an integer

java.lang.IllegalArgumentException: pressure_0_raw is required and must be an integer
	at lk.resq.localhub.service.SensorStreamService.requiredInt(SensorStreamService.java:306) ~[classes/:na]
	at lk.resq.localhub.service.SensorStreamService.parseSnapshot(SensorStreamService.java:65) ~[classes/:na]
	at lk.resq.localhub.service.MqttSubscriberService.handleMessage(MqttSubscriberService.java:437) ~[classes/:na]
	at lk.resq.localhub.service.MqttSubscriberService$1.messageArrived(MqttSubscriberService.java:321) ~[classes/:na]
	at org.eclipse.paho.client.mqttv3.internal.CommsCallback.deliverMessage(CommsCallback.java:519) ~[org.eclipse.paho.client.mqttv3-1.2.5.jar:na]
	at org.eclipse.paho.client.mqttv3.internal.CommsCallback.handleMessage(CommsCallback.java:417) ~[org.eclipse.paho.client.mqttv3-1.2.5.jar:na]
	at org.eclipse.paho.client.mqttv3.internal.CommsCallback.run(CommsCallback.java:214) ~[org.eclipse.paho.client.mqttv3-1.2.5.jar:na]
	at java.base/java.lang.Thread.run(Thread.java:840) ~[na:na]

2026-07-28T10:54:02.137+05:30  WARN 37596 --- [hub-api] [y-1785215101795] l.r.l.service.MqttSubscriberService      : Failed to process MQTT payload on topic resq/M01/telemetry. Raw payload: {"device_id":"M01","telemetry_mode":"SENSOR_STREAM","state":"PAIRED_IDLE","pressure_0_kpa":0.697,"pressure_0_kpa_valid":true,"pressure_1_kpa":1.331,"pressure_1_kpa_valid":true,"pressure_2_kpa":1.402,"pressure_2_kpa_valid":true,"pressure_kpa_valid":true,"hall_mm":10.35,"hall_progress":0.351,"hall_mm_valid":true,"pressure_saturation_mask":0,"interval_ms":200,"ts_ms":14615}. Error message: pressure_0_raw is required and must be an integer

java.lang.IllegalArgumentException: pressure_0_raw is required and must be an integer
	at lk.resq.localhub.service.SensorStreamService.requiredInt(SensorStreamService.java:306) ~[classes/:na]
	at lk.resq.localhub.service.SensorStreamService.parseSnapshot(SensorStreamService.java:65) ~[classes/:na]
	at lk.resq.localhub.service.MqttSubscriberService.handleMessage(MqttSubscriberService.java:437) ~[classes/:na]
	at lk.resq.localhub.service.MqttSubscriberService$1.messageArrived(MqttSubscriberService.java:321) ~[classes/:na]
	at org.eclipse.paho.client.mqttv3.internal.CommsCallback.deliverMessage(CommsCallback.java:519) ~[org.eclipse.paho.client.mqttv3-1.2.5.jar:na]
	at org.eclipse.paho.client.mqttv3.internal.CommsCallback.handleMessage(CommsCallback.java:417) ~[org.eclipse.paho.client.mqttv3-1.2.5.jar:na]
	at org.eclipse.paho.client.mqttv3.internal.CommsCallback.run(CommsCallback.java:214) ~[org.eclipse.paho.client.mqttv3-1.2.5.jar:na]
	at java.base/java.lang.Thread.run(Thread.java:840) ~[na:na]

2026-07-28T10:54:02.360+05:30  WARN 37596 --- [hub-api] [y-1785215101795] l.r.l.service.MqttSubscriberService      : Failed to process MQTT payload on topic resq/M01/telemetry. Raw payload: {"device_id":"M01","telemetry_mode":"SENSOR_STREAM","state":"PAIRED_IDLE","pressure_0_kpa":0.715,"pressure_0_kpa_valid":true,"pressure_1_kpa":1.344,"pressure_1_kpa_valid":true,"pressure_2_kpa":1.392,"pressure_2_kpa_valid":true,"pressure_kpa_valid":true,"hall_mm":10.74,"hall_progress":0.364,"hall_mm_valid":true,"pressure_saturation_mask":0,"interval_ms":200,"ts_ms":14833}. Error message: pressure_0_raw is required and must be an integer

java.lang.IllegalArgumentException: pressure_0_raw is required and must be an integer
	at lk.resq.localhub.service.SensorStreamService.requiredInt(SensorStreamService.java:306) ~[classes/:na]
	at lk.resq.localhub.service.SensorStreamService.parseSnapshot(SensorStreamService.java:65) ~[classes/:na]
	at lk.resq.localhub.service.MqttSubscriberService.handleMessage(MqttSubscriberService.java:437) ~[classes/:na]
	at lk.resq.localhub.service.MqttSubscriberService$1.messageArrived(MqttSubscriberService.java:321) ~[classes/:na]
	at org.eclipse.paho.client.mqttv3.internal.CommsCallback.deliverMessage(CommsCallback.java:519) ~[org.eclipse.paho.client.mqttv3-1.2.5.jar:na]
	at org.eclipse.paho.client.mqttv3.internal.CommsCallback.handleMessage(CommsCallback.java:417) ~[org.eclipse.paho.client.mqttv3-1.2.5.jar:na]
	at org.eclipse.paho.client.mqttv3.internal.CommsCallback.run(CommsCallback.java:214) ~[org.eclipse.paho.client.mqttv3-1.2.5.jar:na]
	at java.base/java.lang.Thread.run(Thread.java:840) ~[na:na]

2026-07-28T10:54:02.569+05:30  WARN 37596 --- [hub-api] [y-1785215101795] l.r.l.service.MqttSubscriberService      : Failed to process MQTT payload on topic resq/M01/telemetry. Raw payload: {"device_id":"M01","telemetry_mode":"SENSOR_STREAM","state":"PAIRED_IDLE","pressure_0_kpa":0.739,"pressure_0_kpa_valid":true,"pressure_1_kpa":1.359,"pressure_1_kpa_valid":true,"pressure_2_kpa":1.38,"pressure_2_kpa_valid":true,"pressure_kpa_valid":true,"hall_mm":11.23,"hall_progress":0.379,"hall_mm_valid":true,"pressure_saturation_mask":0,"interval_ms":200,"ts_ms":15037}. Error message: pressure_0_raw is required and must be an integer

java.lang.IllegalArgumentException: pressure_0_raw is required and must be an integer
	at lk.resq.localhub.service.SensorStreamService.requiredInt(SensorStreamService.java:306) ~[classes/:na]
	at lk.resq.localhub.service.SensorStreamService.parseSnapshot(SensorStreamService.java:65) ~[classes/:na]
	at lk.resq.localhub.service.MqttSubscriberService.handleMessage(MqttSubscriberService.java:437) ~[classes/:na]
	at lk.resq.localhub.service.MqttSubscriberService$1.messageArrived(MqttSubscriberService.java:321) ~[classes/:na]
	at org.eclipse.paho.client.mqttv3.internal.CommsCallback.deliverMessage(CommsCallback.java:519) ~[org.eclipse.paho.client.mqttv3-1.2.5.jar:na]
	at org.eclipse.paho.client.mqttv3.internal.CommsCallback.handleMessage(CommsCallback.java:417) ~[org.eclipse.paho.client.mqttv3-1.2.5.jar:na]
	at org.eclipse.paho.client.mqttv3.internal.CommsCallback.run(CommsCallback.java:214) ~[org.eclipse.paho.client.mqttv3-1.2.5.jar:na]
	at java.base/java.lang.Thread.run(Thread.java:840) ~[na:na]

2026-07-28T10:54:02.782+05:30  WARN 37596 --- [hub-api] [y-1785215101795] l.r.l.service.MqttSubscriberService      : Failed to process MQTT payload on topic resq/M01/telemetry. Raw payload: {"device_id":"M01","telemetry_mode":"SENSOR_STREAM","state":"PAIRED_IDLE","pressure_0_kpa":0.766,"pressure_0_kpa_valid":true,"pressure_1_kpa":1.378,"pressure_1_kpa_valid":true,"pressure_2_kpa":1.367,"pressure_2_kpa_valid":true,"pressure_kpa_valid":true,"hall_mm":11.8,"hall_progress":0.398,"hall_mm_valid":true,"pressure_saturation_mask":0,"interval_ms":200,"ts_ms":15249}. Error message: pressure_0_raw is required and must be an integer

java.lang.IllegalArgumentException: pressure_0_raw is required and must be an integer
	at lk.resq.localhub.service.SensorStreamService.requiredInt(SensorStreamService.java:306) ~[classes/:na]
	at lk.resq.localhub.service.SensorStreamService.parseSnapshot(SensorStreamService.java:65) ~[classes/:na]
	at lk.resq.localhub.service.MqttSubscriberService.handleMessage(MqttSubscriberService.java:437) ~[classes/:na]
	at lk.resq.localhub.service.MqttSubscriberService$1.messageArrived(MqttSubscriberService.java:321) ~[classes/:na]
	at org.eclipse.paho.client.mqttv3.internal.CommsCallback.deliverMessage(CommsCallback.java:519) ~[org.eclipse.paho.client.mqttv3-1.2.5.jar:na]
	at org.eclipse.paho.client.mqttv3.internal.CommsCallback.handleMessage(CommsCallback.java:417) ~[org.eclipse.paho.client.mqttv3-1.2.5.jar:na]
	at org.eclipse.paho.client.mqttv3.internal.CommsCallback.run(CommsCallback.java:214) ~[org.eclipse.paho.client.mqttv3-1.2.5.jar:na]
	at java.base/java.lang.Thread.run(Thread.java:840) ~[na:na]

2026-07-28T10:54:02.995+05:30  WARN 37596 --- [hub-api] [y-1785215101795] l.r.l.service.MqttSubscriberService      : Failed to process MQTT payload on topic resq/M01/telemetry. Raw payload: {"device_id":"M01","telemetry_mode":"SENSOR_STREAM","state":"PAIRED_IDLE","pressure_0_kpa":0.796,"pressure_0_kpa_valid":true,"pressure_1_kpa":1.397,"pressure_1_kpa_valid":true,"pressure_2_kpa":1.352,"pressure_2_kpa_valid":true,"pressure_kpa_valid":true,"hall_mm":12.42,"hall_progress":0.417,"hall_mm_valid":true,"pressure_saturation_mask":0,"interval_ms":200,"ts_ms":15463}. Error message: pressure_0_raw is required and must be an integer

java.lang.IllegalArgumentException: pressure_0_raw is required and must be an integer
	at lk.resq.localhub.service.SensorStreamService.requiredInt(SensorStreamService.java:306) ~[classes/:na]
	at lk.resq.localhub.service.SensorStreamService.parseSnapshot(SensorStreamService.java:65) ~[classes/:na]
	at lk.resq.localhub.service.MqttSubscriberService.handleMessage(MqttSubscriberService.java:437) ~[classes/:na]
	at lk.resq.localhub.service.MqttSubscriberService$1.messageArrived(MqttSubscriberService.java:321) ~[classes/:na]
	at org.eclipse.paho.client.mqttv3.internal.CommsCallback.deliverMessage(CommsCallback.java:519) ~[org.eclipse.paho.client.mqttv3-1.2.5.jar:na]
	at org.eclipse.paho.client.mqttv3.internal.CommsCallback.handleMessage(CommsCallback.java:417) ~[org.eclipse.paho.client.mqttv3-1.2.5.jar:na]
	at org.eclipse.paho.client.mqttv3.internal.CommsCallback.run(CommsCallback.java:214) ~[org.eclipse.paho.client.mqttv3-1.2.5.jar:na]
	at java.base/java.lang.Thread.run(Thread.java:840) ~[na:na]

2026-07-28T10:54:03.217+05:30  WARN 37596 --- [hub-api] [y-1785215101795] l.r.l.service.MqttSubscriberService      : Failed to process MQTT payload on topic resq/M01/telemetry. Raw payload: {"device_id":"M01","telemetry_mode":"SENSOR_STREAM","state":"PAIRED_IDLE","pressure_0_kpa":0.826,"pressure_0_kpa_valid":true,"pressure_1_kpa":1.417,"pressure_1_kpa_valid":false,"pressure_2_kpa":1.337,"pressure_2_kpa_valid":true,"pressure_kpa_valid":false,"hall_mm":13.04,"hall_progress":0.437,"hall_mm_valid":true,"pressure_saturation_mask":0,"interval_ms":200,"ts_ms":15677}. Error message: pressure_0_raw is required and must be an integer

java.lang.IllegalArgumentException: pressure_0_raw is required and must be an integer
	at lk.resq.localhub.service.SensorStreamService.requiredInt(SensorStreamService.java:306) ~[classes/:na]
	at lk.resq.localhub.service.SensorStreamService.parseSnapshot(SensorStreamService.java:65) ~[classes/:na]
	at lk.resq.localhub.service.MqttSubscriberService.handleMessage(MqttSubscriberService.java:437) ~[classes/:na]
	at lk.resq.localhub.service.MqttSubscriberService$1.messageArrived(MqttSubscriberService.java:321) ~[classes/:na]
	at org.eclipse.paho.client.mqttv3.internal.CommsCallback.deliverMessage(CommsCallback.java:519) ~[org.eclipse.paho.client.mqttv3-1.2.5.jar:na]
	at org.eclipse.paho.client.mqttv3.internal.CommsCallback.handleMessage(CommsCallback.java:417) ~[org.eclipse.paho.client.mqttv3-1.2.5.jar:na]
	at org.eclipse.paho.client.mqttv3.internal.CommsCallback.run(CommsCallback.java:214) ~[org.eclipse.paho.client.mqttv3-1.2.5.jar:na]
	at java.base/java.lang.Thread.run(Thread.java:840) ~[na:na]

2026-07-28T10:54:03.414+05:30  WARN 37596 --- [hub-api] [y-1785215101795] l.r.l.service.MqttSubscriberService      : Failed to process MQTT payload on topic resq/M01/telemetry. Raw payload: {"device_id":"M01","telemetry_mode":"SENSOR_STREAM","state":"PAIRED_IDLE","pressure_0_kpa":0.854,"pressure_0_kpa_valid":true,"pressure_1_kpa":1.436,"pressure_1_kpa_valid":true,"pressure_2_kpa":1.323,"pressure_2_kpa_valid":true,"pressure_kpa_valid":true,"hall_mm":13.63,"hall_progress":0.456,"hall_mm_valid":true,"pressure_saturation_mask":0,"interval_ms":200,"ts_ms":15880}. Error message: pressure_0_raw is required and must be an integer

java.lang.IllegalArgumentException: pressure_0_raw is required and must be an integer
	at lk.resq.localhub.service.SensorStreamService.requiredInt(SensorStreamService.java:306) ~[classes/:na]
	at lk.resq.localhub.service.SensorStreamService.parseSnapshot(SensorStreamService.java:65) ~[classes/:na]
	at lk.resq.localhub.service.MqttSubscriberService.handleMessage(MqttSubscriberService.java:437) ~[classes/:na]
	at lk.resq.localhub.service.MqttSubscriberService$1.messageArrived(MqttSubscriberService.java:321) ~[classes/:na]
	at org.eclipse.paho.client.mqttv3.internal.CommsCallback.deliverMessage(CommsCallback.java:519) ~[org.eclipse.paho.client.mqttv3-1.2.5.jar:na]
	at org.eclipse.paho.client.mqttv3.internal.CommsCallback.handleMessage(CommsCallback.java:417) ~[org.eclipse.paho.client.mqttv3-1.2.5.jar:na]
	at org.eclipse.paho.client.mqttv3.internal.CommsCallback.run(CommsCallback.java:214) ~[org.eclipse.paho.client.mqttv3-1.2.5.jar:na]
	at java.base/java.lang.Thread.run(Thread.java:840) ~[na:na]

2026-07-28T10:54:03.617+05:30  WARN 37596 --- [hub-api] [y-1785215101795] l.r.l.service.MqttSubscriberService      : Failed to process MQTT payload on topic resq/M01/telemetry. Raw payload: {"device_id":"M01","telemetry_mode":"SENSOR_STREAM","state":"PAIRED_IDLE","pressure_0_kpa":0.879,"pressure_0_kpa_valid":true,"pressure_1_kpa":1.453,"pressure_1_kpa_valid":true,"pressure_2_kpa":1.311,"pressure_2_kpa_valid":true,"pressure_kpa_valid":true,"hall_mm":14.14,"hall_progress":0.473,"hall_mm_valid":true,"pressure_saturation_mask":0,"interval_ms":200,"ts_ms":16083}. Error message: pressure_0_raw is required and must be an integer

java.lang.IllegalArgumentException: pressure_0_raw is required and must be an integer
	at lk.resq.localhub.service.SensorStreamService.requiredInt(SensorStreamService.java:306) ~[classes/:na]
	at lk.resq.localhub.service.SensorStreamService.parseSnapshot(SensorStreamService.java:65) ~[classes/:na]
	at lk.resq.localhub.service.MqttSubscriberService.handleMessage(MqttSubscriberService.java:437) ~[classes/:na]
	at lk.resq.localhub.service.MqttSubscriberService$1.messageArrived(MqttSubscriberService.java:321) ~[classes/:na]
	at org.eclipse.paho.client.mqttv3.internal.CommsCallback.deliverMessage(CommsCallback.java:519) ~[org.eclipse.paho.client.mqttv3-1.2.5.jar:na]
	at org.eclipse.paho.client.mqttv3.internal.CommsCallback.handleMessage(CommsCallback.java:417) ~[org.eclipse.paho.client.mqttv3-1.2.5.jar:na]
	at org.eclipse.paho.client.mqttv3.internal.CommsCallback.run(CommsCallback.java:214) ~[org.eclipse.paho.client.mqttv3-1.2.5.jar:na]
	at java.base/java.lang.Thread.run(Thread.java:840) ~[na:na]

2026-07-28T10:54:03.830+05:30  WARN 37596 --- [hub-api] [y-1785215101795] l.r.l.service.MqttSubscriberService      : Failed to process MQTT payload on topic resq/M01/telemetry. Raw payload: {"device_id":"M01","telemetry_mode":"SENSOR_STREAM","state":"PAIRED_IDLE","pressure_0_kpa":0.899,"pressure_0_kpa_valid":true,"pressure_1_kpa":1.466,"pressure_1_kpa_valid":true,"pressure_2_kpa":1.301,"pressure_2_kpa_valid":true,"pressure_kpa_valid":true,"hall_mm":14.56,"hall_progress":0.486,"hall_mm_valid":true,"pressure_saturation_mask":0,"interval_ms":200,"ts_ms":16301}. Error message: pressure_0_raw is required and must be an integer

java.lang.IllegalArgumentException: pressure_0_raw is required and must be an integer
	at lk.resq.localhub.service.SensorStreamService.requiredInt(SensorStreamService.java:306) ~[classes/:na]
	at lk.resq.localhub.service.SensorStreamService.parseSnapshot(SensorStreamService.java:65) ~[classes/:na]
	at lk.resq.localhub.service.MqttSubscriberService.handleMessage(MqttSubscriberService.java:437) ~[classes/:na]
	at lk.resq.localhub.service.MqttSubscriberService$1.messageArrived(MqttSubscriberService.java:321) ~[classes/:na]
	at org.eclipse.paho.client.mqttv3.internal.CommsCallback.deliverMessage(CommsCallback.java:519) ~[org.eclipse.paho.client.mqttv3-1.2.5.jar:na]
	at org.eclipse.paho.client.mqttv3.internal.CommsCallback.handleMessage(CommsCallback.java:417) ~[org.eclipse.paho.client.mqttv3-1.2.5.jar:na]
	at org.eclipse.paho.client.mqttv3.internal.CommsCallback.run(CommsCallback.java:214) ~[org.eclipse.paho.client.mqttv3-1.2.5.jar:na]
	at java.base/java.lang.Thread.run(Thread.java:840) ~[na:na]

2026-07-28T10:54:04.050+05:30  WARN 37596 --- [hub-api] [y-1785215101795] l.r.l.service.MqttSubscriberService      : Failed to process MQTT payload on topic resq/M01/telemetry. Raw payload: {"device_id":"M01","telemetry_mode":"SENSOR_STREAM","state":"PAIRED_IDLE","pressure_0_kpa":0.913,"pressure_0_kpa_valid":true,"pressure_1_kpa":1.475,"pressure_1_kpa_valid":true,"pressure_2_kpa":1.294,"pressure_2_kpa_valid":true,"pressure_kpa_valid":true,"hall_mm":14.84,"hall_progress":0.495,"hall_mm_valid":true,"pressure_saturation_mask":0,"interval_ms":200,"ts_ms":16515}. Error message: pressure_0_raw is required and must be an integer

java.lang.IllegalArgumentException: pressure_0_raw is required and must be an integer
	at lk.resq.localhub.service.SensorStreamService.requiredInt(SensorStreamService.java:306) ~[classes/:na]
	at lk.resq.localhub.service.SensorStreamService.parseSnapshot(SensorStreamService.java:65) ~[classes/:na]
	at lk.resq.localhub.service.MqttSubscriberService.handleMessage(MqttSubscriberService.java:437) ~[classes/:na]
	at lk.resq.localhub.service.MqttSubscriberService$1.messageArrived(MqttSubscriberService.java:321) ~[classes/:na]
	at org.eclipse.paho.client.mqttv3.internal.CommsCallback.deliverMessage(CommsCallback.java:519) ~[org.eclipse.paho.client.mqttv3-1.2.5.jar:na]
	at org.eclipse.paho.client.mqttv3.internal.CommsCallback.handleMessage(CommsCallback.java:417) ~[org.eclipse.paho.client.mqttv3-1.2.5.jar:na]
	at org.eclipse.paho.client.mqttv3.internal.CommsCallback.run(CommsCallback.java:214) ~[org.eclipse.paho.client.mqttv3-1.2.5.jar:na]
	at java.base/java.lang.Thread.run(Thread.java:840) ~[na:na]

2026-07-28T10:54:04.257+05:30  WARN 37596 --- [hub-api] [y-1785215101795] l.r.l.service.MqttSubscriberService      : Failed to process MQTT payload on topic resq/M01/telemetry. Raw payload: {"device_id":"M01","telemetry_mode":"SENSOR_STREAM","state":"PAIRED_IDLE","pressure_0_kpa":0.919,"pressure_0_kpa_valid":true,"pressure_1_kpa":1.48,"pressure_1_kpa_valid":true,"pressure_2_kpa":1.29,"pressure_2_kpa_valid":true,"pressure_kpa_valid":true,"hall_mm":14.99,"hall_progress":0.5,"hall_mm_valid":true,"pressure_saturation_mask":0,"interval_ms":200,"ts_ms":16718}. Error message: pressure_0_raw is required and must be an integer

java.lang.IllegalArgumentException: pressure_0_raw is required and must be an integer
	at lk.resq.localhub.service.SensorStreamService.requiredInt(SensorStreamService.java:306) ~[classes/:na]
	at lk.resq.localhub.service.SensorStreamService.parseSnapshot(SensorStreamService.java:65) ~[classes/:na]
	at lk.resq.localhub.service.MqttSubscriberService.handleMessage(MqttSubscriberService.java:437) ~[classes/:na]
	at lk.resq.localhub.service.MqttSubscriberService$1.messageArrived(MqttSubscriberService.java:321) ~[classes/:na]
	at org.eclipse.paho.client.mqttv3.internal.CommsCallback.deliverMessage(CommsCallback.java:519) ~[org.eclipse.paho.client.mqttv3-1.2.5.jar:na]
	at org.eclipse.paho.client.mqttv3.internal.CommsCallback.handleMessage(CommsCallback.java:417) ~[org.eclipse.paho.client.mqttv3-1.2.5.jar:na]
	at org.eclipse.paho.client.mqttv3.internal.CommsCallback.run(CommsCallback.java:214) ~[org.eclipse.paho.client.mqttv3-1.2.5.jar:na]
	at java.base/java.lang.Thread.run(Thread.java:840) ~[na:na]

2026-07-28T10:54:04.452+05:30  WARN 37596 --- [hub-api] [y-1785215101795] l.r.l.service.MqttSubscriberService      : Failed to process MQTT payload on topic resq/M01/telemetry. Raw payload: {"device_id":"M01","telemetry_mode":"SENSOR_STREAM","state":"PAIRED_IDLE","pressure_0_kpa":0.919,"pressure_0_kpa_valid":true,"pressure_1_kpa":1.479,"pressure_1_kpa_valid":true,"pressure_2_kpa":1.291,"pressure_2_kpa_valid":true,"pressure_kpa_valid":true,"hall_mm":14.97,"hall_progress":0.499,"hall_mm_valid":true,"pressure_saturation_mask":0,"interval_ms":200,"ts_ms":16927}. Error message: pressure_0_raw is required and must be an integer

java.lang.IllegalArgumentException: pressure_0_raw is required and must be an integer
	at lk.resq.localhub.service.SensorStreamService.requiredInt(SensorStreamService.java:306) ~[classes/:na]
	at lk.resq.localhub.service.SensorStreamService.parseSnapshot(SensorStreamService.java:65) ~[classes/:na]
	at lk.resq.localhub.service.MqttSubscriberService.handleMessage(MqttSubscriberService.java:437) ~[classes/:na]
	at lk.resq.localhub.service.MqttSubscriberService$1.messageArrived(MqttSubscriberService.java:321) ~[classes/:na]
	at org.eclipse.paho.client.mqttv3.internal.CommsCallback.deliverMessage(CommsCallback.java:519) ~[org.eclipse.paho.client.mqttv3-1.2.5.jar:na]
	at org.eclipse.paho.client.mqttv3.internal.CommsCallback.handleMessage(CommsCallback.java:417) ~[org.eclipse.paho.client.mqttv3-1.2.5.jar:na]
	at org.eclipse.paho.client.mqttv3.internal.CommsCallback.run(CommsCallback.java:214) ~[org.eclipse.paho.client.mqttv3-1.2.5.jar:na]
	at java.base/java.lang.Thread.run(Thread.java:840) ~[na:na]

2026-07-28T10:54:04.658+05:30  WARN 37596 --- [hub-api] [y-1785215101795] l.r.l.service.MqttSubscriberService      : Failed to process MQTT payload on topic resq/M01/telemetry. Raw payload: {"device_id":"M01","telemetry_mode":"SENSOR_STREAM","state":"PAIRED_IDLE","pressure_0_kpa":0.911,"pressure_0_kpa_valid":true,"pressure_1_kpa":1.474,"pressure_1_kpa_valid":true,"pressure_2_kpa":1.295,"pressure_2_kpa_valid":true,"pressure_kpa_valid":true,"hall_mm":14.81,"hall_progress":0.494,"hall_mm_valid":true,"pressure_saturation_mask":0,"interval_ms":200,"ts_ms":17130}. Error message: pressure_0_raw is required and must be an integer

java.lang.IllegalArgumentException: pressure_0_raw is required and must be an integer
	at lk.resq.localhub.service.SensorStreamService.requiredInt(SensorStreamService.java:306) ~[classes/:na]
	at lk.resq.localhub.service.SensorStreamService.parseSnapshot(SensorStreamService.java:65) ~[classes/:na]
	at lk.resq.localhub.service.MqttSubscriberService.handleMessage(MqttSubscriberService.java:437) ~[classes/:na]
	at lk.resq.localhub.service.MqttSubscriberService$1.messageArrived(MqttSubscriberService.java:321) ~[classes/:na]
	at org.eclipse.paho.client.mqttv3.internal.CommsCallback.deliverMessage(CommsCallback.java:519) ~[org.eclipse.paho.client.mqttv3-1.2.5.jar:na]
	at org.eclipse.paho.client.mqttv3.internal.CommsCallback.handleMessage(CommsCallback.java:417) ~[org.eclipse.paho.client.mqttv3-1.2.5.jar:na]
	at org.eclipse.paho.client.mqttv3.internal.CommsCallback.run(CommsCallback.java:214) ~[org.eclipse.paho.client.mqttv3-1.2.5.jar:na]
	at java.base/java.lang.Thread.run(Thread.java:840) ~[na:na]

2026-07-28T10:54:04.861+05:30  WARN 37596 --- [hub-api] [y-1785215101795] l.r.l.service.MqttSubscriberService      : Failed to process MQTT payload on topic resq/M01/telemetry. Raw payload: {"device_id":"M01","telemetry_mode":"SENSOR_STREAM","state":"PAIRED_IDLE","pressure_0_kpa":0.896,"pressure_0_kpa_valid":true,"pressure_1_kpa":1.464,"pressure_1_kpa_valid":true,"pressure_2_kpa":1.302,"pressure_2_kpa_valid":true,"pressure_kpa_valid":true,"hall_mm":14.5,"hall_progress":0.484,"hall_mm_valid":true,"pressure_saturation_mask":2,"interval_ms":200,"ts_ms":17334}. Error message: pressure_0_raw is required and must be an integer

java.lang.IllegalArgumentException: pressure_0_raw is required and must be an integer
	at lk.resq.localhub.service.SensorStreamService.requiredInt(SensorStreamService.java:306) ~[classes/:na]
	at lk.resq.localhub.service.SensorStreamService.parseSnapshot(SensorStreamService.java:65) ~[classes/:na]
	at lk.resq.localhub.service.MqttSubscriberService.handleMessage(MqttSubscriberService.java:437) ~[classes/:na]
	at lk.resq.localhub.service.MqttSubscriberService$1.messageArrived(MqttSubscriberService.java:321) ~[classes/:na]
	at org.eclipse.paho.client.mqttv3.internal.CommsCallback.deliverMessage(CommsCallback.java:519) ~[org.eclipse.paho.client.mqttv3-1.2.5.jar:na]
	at org.eclipse.paho.client.mqttv3.internal.CommsCallback.handleMessage(CommsCallback.java:417) ~[org.eclipse.paho.client.mqttv3-1.2.5.jar:na]
	at org.eclipse.paho.client.mqttv3.internal.CommsCallback.run(CommsCallback.java:214) ~[org.eclipse.paho.client.mqttv3-1.2.5.jar:na]
	at java.base/java.lang.Thread.run(Thread.java:840) ~[na:na]

2026-07-28T10:54:05.083+05:30  WARN 37596 --- [hub-api] [y-1785215101795] l.r.l.service.MqttSubscriberService      : Failed to process MQTT payload on topic resq/M01/telemetry. Raw payload: {"device_id":"M01","telemetry_mode":"SENSOR_STREAM","state":"PAIRED_IDLE","pressure_0_kpa":0.875,"pressure_0_kpa_valid":true,"pressure_1_kpa":1.45,"pressure_1_kpa_valid":true,"pressure_2_kpa":1.313,"pressure_2_kpa_valid":true,"pressure_kpa_valid":true,"hall_mm":14.06,"hall_progress":0.47,"hall_mm_valid":true,"pressure_saturation_mask":0,"interval_ms":200,"ts_ms":17548}. Error message: pressure_0_raw is required and must be an integer

java.lang.IllegalArgumentException: pressure_0_raw is required and must be an integer
	at lk.resq.localhub.service.SensorStreamService.requiredInt(SensorStreamService.java:306) ~[classes/:na]
	at lk.resq.localhub.service.SensorStreamService.parseSnapshot(SensorStreamService.java:65) ~[classes/:na]
	at lk.resq.localhub.service.MqttSubscriberService.handleMessage(MqttSubscriberService.java:437) ~[classes/:na]
	at lk.resq.localhub.service.MqttSubscriberService$1.messageArrived(MqttSubscriberService.java:321) ~[classes/:na]
	at org.eclipse.paho.client.mqttv3.internal.CommsCallback.deliverMessage(CommsCallback.java:519) ~[org.eclipse.paho.client.mqttv3-1.2.5.jar:na]
	at org.eclipse.paho.client.mqttv3.internal.CommsCallback.handleMessage(CommsCallback.java:417) ~[org.eclipse.paho.client.mqttv3-1.2.5.jar:na]
	at org.eclipse.paho.client.mqttv3.internal.CommsCallback.run(CommsCallback.java:214) ~[org.eclipse.paho.client.mqttv3-1.2.5.jar:na]
	at java.base/java.lang.Thread.run(Thread.java:840) ~[na:na]

2026-07-28T10:54:05.282+05:30  WARN 37596 --- [hub-api] [y-1785215101795] l.r.l.service.MqttSubscriberService      : Failed to process MQTT payload on topic resq/M01/telemetry. Raw payload: {"device_id":"M01","telemetry_mode":"SENSOR_STREAM","state":"PAIRED_IDLE","pressure_0_kpa":0.849,"pressure_0_kpa_valid":true,"pressure_1_kpa":1.433,"pressure_1_kpa_valid":true,"pressure_2_kpa":1.325,"pressure_2_kpa_valid":true,"pressure_kpa_valid":true,"hall_mm":13.53,"hall_progress":0.453,"hall_mm_valid":true,"pressure_saturation_mask":0,"interval_ms":200,"ts_ms":17755}. Error message: pressure_0_raw is required and must be an integer

java.lang.IllegalArgumentException: pressure_0_raw is required and must be an integer
	at lk.resq.localhub.service.SensorStreamService.requiredInt(SensorStreamService.java:306) ~[classes/:na]
	at lk.resq.localhub.service.SensorStreamService.parseSnapshot(SensorStreamService.java:65) ~[classes/:na]
	at lk.resq.localhub.service.MqttSubscriberService.handleMessage(MqttSubscriberService.java:437) ~[classes/:na]
	at lk.resq.localhub.service.MqttSubscriberService$1.messageArrived(MqttSubscriberService.java:321) ~[classes/:na]
	at org.eclipse.paho.client.mqttv3.internal.CommsCallback.deliverMessage(CommsCallback.java:519) ~[org.eclipse.paho.client.mqttv3-1.2.5.jar:na]
	at org.eclipse.paho.client.mqttv3.internal.CommsCallback.handleMessage(CommsCallback.java:417) ~[org.eclipse.paho.client.mqttv3-1.2.5.jar:na]
	at org.eclipse.paho.client.mqttv3.internal.CommsCallback.run(CommsCallback.java:214) ~[org.eclipse.paho.client.mqttv3-1.2.5.jar:na]
	at java.base/java.lang.Thread.run(Thread.java:840) ~[na:na]

2026-07-28T10:54:05.490+05:30  WARN 37596 --- [hub-api] [y-1785215101795] l.r.l.service.MqttSubscriberService      : Failed to process MQTT payload on topic resq/M01/telemetry. Raw payload: {"device_id":"M01","telemetry_mode":"SENSOR_STREAM","state":"PAIRED_IDLE","pressure_0_kpa":0.821,"pressure_0_kpa_valid":true,"pressure_1_kpa":1.414,"pressure_1_kpa_valid":true,"pressure_2_kpa":1.34,"pressure_2_kpa_valid":true,"pressure_kpa_valid":true,"hall_mm":12.93,"hall_progress":0.434,"hall_mm_valid":true,"pressure_saturation_mask":0,"interval_ms":200,"ts_ms":17958}. Error message: pressure_0_raw is required and must be an integer

java.lang.IllegalArgumentException: pressure_0_raw is required and must be an integer
	at lk.resq.localhub.service.SensorStreamService.requiredInt(SensorStreamService.java:306) ~[classes/:na]
	at lk.resq.localhub.service.SensorStreamService.parseSnapshot(SensorStreamService.java:65) ~[classes/:na]
	at lk.resq.localhub.service.MqttSubscriberService.handleMessage(MqttSubscriberService.java:437) ~[classes/:na]
	at lk.resq.localhub.service.MqttSubscriberService$1.messageArrived(MqttSubscriberService.java:321) ~[classes/:na]
	at org.eclipse.paho.client.mqttv3.internal.CommsCallback.deliverMessage(CommsCallback.java:519) ~[org.eclipse.paho.client.mqttv3-1.2.5.jar:na]
	at org.eclipse.paho.client.mqttv3.internal.CommsCallback.handleMessage(CommsCallback.java:417) ~[org.eclipse.paho.client.mqttv3-1.2.5.jar:na]
	at org.eclipse.paho.client.mqttv3.internal.CommsCallback.run(CommsCallback.java:214) ~[org.eclipse.paho.client.mqttv3-1.2.5.jar:na]
	at java.base/java.lang.Thread.run(Thread.java:840) ~[na:na]

2026-07-28T10:54:05.709+05:30  WARN 37596 --- [hub-api] [y-1785215101795] l.r.l.service.MqttSubscriberService      : Failed to process MQTT payload on topic resq/M01/telemetry. Raw payload: {"device_id":"M01","telemetry_mode":"SENSOR_STREAM","state":"PAIRED_IDLE","pressure_0_kpa":0.791,"pressure_0_kpa_valid":true,"pressure_1_kpa":1.394,"pressure_1_kpa_valid":true,"pressure_2_kpa":1.355,"pressure_2_kpa_valid":true,"pressure_kpa_valid":true,"hall_mm":12.31,"hall_progress":0.414,"hall_mm_valid":true,"pressure_saturation_mask":0,"interval_ms":200,"ts_ms":18177}. Error message: pressure_0_raw is required and must be an integer

java.lang.IllegalArgumentException: pressure_0_raw is required and must be an integer
	at lk.resq.localhub.service.SensorStreamService.requiredInt(SensorStreamService.java:306) ~[classes/:na]
	at lk.resq.localhub.service.SensorStreamService.parseSnapshot(SensorStreamService.java:65) ~[classes/:na]
	at lk.resq.localhub.service.MqttSubscriberService.handleMessage(MqttSubscriberService.java:437) ~[classes/:na]
	at lk.resq.localhub.service.MqttSubscriberService$1.messageArrived(MqttSubscriberService.java:321) ~[classes/:na]
	at org.eclipse.paho.client.mqttv3.internal.CommsCallback.deliverMessage(CommsCallback.java:519) ~[org.eclipse.paho.client.mqttv3-1.2.5.jar:na]
	at org.eclipse.paho.client.mqttv3.internal.CommsCallback.handleMessage(CommsCallback.java:417) ~[org.eclipse.paho.client.mqttv3-1.2.5.jar:na]
	at org.eclipse.paho.client.mqttv3.internal.CommsCallback.run(CommsCallback.java:214) ~[org.eclipse.paho.client.mqttv3-1.2.5.jar:na]
	at java.base/java.lang.Thread.run(Thread.java:840) ~[na:na]

2026-07-28T10:54:05.913+05:30  WARN 37596 --- [hub-api] [y-1785215101795] l.r.l.service.MqttSubscriberService      : Failed to process MQTT payload on topic resq/M01/telemetry. Raw payload: {"device_id":"M01","telemetry_mode":"SENSOR_STREAM","state":"PAIRED_IDLE","pressure_0_kpa":0.762,"pressure_0_kpa_valid":true,"pressure_1_kpa":1.374,"pressure_1_kpa_valid":false,"pressure_2_kpa":1.369,"pressure_2_kpa_valid":true,"pressure_kpa_valid":false,"hall_mm":11.7,"hall_progress":0.394,"hall_mm_valid":true,"pressure_saturation_mask":0,"interval_ms":200,"ts_ms":18381}. Error message: pressure_0_raw is required and must be an integer

java.lang.IllegalArgumentException: pressure_0_raw is required and must be an integer
	at lk.resq.localhub.service.SensorStreamService.requiredInt(SensorStreamService.java:306) ~[classes/:na]
	at lk.resq.localhub.service.SensorStreamService.parseSnapshot(SensorStreamService.java:65) ~[classes/:na]
	at lk.resq.localhub.service.MqttSubscriberService.handleMessage(MqttSubscriberService.java:437) ~[classes/:na]
	at lk.resq.localhub.service.MqttSubscriberService$1.messageArrived(MqttSubscriberService.java:321) ~[classes/:na]
	at org.eclipse.paho.client.mqttv3.internal.CommsCallback.deliverMessage(CommsCallback.java:519) ~[org.eclipse.paho.client.mqttv3-1.2.5.jar:na]
	at org.eclipse.paho.client.mqttv3.internal.CommsCallback.handleMessage(CommsCallback.java:417) ~[org.eclipse.paho.client.mqttv3-1.2.5.jar:na]
	at org.eclipse.paho.client.mqttv3.internal.CommsCallback.run(CommsCallback.java:214) ~[org.eclipse.paho.client.mqttv3-1.2.5.jar:na]
	at java.base/java.lang.Thread.run(Thread.java:840) ~[na:na]

2026-07-28T10:54:06.119+05:30  WARN 37596 --- [hub-api] [y-1785215101795] l.r.l.service.MqttSubscriberService      : Failed to process MQTT payload on topic resq/M01/telemetry. Raw payload: {"device_id":"M01","telemetry_mode":"SENSOR_STREAM","state":"PAIRED_IDLE","pressure_0_kpa":0.735,"pressure_0_kpa_valid":true,"pressure_1_kpa":1.356,"pressure_1_kpa_valid":true,"pressure_2_kpa":1.383,"pressure_2_kpa_valid":true,"pressure_kpa_valid":true,"hall_mm":11.14,"hall_progress":0.376,"hall_mm_valid":true,"pressure_saturation_mask":0,"interval_ms":200,"ts_ms":18583}. Error message: pressure_0_raw is required and must be an integer

java.lang.IllegalArgumentException: pressure_0_raw is required and must be an integer
	at lk.resq.localhub.service.SensorStreamService.requiredInt(SensorStreamService.java:306) ~[classes/:na]
	at lk.resq.localhub.service.SensorStreamService.parseSnapshot(SensorStreamService.java:65) ~[classes/:na]
	at lk.resq.localhub.service.MqttSubscriberService.handleMessage(MqttSubscriberService.java:437) ~[classes/:na]
	at lk.resq.localhub.service.MqttSubscriberService$1.messageArrived(MqttSubscriberService.java:321) ~[classes/:na]
	at org.eclipse.paho.client.mqttv3.internal.CommsCallback.deliverMessage(CommsCallback.java:519) ~[org.eclipse.paho.client.mqttv3-1.2.5.jar:na]
	at org.eclipse.paho.client.mqttv3.internal.CommsCallback.handleMessage(CommsCallback.java:417) ~[org.eclipse.paho.client.mqttv3-1.2.5.jar:na]
	at org.eclipse.paho.client.mqttv3.internal.CommsCallback.run(CommsCallback.java:214) ~[org.eclipse.paho.client.mqttv3-1.2.5.jar:na]
	at java.base/java.lang.Thread.run(Thread.java:840) ~[na:na]

2026-07-28T10:54:06.319+05:30  WARN 37596 --- [hub-api] [y-1785215101795] l.r.l.service.MqttSubscriberService      : Failed to process MQTT payload on topic resq/M01/telemetry. Raw payload: {"device_id":"M01","telemetry_mode":"SENSOR_STREAM","state":"PAIRED_IDLE","pressure_0_kpa":0.712,"pressure_0_kpa_valid":true,"pressure_1_kpa":1.341,"pressure_1_kpa_valid":true,"pressure_2_kpa":1.394,"pressure_2_kpa_valid":true,"pressure_kpa_valid":true,"hall_mm":10.66,"hall_progress":0.361,"hall_mm_valid":true,"pressure_saturation_mask":0,"interval_ms":200,"ts_ms":18785}. Error message: pressure_0_raw is required and must be an integer

java.lang.IllegalArgumentException: pressure_0_raw is required and must be an integer
	at lk.resq.localhub.service.SensorStreamService.requiredInt(SensorStreamService.java:306) ~[classes/:na]
	at lk.resq.localhub.service.SensorStreamService.parseSnapshot(SensorStreamService.java:65) ~[classes/:na]
	at lk.resq.localhub.service.MqttSubscriberService.handleMessage(MqttSubscriberService.java:437) ~[classes/:na]
	at lk.resq.localhub.service.MqttSubscriberService$1.messageArrived(MqttSubscriberService.java:321) ~[classes/:na]
	at org.eclipse.paho.client.mqttv3.internal.CommsCallback.deliverMessage(CommsCallback.java:519) ~[org.eclipse.paho.client.mqttv3-1.2.5.jar:na]
	at org.eclipse.paho.client.mqttv3.internal.CommsCallback.handleMessage(CommsCallback.java:417) ~[org.eclipse.paho.client.mqttv3-1.2.5.jar:na]
	at org.eclipse.paho.client.mqttv3.internal.CommsCallback.run(CommsCallback.java:214) ~[org.eclipse.paho.client.mqttv3-1.2.5.jar:na]
	at java.base/java.lang.Thread.run(Thread.java:840) ~[na:na]

2026-07-28T10:54:06.527+05:30  WARN 37596 --- [hub-api] [y-1785215101795] l.r.l.service.MqttSubscriberService      : Failed to process MQTT payload on topic resq/M01/telemetry. Raw payload: {"device_id":"M01","telemetry_mode":"SENSOR_STREAM","state":"PAIRED_IDLE","pressure_0_kpa":0.694,"pressure_0_kpa_valid":true,"pressure_1_kpa":1.33,"pressure_1_kpa_valid":true,"pressure_2_kpa":1.403,"pressure_2_kpa_valid":true,"pressure_kpa_valid":true,"hall_mm":10.3,"hall_progress":0.35,"hall_mm_valid":true,"pressure_saturation_mask":0,"interval_ms":200,"ts_ms":19001}. Error message: pressure_0_raw is required and must be an integer

java.lang.IllegalArgumentException: pressure_0_raw is required and must be an integer
	at lk.resq.localhub.service.SensorStreamService.requiredInt(SensorStreamService.java:306) ~[classes/:na]
	at lk.resq.localhub.service.SensorStreamService.parseSnapshot(SensorStreamService.java:65) ~[classes/:na]
	at lk.resq.localhub.service.MqttSubscriberService.handleMessage(MqttSubscriberService.java:437) ~[classes/:na]
	at lk.resq.localhub.service.MqttSubscriberService$1.messageArrived(MqttSubscriberService.java:321) ~[classes/:na]
	at org.eclipse.paho.client.mqttv3.internal.CommsCallback.deliverMessage(CommsCallback.java:519) ~[org.eclipse.paho.client.mqttv3-1.2.5.jar:na]
	at org.eclipse.paho.client.mqttv3.internal.CommsCallback.handleMessage(CommsCallback.java:417) ~[org.eclipse.paho.client.mqttv3-1.2.5.jar:na]
	at org.eclipse.paho.client.mqttv3.internal.CommsCallback.run(CommsCallback.java:214) ~[org.eclipse.paho.client.mqttv3-1.2.5.jar:na]
	at java.base/java.lang.Thread.run(Thread.java:840) ~[na:na]

2026-07-28T10:54:06.741+05:30  WARN 37596 --- [hub-api] [y-1785215101795] l.r.l.service.MqttSubscriberService      : Failed to process MQTT payload on topic resq/M01/telemetry. Raw payload: {"device_id":"M01","telemetry_mode":"SENSOR_STREAM","state":"PAIRED_IDLE","pressure_0_kpa":0.684,"pressure_0_kpa_valid":true,"pressure_1_kpa":1.322,"pressure_1_kpa_valid":true,"pressure_2_kpa":1.408,"pressure_2_kpa_valid":true,"pressure_kpa_valid":true,"hall_mm":10.08,"hall_progress":0.342,"hall_mm_valid":true,"pressure_saturation_mask":0,"interval_ms":200,"ts_ms":19208}. Error message: pressure_0_raw is required and must be an integer

java.lang.IllegalArgumentException: pressure_0_raw is required and must be an integer
	at lk.resq.localhub.service.SensorStreamService.requiredInt(SensorStreamService.java:306) ~[classes/:na]
	at lk.resq.localhub.service.SensorStreamService.parseSnapshot(SensorStreamService.java:65) ~[classes/:na]
	at lk.resq.localhub.service.MqttSubscriberService.handleMessage(MqttSubscriberService.java:437) ~[classes/:na]
	at lk.resq.localhub.service.MqttSubscriberService$1.messageArrived(MqttSubscriberService.java:321) ~[classes/:na]
	at org.eclipse.paho.client.mqttv3.internal.CommsCallback.deliverMessage(CommsCallback.java:519) ~[org.eclipse.paho.client.mqttv3-1.2.5.jar:na]
	at org.eclipse.paho.client.mqttv3.internal.CommsCallback.handleMessage(CommsCallback.java:417) ~[org.eclipse.paho.client.mqttv3-1.2.5.jar:na]
	at org.eclipse.paho.client.mqttv3.internal.CommsCallback.run(CommsCallback.java:214) ~[org.eclipse.paho.client.mqttv3-1.2.5.jar:na]
	at java.base/java.lang.Thread.run(Thread.java:840) ~[na:na]

2026-07-28T10:54:06.943+05:30  WARN 37596 --- [hub-api] [y-1785215101795] l.r.l.service.MqttSubscriberService      : Failed to process MQTT payload on topic resq/M01/telemetry. Raw payload: {"device_id":"M01","telemetry_mode":"SENSOR_STREAM","state":"PAIRED_IDLE","pressure_0_kpa":0.68,"pressure_0_kpa_valid":true,"pressure_1_kpa":1.32,"pressure_1_kpa_valid":true,"pressure_2_kpa":1.41,"pressure_2_kpa_valid":true,"pressure_kpa_valid":true,"hall_mm":10,"hall_progress":0.34,"hall_mm_valid":true,"pressure_saturation_mask":0,"interval_ms":200,"ts_ms":19411}. Error message: pressure_0_raw is required and must be an integer

java.lang.IllegalArgumentException: pressure_0_raw is required and must be an integer
	at lk.resq.localhub.service.SensorStreamService.requiredInt(SensorStreamService.java:306) ~[classes/:na]
	at lk.resq.localhub.service.SensorStreamService.parseSnapshot(SensorStreamService.java:65) ~[classes/:na]
	at lk.resq.localhub.service.MqttSubscriberService.handleMessage(MqttSubscriberService.java:437) ~[classes/:na]
	at lk.resq.localhub.service.MqttSubscriberService$1.messageArrived(MqttSubscriberService.java:321) ~[classes/:na]
	at org.eclipse.paho.client.mqttv3.internal.CommsCallback.deliverMessage(CommsCallback.java:519) ~[org.eclipse.paho.client.mqttv3-1.2.5.jar:na]
	at org.eclipse.paho.client.mqttv3.internal.CommsCallback.handleMessage(CommsCallback.java:417) ~[org.eclipse.paho.client.mqttv3-1.2.5.jar:na]
	at org.eclipse.paho.client.mqttv3.internal.CommsCallback.run(CommsCallback.java:214) ~[org.eclipse.paho.client.mqttv3-1.2.5.jar:na]
	at java.base/java.lang.Thread.run(Thread.java:840) ~[na:na]

2026-07-28T10:54:07.153+05:30  WARN 37596 --- [hub-api] [y-1785215101795] l.r.l.service.MqttSubscriberService      : Failed to process MQTT payload on topic resq/M01/telemetry. Raw payload: {"device_id":"M01","telemetry_mode":"SENSOR_STREAM","state":"PAIRED_IDLE","pressure_0_kpa":0.684,"pressure_0_kpa_valid":true,"pressure_1_kpa":1.323,"pressure_1_kpa_valid":true,"pressure_2_kpa":1.408,"pressure_2_kpa_valid":true,"pressure_kpa_valid":true,"hall_mm":10.08,"hall_progress":0.343,"hall_mm_valid":true,"pressure_saturation_mask":0,"interval_ms":200,"ts_ms":19614}. Error message: pressure_0_raw is required and must be an integer

java.lang.IllegalArgumentException: pressure_0_raw is required and must be an integer
	at lk.resq.localhub.service.SensorStreamService.requiredInt(SensorStreamService.java:306) ~[classes/:na]
	at lk.resq.localhub.service.SensorStreamService.parseSnapshot(SensorStreamService.java:65) ~[classes/:na]
	at lk.resq.localhub.service.MqttSubscriberService.handleMessage(MqttSubscriberService.java:437) ~[classes/:na]
	at lk.resq.localhub.service.MqttSubscriberService$1.messageArrived(MqttSubscriberService.java:321) ~[classes/:na]
	at org.eclipse.paho.client.mqttv3.internal.CommsCallback.deliverMessage(CommsCallback.java:519) ~[org.eclipse.paho.client.mqttv3-1.2.5.jar:na]
	at org.eclipse.paho.client.mqttv3.internal.CommsCallback.handleMessage(CommsCallback.java:417) ~[org.eclipse.paho.client.mqttv3-1.2.5.jar:na]
	at org.eclipse.paho.client.mqttv3.internal.CommsCallback.run(CommsCallback.java:214) ~[org.eclipse.paho.client.mqttv3-1.2.5.jar:na]
	at java.base/java.lang.Thread.run(Thread.java:840) ~[na:na]

2026-07-28T10:54:07.345+05:30  WARN 37596 --- [hub-api] [y-1785215101795] l.r.l.service.MqttSubscriberService      : Failed to process MQTT payload on topic resq/M01/telemetry. Raw payload: {"device_id":"M01","telemetry_mode":"SENSOR_STREAM","state":"PAIRED_IDLE","pressure_0_kpa":0.695,"pressure_0_kpa_valid":true,"pressure_1_kpa":1.33,"pressure_1_kpa_valid":true,"pressure_2_kpa":1.403,"pressure_2_kpa_valid":true,"pressure_kpa_valid":true,"hall_mm":10.31,"hall_progress":0.35,"hall_mm_valid":true,"pressure_saturation_mask":0,"interval_ms":200,"ts_ms":19818}. Error message: pressure_0_raw is required and must be an integer

java.lang.IllegalArgumentException: pressure_0_raw is required and must be an integer
	at lk.resq.localhub.service.SensorStreamService.requiredInt(SensorStreamService.java:306) ~[classes/:na]
	at lk.resq.localhub.service.SensorStreamService.parseSnapshot(SensorStreamService.java:65) ~[classes/:na]
	at lk.resq.localhub.service.MqttSubscriberService.handleMessage(MqttSubscriberService.java:437) ~[classes/:na]
	at lk.resq.localhub.service.MqttSubscriberService$1.messageArrived(MqttSubscriberService.java:321) ~[classes/:na]
	at org.eclipse.paho.client.mqttv3.internal.CommsCallback.deliverMessage(CommsCallback.java:519) ~[org.eclipse.paho.client.mqttv3-1.2.5.jar:na]
	at org.eclipse.paho.client.mqttv3.internal.CommsCallback.handleMessage(CommsCallback.java:417) ~[org.eclipse.paho.client.mqttv3-1.2.5.jar:na]
	at org.eclipse.paho.client.mqttv3.internal.CommsCallback.run(CommsCallback.java:214) ~[org.eclipse.paho.client.mqttv3-1.2.5.jar:na]
	at java.base/java.lang.Thread.run(Thread.java:840) ~[na:na]

2026-07-28T10:54:07.547+05:30  WARN 37596 --- [hub-api] [y-1785215101795] l.r.l.service.MqttSubscriberService      : Failed to process MQTT payload on topic resq/M01/telemetry. Raw payload: {"device_id":"M01","telemetry_mode":"SENSOR_STREAM","state":"PAIRED_IDLE","pressure_0_kpa":0.713,"pressure_0_kpa_valid":true,"pressure_1_kpa":1.342,"pressure_1_kpa_valid":true,"pressure_2_kpa":1.394,"pressure_2_kpa_valid":true,"pressure_kpa_valid":true,"hall_mm":10.68,"hall_progress":0.362,"hall_mm_valid":true,"pressure_saturation_mask":0,"interval_ms":200,"ts_ms":20020}. Error message: pressure_0_raw is required and must be an integer

java.lang.IllegalArgumentException: pressure_0_raw is required and must be an integer
	at lk.resq.localhub.service.SensorStreamService.requiredInt(SensorStreamService.java:306) ~[classes/:na]
	at lk.resq.localhub.service.SensorStreamService.parseSnapshot(SensorStreamService.java:65) ~[classes/:na]
	at lk.resq.localhub.service.MqttSubscriberService.handleMessage(MqttSubscriberService.java:437) ~[classes/:na]
	at lk.resq.localhub.service.MqttSubscriberService$1.messageArrived(MqttSubscriberService.java:321) ~[classes/:na]
	at org.eclipse.paho.client.mqttv3.internal.CommsCallback.deliverMessage(CommsCallback.java:519) ~[org.eclipse.paho.client.mqttv3-1.2.5.jar:na]
	at org.eclipse.paho.client.mqttv3.internal.CommsCallback.handleMessage(CommsCallback.java:417) ~[org.eclipse.paho.client.mqttv3-1.2.5.jar:na]
	at org.eclipse.paho.client.mqttv3.internal.CommsCallback.run(CommsCallback.java:214) ~[org.eclipse.paho.client.mqttv3-1.2.5.jar:na]
	at java.base/java.lang.Thread.run(Thread.java:840) ~[na:na]

2026-07-28T10:54:07.766+05:30  WARN 37596 --- [hub-api] [y-1785215101795] l.r.l.service.MqttSubscriberService      : Failed to process MQTT payload on topic resq/M01/telemetry. Raw payload: {"device_id":"M01","telemetry_mode":"SENSOR_STREAM","state":"PAIRED_IDLE","pressure_0_kpa":0.736,"pressure_0_kpa_valid":true,"pressure_1_kpa":1.357,"pressure_1_kpa_valid":true,"pressure_2_kpa":1.382,"pressure_2_kpa_valid":true,"pressure_kpa_valid":true,"hall_mm":11.16,"hall_progress":0.377,"hall_mm_valid":true,"pressure_saturation_mask":0,"interval_ms":200,"ts_ms":20233}. Error message: pressure_0_raw is required and must be an integer

java.lang.IllegalArgumentException: pressure_0_raw is required and must be an integer
	at lk.resq.localhub.service.SensorStreamService.requiredInt(SensorStreamService.java:306) ~[classes/:na]
	at lk.resq.localhub.service.SensorStreamService.parseSnapshot(SensorStreamService.java:65) ~[classes/:na]
	at lk.resq.localhub.service.MqttSubscriberService.handleMessage(MqttSubscriberService.java:437) ~[classes/:na]
	at lk.resq.localhub.service.MqttSubscriberService$1.messageArrived(MqttSubscriberService.java:321) ~[classes/:na]
	at org.eclipse.paho.client.mqttv3.internal.CommsCallback.deliverMessage(CommsCallback.java:519) ~[org.eclipse.paho.client.mqttv3-1.2.5.jar:na]
	at org.eclipse.paho.client.mqttv3.internal.CommsCallback.handleMessage(CommsCallback.java:417) ~[org.eclipse.paho.client.mqttv3-1.2.5.jar:na]
	at org.eclipse.paho.client.mqttv3.internal.CommsCallback.run(CommsCallback.java:214) ~[org.eclipse.paho.client.mqttv3-1.2.5.jar:na]
	at java.base/java.lang.Thread.run(Thread.java:840) ~[na:na]

2026-07-28T10:54:07.975+05:30  WARN 37596 --- [hub-api] [y-1785215101795] l.r.l.service.MqttSubscriberService      : Failed to process MQTT payload on topic resq/M01/telemetry. Raw payload: {"device_id":"M01","telemetry_mode":"SENSOR_STREAM","state":"PAIRED_IDLE","pressure_0_kpa":0.763,"pressure_0_kpa_valid":true,"pressure_1_kpa":1.375,"pressure_1_kpa_valid":true,"pressure_2_kpa":1.369,"pressure_2_kpa_valid":true,"pressure_kpa_valid":true,"hall_mm":11.72,"hall_progress":0.395,"hall_mm_valid":true,"pressure_saturation_mask":0,"interval_ms":200,"ts_ms":20442}. Error message: pressure_0_raw is required and must be an integer

java.lang.IllegalArgumentException: pressure_0_raw is required and must be an integer
	at lk.resq.localhub.service.SensorStreamService.requiredInt(SensorStreamService.java:306) ~[classes/:na]
	at lk.resq.localhub.service.SensorStreamService.parseSnapshot(SensorStreamService.java:65) ~[classes/:na]
	at lk.resq.localhub.service.MqttSubscriberService.handleMessage(MqttSubscriberService.java:437) ~[classes/:na]
	at lk.resq.localhub.service.MqttSubscriberService$1.messageArrived(MqttSubscriberService.java:321) ~[classes/:na]
	at org.eclipse.paho.client.mqttv3.internal.CommsCallback.deliverMessage(CommsCallback.java:519) ~[org.eclipse.paho.client.mqttv3-1.2.5.jar:na]
	at org.eclipse.paho.client.mqttv3.internal.CommsCallback.handleMessage(CommsCallback.java:417) ~[org.eclipse.paho.client.mqttv3-1.2.5.jar:na]
	at org.eclipse.paho.client.mqttv3.internal.CommsCallback.run(CommsCallback.java:214) ~[org.eclipse.paho.client.mqttv3-1.2.5.jar:na]
	at java.base/java.lang.Thread.run(Thread.java:840) ~[na:na]

2026-07-28T10:54:08.180+05:30  WARN 37596 --- [hub-api] [y-1785215101795] l.r.l.service.MqttSubscriberService      : Failed to process MQTT payload on topic resq/M01/telemetry. Raw payload: {"device_id":"M01","telemetry_mode":"SENSOR_STREAM","state":"PAIRED_IDLE","pressure_0_kpa":0.792,"pressure_0_kpa_valid":true,"pressure_1_kpa":1.395,"pressure_1_kpa_valid":true,"pressure_2_kpa":1.354,"pressure_2_kpa_valid":true,"pressure_kpa_valid":true,"hall_mm":12.33,"hall_progress":0.415,"hall_mm_valid":true,"pressure_saturation_mask":0,"interval_ms":200,"ts_ms":20645}. Error message: pressure_0_raw is required and must be an integer

java.lang.IllegalArgumentException: pressure_0_raw is required and must be an integer
	at lk.resq.localhub.service.SensorStreamService.requiredInt(SensorStreamService.java:306) ~[classes/:na]
	at lk.resq.localhub.service.SensorStreamService.parseSnapshot(SensorStreamService.java:65) ~[classes/:na]
	at lk.resq.localhub.service.MqttSubscriberService.handleMessage(MqttSubscriberService.java:437) ~[classes/:na]
	at lk.resq.localhub.service.MqttSubscriberService$1.messageArrived(MqttSubscriberService.java:321) ~[classes/:na]
	at org.eclipse.paho.client.mqttv3.internal.CommsCallback.deliverMessage(CommsCallback.java:519) ~[org.eclipse.paho.client.mqttv3-1.2.5.jar:na]
	at org.eclipse.paho.client.mqttv3.internal.CommsCallback.handleMessage(CommsCallback.java:417) ~[org.eclipse.paho.client.mqttv3-1.2.5.jar:na]
	at org.eclipse.paho.client.mqttv3.internal.CommsCallback.run(CommsCallback.java:214) ~[org.eclipse.paho.client.mqttv3-1.2.5.jar:na]
	at java.base/java.lang.Thread.run(Thread.java:840) ~[na:na]

2026-07-28T10:54:08.386+05:30  WARN 37596 --- [hub-api] [y-1785215101795] l.r.l.service.MqttSubscriberService      : Failed to process MQTT payload on topic resq/M01/telemetry. Raw payload: {"device_id":"M01","telemetry_mode":"SENSOR_STREAM","state":"PAIRED_IDLE","pressure_0_kpa":0.822,"pressure_0_kpa_valid":true,"pressure_1_kpa":1.415,"pressure_1_kpa_valid":true,"pressure_2_kpa":1.339,"pressure_2_kpa_valid":true,"pressure_kpa_valid":true,"hall_mm":12.96,"hall_progress":0.435,"hall_mm_valid":true,"pressure_saturation_mask":2,"interval_ms":200,"ts_ms":20850}. Error message: pressure_0_raw is required and must be an integer

java.lang.IllegalArgumentException: pressure_0_raw is required and must be an integer
	at lk.resq.localhub.service.SensorStreamService.requiredInt(SensorStreamService.java:306) ~[classes/:na]
	at lk.resq.localhub.service.SensorStreamService.parseSnapshot(SensorStreamService.java:65) ~[classes/:na]
	at lk.resq.localhub.service.MqttSubscriberService.handleMessage(MqttSubscriberService.java:437) ~[classes/:na]
	at lk.resq.localhub.service.MqttSubscriberService$1.messageArrived(MqttSubscriberService.java:321) ~[classes/:na]
	at org.eclipse.paho.client.mqttv3.internal.CommsCallback.deliverMessage(CommsCallback.java:519) ~[org.eclipse.paho.client.mqttv3-1.2.5.jar:na]
	at org.eclipse.paho.client.mqttv3.internal.CommsCallback.handleMessage(CommsCallback.java:417) ~[org.eclipse.paho.client.mqttv3-1.2.5.jar:na]
	at org.eclipse.paho.client.mqttv3.internal.CommsCallback.run(CommsCallback.java:214) ~[org.eclipse.paho.client.mqttv3-1.2.5.jar:na]
	at java.base/java.lang.Thread.run(Thread.java:840) ~[na:na]

2026-07-28T10:54:08.586+05:30  WARN 37596 --- [hub-api] [y-1785215101795] l.r.l.service.MqttSubscriberService      : Failed to process MQTT payload on topic resq/M01/telemetry. Raw payload: {"device_id":"M01","telemetry_mode":"SENSOR_STREAM","state":"PAIRED_IDLE","pressure_0_kpa":0.85,"pressure_0_kpa_valid":true,"pressure_1_kpa":1.434,"pressure_1_kpa_valid":false,"pressure_2_kpa":1.325,"pressure_2_kpa_valid":true,"pressure_kpa_valid":false,"hall_mm":13.55,"hall_progress":0.454,"hall_mm_valid":true,"pressure_saturation_mask":0,"interval_ms":200,"ts_ms":21052}. Error message: pressure_0_raw is required and must be an integer

java.lang.IllegalArgumentException: pressure_0_raw is required and must be an integer
	at lk.resq.localhub.service.SensorStreamService.requiredInt(SensorStreamService.java:306) ~[classes/:na]
	at lk.resq.localhub.service.SensorStreamService.parseSnapshot(SensorStreamService.java:65) ~[classes/:na]
	at lk.resq.localhub.service.MqttSubscriberService.handleMessage(MqttSubscriberService.java:437) ~[classes/:na]
	at lk.resq.localhub.service.MqttSubscriberService$1.messageArrived(MqttSubscriberService.java:321) ~[classes/:na]
	at org.eclipse.paho.client.mqttv3.internal.CommsCallback.deliverMessage(CommsCallback.java:519) ~[org.eclipse.paho.client.mqttv3-1.2.5.jar:na]
	at org.eclipse.paho.client.mqttv3.internal.CommsCallback.handleMessage(CommsCallback.java:417) ~[org.eclipse.paho.client.mqttv3-1.2.5.jar:na]
	at org.eclipse.paho.client.mqttv3.internal.CommsCallback.run(CommsCallback.java:214) ~[org.eclipse.paho.client.mqttv3-1.2.5.jar:na]
	at java.base/java.lang.Thread.run(Thread.java:840) ~[na:na]

2026-07-28T10:54:08.794+05:30  WARN 37596 --- [hub-api] [y-1785215101795] l.r.l.service.MqttSubscriberService      : Failed to process MQTT payload on topic resq/M01/telemetry. Raw payload: {"device_id":"M01","telemetry_mode":"SENSOR_STREAM","state":"PAIRED_IDLE","pressure_0_kpa":0.876,"pressure_0_kpa_valid":true,"pressure_1_kpa":1.451,"pressure_1_kpa_valid":true,"pressure_2_kpa":1.312,"pressure_2_kpa_valid":true,"pressure_kpa_valid":true,"hall_mm":14.08,"hall_progress":0.471,"hall_mm_valid":true,"pressure_saturation_mask":0,"interval_ms":200,"ts_ms":21255}. Error message: pressure_0_raw is required and must be an integer

java.lang.IllegalArgumentException: pressure_0_raw is required and must be an integer
	at lk.resq.localhub.service.SensorStreamService.requiredInt(SensorStreamService.java:306) ~[classes/:na]
	at lk.resq.localhub.service.SensorStreamService.parseSnapshot(SensorStreamService.java:65) ~[classes/:na]
	at lk.resq.localhub.service.MqttSubscriberService.handleMessage(MqttSubscriberService.java:437) ~[classes/:na]
	at lk.resq.localhub.service.MqttSubscriberService$1.messageArrived(MqttSubscriberService.java:321) ~[classes/:na]
	at org.eclipse.paho.client.mqttv3.internal.CommsCallback.deliverMessage(CommsCallback.java:519) ~[org.eclipse.paho.client.mqttv3-1.2.5.jar:na]
	at org.eclipse.paho.client.mqttv3.internal.CommsCallback.handleMessage(CommsCallback.java:417) ~[org.eclipse.paho.client.mqttv3-1.2.5.jar:na]
	at org.eclipse.paho.client.mqttv3.internal.CommsCallback.run(CommsCallback.java:214) ~[org.eclipse.paho.client.mqttv3-1.2.5.jar:na]
	at java.base/java.lang.Thread.run(Thread.java:840) ~[na:na]

2026-07-28T10:54:09.000+05:30  WARN 37596 --- [hub-api] [y-1785215101795] l.r.l.service.MqttSubscriberService      : Failed to process MQTT payload on topic resq/M01/telemetry. Raw payload: {"device_id":"M01","telemetry_mode":"SENSOR_STREAM","state":"PAIRED_IDLE","pressure_0_kpa":0.896,"pressure_0_kpa_valid":true,"pressure_1_kpa":1.464,"pressure_1_kpa_valid":true,"pressure_2_kpa":1.302,"pressure_2_kpa_valid":true,"pressure_kpa_valid":true,"hall_mm":14.51,"hall_progress":0.484,"hall_mm_valid":true,"pressure_saturation_mask":0,"interval_ms":200,"ts_ms":21467}. Error message: pressure_0_raw is required and must be an integer

java.lang.IllegalArgumentException: pressure_0_raw is required and must be an integer
	at lk.resq.localhub.service.SensorStreamService.requiredInt(SensorStreamService.java:306) ~[classes/:na]
	at lk.resq.localhub.service.SensorStreamService.parseSnapshot(SensorStreamService.java:65) ~[classes/:na]
	at lk.resq.localhub.service.MqttSubscriberService.handleMessage(MqttSubscriberService.java:437) ~[classes/:na]
	at lk.resq.localhub.service.MqttSubscriberService$1.messageArrived(MqttSubscriberService.java:321) ~[classes/:na]
	at org.eclipse.paho.client.mqttv3.internal.CommsCallback.deliverMessage(CommsCallback.java:519) ~[org.eclipse.paho.client.mqttv3-1.2.5.jar:na]
	at org.eclipse.paho.client.mqttv3.internal.CommsCallback.handleMessage(CommsCallback.java:417) ~[org.eclipse.paho.client.mqttv3-1.2.5.jar:na]
	at org.eclipse.paho.client.mqttv3.internal.CommsCallback.run(CommsCallback.java:214) ~[org.eclipse.paho.client.mqttv3-1.2.5.jar:na]
	at java.base/java.lang.Thread.run(Thread.java:840) ~[na:na]

2026-07-28T10:54:09.209+05:30  WARN 37596 --- [hub-api] [y-1785215101795] l.r.l.service.MqttSubscriberService      : Failed to process MQTT payload on topic resq/M01/telemetry. Raw payload: {"device_id":"M01","telemetry_mode":"SENSOR_STREAM","state":"PAIRED_IDLE","pressure_0_kpa":0.911,"pressure_0_kpa_valid":true,"pressure_1_kpa":1.474,"pressure_1_kpa_valid":true,"pressure_2_kpa":1.294,"pressure_2_kpa_valid":true,"pressure_kpa_valid":true,"hall_mm":14.81,"hall_progress":0.494,"hall_mm_valid":true,"pressure_saturation_mask":0,"interval_ms":200,"ts_ms":21677}. Error message: pressure_0_raw is required and must be an integer

java.lang.IllegalArgumentException: pressure_0_raw is required and must be an integer
	at lk.resq.localhub.service.SensorStreamService.requiredInt(SensorStreamService.java:306) ~[classes/:na]
	at lk.resq.localhub.service.SensorStreamService.parseSnapshot(SensorStreamService.java:65) ~[classes/:na]
	at lk.resq.localhub.service.MqttSubscriberService.handleMessage(MqttSubscriberService.java:437) ~[classes/:na]
	at lk.resq.localhub.service.MqttSubscriberService$1.messageArrived(MqttSubscriberService.java:321) ~[classes/:na]
	at org.eclipse.paho.client.mqttv3.internal.CommsCallback.deliverMessage(CommsCallback.java:519) ~[org.eclipse.paho.client.mqttv3-1.2.5.jar:na]
	at org.eclipse.paho.client.mqttv3.internal.CommsCallback.handleMessage(CommsCallback.java:417) ~[org.eclipse.paho.client.mqttv3-1.2.5.jar:na]
	at org.eclipse.paho.client.mqttv3.internal.CommsCallback.run(CommsCallback.java:214) ~[org.eclipse.paho.client.mqttv3-1.2.5.jar:na]
	at java.base/java.lang.Thread.run(Thread.java:840) ~[na:na]

2026-07-28T10:54:09.415+05:30  WARN 37596 --- [hub-api] [y-1785215101795] l.r.l.service.MqttSubscriberService      : Failed to process MQTT payload on topic resq/M01/telemetry. Raw payload: {"device_id":"M01","telemetry_mode":"SENSOR_STREAM","state":"PAIRED_IDLE","pressure_0_kpa":0.919,"pressure_0_kpa_valid":true,"pressure_1_kpa":1.479,"pressure_1_kpa_valid":true,"pressure_2_kpa":1.291,"pressure_2_kpa_valid":true,"pressure_kpa_valid":true,"hall_mm":14.98,"hall_progress":0.499,"hall_mm_valid":true,"pressure_saturation_mask":0,"interval_ms":200,"ts_ms":21880}. Error message: pressure_0_raw is required and must be an integer

java.lang.IllegalArgumentException: pressure_0_raw is required and must be an integer
	at lk.resq.localhub.service.SensorStreamService.requiredInt(SensorStreamService.java:306) ~[classes/:na]
	at lk.resq.localhub.service.SensorStreamService.parseSnapshot(SensorStreamService.java:65) ~[classes/:na]
	at lk.resq.localhub.service.MqttSubscriberService.handleMessage(MqttSubscriberService.java:437) ~[classes/:na]
	at lk.resq.localhub.service.MqttSubscriberService$1.messageArrived(MqttSubscriberService.java:321) ~[classes/:na]
	at org.eclipse.paho.client.mqttv3.internal.CommsCallback.deliverMessage(CommsCallback.java:519) ~[org.eclipse.paho.client.mqttv3-1.2.5.jar:na]
	at org.eclipse.paho.client.mqttv3.internal.CommsCallback.handleMessage(CommsCallback.java:417) ~[org.eclipse.paho.client.mqttv3-1.2.5.jar:na]
	at org.eclipse.paho.client.mqttv3.internal.CommsCallback.run(CommsCallback.java:214) ~[org.eclipse.paho.client.mqttv3-1.2.5.jar:na]
	at java.base/java.lang.Thread.run(Thread.java:840) ~[na:na]

2026-07-28T10:54:09.619+05:30  WARN 37596 --- [hub-api] [y-1785215101795] l.r.l.service.MqttSubscriberService      : Failed to process MQTT payload on topic resq/M01/telemetry. Raw payload: {"device_id":"M01","telemetry_mode":"SENSOR_STREAM","state":"PAIRED_IDLE","pressure_0_kpa":0.919,"pressure_0_kpa_valid":true,"pressure_1_kpa":1.479,"pressure_1_kpa_valid":true,"pressure_2_kpa":1.29,"pressure_2_kpa_valid":true,"pressure_kpa_valid":true,"hall_mm":14.98,"hall_progress":0.499,"hall_mm_valid":true,"pressure_saturation_mask":0,"interval_ms":200,"ts_ms":22083}. Error message: pressure_0_raw is required and must be an integer

java.lang.IllegalArgumentException: pressure_0_raw is required and must be an integer
	at lk.resq.localhub.service.SensorStreamService.requiredInt(SensorStreamService.java:306) ~[classes/:na]
	at lk.resq.localhub.service.SensorStreamService.parseSnapshot(SensorStreamService.java:65) ~[classes/:na]
	at lk.resq.localhub.service.MqttSubscriberService.handleMessage(MqttSubscriberService.java:437) ~[classes/:na]
	at lk.resq.localhub.service.MqttSubscriberService$1.messageArrived(MqttSubscriberService.java:321) ~[classes/:na]
	at org.eclipse.paho.client.mqttv3.internal.CommsCallback.deliverMessage(CommsCallback.java:519) ~[org.eclipse.paho.client.mqttv3-1.2.5.jar:na]
	at org.eclipse.paho.client.mqttv3.internal.CommsCallback.handleMessage(CommsCallback.java:417) ~[org.eclipse.paho.client.mqttv3-1.2.5.jar:na]
	at org.eclipse.paho.client.mqttv3.internal.CommsCallback.run(CommsCallback.java:214) ~[org.eclipse.paho.client.mqttv3-1.2.5.jar:na]
	at java.base/java.lang.Thread.run(Thread.java:840) ~[na:na]

2026-07-28T10:54:09.821+05:30  WARN 37596 --- [hub-api] [y-1785215101795] l.r.l.service.MqttSubscriberService      : Failed to process MQTT payload on topic resq/M01/telemetry. Raw payload: {"device_id":"M01","telemetry_mode":"SENSOR_STREAM","state":"PAIRED_IDLE","pressure_0_kpa":0.912,"pressure_0_kpa_valid":true,"pressure_1_kpa":1.475,"pressure_1_kpa_valid":true,"pressure_2_kpa":1.294,"pressure_2_kpa_valid":true,"pressure_kpa_valid":true,"hall_mm":14.84,"hall_progress":0.495,"hall_mm_valid":true,"pressure_saturation_mask":0,"interval_ms":200,"ts_ms":22286}. Error message: pressure_0_raw is required and must be an integer

java.lang.IllegalArgumentException: pressure_0_raw is required and must be an integer
	at lk.resq.localhub.service.SensorStreamService.requiredInt(SensorStreamService.java:306) ~[classes/:na]
	at lk.resq.localhub.service.SensorStreamService.parseSnapshot(SensorStreamService.java:65) ~[classes/:na]
	at lk.resq.localhub.service.MqttSubscriberService.handleMessage(MqttSubscriberService.java:437) ~[classes/:na]
	at lk.resq.localhub.service.MqttSubscriberService$1.messageArrived(MqttSubscriberService.java:321) ~[classes/:na]
	at org.eclipse.paho.client.mqttv3.internal.CommsCallback.deliverMessage(CommsCallback.java:519) ~[org.eclipse.paho.client.mqttv3-1.2.5.jar:na]
	at org.eclipse.paho.client.mqttv3.internal.CommsCallback.handleMessage(CommsCallback.java:417) ~[org.eclipse.paho.client.mqttv3-1.2.5.jar:na]
	at org.eclipse.paho.client.mqttv3.internal.CommsCallback.run(CommsCallback.java:214) ~[org.eclipse.paho.client.mqttv3-1.2.5.jar:na]
	at java.base/java.lang.Thread.run(Thread.java:840) ~[na:na]

2026-07-28T10:54:10.035+05:30  WARN 37596 --- [hub-api] [y-1785215101795] l.r.l.service.MqttSubscriberService      : Failed to process MQTT payload on topic resq/M01/telemetry. Raw payload: {"device_id":"M01","telemetry_mode":"SENSOR_STREAM","state":"PAIRED_IDLE","pressure_0_kpa":0.898,"pressure_0_kpa_valid":true,"pressure_1_kpa":1.465,"pressure_1_kpa_valid":true,"pressure_2_kpa":1.301,"pressure_2_kpa_valid":true,"pressure_kpa_valid":true,"hall_mm":14.55,"hall_progress":0.485,"hall_mm_valid":true,"pressure_saturation_mask":0,"interval_ms":200,"ts_ms":22499}. Error message: pressure_0_raw is required and must be an integer

java.lang.IllegalArgumentException: pressure_0_raw is required and must be an integer
	at lk.resq.localhub.service.SensorStreamService.requiredInt(SensorStreamService.java:306) ~[classes/:na]
	at lk.resq.localhub.service.SensorStreamService.parseSnapshot(SensorStreamService.java:65) ~[classes/:na]
	at lk.resq.localhub.service.MqttSubscriberService.handleMessage(MqttSubscriberService.java:437) ~[classes/:na]
	at lk.resq.localhub.service.MqttSubscriberService$1.messageArrived(MqttSubscriberService.java:321) ~[classes/:na]
	at org.eclipse.paho.client.mqttv3.internal.CommsCallback.deliverMessage(CommsCallback.java:519) ~[org.eclipse.paho.client.mqttv3-1.2.5.jar:na]
	at org.eclipse.paho.client.mqttv3.internal.CommsCallback.handleMessage(CommsCallback.java:417) ~[org.eclipse.paho.client.mqttv3-1.2.5.jar:na]
	at org.eclipse.paho.client.mqttv3.internal.CommsCallback.run(CommsCallback.java:214) ~[org.eclipse.paho.client.mqttv3-1.2.5.jar:na]
	at java.base/java.lang.Thread.run(Thread.java:840) ~[na:na]

2026-07-28T10:54:10.247+05:30  WARN 37596 --- [hub-api] [y-1785215101795] l.r.l.service.MqttSubscriberService      : Failed to process MQTT payload on topic resq/M01/telemetry. Raw payload: {"device_id":"M01","telemetry_mode":"SENSOR_STREAM","state":"PAIRED_IDLE","pressure_0_kpa":0.878,"pressure_0_kpa_valid":true,"pressure_1_kpa":1.452,"pressure_1_kpa_valid":true,"pressure_2_kpa":1.311,"pressure_2_kpa_valid":true,"pressure_kpa_valid":true,"hall_mm":14.13,"hall_progress":0.472,"hall_mm_valid":true,"pressure_saturation_mask":0,"interval_ms":200,"ts_ms":22708}. Error message: pressure_0_raw is required and must be an integer

java.lang.IllegalArgumentException: pressure_0_raw is required and must be an integer
	at lk.resq.localhub.service.SensorStreamService.requiredInt(SensorStreamService.java:306) ~[classes/:na]
	at lk.resq.localhub.service.SensorStreamService.parseSnapshot(SensorStreamService.java:65) ~[classes/:na]
	at lk.resq.localhub.service.MqttSubscriberService.handleMessage(MqttSubscriberService.java:437) ~[classes/:na]
	at lk.resq.localhub.service.MqttSubscriberService$1.messageArrived(MqttSubscriberService.java:321) ~[classes/:na]
	at org.eclipse.paho.client.mqttv3.internal.CommsCallback.deliverMessage(CommsCallback.java:519) ~[org.eclipse.paho.client.mqttv3-1.2.5.jar:na]
	at org.eclipse.paho.client.mqttv3.internal.CommsCallback.handleMessage(CommsCallback.java:417) ~[org.eclipse.paho.client.mqttv3-1.2.5.jar:na]
	at org.eclipse.paho.client.mqttv3.internal.CommsCallback.run(CommsCallback.java:214) ~[org.eclipse.paho.client.mqttv3-1.2.5.jar:na]
	at java.base/java.lang.Thread.run(Thread.java:840) ~[na:na]

2026-07-28T10:54:10.444+05:30  WARN 37596 --- [hub-api] [y-1785215101795] l.r.l.service.MqttSubscriberService      : Failed to process MQTT payload on topic resq/M01/telemetry. Raw payload: {"device_id":"M01","telemetry_mode":"SENSOR_STREAM","state":"PAIRED_IDLE","pressure_0_kpa":0.853,"pressure_0_kpa_valid":true,"pressure_1_kpa":1.435,"pressure_1_kpa_valid":true,"pressure_2_kpa":1.323,"pressure_2_kpa_valid":true,"pressure_kpa_valid":true,"hall_mm":13.61,"hall_progress":0.455,"hall_mm_valid":true,"pressure_saturation_mask":0,"interval_ms":200,"ts_ms":22912}. Error message: pressure_0_raw is required and must be an integer

java.lang.IllegalArgumentException: pressure_0_raw is required and must be an integer
	at lk.resq.localhub.service.SensorStreamService.requiredInt(SensorStreamService.java:306) ~[classes/:na]
	at lk.resq.localhub.service.SensorStreamService.parseSnapshot(SensorStreamService.java:65) ~[classes/:na]
	at lk.resq.localhub.service.MqttSubscriberService.handleMessage(MqttSubscriberService.java:437) ~[classes/:na]
	at lk.resq.localhub.service.MqttSubscriberService$1.messageArrived(MqttSubscriberService.java:321) ~[classes/:na]
	at org.eclipse.paho.client.mqttv3.internal.CommsCallback.deliverMessage(CommsCallback.java:519) ~[org.eclipse.paho.client.mqttv3-1.2.5.jar:na]
	at org.eclipse.paho.client.mqttv3.internal.CommsCallback.handleMessage(CommsCallback.java:417) ~[org.eclipse.paho.client.mqttv3-1.2.5.jar:na]
	at org.eclipse.paho.client.mqttv3.internal.CommsCallback.run(CommsCallback.java:214) ~[org.eclipse.paho.client.mqttv3-1.2.5.jar:na]
	at java.base/java.lang.Thread.run(Thread.java:840) ~[na:na]

2026-07-28T10:54:10.662+05:30  WARN 37596 --- [hub-api] [y-1785215101795] l.r.l.service.MqttSubscriberService      : Failed to process MQTT payload on topic resq/M01/telemetry. Raw payload: {"device_id":"M01","telemetry_mode":"SENSOR_STREAM","state":"PAIRED_IDLE","pressure_0_kpa":0.825,"pressure_0_kpa_valid":true,"pressure_1_kpa":1.417,"pressure_1_kpa_valid":true,"pressure_2_kpa":1.338,"pressure_2_kpa_valid":true,"pressure_kpa_valid":true,"hall_mm":13.02,"hall_progress":0.437,"hall_mm_valid":true,"pressure_saturation_mask":0,"interval_ms":200,"ts_ms":23117}. Error message: pressure_0_raw is required and must be an integer

java.lang.IllegalArgumentException: pressure_0_raw is required and must be an integer
	at lk.resq.localhub.service.SensorStreamService.requiredInt(SensorStreamService.java:306) ~[classes/:na]
	at lk.resq.localhub.service.SensorStreamService.parseSnapshot(SensorStreamService.java:65) ~[classes/:na]
	at lk.resq.localhub.service.MqttSubscriberService.handleMessage(MqttSubscriberService.java:437) ~[classes/:na]
	at lk.resq.localhub.service.MqttSubscriberService$1.messageArrived(MqttSubscriberService.java:321) ~[classes/:na]
	at org.eclipse.paho.client.mqttv3.internal.CommsCallback.deliverMessage(CommsCallback.java:519) ~[org.eclipse.paho.client.mqttv3-1.2.5.jar:na]
	at org.eclipse.paho.client.mqttv3.internal.CommsCallback.handleMessage(CommsCallback.java:417) ~[org.eclipse.paho.client.mqttv3-1.2.5.jar:na]
	at org.eclipse.paho.client.mqttv3.internal.CommsCallback.run(CommsCallback.java:214) ~[org.eclipse.paho.client.mqttv3-1.2.5.jar:na]
	at java.base/java.lang.Thread.run(Thread.java:840) ~[na:na]

2026-07-28T10:54:10.865+05:30  WARN 37596 --- [hub-api] [y-1785215101795] l.r.l.service.MqttSubscriberService      : Failed to process MQTT payload on topic resq/M01/telemetry. Raw payload: {"device_id":"M01","telemetry_mode":"SENSOR_STREAM","state":"PAIRED_IDLE","pressure_0_kpa":0.795,"pressure_0_kpa_valid":true,"pressure_1_kpa":1.397,"pressure_1_kpa_valid":true,"pressure_2_kpa":1.353,"pressure_2_kpa_valid":true,"pressure_kpa_valid":true,"hall_mm":12.39,"hall_progress":0.417,"hall_mm_valid":true,"pressure_saturation_mask":0,"interval_ms":200,"ts_ms":23328}. Error message: pressure_0_raw is required and must be an integer

java.lang.IllegalArgumentException: pressure_0_raw is required and must be an integer
	at lk.resq.localhub.service.SensorStreamService.requiredInt(SensorStreamService.java:306) ~[classes/:na]
	at lk.resq.localhub.service.SensorStreamService.parseSnapshot(SensorStreamService.java:65) ~[classes/:na]
	at lk.resq.localhub.service.MqttSubscriberService.handleMessage(MqttSubscriberService.java:437) ~[classes/:na]
	at lk.resq.localhub.service.MqttSubscriberService$1.messageArrived(MqttSubscriberService.java:321) ~[classes/:na]
	at org.eclipse.paho.client.mqttv3.internal.CommsCallback.deliverMessage(CommsCallback.java:519) ~[org.eclipse.paho.client.mqttv3-1.2.5.jar:na]
	at org.eclipse.paho.client.mqttv3.internal.CommsCallback.handleMessage(CommsCallback.java:417) ~[org.eclipse.paho.client.mqttv3-1.2.5.jar:na]
	at org.eclipse.paho.client.mqttv3.internal.CommsCallback.run(CommsCallback.java:214) ~[org.eclipse.paho.client.mqttv3-1.2.5.jar:na]
	at java.base/java.lang.Thread.run(Thread.java:840) ~[na:na]

2026-07-28T10:54:11.071+05:30  WARN 37596 --- [hub-api] [y-1785215101795] l.r.l.service.MqttSubscriberService      : Failed to process MQTT payload on topic resq/M01/telemetry. Raw payload: {"device_id":"M01","telemetry_mode":"SENSOR_STREAM","state":"PAIRED_IDLE","pressure_0_kpa":0.765,"pressure_0_kpa_valid":true,"pressure_1_kpa":1.377,"pressure_1_kpa_valid":true,"pressure_2_kpa":1.367,"pressure_2_kpa_valid":true,"pressure_kpa_valid":true,"hall_mm":11.78,"hall_progress":0.397,"hall_mm_valid":true,"pressure_saturation_mask":0,"interval_ms":200,"ts_ms":23534}. Error message: pressure_0_raw is required and must be an integer

java.lang.IllegalArgumentException: pressure_0_raw is required and must be an integer
	at lk.resq.localhub.service.SensorStreamService.requiredInt(SensorStreamService.java:306) ~[classes/:na]
	at lk.resq.localhub.service.SensorStreamService.parseSnapshot(SensorStreamService.java:65) ~[classes/:na]
	at lk.resq.localhub.service.MqttSubscriberService.handleMessage(MqttSubscriberService.java:437) ~[classes/:na]
	at lk.resq.localhub.service.MqttSubscriberService$1.messageArrived(MqttSubscriberService.java:321) ~[classes/:na]
	at org.eclipse.paho.client.mqttv3.internal.CommsCallback.deliverMessage(CommsCallback.java:519) ~[org.eclipse.paho.client.mqttv3-1.2.5.jar:na]
	at org.eclipse.paho.client.mqttv3.internal.CommsCallback.handleMessage(CommsCallback.java:417) ~[org.eclipse.paho.client.mqttv3-1.2.5.jar:na]
	at org.eclipse.paho.client.mqttv3.internal.CommsCallback.run(CommsCallback.java:214) ~[org.eclipse.paho.client.mqttv3-1.2.5.jar:na]
	at java.base/java.lang.Thread.run(Thread.java:840) ~[na:na]

2026-07-28T10:54:11.270+05:30  WARN 37596 --- [hub-api] [y-1785215101795] l.r.l.service.MqttSubscriberService      : Failed to process MQTT payload on topic resq/M01/telemetry. Raw payload: {"device_id":"M01","telemetry_mode":"SENSOR_STREAM","state":"PAIRED_IDLE","pressure_0_kpa":0.738,"pressure_0_kpa_valid":true,"pressure_1_kpa":1.359,"pressure_1_kpa_valid":false,"pressure_2_kpa":1.381,"pressure_2_kpa_valid":true,"pressure_kpa_valid":false,"hall_mm":11.21,"hall_progress":0.379,"hall_mm_valid":true,"pressure_saturation_mask":0,"interval_ms":200,"ts_ms":23739}. Error message: pressure_0_raw is required and must be an integer

java.lang.IllegalArgumentException: pressure_0_raw is required and must be an integer
	at lk.resq.localhub.service.SensorStreamService.requiredInt(SensorStreamService.java:306) ~[classes/:na]
	at lk.resq.localhub.service.SensorStreamService.parseSnapshot(SensorStreamService.java:65) ~[classes/:na]
	at lk.resq.localhub.service.MqttSubscriberService.handleMessage(MqttSubscriberService.java:437) ~[classes/:na]
	at lk.resq.localhub.service.MqttSubscriberService$1.messageArrived(MqttSubscriberService.java:321) ~[classes/:na]
	at org.eclipse.paho.client.mqttv3.internal.CommsCallback.deliverMessage(CommsCallback.java:519) ~[org.eclipse.paho.client.mqttv3-1.2.5.jar:na]
	at org.eclipse.paho.client.mqttv3.internal.CommsCallback.handleMessage(CommsCallback.java:417) ~[org.eclipse.paho.client.mqttv3-1.2.5.jar:na]
	at org.eclipse.paho.client.mqttv3.internal.CommsCallback.run(CommsCallback.java:214) ~[org.eclipse.paho.client.mqttv3-1.2.5.jar:na]
	at java.base/java.lang.Thread.run(Thread.java:840) ~[na:na]

2026-07-28T10:54:11.481+05:30  WARN 37596 --- [hub-api] [y-1785215101795] l.r.l.service.MqttSubscriberService      : Failed to process MQTT payload on topic resq/M01/telemetry. Raw payload: {"device_id":"M01","telemetry_mode":"SENSOR_STREAM","state":"PAIRED_IDLE","pressure_0_kpa":0.715,"pressure_0_kpa_valid":true,"pressure_1_kpa":1.343,"pressure_1_kpa_valid":true,"pressure_2_kpa":1.393,"pressure_2_kpa_valid":true,"pressure_kpa_valid":true,"hall_mm":10.72,"hall_progress":0.363,"hall_mm_valid":true,"pressure_saturation_mask":0,"interval_ms":200,"ts_ms":23949}. Error message: pressure_0_raw is required and must be an integer

java.lang.IllegalArgumentException: pressure_0_raw is required and must be an integer
	at lk.resq.localhub.service.SensorStreamService.requiredInt(SensorStreamService.java:306) ~[classes/:na]
	at lk.resq.localhub.service.SensorStreamService.parseSnapshot(SensorStreamService.java:65) ~[classes/:na]
	at lk.resq.localhub.service.MqttSubscriberService.handleMessage(MqttSubscriberService.java:437) ~[classes/:na]
	at lk.resq.localhub.service.MqttSubscriberService$1.messageArrived(MqttSubscriberService.java:321) ~[classes/:na]
	at org.eclipse.paho.client.mqttv3.internal.CommsCallback.deliverMessage(CommsCallback.java:519) ~[org.eclipse.paho.client.mqttv3-1.2.5.jar:na]
	at org.eclipse.paho.client.mqttv3.internal.CommsCallback.handleMessage(CommsCallback.java:417) ~[org.eclipse.paho.client.mqttv3-1.2.5.jar:na]
	at org.eclipse.paho.client.mqttv3.internal.CommsCallback.run(CommsCallback.java:214) ~[org.eclipse.paho.client.mqttv3-1.2.5.jar:na]
	at java.base/java.lang.Thread.run(Thread.java:840) ~[na:na]

2026-07-28T10:54:11.699+05:30  WARN 37596 --- [hub-api] [y-1785215101795] l.r.l.service.MqttSubscriberService      : Failed to process MQTT payload on topic resq/M01/telemetry. Raw payload: {"device_id":"M01","telemetry_mode":"SENSOR_STREAM","state":"PAIRED_IDLE","pressure_0_kpa":0.696,"pressure_0_kpa_valid":true,"pressure_1_kpa":1.331,"pressure_1_kpa_valid":true,"pressure_2_kpa":1.402,"pressure_2_kpa_valid":true,"pressure_kpa_valid":true,"hall_mm":10.34,"hall_progress":0.351,"hall_mm_valid":true,"pressure_saturation_mask":0,"interval_ms":200,"ts_ms":24162}. Error message: pressure_0_raw is required and must be an integer

java.lang.IllegalArgumentException: pressure_0_raw is required and must be an integer
	at lk.resq.localhub.service.SensorStreamService.requiredInt(SensorStreamService.java:306) ~[classes/:na]
	at lk.resq.localhub.service.SensorStreamService.parseSnapshot(SensorStreamService.java:65) ~[classes/:na]
	at lk.resq.localhub.service.MqttSubscriberService.handleMessage(MqttSubscriberService.java:437) ~[classes/:na]
	at lk.resq.localhub.service.MqttSubscriberService$1.messageArrived(MqttSubscriberService.java:321) ~[classes/:na]
	at org.eclipse.paho.client.mqttv3.internal.CommsCallback.deliverMessage(CommsCallback.java:519) ~[org.eclipse.paho.client.mqttv3-1.2.5.jar:na]
	at org.eclipse.paho.client.mqttv3.internal.CommsCallback.handleMessage(CommsCallback.java:417) ~[org.eclipse.paho.client.mqttv3-1.2.5.jar:na]
	at org.eclipse.paho.client.mqttv3.internal.CommsCallback.run(CommsCallback.java:214) ~[org.eclipse.paho.client.mqttv3-1.2.5.jar:na]
	at java.base/java.lang.Thread.run(Thread.java:840) ~[na:na]

2026-07-28T10:54:11.901+05:30  WARN 37596 --- [hub-api] [y-1785215101795] l.r.l.service.MqttSubscriberService      : Failed to process MQTT payload on topic resq/M01/telemetry. Raw payload: {"device_id":"M01","telemetry_mode":"SENSOR_STREAM","state":"PAIRED_IDLE","pressure_0_kpa":0.685,"pressure_0_kpa_valid":true,"pressure_1_kpa":1.323,"pressure_1_kpa_valid":true,"pressure_2_kpa":1.408,"pressure_2_kpa_valid":true,"pressure_kpa_valid":true,"hall_mm":10.1,"hall_progress":0.343,"hall_mm_valid":true,"pressure_saturation_mask":2,"interval_ms":200,"ts_ms":24365}. Error message: pressure_0_raw is required and must be an integer

java.lang.IllegalArgumentException: pressure_0_raw is required and must be an integer
	at lk.resq.localhub.service.SensorStreamService.requiredInt(SensorStreamService.java:306) ~[classes/:na]
	at lk.resq.localhub.service.SensorStreamService.parseSnapshot(SensorStreamService.java:65) ~[classes/:na]
	at lk.resq.localhub.service.MqttSubscriberService.handleMessage(MqttSubscriberService.java:437) ~[classes/:na]
	at lk.resq.localhub.service.MqttSubscriberService$1.messageArrived(MqttSubscriberService.java:321) ~[classes/:na]
	at org.eclipse.paho.client.mqttv3.internal.CommsCallback.deliverMessage(CommsCallback.java:519) ~[org.eclipse.paho.client.mqttv3-1.2.5.jar:na]
	at org.eclipse.paho.client.mqttv3.internal.CommsCallback.handleMessage(CommsCallback.java:417) ~[org.eclipse.paho.client.mqttv3-1.2.5.jar:na]
	at org.eclipse.paho.client.mqttv3.internal.CommsCallback.run(CommsCallback.java:214) ~[org.eclipse.paho.client.mqttv3-1.2.5.jar:na]
	at java.base/java.lang.Thread.run(Thread.java:840) ~[na:na]

2026-07-28T10:54:12.103+05:30  WARN 37596 --- [hub-api] [y-1785215101795] l.r.l.service.MqttSubscriberService      : Failed to process MQTT payload on topic resq/M01/telemetry. Raw payload: {"device_id":"M01","telemetry_mode":"SENSOR_STREAM","state":"PAIRED_IDLE","pressure_0_kpa":0.68,"pressure_0_kpa_valid":true,"pressure_1_kpa":1.32,"pressure_1_kpa_valid":true,"pressure_2_kpa":1.41,"pressure_2_kpa_valid":true,"pressure_kpa_valid":true,"hall_mm":10,"hall_progress":0.34,"hall_mm_valid":true,"pressure_saturation_mask":0,"interval_ms":200,"ts_ms":24567}. Error message: pressure_0_raw is required and must be an integer

java.lang.IllegalArgumentException: pressure_0_raw is required and must be an integer
	at lk.resq.localhub.service.SensorStreamService.requiredInt(SensorStreamService.java:306) ~[classes/:na]
	at lk.resq.localhub.service.SensorStreamService.parseSnapshot(SensorStreamService.java:65) ~[classes/:na]
	at lk.resq.localhub.service.MqttSubscriberService.handleMessage(MqttSubscriberService.java:437) ~[classes/:na]
	at lk.resq.localhub.service.MqttSubscriberService$1.messageArrived(MqttSubscriberService.java:321) ~[classes/:na]
	at org.eclipse.paho.client.mqttv3.internal.CommsCallback.deliverMessage(CommsCallback.java:519) ~[org.eclipse.paho.client.mqttv3-1.2.5.jar:na]
	at org.eclipse.paho.client.mqttv3.internal.CommsCallback.handleMessage(CommsCallback.java:417) ~[org.eclipse.paho.client.mqttv3-1.2.5.jar:na]
	at org.eclipse.paho.client.mqttv3.internal.CommsCallback.run(CommsCallback.java:214) ~[org.eclipse.paho.client.mqttv3-1.2.5.jar:na]
	at java.base/java.lang.Thread.run(Thread.java:840) ~[na:na]

2026-07-28T10:54:12.320+05:30  WARN 37596 --- [hub-api] [y-1785215101795] l.r.l.service.MqttSubscriberService      : Failed to process MQTT payload on topic resq/M01/telemetry. Raw payload: {"device_id":"M01","telemetry_mode":"SENSOR_STREAM","state":"PAIRED_IDLE","pressure_0_kpa":0.683,"pressure_0_kpa_valid":true,"pressure_1_kpa":1.322,"pressure_1_kpa_valid":true,"pressure_2_kpa":1.409,"pressure_2_kpa_valid":true,"pressure_kpa_valid":true,"hall_mm":10.06,"hall_progress":0.342,"hall_mm_valid":true,"pressure_saturation_mask":0,"interval_ms":200,"ts_ms":24787}. Error message: pressure_0_raw is required and must be an integer

java.lang.IllegalArgumentException: pressure_0_raw is required and must be an integer
	at lk.resq.localhub.service.SensorStreamService.requiredInt(SensorStreamService.java:306) ~[classes/:na]
	at lk.resq.localhub.service.SensorStreamService.parseSnapshot(SensorStreamService.java:65) ~[classes/:na]
	at lk.resq.localhub.service.MqttSubscriberService.handleMessage(MqttSubscriberService.java:437) ~[classes/:na]
	at lk.resq.localhub.service.MqttSubscriberService$1.messageArrived(MqttSubscriberService.java:321) ~[classes/:na]
	at org.eclipse.paho.client.mqttv3.internal.CommsCallback.deliverMessage(CommsCallback.java:519) ~[org.eclipse.paho.client.mqttv3-1.2.5.jar:na]
	at org.eclipse.paho.client.mqttv3.internal.CommsCallback.handleMessage(CommsCallback.java:417) ~[org.eclipse.paho.client.mqttv3-1.2.5.jar:na]
	at org.eclipse.paho.client.mqttv3.internal.CommsCallback.run(CommsCallback.java:214) ~[org.eclipse.paho.client.mqttv3-1.2.5.jar:na]
	at java.base/java.lang.Thread.run(Thread.java:840) ~[na:na]

2026-07-28T10:54:12.525+05:30  WARN 37596 --- [hub-api] [y-1785215101795] l.r.l.service.MqttSubscriberService      : Failed to process MQTT payload on topic resq/M01/telemetry. Raw payload: {"device_id":"M01","telemetry_mode":"SENSOR_STREAM","state":"PAIRED_IDLE","pressure_0_kpa":0.693,"pressure_0_kpa_valid":true,"pressure_1_kpa":1.329,"pressure_1_kpa_valid":true,"pressure_2_kpa":1.403,"pressure_2_kpa_valid":true,"pressure_kpa_valid":true,"hall_mm":10.27,"hall_progress":0.349,"hall_mm_valid":true,"pressure_saturation_mask":0,"interval_ms":200,"ts_ms":24990}. Error message: pressure_0_raw is required and must be an integer

java.lang.IllegalArgumentException: pressure_0_raw is required and must be an integer
	at lk.resq.localhub.service.SensorStreamService.requiredInt(SensorStreamService.java:306) ~[classes/:na]
	at lk.resq.localhub.service.SensorStreamService.parseSnapshot(SensorStreamService.java:65) ~[classes/:na]
	at lk.resq.localhub.service.MqttSubscriberService.handleMessage(MqttSubscriberService.java:437) ~[classes/:na]
	at lk.resq.localhub.service.MqttSubscriberService$1.messageArrived(MqttSubscriberService.java:321) ~[classes/:na]
	at org.eclipse.paho.client.mqttv3.internal.CommsCallback.deliverMessage(CommsCallback.java:519) ~[org.eclipse.paho.client.mqttv3-1.2.5.jar:na]
	at org.eclipse.paho.client.mqttv3.internal.CommsCallback.handleMessage(CommsCallback.java:417) ~[org.eclipse.paho.client.mqttv3-1.2.5.jar:na]
	at org.eclipse.paho.client.mqttv3.internal.CommsCallback.run(CommsCallback.java:214) ~[org.eclipse.paho.client.mqttv3-1.2.5.jar:na]
	at java.base/java.lang.Thread.run(Thread.java:840) ~[na:na]

2026-07-28T10:54:12.732+05:30  WARN 37596 --- [hub-api] [y-1785215101795] l.r.l.service.MqttSubscriberService      : Failed to process MQTT payload on topic resq/M01/telemetry. Raw payload: {"device_id":"M01","telemetry_mode":"SENSOR_STREAM","state":"PAIRED_IDLE","pressure_0_kpa":0.71,"pressure_0_kpa_valid":true,"pressure_1_kpa":1.34,"pressure_1_kpa_valid":true,"pressure_2_kpa":1.395,"pressure_2_kpa_valid":true,"pressure_kpa_valid":true,"hall_mm":10.62,"hall_progress":0.36,"hall_mm_valid":true,"pressure_saturation_mask":0,"interval_ms":200,"ts_ms":25193}. Error message: pressure_0_raw is required and must be an integer

java.lang.IllegalArgumentException: pressure_0_raw is required and must be an integer
	at lk.resq.localhub.service.SensorStreamService.requiredInt(SensorStreamService.java:306) ~[classes/:na]
	at lk.resq.localhub.service.SensorStreamService.parseSnapshot(SensorStreamService.java:65) ~[classes/:na]
	at lk.resq.localhub.service.MqttSubscriberService.handleMessage(MqttSubscriberService.java:437) ~[classes/:na]
	at lk.resq.localhub.service.MqttSubscriberService$1.messageArrived(MqttSubscriberService.java:321) ~[classes/:na]
	at org.eclipse.paho.client.mqttv3.internal.CommsCallback.deliverMessage(CommsCallback.java:519) ~[org.eclipse.paho.client.mqttv3-1.2.5.jar:na]
	at org.eclipse.paho.client.mqttv3.internal.CommsCallback.handleMessage(CommsCallback.java:417) ~[org.eclipse.paho.client.mqttv3-1.2.5.jar:na]
	at org.eclipse.paho.client.mqttv3.internal.CommsCallback.run(CommsCallback.java:214) ~[org.eclipse.paho.client.mqttv3-1.2.5.jar:na]
	at java.base/java.lang.Thread.run(Thread.java:840) ~[na:na]

2026-07-28T10:54:12.933+05:30  WARN 37596 --- [hub-api] [y-1785215101795] l.r.l.service.MqttSubscriberService      : Failed to process MQTT payload on topic resq/M01/telemetry. Raw payload: {"device_id":"M01","telemetry_mode":"SENSOR_STREAM","state":"PAIRED_IDLE","pressure_0_kpa":0.732,"pressure_0_kpa_valid":true,"pressure_1_kpa":1.355,"pressure_1_kpa_valid":true,"pressure_2_kpa":1.384,"pressure_2_kpa_valid":true,"pressure_kpa_valid":true,"hall_mm":11.09,"hall_progress":0.375,"hall_mm_valid":true,"pressure_saturation_mask":0,"interval_ms":200,"ts_ms":25401}. Error message: pressure_0_raw is required and must be an integer

java.lang.IllegalArgumentException: pressure_0_raw is required and must be an integer
	at lk.resq.localhub.service.SensorStreamService.requiredInt(SensorStreamService.java:306) ~[classes/:na]
	at lk.resq.localhub.service.SensorStreamService.parseSnapshot(SensorStreamService.java:65) ~[classes/:na]
	at lk.resq.localhub.service.MqttSubscriberService.handleMessage(MqttSubscriberService.java:437) ~[classes/:na]
	at lk.resq.localhub.service.MqttSubscriberService$1.messageArrived(MqttSubscriberService.java:321) ~[classes/:na]
	at org.eclipse.paho.client.mqttv3.internal.CommsCallback.deliverMessage(CommsCallback.java:519) ~[org.eclipse.paho.client.mqttv3-1.2.5.jar:na]
	at org.eclipse.paho.client.mqttv3.internal.CommsCallback.handleMessage(CommsCallback.java:417) ~[org.eclipse.paho.client.mqttv3-1.2.5.jar:na]
	at org.eclipse.paho.client.mqttv3.internal.CommsCallback.run(CommsCallback.java:214) ~[org.eclipse.paho.client.mqttv3-1.2.5.jar:na]
	at java.base/java.lang.Thread.run(Thread.java:840) ~[na:na]

2026-07-28T10:54:13.149+05:30  WARN 37596 --- [hub-api] [y-1785215101795] l.r.l.service.MqttSubscriberService      : Failed to process MQTT payload on topic resq/M01/telemetry. Raw payload: {"device_id":"M01","telemetry_mode":"SENSOR_STREAM","state":"PAIRED_IDLE","pressure_0_kpa":0.759,"pressure_0_kpa_valid":true,"pressure_1_kpa":1.373,"pressure_1_kpa_valid":true,"pressure_2_kpa":1.371,"pressure_2_kpa_valid":true,"pressure_kpa_valid":true,"hall_mm":11.64,"hall_progress":0.393,"hall_mm_valid":true,"pressure_saturation_mask":0,"interval_ms":200,"ts_ms":25615}. Error message: pressure_0_raw is required and must be an integer

java.lang.IllegalArgumentException: pressure_0_raw is required and must be an integer
	at lk.resq.localhub.service.SensorStreamService.requiredInt(SensorStreamService.java:306) ~[classes/:na]
	at lk.resq.localhub.service.SensorStreamService.parseSnapshot(SensorStreamService.java:65) ~[classes/:na]
	at lk.resq.localhub.service.MqttSubscriberService.handleMessage(MqttSubscriberService.java:437) ~[classes/:na]
	at lk.resq.localhub.service.MqttSubscriberService$1.messageArrived(MqttSubscriberService.java:321) ~[classes/:na]
	at org.eclipse.paho.client.mqttv3.internal.CommsCallback.deliverMessage(CommsCallback.java:519) ~[org.eclipse.paho.client.mqttv3-1.2.5.jar:na]
	at org.eclipse.paho.client.mqttv3.internal.CommsCallback.handleMessage(CommsCallback.java:417) ~[org.eclipse.paho.client.mqttv3-1.2.5.jar:na]
	at org.eclipse.paho.client.mqttv3.internal.CommsCallback.run(CommsCallback.java:214) ~[org.eclipse.paho.client.mqttv3-1.2.5.jar:na]
	at java.base/java.lang.Thread.run(Thread.java:840) ~[na:na]

2026-07-28T10:54:13.341+05:30  WARN 37596 --- [hub-api] [y-1785215101795] l.r.l.service.MqttSubscriberService      : Failed to process MQTT payload on topic resq/M01/telemetry. Raw payload: {"device_id":"M01","telemetry_mode":"SENSOR_STREAM","state":"PAIRED_IDLE","pressure_0_kpa":0.788,"pressure_0_kpa_valid":true,"pressure_1_kpa":1.392,"pressure_1_kpa_valid":true,"pressure_2_kpa":1.356,"pressure_2_kpa_valid":true,"pressure_kpa_valid":true,"hall_mm":12.25,"hall_progress":0.412,"hall_mm_valid":true,"pressure_saturation_mask":0,"interval_ms":200,"ts_ms":25818}. Error message: pressure_0_raw is required and must be an integer

java.lang.IllegalArgumentException: pressure_0_raw is required and must be an integer
	at lk.resq.localhub.service.SensorStreamService.requiredInt(SensorStreamService.java:306) ~[classes/:na]
	at lk.resq.localhub.service.SensorStreamService.parseSnapshot(SensorStreamService.java:65) ~[classes/:na]
	at lk.resq.localhub.service.MqttSubscriberService.handleMessage(MqttSubscriberService.java:437) ~[classes/:na]
	at lk.resq.localhub.service.MqttSubscriberService$1.messageArrived(MqttSubscriberService.java:321) ~[classes/:na]
	at org.eclipse.paho.client.mqttv3.internal.CommsCallback.deliverMessage(CommsCallback.java:519) ~[org.eclipse.paho.client.mqttv3-1.2.5.jar:na]
	at org.eclipse.paho.client.mqttv3.internal.CommsCallback.handleMessage(CommsCallback.java:417) ~[org.eclipse.paho.client.mqttv3-1.2.5.jar:na]
	at org.eclipse.paho.client.mqttv3.internal.CommsCallback.run(CommsCallback.java:214) ~[org.eclipse.paho.client.mqttv3-1.2.5.jar:na]
	at java.base/java.lang.Thread.run(Thread.java:840) ~[na:na]

2026-07-28T10:54:13.557+05:30  WARN 37596 --- [hub-api] [y-1785215101795] l.r.l.service.MqttSubscriberService      : Failed to process MQTT payload on topic resq/M01/telemetry. Raw payload: {"device_id":"M01","telemetry_mode":"SENSOR_STREAM","state":"PAIRED_IDLE","pressure_0_kpa":0.818,"pressure_0_kpa_valid":true,"pressure_1_kpa":1.412,"pressure_1_kpa_valid":true,"pressure_2_kpa":1.341,"pressure_2_kpa_valid":true,"pressure_kpa_valid":true,"hall_mm":12.87,"hall_progress":0.432,"hall_mm_valid":true,"pressure_saturation_mask":0,"interval_ms":200,"ts_ms":26021}. Error message: pressure_0_raw is required and must be an integer

java.lang.IllegalArgumentException: pressure_0_raw is required and must be an integer
	at lk.resq.localhub.service.SensorStreamService.requiredInt(SensorStreamService.java:306) ~[classes/:na]
	at lk.resq.localhub.service.SensorStreamService.parseSnapshot(SensorStreamService.java:65) ~[classes/:na]
	at lk.resq.localhub.service.MqttSubscriberService.handleMessage(MqttSubscriberService.java:437) ~[classes/:na]
	at lk.resq.localhub.service.MqttSubscriberService$1.messageArrived(MqttSubscriberService.java:321) ~[classes/:na]
	at org.eclipse.paho.client.mqttv3.internal.CommsCallback.deliverMessage(CommsCallback.java:519) ~[org.eclipse.paho.client.mqttv3-1.2.5.jar:na]
	at org.eclipse.paho.client.mqttv3.internal.CommsCallback.handleMessage(CommsCallback.java:417) ~[org.eclipse.paho.client.mqttv3-1.2.5.jar:na]
	at org.eclipse.paho.client.mqttv3.internal.CommsCallback.run(CommsCallback.java:214) ~[org.eclipse.paho.client.mqttv3-1.2.5.jar:na]
	at java.base/java.lang.Thread.run(Thread.java:840) ~[na:na]

2026-07-28T10:54:13.760+05:30  WARN 37596 --- [hub-api] [y-1785215101795] l.r.l.service.MqttSubscriberService      : Failed to process MQTT payload on topic resq/M01/telemetry. Raw payload: {"device_id":"M01","telemetry_mode":"SENSOR_STREAM","state":"PAIRED_IDLE","pressure_0_kpa":0.847,"pressure_0_kpa_valid":true,"pressure_1_kpa":1.431,"pressure_1_kpa_valid":true,"pressure_2_kpa":1.327,"pressure_2_kpa_valid":true,"pressure_kpa_valid":true,"hall_mm":13.47,"hall_progress":0.451,"hall_mm_valid":true,"pressure_saturation_mask":0,"interval_ms":200,"ts_ms":26228}. Error message: pressure_0_raw is required and must be an integer

java.lang.IllegalArgumentException: pressure_0_raw is required and must be an integer
	at lk.resq.localhub.service.SensorStreamService.requiredInt(SensorStreamService.java:306) ~[classes/:na]
	at lk.resq.localhub.service.SensorStreamService.parseSnapshot(SensorStreamService.java:65) ~[classes/:na]
	at lk.resq.localhub.service.MqttSubscriberService.handleMessage(MqttSubscriberService.java:437) ~[classes/:na]
	at lk.resq.localhub.service.MqttSubscriberService$1.messageArrived(MqttSubscriberService.java:321) ~[classes/:na]
	at org.eclipse.paho.client.mqttv3.internal.CommsCallback.deliverMessage(CommsCallback.java:519) ~[org.eclipse.paho.client.mqttv3-1.2.5.jar:na]
	at org.eclipse.paho.client.mqttv3.internal.CommsCallback.handleMessage(CommsCallback.java:417) ~[org.eclipse.paho.client.mqttv3-1.2.5.jar:na]
	at org.eclipse.paho.client.mqttv3.internal.CommsCallback.run(CommsCallback.java:214) ~[org.eclipse.paho.client.mqttv3-1.2.5.jar:na]
	at java.base/java.lang.Thread.run(Thread.java:840) ~[na:na]

2026-07-28T10:54:13.967+05:30  WARN 37596 --- [hub-api] [y-1785215101795] l.r.l.service.MqttSubscriberService      : Failed to process MQTT payload on topic resq/M01/telemetry. Raw payload: {"device_id":"M01","telemetry_mode":"SENSOR_STREAM","state":"PAIRED_IDLE","pressure_0_kpa":0.873,"pressure_0_kpa_valid":true,"pressure_1_kpa":1.448,"pressure_1_kpa_valid":false,"pressure_2_kpa":1.314,"pressure_2_kpa_valid":true,"pressure_kpa_valid":false,"hall_mm":14.01,"hall_progress":0.468,"hall_mm_valid":true,"pressure_saturation_mask":0,"interval_ms":200,"ts_ms":26434}. Error message: pressure_0_raw is required and must be an integer

java.lang.IllegalArgumentException: pressure_0_raw is required and must be an integer
	at lk.resq.localhub.service.SensorStreamService.requiredInt(SensorStreamService.java:306) ~[classes/:na]
	at lk.resq.localhub.service.SensorStreamService.parseSnapshot(SensorStreamService.java:65) ~[classes/:na]
	at lk.resq.localhub.service.MqttSubscriberService.handleMessage(MqttSubscriberService.java:437) ~[classes/:na]
	at lk.resq.localhub.service.MqttSubscriberService$1.messageArrived(MqttSubscriberService.java:321) ~[classes/:na]
	at org.eclipse.paho.client.mqttv3.internal.CommsCallback.deliverMessage(CommsCallback.java:519) ~[org.eclipse.paho.client.mqttv3-1.2.5.jar:na]
	at org.eclipse.paho.client.mqttv3.internal.CommsCallback.handleMessage(CommsCallback.java:417) ~[org.eclipse.paho.client.mqttv3-1.2.5.jar:na]
	at org.eclipse.paho.client.mqttv3.internal.CommsCallback.run(CommsCallback.java:214) ~[org.eclipse.paho.client.mqttv3-1.2.5.jar:na]
	at java.base/java.lang.Thread.run(Thread.java:840) ~[na:na]

2026-07-28T10:54:14.181+05:30  WARN 37596 --- [hub-api] [y-1785215101795] l.r.l.service.MqttSubscriberService      : Failed to process MQTT payload on topic resq/M01/telemetry. Raw payload: {"device_id":"M01","telemetry_mode":"SENSOR_STREAM","state":"PAIRED_IDLE","pressure_0_kpa":0.894,"pressure_0_kpa_valid":true,"pressure_1_kpa":1.463,"pressure_1_kpa_valid":true,"pressure_2_kpa":1.303,"pressure_2_kpa_valid":true,"pressure_kpa_valid":true,"hall_mm":14.46,"hall_progress":0.483,"hall_mm_valid":true,"pressure_saturation_mask":0,"interval_ms":200,"ts_ms":26646}. Error message: pressure_0_raw is required and must be an integer

java.lang.IllegalArgumentException: pressure_0_raw is required and must be an integer
	at lk.resq.localhub.service.SensorStreamService.requiredInt(SensorStreamService.java:306) ~[classes/:na]
	at lk.resq.localhub.service.SensorStreamService.parseSnapshot(SensorStreamService.java:65) ~[classes/:na]
	at lk.resq.localhub.service.MqttSubscriberService.handleMessage(MqttSubscriberService.java:437) ~[classes/:na]
	at lk.resq.localhub.service.MqttSubscriberService$1.messageArrived(MqttSubscriberService.java:321) ~[classes/:na]
	at org.eclipse.paho.client.mqttv3.internal.CommsCallback.deliverMessage(CommsCallback.java:519) ~[org.eclipse.paho.client.mqttv3-1.2.5.jar:na]
	at org.eclipse.paho.client.mqttv3.internal.CommsCallback.handleMessage(CommsCallback.java:417) ~[org.eclipse.paho.client.mqttv3-1.2.5.jar:na]
	at org.eclipse.paho.client.mqttv3.internal.CommsCallback.run(CommsCallback.java:214) ~[org.eclipse.paho.client.mqttv3-1.2.5.jar:na]
	at java.base/java.lang.Thread.run(Thread.java:840) ~[na:na]

2026-07-28T10:54:14.382+05:30  WARN 37596 --- [hub-api] [y-1785215101795] l.r.l.service.MqttSubscriberService      : Failed to process MQTT payload on topic resq/M01/telemetry. Raw payload: {"device_id":"M01","telemetry_mode":"SENSOR_STREAM","state":"PAIRED_IDLE","pressure_0_kpa":0.91,"pressure_0_kpa_valid":true,"pressure_1_kpa":1.473,"pressure_1_kpa_valid":true,"pressure_2_kpa":1.295,"pressure_2_kpa_valid":true,"pressure_kpa_valid":true,"hall_mm":14.78,"hall_progress":0.493,"hall_mm_valid":true,"pressure_saturation_mask":0,"interval_ms":200,"ts_ms":26847}. Error message: pressure_0_raw is required and must be an integer

java.lang.IllegalArgumentException: pressure_0_raw is required and must be an integer
	at lk.resq.localhub.service.SensorStreamService.requiredInt(SensorStreamService.java:306) ~[classes/:na]
	at lk.resq.localhub.service.SensorStreamService.parseSnapshot(SensorStreamService.java:65) ~[classes/:na]
	at lk.resq.localhub.service.MqttSubscriberService.handleMessage(MqttSubscriberService.java:437) ~[classes/:na]
	at lk.resq.localhub.service.MqttSubscriberService$1.messageArrived(MqttSubscriberService.java:321) ~[classes/:na]
	at org.eclipse.paho.client.mqttv3.internal.CommsCallback.deliverMessage(CommsCallback.java:519) ~[org.eclipse.paho.client.mqttv3-1.2.5.jar:na]
	at org.eclipse.paho.client.mqttv3.internal.CommsCallback.handleMessage(CommsCallback.java:417) ~[org.eclipse.paho.client.mqttv3-1.2.5.jar:na]
	at org.eclipse.paho.client.mqttv3.internal.CommsCallback.run(CommsCallback.java:214) ~[org.eclipse.paho.client.mqttv3-1.2.5.jar:na]
	at java.base/java.lang.Thread.run(Thread.java:840) ~[na:na]

2026-07-28T10:54:14.591+05:30  WARN 37596 --- [hub-api] [y-1785215101795] l.r.l.service.MqttSubscriberService      : Failed to process MQTT payload on topic resq/M01/telemetry. Raw payload: {"device_id":"M01","telemetry_mode":"SENSOR_STREAM","state":"PAIRED_IDLE","pressure_0_kpa":0.918,"pressure_0_kpa_valid":true,"pressure_1_kpa":1.479,"pressure_1_kpa_valid":true,"pressure_2_kpa":1.291,"pressure_2_kpa_valid":true,"pressure_kpa_valid":true,"hall_mm":14.96,"hall_progress":0.499,"hall_mm_valid":true,"pressure_saturation_mask":0,"interval_ms":200,"ts_ms":27054}. Error message: pressure_0_raw is required and must be an integer

java.lang.IllegalArgumentException: pressure_0_raw is required and must be an integer
	at lk.resq.localhub.service.SensorStreamService.requiredInt(SensorStreamService.java:306) ~[classes/:na]
	at lk.resq.localhub.service.SensorStreamService.parseSnapshot(SensorStreamService.java:65) ~[classes/:na]
	at lk.resq.localhub.service.MqttSubscriberService.handleMessage(MqttSubscriberService.java:437) ~[classes/:na]
	at lk.resq.localhub.service.MqttSubscriberService$1.messageArrived(MqttSubscriberService.java:321) ~[classes/:na]
	at org.eclipse.paho.client.mqttv3.internal.CommsCallback.deliverMessage(CommsCallback.java:519) ~[org.eclipse.paho.client.mqttv3-1.2.5.jar:na]
	at org.eclipse.paho.client.mqttv3.internal.CommsCallback.handleMessage(CommsCallback.java:417) ~[org.eclipse.paho.client.mqttv3-1.2.5.jar:na]
	at org.eclipse.paho.client.mqttv3.internal.CommsCallback.run(CommsCallback.java:214) ~[org.eclipse.paho.client.mqttv3-1.2.5.jar:na]
	at java.base/java.lang.Thread.run(Thread.java:840) ~[na:na]

2026-07-28T10:54:14.794+05:30  WARN 37596 --- [hub-api] [y-1785215101795] l.r.l.service.MqttSubscriberService      : Failed to process MQTT payload on topic resq/M01/telemetry. Raw payload: {"device_id":"M01","telemetry_mode":"SENSOR_STREAM","state":"PAIRED_IDLE","pressure_0_kpa":0.92,"pressure_0_kpa_valid":true,"pressure_1_kpa":1.48,"pressure_1_kpa_valid":true,"pressure_2_kpa":1.29,"pressure_2_kpa_valid":true,"pressure_kpa_valid":true,"hall_mm":14.99,"hall_progress":0.5,"hall_mm_valid":true,"pressure_saturation_mask":0,"interval_ms":200,"ts_ms":27259}. Error message: pressure_0_raw is required and must be an integer

java.lang.IllegalArgumentException: pressure_0_raw is required and must be an integer
	at lk.resq.localhub.service.SensorStreamService.requiredInt(SensorStreamService.java:306) ~[classes/:na]
	at lk.resq.localhub.service.SensorStreamService.parseSnapshot(SensorStreamService.java:65) ~[classes/:na]
	at lk.resq.localhub.service.MqttSubscriberService.handleMessage(MqttSubscriberService.java:437) ~[classes/:na]
	at lk.resq.localhub.service.MqttSubscriberService$1.messageArrived(MqttSubscriberService.java:321) ~[classes/:na]
	at org.eclipse.paho.client.mqttv3.internal.CommsCallback.deliverMessage(CommsCallback.java:519) ~[org.eclipse.paho.client.mqttv3-1.2.5.jar:na]
	at org.eclipse.paho.client.mqttv3.internal.CommsCallback.handleMessage(CommsCallback.java:417) ~[org.eclipse.paho.client.mqttv3-1.2.5.jar:na]
	at org.eclipse.paho.client.mqttv3.internal.CommsCallback.run(CommsCallback.java:214) ~[org.eclipse.paho.client.mqttv3-1.2.5.jar:na]
	at java.base/java.lang.Thread.run(Thread.java:840) ~[na:na]

2026-07-28T10:54:14.988+05:30  WARN 37596 --- [hub-api] [y-1785215101795] l.r.l.service.MqttSubscriberService      : Failed to process MQTT payload on topic resq/M01/telemetry. Raw payload: {"device_id":"M01","telemetry_mode":"SENSOR_STREAM","state":"PAIRED_IDLE","pressure_0_kpa":0.914,"pressure_0_kpa_valid":true,"pressure_1_kpa":1.476,"pressure_1_kpa_valid":true,"pressure_2_kpa":1.293,"pressure_2_kpa_valid":true,"pressure_kpa_valid":true,"hall_mm":14.87,"hall_progress":0.496,"hall_mm_valid":true,"pressure_saturation_mask":0,"interval_ms":200,"ts_ms":27458}. Error message: pressure_0_raw is required and must be an integer

java.lang.IllegalArgumentException: pressure_0_raw is required and must be an integer
	at lk.resq.localhub.service.SensorStreamService.requiredInt(SensorStreamService.java:306) ~[classes/:na]
	at lk.resq.localhub.service.SensorStreamService.parseSnapshot(SensorStreamService.java:65) ~[classes/:na]
	at lk.resq.localhub.service.MqttSubscriberService.handleMessage(MqttSubscriberService.java:437) ~[classes/:na]
	at lk.resq.localhub.service.MqttSubscriberService$1.messageArrived(MqttSubscriberService.java:321) ~[classes/:na]
	at org.eclipse.paho.client.mqttv3.internal.CommsCallback.deliverMessage(CommsCallback.java:519) ~[org.eclipse.paho.client.mqttv3-1.2.5.jar:na]
	at org.eclipse.paho.client.mqttv3.internal.CommsCallback.handleMessage(CommsCallback.java:417) ~[org.eclipse.paho.client.mqttv3-1.2.5.jar:na]
	at org.eclipse.paho.client.mqttv3.internal.CommsCallback.run(CommsCallback.java:214) ~[org.eclipse.paho.client.mqttv3-1.2.5.jar:na]
	at java.base/java.lang.Thread.run(Thread.java:840) ~[na:na]

2026-07-28T10:54:15.198+05:30  WARN 37596 --- [hub-api] [y-1785215101795] l.r.l.service.MqttSubscriberService      : Failed to process MQTT payload on topic resq/M01/telemetry. Raw payload: {"device_id":"M01","telemetry_mode":"SENSOR_STREAM","state":"PAIRED_IDLE","pressure_0_kpa":0.9,"pressure_0_kpa_valid":true,"pressure_1_kpa":1.467,"pressure_1_kpa_valid":true,"pressure_2_kpa":1.3,"pressure_2_kpa_valid":true,"pressure_kpa_valid":true,"hall_mm":14.59,"hall_progress":0.487,"hall_mm_valid":true,"pressure_saturation_mask":0,"interval_ms":200,"ts_ms":27661}. Error message: pressure_0_raw is required and must be an integer

java.lang.IllegalArgumentException: pressure_0_raw is required and must be an integer
	at lk.resq.localhub.service.SensorStreamService.requiredInt(SensorStreamService.java:306) ~[classes/:na]
	at lk.resq.localhub.service.SensorStreamService.parseSnapshot(SensorStreamService.java:65) ~[classes/:na]
	at lk.resq.localhub.service.MqttSubscriberService.handleMessage(MqttSubscriberService.java:437) ~[classes/:na]
	at lk.resq.localhub.service.MqttSubscriberService$1.messageArrived(MqttSubscriberService.java:321) ~[classes/:na]
	at org.eclipse.paho.client.mqttv3.internal.CommsCallback.deliverMessage(CommsCallback.java:519) ~[org.eclipse.paho.client.mqttv3-1.2.5.jar:na]
	at org.eclipse.paho.client.mqttv3.internal.CommsCallback.handleMessage(CommsCallback.java:417) ~[org.eclipse.paho.client.mqttv3-1.2.5.jar:na]
	at org.eclipse.paho.client.mqttv3.internal.CommsCallback.run(CommsCallback.java:214) ~[org.eclipse.paho.client.mqttv3-1.2.5.jar:na]
	at java.base/java.lang.Thread.run(Thread.java:840) ~[na:na]

2026-07-28T10:54:15.387+05:30  WARN 37596 --- [hub-api] [y-1785215101795] l.r.l.service.MqttSubscriberService      : Failed to process MQTT payload on topic resq/M01/telemetry. Raw payload: {"device_id":"M01","telemetry_mode":"SENSOR_STREAM","state":"PAIRED_IDLE","pressure_0_kpa":0.881,"pressure_0_kpa_valid":true,"pressure_1_kpa":1.454,"pressure_1_kpa_valid":true,"pressure_2_kpa":1.309,"pressure_2_kpa_valid":true,"pressure_kpa_valid":true,"hall_mm":14.19,"hall_progress":0.474,"hall_mm_valid":true,"pressure_saturation_mask":2,"interval_ms":200,"ts_ms":27864}. Error message: pressure_0_raw is required and must be an integer

java.lang.IllegalArgumentException: pressure_0_raw is required and must be an integer
	at lk.resq.localhub.service.SensorStreamService.requiredInt(SensorStreamService.java:306) ~[classes/:na]
	at lk.resq.localhub.service.SensorStreamService.parseSnapshot(SensorStreamService.java:65) ~[classes/:na]
	at lk.resq.localhub.service.MqttSubscriberService.handleMessage(MqttSubscriberService.java:437) ~[classes/:na]
	at lk.resq.localhub.service.MqttSubscriberService$1.messageArrived(MqttSubscriberService.java:321) ~[classes/:na]
	at org.eclipse.paho.client.mqttv3.internal.CommsCallback.deliverMessage(CommsCallback.java:519) ~[org.eclipse.paho.client.mqttv3-1.2.5.jar:na]
	at org.eclipse.paho.client.mqttv3.internal.CommsCallback.handleMessage(CommsCallback.java:417) ~[org.eclipse.paho.client.mqttv3-1.2.5.jar:na]
	at org.eclipse.paho.client.mqttv3.internal.CommsCallback.run(CommsCallback.java:214) ~[org.eclipse.paho.client.mqttv3-1.2.5.jar:na]
	at java.base/java.lang.Thread.run(Thread.java:840) ~[na:na]

2026-07-28T10:54:15.606+05:30  WARN 37596 --- [hub-api] [y-1785215101795] l.r.l.service.MqttSubscriberService      : Failed to process MQTT payload on topic resq/M01/telemetry. Raw payload: {"device_id":"M01","telemetry_mode":"SENSOR_STREAM","state":"PAIRED_IDLE","pressure_0_kpa":0.857,"pressure_0_kpa_valid":true,"pressure_1_kpa":1.438,"pressure_1_kpa_valid":true,"pressure_2_kpa":1.322,"pressure_2_kpa_valid":true,"pressure_kpa_valid":true,"hall_mm":13.68,"hall_progress":0.458,"hall_mm_valid":true,"pressure_saturation_mask":0,"interval_ms":200,"ts_ms":28068}. Error message: pressure_0_raw is required and must be an integer

java.lang.IllegalArgumentException: pressure_0_raw is required and must be an integer
	at lk.resq.localhub.service.SensorStreamService.requiredInt(SensorStreamService.java:306) ~[classes/:na]
	at lk.resq.localhub.service.SensorStreamService.parseSnapshot(SensorStreamService.java:65) ~[classes/:na]
	at lk.resq.localhub.service.MqttSubscriberService.handleMessage(MqttSubscriberService.java:437) ~[classes/:na]
	at lk.resq.localhub.service.MqttSubscriberService$1.messageArrived(MqttSubscriberService.java:321) ~[classes/:na]
	at org.eclipse.paho.client.mqttv3.internal.CommsCallback.deliverMessage(CommsCallback.java:519) ~[org.eclipse.paho.client.mqttv3-1.2.5.jar:na]
	at org.eclipse.paho.client.mqttv3.internal.CommsCallback.handleMessage(CommsCallback.java:417) ~[org.eclipse.paho.client.mqttv3-1.2.5.jar:na]
	at org.eclipse.paho.client.mqttv3.internal.CommsCallback.run(CommsCallback.java:214) ~[org.eclipse.paho.client.mqttv3-1.2.5.jar:na]
	at java.base/java.lang.Thread.run(Thread.java:840) ~[na:na]

2026-07-28T10:54:15.807+05:30  WARN 37596 --- [hub-api] [y-1785215101795] l.r.l.service.MqttSubscriberService      : Failed to process MQTT payload on topic resq/M01/telemetry. Raw payload: {"device_id":"M01","telemetry_mode":"SENSOR_STREAM","state":"PAIRED_IDLE","pressure_0_kpa":0.829,"pressure_0_kpa_valid":true,"pressure_1_kpa":1.419,"pressure_1_kpa_valid":true,"pressure_2_kpa":1.336,"pressure_2_kpa_valid":true,"pressure_kpa_valid":true,"hall_mm":13.1,"hall_progress":0.439,"hall_mm_valid":true,"pressure_saturation_mask":0,"interval_ms":200,"ts_ms":28272}. Error message: pressure_0_raw is required and must be an integer

java.lang.IllegalArgumentException: pressure_0_raw is required and must be an integer
	at lk.resq.localhub.service.SensorStreamService.requiredInt(SensorStreamService.java:306) ~[classes/:na]
	at lk.resq.localhub.service.SensorStreamService.parseSnapshot(SensorStreamService.java:65) ~[classes/:na]
	at lk.resq.localhub.service.MqttSubscriberService.handleMessage(MqttSubscriberService.java:437) ~[classes/:na]
	at lk.resq.localhub.service.MqttSubscriberService$1.messageArrived(MqttSubscriberService.java:321) ~[classes/:na]
	at org.eclipse.paho.client.mqttv3.internal.CommsCallback.deliverMessage(CommsCallback.java:519) ~[org.eclipse.paho.client.mqttv3-1.2.5.jar:na]
	at org.eclipse.paho.client.mqttv3.internal.CommsCallback.handleMessage(CommsCallback.java:417) ~[org.eclipse.paho.client.mqttv3-1.2.5.jar:na]
	at org.eclipse.paho.client.mqttv3.internal.CommsCallback.run(CommsCallback.java:214) ~[org.eclipse.paho.client.mqttv3-1.2.5.jar:na]
	at java.base/java.lang.Thread.run(Thread.java:840) ~[na:na]

2026-07-28T10:54:16.016+05:30  WARN 37596 --- [hub-api] [y-1785215101795] l.r.l.service.MqttSubscriberService      : Failed to process MQTT payload on topic resq/M01/telemetry. Raw payload: {"device_id":"M01","telemetry_mode":"SENSOR_STREAM","state":"PAIRED_IDLE","pressure_0_kpa":0.799,"pressure_0_kpa_valid":true,"pressure_1_kpa":1.399,"pressure_1_kpa_valid":true,"pressure_2_kpa":1.351,"pressure_2_kpa_valid":true,"pressure_kpa_valid":true,"hall_mm":12.48,"hall_progress":0.419,"hall_mm_valid":true,"pressure_saturation_mask":0,"interval_ms":200,"ts_ms":28481}. Error message: pressure_0_raw is required and must be an integer

java.lang.IllegalArgumentException: pressure_0_raw is required and must be an integer
	at lk.resq.localhub.service.SensorStreamService.requiredInt(SensorStreamService.java:306) ~[classes/:na]
	at lk.resq.localhub.service.SensorStreamService.parseSnapshot(SensorStreamService.java:65) ~[classes/:na]
	at lk.resq.localhub.service.MqttSubscriberService.handleMessage(MqttSubscriberService.java:437) ~[classes/:na]
	at lk.resq.localhub.service.MqttSubscriberService$1.messageArrived(MqttSubscriberService.java:321) ~[classes/:na]
	at org.eclipse.paho.client.mqttv3.internal.CommsCallback.deliverMessage(CommsCallback.java:519) ~[org.eclipse.paho.client.mqttv3-1.2.5.jar:na]
	at org.eclipse.paho.client.mqttv3.internal.CommsCallback.handleMessage(CommsCallback.java:417) ~[org.eclipse.paho.client.mqttv3-1.2.5.jar:na]
	at org.eclipse.paho.client.mqttv3.internal.CommsCallback.run(CommsCallback.java:214) ~[org.eclipse.paho.client.mqttv3-1.2.5.jar:na]
	at java.base/java.lang.Thread.run(Thread.java:840) ~[na:na]

2026-07-28T10:54:16.226+05:30  WARN 37596 --- [hub-api] [y-1785215101795] l.r.l.service.MqttSubscriberService      : Failed to process MQTT payload on topic resq/M01/telemetry. Raw payload: {"device_id":"M01","telemetry_mode":"SENSOR_STREAM","state":"PAIRED_IDLE","pressure_0_kpa":0.769,"pressure_0_kpa_valid":true,"pressure_1_kpa":1.38,"pressure_1_kpa_valid":true,"pressure_2_kpa":1.365,"pressure_2_kpa_valid":true,"pressure_kpa_valid":true,"hall_mm":11.86,"hall_progress":0.4,"hall_mm_valid":true,"pressure_saturation_mask":0,"interval_ms":200,"ts_ms":28694}. Error message: pressure_0_raw is required and must be an integer

java.lang.IllegalArgumentException: pressure_0_raw is required and must be an integer
	at lk.resq.localhub.service.SensorStreamService.requiredInt(SensorStreamService.java:306) ~[classes/:na]
	at lk.resq.localhub.service.SensorStreamService.parseSnapshot(SensorStreamService.java:65) ~[classes/:na]
	at lk.resq.localhub.service.MqttSubscriberService.handleMessage(MqttSubscriberService.java:437) ~[classes/:na]
	at lk.resq.localhub.service.MqttSubscriberService$1.messageArrived(MqttSubscriberService.java:321) ~[classes/:na]
	at org.eclipse.paho.client.mqttv3.internal.CommsCallback.deliverMessage(CommsCallback.java:519) ~[org.eclipse.paho.client.mqttv3-1.2.5.jar:na]
	at org.eclipse.paho.client.mqttv3.internal.CommsCallback.handleMessage(CommsCallback.java:417) ~[org.eclipse.paho.client.mqttv3-1.2.5.jar:na]
	at org.eclipse.paho.client.mqttv3.internal.CommsCallback.run(CommsCallback.java:214) ~[org.eclipse.paho.client.mqttv3-1.2.5.jar:na]
	at java.base/java.lang.Thread.run(Thread.java:840) ~[na:na]

2026-07-28T10:54:16.432+05:30  WARN 37596 --- [hub-api] [y-1785215101795] l.r.l.service.MqttSubscriberService      : Failed to process MQTT payload on topic resq/M01/telemetry. Raw payload: {"device_id":"M01","telemetry_mode":"SENSOR_STREAM","state":"PAIRED_IDLE","pressure_0_kpa":0.742,"pressure_0_kpa_valid":true,"pressure_1_kpa":1.361,"pressure_1_kpa_valid":true,"pressure_2_kpa":1.379,"pressure_2_kpa_valid":true,"pressure_kpa_valid":true,"hall_mm":11.28,"hall_progress":0.381,"hall_mm_valid":true,"pressure_saturation_mask":0,"interval_ms":200,"ts_ms":28896}. Error message: pressure_0_raw is required and must be an integer

java.lang.IllegalArgumentException: pressure_0_raw is required and must be an integer
	at lk.resq.localhub.service.SensorStreamService.requiredInt(SensorStreamService.java:306) ~[classes/:na]
	at lk.resq.localhub.service.SensorStreamService.parseSnapshot(SensorStreamService.java:65) ~[classes/:na]
	at lk.resq.localhub.service.MqttSubscriberService.handleMessage(MqttSubscriberService.java:437) ~[classes/:na]
	at lk.resq.localhub.service.MqttSubscriberService$1.messageArrived(MqttSubscriberService.java:321) ~[classes/:na]
	at org.eclipse.paho.client.mqttv3.internal.CommsCallback.deliverMessage(CommsCallback.java:519) ~[org.eclipse.paho.client.mqttv3-1.2.5.jar:na]
	at org.eclipse.paho.client.mqttv3.internal.CommsCallback.handleMessage(CommsCallback.java:417) ~[org.eclipse.paho.client.mqttv3-1.2.5.jar:na]
	at org.eclipse.paho.client.mqttv3.internal.CommsCallback.run(CommsCallback.java:214) ~[org.eclipse.paho.client.mqttv3-1.2.5.jar:na]
	at java.base/java.lang.Thread.run(Thread.java:840) ~[na:na]

2026-07-28T10:54:16.625+05:30  WARN 37596 --- [hub-api] [y-1785215101795] l.r.l.service.MqttSubscriberService      : Failed to process MQTT payload on topic resq/M01/telemetry. Raw payload: {"device_id":"M01","telemetry_mode":"SENSOR_STREAM","state":"PAIRED_IDLE","pressure_0_kpa":0.717,"pressure_0_kpa_valid":true,"pressure_1_kpa":1.345,"pressure_1_kpa_valid":false,"pressure_2_kpa":1.391,"pressure_2_kpa_valid":true,"pressure_kpa_valid":false,"hall_mm":10.78,"hall_progress":0.365,"hall_mm_valid":true,"pressure_saturation_mask":0,"interval_ms":200,"ts_ms":29100}. Error message: pressure_0_raw is required and must be an integer

java.lang.IllegalArgumentException: pressure_0_raw is required and must be an integer
	at lk.resq.localhub.service.SensorStreamService.requiredInt(SensorStreamService.java:306) ~[classes/:na]
	at lk.resq.localhub.service.SensorStreamService.parseSnapshot(SensorStreamService.java:65) ~[classes/:na]
	at lk.resq.localhub.service.MqttSubscriberService.handleMessage(MqttSubscriberService.java:437) ~[classes/:na]
	at lk.resq.localhub.service.MqttSubscriberService$1.messageArrived(MqttSubscriberService.java:321) ~[classes/:na]
	at org.eclipse.paho.client.mqttv3.internal.CommsCallback.deliverMessage(CommsCallback.java:519) ~[org.eclipse.paho.client.mqttv3-1.2.5.jar:na]
	at org.eclipse.paho.client.mqttv3.internal.CommsCallback.handleMessage(CommsCallback.java:417) ~[org.eclipse.paho.client.mqttv3-1.2.5.jar:na]
	at org.eclipse.paho.client.mqttv3.internal.CommsCallback.run(CommsCallback.java:214) ~[org.eclipse.paho.client.mqttv3-1.2.5.jar:na]
	at java.base/java.lang.Thread.run(Thread.java:840) ~[na:na]

2026-07-28T10:54:16.840+05:30  WARN 37596 --- [hub-api] [y-1785215101795] l.r.l.service.MqttSubscriberService      : Failed to process MQTT payload on topic resq/M01/telemetry. Raw payload: {"device_id":"M01","telemetry_mode":"SENSOR_STREAM","state":"PAIRED_IDLE","pressure_0_kpa":0.698,"pressure_0_kpa_valid":true,"pressure_1_kpa":1.332,"pressure_1_kpa_valid":true,"pressure_2_kpa":1.401,"pressure_2_kpa_valid":true,"pressure_kpa_valid":true,"hall_mm":10.38,"hall_progress":0.352,"hall_mm_valid":true,"pressure_saturation_mask":0,"interval_ms":200,"ts_ms":29302}. Error message: pressure_0_raw is required and must be an integer

java.lang.IllegalArgumentException: pressure_0_raw is required and must be an integer
	at lk.resq.localhub.service.SensorStreamService.requiredInt(SensorStreamService.java:306) ~[classes/:na]
	at lk.resq.localhub.service.SensorStreamService.parseSnapshot(SensorStreamService.java:65) ~[classes/:na]
	at lk.resq.localhub.service.MqttSubscriberService.handleMessage(MqttSubscriberService.java:437) ~[classes/:na]
	at lk.resq.localhub.service.MqttSubscriberService$1.messageArrived(MqttSubscriberService.java:321) ~[classes/:na]
	at org.eclipse.paho.client.mqttv3.internal.CommsCallback.deliverMessage(CommsCallback.java:519) ~[org.eclipse.paho.client.mqttv3-1.2.5.jar:na]
	at org.eclipse.paho.client.mqttv3.internal.CommsCallback.handleMessage(CommsCallback.java:417) ~[org.eclipse.paho.client.mqttv3-1.2.5.jar:na]
	at org.eclipse.paho.client.mqttv3.internal.CommsCallback.run(CommsCallback.java:214) ~[org.eclipse.paho.client.mqttv3-1.2.5.jar:na]
	at java.base/java.lang.Thread.run(Thread.java:840) ~[na:na]

2026-07-28T10:54:17.042+05:30  WARN 37596 --- [hub-api] [y-1785215101795] l.r.l.service.MqttSubscriberService      : Failed to process MQTT payload on topic resq/M01/telemetry. Raw payload: {"device_id":"M01","telemetry_mode":"SENSOR_STREAM","state":"PAIRED_IDLE","pressure_0_kpa":0.686,"pressure_0_kpa_valid":true,"pressure_1_kpa":1.324,"pressure_1_kpa_valid":true,"pressure_2_kpa":1.407,"pressure_2_kpa_valid":true,"pressure_kpa_valid":true,"hall_mm":10.12,"hall_progress":0.344,"hall_mm_valid":true,"pressure_saturation_mask":0,"interval_ms":200,"ts_ms":29518}. Error message: pressure_0_raw is required and must be an integer

java.lang.IllegalArgumentException: pressure_0_raw is required and must be an integer
	at lk.resq.localhub.service.SensorStreamService.requiredInt(SensorStreamService.java:306) ~[classes/:na]
	at lk.resq.localhub.service.SensorStreamService.parseSnapshot(SensorStreamService.java:65) ~[classes/:na]
	at lk.resq.localhub.service.MqttSubscriberService.handleMessage(MqttSubscriberService.java:437) ~[classes/:na]
	at lk.resq.localhub.service.MqttSubscriberService$1.messageArrived(MqttSubscriberService.java:321) ~[classes/:na]
	at org.eclipse.paho.client.mqttv3.internal.CommsCallback.deliverMessage(CommsCallback.java:519) ~[org.eclipse.paho.client.mqttv3-1.2.5.jar:na]
	at org.eclipse.paho.client.mqttv3.internal.CommsCallback.handleMessage(CommsCallback.java:417) ~[org.eclipse.paho.client.mqttv3-1.2.5.jar:na]
	at org.eclipse.paho.client.mqttv3.internal.CommsCallback.run(CommsCallback.java:214) ~[org.eclipse.paho.client.mqttv3-1.2.5.jar:na]
	at java.base/java.lang.Thread.run(Thread.java:840) ~[na:na]

2026-07-28T10:54:17.257+05:30  WARN 37596 --- [hub-api] [y-1785215101795] l.r.l.service.MqttSubscriberService      : Failed to process MQTT payload on topic resq/M01/telemetry. Raw payload: {"device_id":"M01","telemetry_mode":"SENSOR_STREAM","state":"PAIRED_IDLE","pressure_0_kpa":0.68,"pressure_0_kpa_valid":true,"pressure_1_kpa":1.32,"pressure_1_kpa_valid":true,"pressure_2_kpa":1.41,"pressure_2_kpa_valid":true,"pressure_kpa_valid":true,"hall_mm":10,"hall_progress":0.34,"hall_mm_valid":true,"pressure_saturation_mask":0,"interval_ms":200,"ts_ms":29724}. Error message: pressure_0_raw is required and must be an integer

java.lang.IllegalArgumentException: pressure_0_raw is required and must be an integer
	at lk.resq.localhub.service.SensorStreamService.requiredInt(SensorStreamService.java:306) ~[classes/:na]
	at lk.resq.localhub.service.SensorStreamService.parseSnapshot(SensorStreamService.java:65) ~[classes/:na]
	at lk.resq.localhub.service.MqttSubscriberService.handleMessage(MqttSubscriberService.java:437) ~[classes/:na]
	at lk.resq.localhub.service.MqttSubscriberService$1.messageArrived(MqttSubscriberService.java:321) ~[classes/:na]
	at org.eclipse.paho.client.mqttv3.internal.CommsCallback.deliverMessage(CommsCallback.java:519) ~[org.eclipse.paho.client.mqttv3-1.2.5.jar:na]
	at org.eclipse.paho.client.mqttv3.internal.CommsCallback.handleMessage(CommsCallback.java:417) ~[org.eclipse.paho.client.mqttv3-1.2.5.jar:na]
	at org.eclipse.paho.client.mqttv3.internal.CommsCallback.run(CommsCallback.java:214) ~[org.eclipse.paho.client.mqttv3-1.2.5.jar:na]
	at java.base/java.lang.Thread.run(Thread.java:840) ~[na:na]

2026-07-28T10:54:17.459+05:30  WARN 37596 --- [hub-api] [y-1785215101795] l.r.l.service.MqttSubscriberService      : Failed to process MQTT payload on topic resq/M01/telemetry. Raw payload: {"device_id":"M01","telemetry_mode":"SENSOR_STREAM","state":"PAIRED_IDLE","pressure_0_kpa":0.682,"pressure_0_kpa_valid":true,"pressure_1_kpa":1.321,"pressure_1_kpa_valid":true,"pressure_2_kpa":1.409,"pressure_2_kpa_valid":true,"pressure_kpa_valid":true,"hall_mm":10.04,"hall_progress":0.341,"hall_mm_valid":true,"pressure_saturation_mask":0,"interval_ms":200,"ts_ms":29927}. Error message: pressure_0_raw is required and must be an integer

java.lang.IllegalArgumentException: pressure_0_raw is required and must be an integer
	at lk.resq.localhub.service.SensorStreamService.requiredInt(SensorStreamService.java:306) ~[classes/:na]
	at lk.resq.localhub.service.SensorStreamService.parseSnapshot(SensorStreamService.java:65) ~[classes/:na]
	at lk.resq.localhub.service.MqttSubscriberService.handleMessage(MqttSubscriberService.java:437) ~[classes/:na]
	at lk.resq.localhub.service.MqttSubscriberService$1.messageArrived(MqttSubscriberService.java:321) ~[classes/:na]
	at org.eclipse.paho.client.mqttv3.internal.CommsCallback.deliverMessage(CommsCallback.java:519) ~[org.eclipse.paho.client.mqttv3-1.2.5.jar:na]
	at org.eclipse.paho.client.mqttv3.internal.CommsCallback.handleMessage(CommsCallback.java:417) ~[org.eclipse.paho.client.mqttv3-1.2.5.jar:na]
	at org.eclipse.paho.client.mqttv3.internal.CommsCallback.run(CommsCallback.java:214) ~[org.eclipse.paho.client.mqttv3-1.2.5.jar:na]
	at java.base/java.lang.Thread.run(Thread.java:840) ~[na:na]

2026-07-28T10:54:17.663+05:30  WARN 37596 --- [hub-api] [y-1785215101795] l.r.l.service.MqttSubscriberService      : Failed to process MQTT payload on topic resq/M01/telemetry. Raw payload: {"device_id":"M01","telemetry_mode":"SENSOR_STREAM","state":"PAIRED_IDLE","pressure_0_kpa":0.691,"pressure_0_kpa_valid":true,"pressure_1_kpa":1.328,"pressure_1_kpa_valid":true,"pressure_2_kpa":1.404,"pressure_2_kpa_valid":true,"pressure_kpa_valid":true,"hall_mm":10.24,"hall_progress":0.348,"hall_mm_valid":true,"pressure_saturation_mask":0,"interval_ms":200,"ts_ms":30131}. Error message: pressure_0_raw is required and must be an integer

java.lang.IllegalArgumentException: pressure_0_raw is required and must be an integer
	at lk.resq.localhub.service.SensorStreamService.requiredInt(SensorStreamService.java:306) ~[classes/:na]
	at lk.resq.localhub.service.SensorStreamService.parseSnapshot(SensorStreamService.java:65) ~[classes/:na]
	at lk.resq.localhub.service.MqttSubscriberService.handleMessage(MqttSubscriberService.java:437) ~[classes/:na]
	at lk.resq.localhub.service.MqttSubscriberService$1.messageArrived(MqttSubscriberService.java:321) ~[classes/:na]
	at org.eclipse.paho.client.mqttv3.internal.CommsCallback.deliverMessage(CommsCallback.java:519) ~[org.eclipse.paho.client.mqttv3-1.2.5.jar:na]
	at org.eclipse.paho.client.mqttv3.internal.CommsCallback.handleMessage(CommsCallback.java:417) ~[org.eclipse.paho.client.mqttv3-1.2.5.jar:na]
	at org.eclipse.paho.client.mqttv3.internal.CommsCallback.run(CommsCallback.java:214) ~[org.eclipse.paho.client.mqttv3-1.2.5.jar:na]
	at java.base/java.lang.Thread.run(Thread.java:840) ~[na:na]

2026-07-28T10:54:17.867+05:30  WARN 37596 --- [hub-api] [y-1785215101795] l.r.l.service.MqttSubscriberService      : Failed to process MQTT payload on topic resq/M01/telemetry. Raw payload: {"device_id":"M01","telemetry_mode":"SENSOR_STREAM","state":"PAIRED_IDLE","pressure_0_kpa":0.707,"pressure_0_kpa_valid":true,"pressure_1_kpa":1.338,"pressure_1_kpa_valid":true,"pressure_2_kpa":1.396,"pressure_2_kpa_valid":true,"pressure_kpa_valid":true,"hall_mm":10.57,"hall_progress":0.358,"hall_mm_valid":true,"pressure_saturation_mask":0,"interval_ms":200,"ts_ms":30333}. Error message: pressure_0_raw is required and must be an integer

java.lang.IllegalArgumentException: pressure_0_raw is required and must be an integer
	at lk.resq.localhub.service.SensorStreamService.requiredInt(SensorStreamService.java:306) ~[classes/:na]
	at lk.resq.localhub.service.SensorStreamService.parseSnapshot(SensorStreamService.java:65) ~[classes/:na]
	at lk.resq.localhub.service.MqttSubscriberService.handleMessage(MqttSubscriberService.java:437) ~[classes/:na]
	at lk.resq.localhub.service.MqttSubscriberService$1.messageArrived(MqttSubscriberService.java:321) ~[classes/:na]
	at org.eclipse.paho.client.mqttv3.internal.CommsCallback.deliverMessage(CommsCallback.java:519) ~[org.eclipse.paho.client.mqttv3-1.2.5.jar:na]
	at org.eclipse.paho.client.mqttv3.internal.CommsCallback.handleMessage(CommsCallback.java:417) ~[org.eclipse.paho.client.mqttv3-1.2.5.jar:na]
	at org.eclipse.paho.client.mqttv3.internal.CommsCallback.run(CommsCallback.java:214) ~[org.eclipse.paho.client.mqttv3-1.2.5.jar:na]
	at java.base/java.lang.Thread.run(Thread.java:840) ~[na:na]

2026-07-28T10:54:18.074+05:30  WARN 37596 --- [hub-api] [y-1785215101795] l.r.l.service.MqttSubscriberService      : Failed to process MQTT payload on topic resq/M01/telemetry. Raw payload: {"device_id":"M01","telemetry_mode":"SENSOR_STREAM","state":"PAIRED_IDLE","pressure_0_kpa":0.729,"pressure_0_kpa_valid":true,"pressure_1_kpa":1.353,"pressure_1_kpa_valid":true,"pressure_2_kpa":1.385,"pressure_2_kpa_valid":true,"pressure_kpa_valid":true,"hall_mm":11.02,"hall_progress":0.373,"hall_mm_valid":true,"pressure_saturation_mask":0,"interval_ms":200,"ts_ms":30542}. Error message: pressure_0_raw is required and must be an integer

java.lang.IllegalArgumentException: pressure_0_raw is required and must be an integer
	at lk.resq.localhub.service.SensorStreamService.requiredInt(SensorStreamService.java:306) ~[classes/:na]
	at lk.resq.localhub.service.SensorStreamService.parseSnapshot(SensorStreamService.java:65) ~[classes/:na]
	at lk.resq.localhub.service.MqttSubscriberService.handleMessage(MqttSubscriberService.java:437) ~[classes/:na]
	at lk.resq.localhub.service.MqttSubscriberService$1.messageArrived(MqttSubscriberService.java:321) ~[classes/:na]
	at org.eclipse.paho.client.mqttv3.internal.CommsCallback.deliverMessage(CommsCallback.java:519) ~[org.eclipse.paho.client.mqttv3-1.2.5.jar:na]
	at org.eclipse.paho.client.mqttv3.internal.CommsCallback.handleMessage(CommsCallback.java:417) ~[org.eclipse.paho.client.mqttv3-1.2.5.jar:na]
	at org.eclipse.paho.client.mqttv3.internal.CommsCallback.run(CommsCallback.java:214) ~[org.eclipse.paho.client.mqttv3-1.2.5.jar:na]
	at java.base/java.lang.Thread.run(Thread.java:840) ~[na:na]

2026-07-28T10:54:18.274+05:30  WARN 37596 --- [hub-api] [y-1785215101795] l.r.l.service.MqttSubscriberService      : Failed to process MQTT payload on topic resq/M01/telemetry. Raw payload: {"device_id":"M01","telemetry_mode":"SENSOR_STREAM","state":"PAIRED_IDLE","pressure_0_kpa":0.755,"pressure_0_kpa_valid":true,"pressure_1_kpa":1.37,"pressure_1_kpa_valid":true,"pressure_2_kpa":1.372,"pressure_2_kpa_valid":true,"pressure_kpa_valid":true,"hall_mm":11.57,"hall_progress":0.39,"hall_mm_valid":true,"pressure_saturation_mask":0,"interval_ms":200,"ts_ms":30742}. Error message: pressure_0_raw is required and must be an integer

java.lang.IllegalArgumentException: pressure_0_raw is required and must be an integer
	at lk.resq.localhub.service.SensorStreamService.requiredInt(SensorStreamService.java:306) ~[classes/:na]
	at lk.resq.localhub.service.SensorStreamService.parseSnapshot(SensorStreamService.java:65) ~[classes/:na]
	at lk.resq.localhub.service.MqttSubscriberService.handleMessage(MqttSubscriberService.java:437) ~[classes/:na]
	at lk.resq.localhub.service.MqttSubscriberService$1.messageArrived(MqttSubscriberService.java:321) ~[classes/:na]
	at org.eclipse.paho.client.mqttv3.internal.CommsCallback.deliverMessage(CommsCallback.java:519) ~[org.eclipse.paho.client.mqttv3-1.2.5.jar:na]
	at org.eclipse.paho.client.mqttv3.internal.CommsCallback.handleMessage(CommsCallback.java:417) ~[org.eclipse.paho.client.mqttv3-1.2.5.jar:na]
	at org.eclipse.paho.client.mqttv3.internal.CommsCallback.run(CommsCallback.java:214) ~[org.eclipse.paho.client.mqttv3-1.2.5.jar:na]
	at java.base/java.lang.Thread.run(Thread.java:840) ~[na:na]

2026-07-28T10:54:18.466+05:30  WARN 37596 --- [hub-api] [y-1785215101795] l.r.l.service.MqttSubscriberService      : Failed to process MQTT payload on topic resq/M01/telemetry. Raw payload: {"device_id":"M01","telemetry_mode":"SENSOR_STREAM","state":"PAIRED_IDLE","pressure_0_kpa":0.784,"pressure_0_kpa_valid":true,"pressure_1_kpa":1.389,"pressure_1_kpa_valid":true,"pressure_2_kpa":1.358,"pressure_2_kpa_valid":true,"pressure_kpa_valid":true,"hall_mm":12.17,"hall_progress":0.409,"hall_mm_valid":true,"pressure_saturation_mask":0,"interval_ms":200,"ts_ms":30943}. Error message: pressure_0_raw is required and must be an integer

java.lang.IllegalArgumentException: pressure_0_raw is required and must be an integer
	at lk.resq.localhub.service.SensorStreamService.requiredInt(SensorStreamService.java:306) ~[classes/:na]
	at lk.resq.localhub.service.SensorStreamService.parseSnapshot(SensorStreamService.java:65) ~[classes/:na]
	at lk.resq.localhub.service.MqttSubscriberService.handleMessage(MqttSubscriberService.java:437) ~[classes/:na]
	at lk.resq.localhub.service.MqttSubscriberService$1.messageArrived(MqttSubscriberService.java:321) ~[classes/:na]
	at org.eclipse.paho.client.mqttv3.internal.CommsCallback.deliverMessage(CommsCallback.java:519) ~[org.eclipse.paho.client.mqttv3-1.2.5.jar:na]
	at org.eclipse.paho.client.mqttv3.internal.CommsCallback.handleMessage(CommsCallback.java:417) ~[org.eclipse.paho.client.mqttv3-1.2.5.jar:na]
	at org.eclipse.paho.client.mqttv3.internal.CommsCallback.run(CommsCallback.java:214) ~[org.eclipse.paho.client.mqttv3-1.2.5.jar:na]
	at java.base/java.lang.Thread.run(Thread.java:840) ~[na:na]

2026-07-28T10:54:18.671+05:30  WARN 37596 --- [hub-api] [y-1785215101795] l.r.l.service.MqttSubscriberService      : Failed to process MQTT payload on topic resq/M01/telemetry. Raw payload: {"device_id":"M01","telemetry_mode":"SENSOR_STREAM","state":"PAIRED_IDLE","pressure_0_kpa":0.814,"pressure_0_kpa_valid":true,"pressure_1_kpa":1.409,"pressure_1_kpa_valid":true,"pressure_2_kpa":1.343,"pressure_2_kpa_valid":true,"pressure_kpa_valid":true,"hall_mm":12.79,"hall_progress":0.429,"hall_mm_valid":true,"pressure_saturation_mask":0,"interval_ms":200,"ts_ms":31145}. Error message: pressure_0_raw is required and must be an integer

java.lang.IllegalArgumentException: pressure_0_raw is required and must be an integer
	at lk.resq.localhub.service.SensorStreamService.requiredInt(SensorStreamService.java:306) ~[classes/:na]
	at lk.resq.localhub.service.SensorStreamService.parseSnapshot(SensorStreamService.java:65) ~[classes/:na]
	at lk.resq.localhub.service.MqttSubscriberService.handleMessage(MqttSubscriberService.java:437) ~[classes/:na]
	at lk.resq.localhub.service.MqttSubscriberService$1.messageArrived(MqttSubscriberService.java:321) ~[classes/:na]
	at org.eclipse.paho.client.mqttv3.internal.CommsCallback.deliverMessage(CommsCallback.java:519) ~[org.eclipse.paho.client.mqttv3-1.2.5.jar:na]
	at org.eclipse.paho.client.mqttv3.internal.CommsCallback.handleMessage(CommsCallback.java:417) ~[org.eclipse.paho.client.mqttv3-1.2.5.jar:na]
	at org.eclipse.paho.client.mqttv3.internal.CommsCallback.run(CommsCallback.java:214) ~[org.eclipse.paho.client.mqttv3-1.2.5.jar:na]
	at java.base/java.lang.Thread.run(Thread.java:840) ~[na:na]

2026-07-28T10:54:18.885+05:30  WARN 37596 --- [hub-api] [y-1785215101795] l.r.l.service.MqttSubscriberService      : Failed to process MQTT payload on topic resq/M01/telemetry. Raw payload: {"device_id":"M01","telemetry_mode":"SENSOR_STREAM","state":"PAIRED_IDLE","pressure_0_kpa":0.843,"pressure_0_kpa_valid":true,"pressure_1_kpa":1.429,"pressure_1_kpa_valid":true,"pressure_2_kpa":1.328,"pressure_2_kpa_valid":true,"pressure_kpa_valid":true,"hall_mm":13.4,"hall_progress":0.449,"hall_mm_valid":true,"pressure_saturation_mask":2,"interval_ms":200,"ts_ms":31348}. Error message: pressure_0_raw is required and must be an integer

java.lang.IllegalArgumentException: pressure_0_raw is required and must be an integer
	at lk.resq.localhub.service.SensorStreamService.requiredInt(SensorStreamService.java:306) ~[classes/:na]
	at lk.resq.localhub.service.SensorStreamService.parseSnapshot(SensorStreamService.java:65) ~[classes/:na]
	at lk.resq.localhub.service.MqttSubscriberService.handleMessage(MqttSubscriberService.java:437) ~[classes/:na]
	at lk.resq.localhub.service.MqttSubscriberService$1.messageArrived(MqttSubscriberService.java:321) ~[classes/:na]
	at org.eclipse.paho.client.mqttv3.internal.CommsCallback.deliverMessage(CommsCallback.java:519) ~[org.eclipse.paho.client.mqttv3-1.2.5.jar:na]
	at org.eclipse.paho.client.mqttv3.internal.CommsCallback.handleMessage(CommsCallback.java:417) ~[org.eclipse.paho.client.mqttv3-1.2.5.jar:na]
	at org.eclipse.paho.client.mqttv3.internal.CommsCallback.run(CommsCallback.java:214) ~[org.eclipse.paho.client.mqttv3-1.2.5.jar:na]
	at java.base/java.lang.Thread.run(Thread.java:840) ~[na:na]

2026-07-28T10:54:19.099+05:30  WARN 37596 --- [hub-api] [y-1785215101795] l.r.l.service.MqttSubscriberService      : Failed to process MQTT payload on topic resq/M01/telemetry. Raw payload: {"device_id":"M01","telemetry_mode":"SENSOR_STREAM","state":"PAIRED_IDLE","pressure_0_kpa":0.869,"pressure_0_kpa_valid":true,"pressure_1_kpa":1.446,"pressure_1_kpa_valid":true,"pressure_2_kpa":1.315,"pressure_2_kpa_valid":true,"pressure_kpa_valid":true,"hall_mm":13.95,"hall_progress":0.466,"hall_mm_valid":true,"pressure_saturation_mask":0,"interval_ms":200,"ts_ms":31566}. Error message: pressure_0_raw is required and must be an integer

java.lang.IllegalArgumentException: pressure_0_raw is required and must be an integer
	at lk.resq.localhub.service.SensorStreamService.requiredInt(SensorStreamService.java:306) ~[classes/:na]
	at lk.resq.localhub.service.SensorStreamService.parseSnapshot(SensorStreamService.java:65) ~[classes/:na]
	at lk.resq.localhub.service.MqttSubscriberService.handleMessage(MqttSubscriberService.java:437) ~[classes/:na]
	at lk.resq.localhub.service.MqttSubscriberService$1.messageArrived(MqttSubscriberService.java:321) ~[classes/:na]
	at org.eclipse.paho.client.mqttv3.internal.CommsCallback.deliverMessage(CommsCallback.java:519) ~[org.eclipse.paho.client.mqttv3-1.2.5.jar:na]
	at org.eclipse.paho.client.mqttv3.internal.CommsCallback.handleMessage(CommsCallback.java:417) ~[org.eclipse.paho.client.mqttv3-1.2.5.jar:na]
	at org.eclipse.paho.client.mqttv3.internal.CommsCallback.run(CommsCallback.java:214) ~[org.eclipse.paho.client.mqttv3-1.2.5.jar:na]
	at java.base/java.lang.Thread.run(Thread.java:840) ~[na:na]

2026-07-28T10:54:19.305+05:30  WARN 37596 --- [hub-api] [y-1785215101795] l.r.l.service.MqttSubscriberService      : Failed to process MQTT payload on topic resq/M01/telemetry. Raw payload: {"device_id":"M01","telemetry_mode":"SENSOR_STREAM","state":"PAIRED_IDLE","pressure_0_kpa":0.892,"pressure_0_kpa_valid":true,"pressure_1_kpa":1.461,"pressure_1_kpa_valid":false,"pressure_2_kpa":1.304,"pressure_2_kpa_valid":true,"pressure_kpa_valid":false,"hall_mm":14.41,"hall_progress":0.481,"hall_mm_valid":true,"pressure_saturation_mask":0,"interval_ms":200,"ts_ms":31775}. Error message: pressure_0_raw is required and must be an integer

java.lang.IllegalArgumentException: pressure_0_raw is required and must be an integer
	at lk.resq.localhub.service.SensorStreamService.requiredInt(SensorStreamService.java:306) ~[classes/:na]
	at lk.resq.localhub.service.SensorStreamService.parseSnapshot(SensorStreamService.java:65) ~[classes/:na]
	at lk.resq.localhub.service.MqttSubscriberService.handleMessage(MqttSubscriberService.java:437) ~[classes/:na]
	at lk.resq.localhub.service.MqttSubscriberService$1.messageArrived(MqttSubscriberService.java:321) ~[classes/:na]
	at org.eclipse.paho.client.mqttv3.internal.CommsCallback.deliverMessage(CommsCallback.java:519) ~[org.eclipse.paho.client.mqttv3-1.2.5.jar:na]
	at org.eclipse.paho.client.mqttv3.internal.CommsCallback.handleMessage(CommsCallback.java:417) ~[org.eclipse.paho.client.mqttv3-1.2.5.jar:na]
	at org.eclipse.paho.client.mqttv3.internal.CommsCallback.run(CommsCallback.java:214) ~[org.eclipse.paho.client.mqttv3-1.2.5.jar:na]
	at java.base/java.lang.Thread.run(Thread.java:840) ~[na:na]

2026-07-28T10:54:19.513+05:30  WARN 37596 --- [hub-api] [y-1785215101795] l.r.l.service.MqttSubscriberService      : Failed to process MQTT payload on topic resq/M01/telemetry. Raw payload: {"device_id":"M01","telemetry_mode":"SENSOR_STREAM","state":"PAIRED_IDLE","pressure_0_kpa":0.908,"pressure_0_kpa_valid":true,"pressure_1_kpa":1.472,"pressure_1_kpa_valid":true,"pressure_2_kpa":1.296,"pressure_2_kpa_valid":true,"pressure_kpa_valid":true,"hall_mm":14.75,"hall_progress":0.492,"hall_mm_valid":true,"pressure_saturation_mask":0,"interval_ms":200,"ts_ms":31979}. Error message: pressure_0_raw is required and must be an integer

java.lang.IllegalArgumentException: pressure_0_raw is required and must be an integer
	at lk.resq.localhub.service.SensorStreamService.requiredInt(SensorStreamService.java:306) ~[classes/:na]
	at lk.resq.localhub.service.SensorStreamService.parseSnapshot(SensorStreamService.java:65) ~[classes/:na]
	at lk.resq.localhub.service.MqttSubscriberService.handleMessage(MqttSubscriberService.java:437) ~[classes/:na]
	at lk.resq.localhub.service.MqttSubscriberService$1.messageArrived(MqttSubscriberService.java:321) ~[classes/:na]
	at org.eclipse.paho.client.mqttv3.internal.CommsCallback.deliverMessage(CommsCallback.java:519) ~[org.eclipse.paho.client.mqttv3-1.2.5.jar:na]
	at org.eclipse.paho.client.mqttv3.internal.CommsCallback.handleMessage(CommsCallback.java:417) ~[org.eclipse.paho.client.mqttv3-1.2.5.jar:na]
	at org.eclipse.paho.client.mqttv3.internal.CommsCallback.run(CommsCallback.java:214) ~[org.eclipse.paho.client.mqttv3-1.2.5.jar:na]
	at java.base/java.lang.Thread.run(Thread.java:840) ~[na:na]

2026-07-28T10:54:19.728+05:30  WARN 37596 --- [hub-api] [y-1785215101795] l.r.l.service.MqttSubscriberService      : Failed to process MQTT payload on topic resq/M01/telemetry. Raw payload: {"device_id":"M01","telemetry_mode":"SENSOR_STREAM","state":"PAIRED_IDLE","pressure_0_kpa":0.918,"pressure_0_kpa_valid":true,"pressure_1_kpa":1.478,"pressure_1_kpa_valid":true,"pressure_2_kpa":1.291,"pressure_2_kpa_valid":true,"pressure_kpa_valid":true,"hall_mm":14.95,"hall_progress":0.498,"hall_mm_valid":true,"pressure_saturation_mask":0,"interval_ms":200,"ts_ms":32192}. Error message: pressure_0_raw is required and must be an integer

java.lang.IllegalArgumentException: pressure_0_raw is required and must be an integer
	at lk.resq.localhub.service.SensorStreamService.requiredInt(SensorStreamService.java:306) ~[classes/:na]
	at lk.resq.localhub.service.SensorStreamService.parseSnapshot(SensorStreamService.java:65) ~[classes/:na]
	at lk.resq.localhub.service.MqttSubscriberService.handleMessage(MqttSubscriberService.java:437) ~[classes/:na]
	at lk.resq.localhub.service.MqttSubscriberService$1.messageArrived(MqttSubscriberService.java:321) ~[classes/:na]
	at org.eclipse.paho.client.mqttv3.internal.CommsCallback.deliverMessage(CommsCallback.java:519) ~[org.eclipse.paho.client.mqttv3-1.2.5.jar:na]
	at org.eclipse.paho.client.mqttv3.internal.CommsCallback.handleMessage(CommsCallback.java:417) ~[org.eclipse.paho.client.mqttv3-1.2.5.jar:na]
	at org.eclipse.paho.client.mqttv3.internal.CommsCallback.run(CommsCallback.java:214) ~[org.eclipse.paho.client.mqttv3-1.2.5.jar:na]
	at java.base/java.lang.Thread.run(Thread.java:840) ~[na:na]

2026-07-28T10:54:19.927+05:30  WARN 37596 --- [hub-api] [y-1785215101795] l.r.l.service.MqttSubscriberService      : Failed to process MQTT payload on topic resq/M01/telemetry. Raw payload: {"device_id":"M01","telemetry_mode":"SENSOR_STREAM","state":"PAIRED_IDLE","pressure_0_kpa":0.92,"pressure_0_kpa_valid":true,"pressure_1_kpa":1.48,"pressure_1_kpa_valid":true,"pressure_2_kpa":1.29,"pressure_2_kpa_valid":true,"pressure_kpa_valid":true,"hall_mm":15,"hall_progress":0.5,"hall_mm_valid":true,"pressure_saturation_mask":0,"interval_ms":200,"ts_ms":32397}. Error message: pressure_0_raw is required and must be an integer

java.lang.IllegalArgumentException: pressure_0_raw is required and must be an integer
	at lk.resq.localhub.service.SensorStreamService.requiredInt(SensorStreamService.java:306) ~[classes/:na]
	at lk.resq.localhub.service.SensorStreamService.parseSnapshot(SensorStreamService.java:65) ~[classes/:na]
	at lk.resq.localhub.service.MqttSubscriberService.handleMessage(MqttSubscriberService.java:437) ~[classes/:na]
	at lk.resq.localhub.service.MqttSubscriberService$1.messageArrived(MqttSubscriberService.java:321) ~[classes/:na]
	at org.eclipse.paho.client.mqttv3.internal.CommsCallback.deliverMessage(CommsCallback.java:519) ~[org.eclipse.paho.client.mqttv3-1.2.5.jar:na]
	at org.eclipse.paho.client.mqttv3.internal.CommsCallback.handleMessage(CommsCallback.java:417) ~[org.eclipse.paho.client.mqttv3-1.2.5.jar:na]
	at org.eclipse.paho.client.mqttv3.internal.CommsCallback.run(CommsCallback.java:214) ~[org.eclipse.paho.client.mqttv3-1.2.5.jar:na]
	at java.base/java.lang.Thread.run(Thread.java:840) ~[na:na]

2026-07-28T10:54:20.141+05:30  WARN 37596 --- [hub-api] [y-1785215101795] l.r.l.service.MqttSubscriberService      : Failed to process MQTT payload on topic resq/M01/telemetry. Raw payload: {"device_id":"M01","telemetry_mode":"SENSOR_STREAM","state":"PAIRED_IDLE","pressure_0_kpa":0.915,"pressure_0_kpa_valid":true,"pressure_1_kpa":1.477,"pressure_1_kpa_valid":true,"pressure_2_kpa":1.293,"pressure_2_kpa_valid":true,"pressure_kpa_valid":true,"hall_mm":14.89,"hall_progress":0.497,"hall_mm_valid":true,"pressure_saturation_mask":0,"interval_ms":200,"ts_ms":32600}. Error message: pressure_0_raw is required and must be an integer

java.lang.IllegalArgumentException: pressure_0_raw is required and must be an integer
	at lk.resq.localhub.service.SensorStreamService.requiredInt(SensorStreamService.java:306) ~[classes/:na]
	at lk.resq.localhub.service.SensorStreamService.parseSnapshot(SensorStreamService.java:65) ~[classes/:na]
	at lk.resq.localhub.service.MqttSubscriberService.handleMessage(MqttSubscriberService.java:437) ~[classes/:na]
	at lk.resq.localhub.service.MqttSubscriberService$1.messageArrived(MqttSubscriberService.java:321) ~[classes/:na]
	at org.eclipse.paho.client.mqttv3.internal.CommsCallback.deliverMessage(CommsCallback.java:519) ~[org.eclipse.paho.client.mqttv3-1.2.5.jar:na]
	at org.eclipse.paho.client.mqttv3.internal.CommsCallback.handleMessage(CommsCallback.java:417) ~[org.eclipse.paho.client.mqttv3-1.2.5.jar:na]
	at org.eclipse.paho.client.mqttv3.internal.CommsCallback.run(CommsCallback.java:214) ~[org.eclipse.paho.client.mqttv3-1.2.5.jar:na]
	at java.base/java.lang.Thread.run(Thread.java:840) ~[na:na]

2026-07-28T10:54:20.333+05:30  WARN 37596 --- [hub-api] [y-1785215101795] l.r.l.service.MqttSubscriberService      : Failed to process MQTT payload on topic resq/M01/telemetry. Raw payload: {"device_id":"M01","telemetry_mode":"SENSOR_STREAM","state":"PAIRED_IDLE","pressure_0_kpa":0.903,"pressure_0_kpa_valid":true,"pressure_1_kpa":1.468,"pressure_1_kpa_valid":true,"pressure_2_kpa":1.299,"pressure_2_kpa_valid":true,"pressure_kpa_valid":true,"hall_mm":14.64,"hall_progress":0.488,"hall_mm_valid":true,"pressure_saturation_mask":0,"interval_ms":200,"ts_ms":32802}. Error message: pressure_0_raw is required and must be an integer

java.lang.IllegalArgumentException: pressure_0_raw is required and must be an integer
	at lk.resq.localhub.service.SensorStreamService.requiredInt(SensorStreamService.java:306) ~[classes/:na]
	at lk.resq.localhub.service.SensorStreamService.parseSnapshot(SensorStreamService.java:65) ~[classes/:na]
	at lk.resq.localhub.service.MqttSubscriberService.handleMessage(MqttSubscriberService.java:437) ~[classes/:na]
	at lk.resq.localhub.service.MqttSubscriberService$1.messageArrived(MqttSubscriberService.java:321) ~[classes/:na]
	at org.eclipse.paho.client.mqttv3.internal.CommsCallback.deliverMessage(CommsCallback.java:519) ~[org.eclipse.paho.client.mqttv3-1.2.5.jar:na]
	at org.eclipse.paho.client.mqttv3.internal.CommsCallback.handleMessage(CommsCallback.java:417) ~[org.eclipse.paho.client.mqttv3-1.2.5.jar:na]
	at org.eclipse.paho.client.mqttv3.internal.CommsCallback.run(CommsCallback.java:214) ~[org.eclipse.paho.client.mqttv3-1.2.5.jar:na]
	at java.base/java.lang.Thread.run(Thread.java:840) ~[na:na]

2026-07-28T10:54:20.528+05:30  WARN 37596 --- [hub-api] [y-1785215101795] l.r.l.service.MqttSubscriberService      : Failed to process MQTT payload on topic resq/M01/telemetry. Raw payload: {"device_id":"M01","telemetry_mode":"SENSOR_STREAM","state":"PAIRED_IDLE","pressure_0_kpa":0.884,"pressure_0_kpa_valid":true,"pressure_1_kpa":1.456,"pressure_1_kpa_valid":true,"pressure_2_kpa":1.308,"pressure_2_kpa_valid":true,"pressure_kpa_valid":true,"hall_mm":14.25,"hall_progress":0.476,"hall_mm_valid":true,"pressure_saturation_mask":0,"interval_ms":200,"ts_ms":33005}. Error message: pressure_0_raw is required and must be an integer

java.lang.IllegalArgumentException: pressure_0_raw is required and must be an integer
	at lk.resq.localhub.service.SensorStreamService.requiredInt(SensorStreamService.java:306) ~[classes/:na]
	at lk.resq.localhub.service.SensorStreamService.parseSnapshot(SensorStreamService.java:65) ~[classes/:na]
	at lk.resq.localhub.service.MqttSubscriberService.handleMessage(MqttSubscriberService.java:437) ~[classes/:na]
	at lk.resq.localhub.service.MqttSubscriberService$1.messageArrived(MqttSubscriberService.java:321) ~[classes/:na]
	at org.eclipse.paho.client.mqttv3.internal.CommsCallback.deliverMessage(CommsCallback.java:519) ~[org.eclipse.paho.client.mqttv3-1.2.5.jar:na]
	at org.eclipse.paho.client.mqttv3.internal.CommsCallback.handleMessage(CommsCallback.java:417) ~[org.eclipse.paho.client.mqttv3-1.2.5.jar:na]
	at org.eclipse.paho.client.mqttv3.internal.CommsCallback.run(CommsCallback.java:214) ~[org.eclipse.paho.client.mqttv3-1.2.5.jar:na]
	at java.base/java.lang.Thread.run(Thread.java:840) ~[na:na]

2026-07-28T10:54:20.734+05:30  WARN 37596 --- [hub-api] [y-1785215101795] l.r.l.service.MqttSubscriberService      : Failed to process MQTT payload on topic resq/M01/telemetry. Raw payload: {"device_id":"M01","telemetry_mode":"SENSOR_STREAM","state":"PAIRED_IDLE","pressure_0_kpa":0.86,"pressure_0_kpa_valid":true,"pressure_1_kpa":1.44,"pressure_1_kpa_valid":true,"pressure_2_kpa":1.32,"pressure_2_kpa_valid":true,"pressure_kpa_valid":true,"hall_mm":13.75,"hall_progress":0.46,"hall_mm_valid":true,"pressure_saturation_mask":0,"interval_ms":200,"ts_ms":33208}. Error message: pressure_0_raw is required and must be an integer

java.lang.IllegalArgumentException: pressure_0_raw is required and must be an integer
	at lk.resq.localhub.service.SensorStreamService.requiredInt(SensorStreamService.java:306) ~[classes/:na]
	at lk.resq.localhub.service.SensorStreamService.parseSnapshot(SensorStreamService.java:65) ~[classes/:na]
	at lk.resq.localhub.service.MqttSubscriberService.handleMessage(MqttSubscriberService.java:437) ~[classes/:na]
	at lk.resq.localhub.service.MqttSubscriberService$1.messageArrived(MqttSubscriberService.java:321) ~[classes/:na]
	at org.eclipse.paho.client.mqttv3.internal.CommsCallback.deliverMessage(CommsCallback.java:519) ~[org.eclipse.paho.client.mqttv3-1.2.5.jar:na]
	at org.eclipse.paho.client.mqttv3.internal.CommsCallback.handleMessage(CommsCallback.java:417) ~[org.eclipse.paho.client.mqttv3-1.2.5.jar:na]
	at org.eclipse.paho.client.mqttv3.internal.CommsCallback.run(CommsCallback.java:214) ~[org.eclipse.paho.client.mqttv3-1.2.5.jar:na]
	at java.base/java.lang.Thread.run(Thread.java:840) ~[na:na]

2026-07-28T10:54:20.950+05:30  WARN 37596 --- [hub-api] [y-1785215101795] l.r.l.service.MqttSubscriberService      : Failed to process MQTT payload on topic resq/M01/telemetry. Raw payload: {"device_id":"M01","telemetry_mode":"SENSOR_STREAM","state":"PAIRED_IDLE","pressure_0_kpa":0.833,"pressure_0_kpa_valid":true,"pressure_1_kpa":1.422,"pressure_1_kpa_valid":true,"pressure_2_kpa":1.334,"pressure_2_kpa_valid":true,"pressure_kpa_valid":true,"hall_mm":13.18,"hall_progress":0.442,"hall_mm_valid":true,"pressure_saturation_mask":0,"interval_ms":200,"ts_ms":33416}. Error message: pressure_0_raw is required and must be an integer

java.lang.IllegalArgumentException: pressure_0_raw is required and must be an integer
	at lk.resq.localhub.service.SensorStreamService.requiredInt(SensorStreamService.java:306) ~[classes/:na]
	at lk.resq.localhub.service.SensorStreamService.parseSnapshot(SensorStreamService.java:65) ~[classes/:na]
	at lk.resq.localhub.service.MqttSubscriberService.handleMessage(MqttSubscriberService.java:437) ~[classes/:na]
	at lk.resq.localhub.service.MqttSubscriberService$1.messageArrived(MqttSubscriberService.java:321) ~[classes/:na]
	at org.eclipse.paho.client.mqttv3.internal.CommsCallback.deliverMessage(CommsCallback.java:519) ~[org.eclipse.paho.client.mqttv3-1.2.5.jar:na]
	at org.eclipse.paho.client.mqttv3.internal.CommsCallback.handleMessage(CommsCallback.java:417) ~[org.eclipse.paho.client.mqttv3-1.2.5.jar:na]
	at org.eclipse.paho.client.mqttv3.internal.CommsCallback.run(CommsCallback.java:214) ~[org.eclipse.paho.client.mqttv3-1.2.5.jar:na]
	at java.base/java.lang.Thread.run(Thread.java:840) ~[na:na]

2026-07-28T10:54:21.165+05:30  WARN 37596 --- [hub-api] [y-1785215101795] l.r.l.service.MqttSubscriberService      : Failed to process MQTT payload on topic resq/M01/telemetry. Raw payload: {"device_id":"M01","telemetry_mode":"SENSOR_STREAM","state":"PAIRED_IDLE","pressure_0_kpa":0.803,"pressure_0_kpa_valid":true,"pressure_1_kpa":1.402,"pressure_1_kpa_valid":true,"pressure_2_kpa":1.349,"pressure_2_kpa_valid":true,"pressure_kpa_valid":true,"hall_mm":12.56,"hall_progress":0.422,"hall_mm_valid":true,"pressure_saturation_mask":0,"interval_ms":200,"ts_ms":33630}. Error message: pressure_0_raw is required and must be an integer

java.lang.IllegalArgumentException: pressure_0_raw is required and must be an integer
	at lk.resq.localhub.service.SensorStreamService.requiredInt(SensorStreamService.java:306) ~[classes/:na]
	at lk.resq.localhub.service.SensorStreamService.parseSnapshot(SensorStreamService.java:65) ~[classes/:na]
	at lk.resq.localhub.service.MqttSubscriberService.handleMessage(MqttSubscriberService.java:437) ~[classes/:na]
	at lk.resq.localhub.service.MqttSubscriberService$1.messageArrived(MqttSubscriberService.java:321) ~[classes/:na]
	at org.eclipse.paho.client.mqttv3.internal.CommsCallback.deliverMessage(CommsCallback.java:519) ~[org.eclipse.paho.client.mqttv3-1.2.5.jar:na]
	at org.eclipse.paho.client.mqttv3.internal.CommsCallback.handleMessage(CommsCallback.java:417) ~[org.eclipse.paho.client.mqttv3-1.2.5.jar:na]
	at org.eclipse.paho.client.mqttv3.internal.CommsCallback.run(CommsCallback.java:214) ~[org.eclipse.paho.client.mqttv3-1.2.5.jar:na]
	at java.base/java.lang.Thread.run(Thread.java:840) ~[na:na]

2026-07-28T10:54:21.366+05:30  WARN 37596 --- [hub-api] [y-1785215101795] l.r.l.service.MqttSubscriberService      : Failed to process MQTT payload on topic resq/M01/telemetry. Raw payload: {"device_id":"M01","telemetry_mode":"SENSOR_STREAM","state":"PAIRED_IDLE","pressure_0_kpa":0.773,"pressure_0_kpa_valid":true,"pressure_1_kpa":1.382,"pressure_1_kpa_valid":true,"pressure_2_kpa":1.363,"pressure_2_kpa_valid":true,"pressure_kpa_valid":true,"hall_mm":11.94,"hall_progress":0.402,"hall_mm_valid":true,"pressure_saturation_mask":0,"interval_ms":200,"ts_ms":33835}. Error message: pressure_0_raw is required and must be an integer

java.lang.IllegalArgumentException: pressure_0_raw is required and must be an integer
	at lk.resq.localhub.service.SensorStreamService.requiredInt(SensorStreamService.java:306) ~[classes/:na]
	at lk.resq.localhub.service.SensorStreamService.parseSnapshot(SensorStreamService.java:65) ~[classes/:na]
	at lk.resq.localhub.service.MqttSubscriberService.handleMessage(MqttSubscriberService.java:437) ~[classes/:na]
	at lk.resq.localhub.service.MqttSubscriberService$1.messageArrived(MqttSubscriberService.java:321) ~[classes/:na]
	at org.eclipse.paho.client.mqttv3.internal.CommsCallback.deliverMessage(CommsCallback.java:519) ~[org.eclipse.paho.client.mqttv3-1.2.5.jar:na]
	at org.eclipse.paho.client.mqttv3.internal.CommsCallback.handleMessage(CommsCallback.java:417) ~[org.eclipse.paho.client.mqttv3-1.2.5.jar:na]
	at org.eclipse.paho.client.mqttv3.internal.CommsCallback.run(CommsCallback.java:214) ~[org.eclipse.paho.client.mqttv3-1.2.5.jar:na]
	at java.base/java.lang.Thread.run(Thread.java:840) ~[na:na]

2026-07-28T10:54:21.569+05:30  WARN 37596 --- [hub-api] [y-1785215101795] l.r.l.service.MqttSubscriberService      : Failed to process MQTT payload on topic resq/M01/telemetry. Raw payload: {"device_id":"M01","telemetry_mode":"SENSOR_STREAM","state":"PAIRED_IDLE","pressure_0_kpa":0.745,"pressure_0_kpa_valid":true,"pressure_1_kpa":1.363,"pressure_1_kpa_valid":true,"pressure_2_kpa":1.377,"pressure_2_kpa_valid":true,"pressure_kpa_valid":true,"hall_mm":11.36,"hall_progress":0.383,"hall_mm_valid":true,"pressure_saturation_mask":0,"interval_ms":200,"ts_ms":34037}. Error message: pressure_0_raw is required and must be an integer

java.lang.IllegalArgumentException: pressure_0_raw is required and must be an integer
	at lk.resq.localhub.service.SensorStreamService.requiredInt(SensorStreamService.java:306) ~[classes/:na]
	at lk.resq.localhub.service.SensorStreamService.parseSnapshot(SensorStreamService.java:65) ~[classes/:na]
	at lk.resq.localhub.service.MqttSubscriberService.handleMessage(MqttSubscriberService.java:437) ~[classes/:na]
	at lk.resq.localhub.service.MqttSubscriberService$1.messageArrived(MqttSubscriberService.java:321) ~[classes/:na]
	at org.eclipse.paho.client.mqttv3.internal.CommsCallback.deliverMessage(CommsCallback.java:519) ~[org.eclipse.paho.client.mqttv3-1.2.5.jar:na]
	at org.eclipse.paho.client.mqttv3.internal.CommsCallback.handleMessage(CommsCallback.java:417) ~[org.eclipse.paho.client.mqttv3-1.2.5.jar:na]
	at org.eclipse.paho.client.mqttv3.internal.CommsCallback.run(CommsCallback.java:214) ~[org.eclipse.paho.client.mqttv3-1.2.5.jar:na]
	at java.base/java.lang.Thread.run(Thread.java:840) ~[na:na]

2026-07-28T10:54:21.780+05:30  WARN 37596 --- [hub-api] [y-1785215101795] l.r.l.service.MqttSubscriberService      : Failed to process MQTT payload on topic resq/M01/telemetry. Raw payload: {"device_id":"M01","telemetry_mode":"SENSOR_STREAM","state":"PAIRED_IDLE","pressure_0_kpa":0.72,"pressure_0_kpa_valid":true,"pressure_1_kpa":1.347,"pressure_1_kpa_valid":true,"pressure_2_kpa":1.39,"pressure_2_kpa_valid":true,"pressure_kpa_valid":true,"hall_mm":10.84,"hall_progress":0.367,"hall_mm_valid":true,"pressure_saturation_mask":0,"interval_ms":200,"ts_ms":34248}. Error message: pressure_0_raw is required and must be an integer

java.lang.IllegalArgumentException: pressure_0_raw is required and must be an integer
	at lk.resq.localhub.service.SensorStreamService.requiredInt(SensorStreamService.java:306) ~[classes/:na]
	at lk.resq.localhub.service.SensorStreamService.parseSnapshot(SensorStreamService.java:65) ~[classes/:na]
	at lk.resq.localhub.service.MqttSubscriberService.handleMessage(MqttSubscriberService.java:437) ~[classes/:na]
	at lk.resq.localhub.service.MqttSubscriberService$1.messageArrived(MqttSubscriberService.java:321) ~[classes/:na]
	at org.eclipse.paho.client.mqttv3.internal.CommsCallback.deliverMessage(CommsCallback.java:519) ~[org.eclipse.paho.client.mqttv3-1.2.5.jar:na]
	at org.eclipse.paho.client.mqttv3.internal.CommsCallback.handleMessage(CommsCallback.java:417) ~[org.eclipse.paho.client.mqttv3-1.2.5.jar:na]
	at org.eclipse.paho.client.mqttv3.internal.CommsCallback.run(CommsCallback.java:214) ~[org.eclipse.paho.client.mqttv3-1.2.5.jar:na]
	at java.base/java.lang.Thread.run(Thread.java:840) ~[na:na]

2026-07-28T10:54:21.973+05:30  WARN 37596 --- [hub-api] [y-1785215101795] l.r.l.service.MqttSubscriberService      : Failed to process MQTT payload on topic resq/M01/telemetry. Raw payload: {"device_id":"M01","telemetry_mode":"SENSOR_STREAM","state":"PAIRED_IDLE","pressure_0_kpa":0.701,"pressure_0_kpa_valid":true,"pressure_1_kpa":1.334,"pressure_1_kpa_valid":false,"pressure_2_kpa":1.4,"pressure_2_kpa_valid":true,"pressure_kpa_valid":false,"hall_mm":10.43,"hall_progress":0.354,"hall_mm_valid":true,"pressure_saturation_mask":0,"interval_ms":200,"ts_ms":34450}. Error message: pressure_0_raw is required and must be an integer

java.lang.IllegalArgumentException: pressure_0_raw is required and must be an integer
	at lk.resq.localhub.service.SensorStreamService.requiredInt(SensorStreamService.java:306) ~[classes/:na]
	at lk.resq.localhub.service.SensorStreamService.parseSnapshot(SensorStreamService.java:65) ~[classes/:na]
	at lk.resq.localhub.service.MqttSubscriberService.handleMessage(MqttSubscriberService.java:437) ~[classes/:na]
	at lk.resq.localhub.service.MqttSubscriberService$1.messageArrived(MqttSubscriberService.java:321) ~[classes/:na]
	at org.eclipse.paho.client.mqttv3.internal.CommsCallback.deliverMessage(CommsCallback.java:519) ~[org.eclipse.paho.client.mqttv3-1.2.5.jar:na]
	at org.eclipse.paho.client.mqttv3.internal.CommsCallback.handleMessage(CommsCallback.java:417) ~[org.eclipse.paho.client.mqttv3-1.2.5.jar:na]
	at org.eclipse.paho.client.mqttv3.internal.CommsCallback.run(CommsCallback.java:214) ~[org.eclipse.paho.client.mqttv3-1.2.5.jar:na]
	at java.base/java.lang.Thread.run(Thread.java:840) ~[na:na]

2026-07-28T10:54:22.197+05:30  WARN 37596 --- [hub-api] [y-1785215101795] l.r.l.service.MqttSubscriberService      : Failed to process MQTT payload on topic resq/M01/telemetry. Raw payload: {"device_id":"M01","telemetry_mode":"SENSOR_STREAM","state":"PAIRED_IDLE","pressure_0_kpa":0.687,"pressure_0_kpa_valid":true,"pressure_1_kpa":1.325,"pressure_1_kpa_valid":true,"pressure_2_kpa":1.406,"pressure_2_kpa_valid":true,"pressure_kpa_valid":true,"hall_mm":10.15,"hall_progress":0.345,"hall_mm_valid":true,"pressure_saturation_mask":0,"interval_ms":200,"ts_ms":34663}. Error message: pressure_0_raw is required and must be an integer

java.lang.IllegalArgumentException: pressure_0_raw is required and must be an integer
	at lk.resq.localhub.service.SensorStreamService.requiredInt(SensorStreamService.java:306) ~[classes/:na]
	at lk.resq.localhub.service.SensorStreamService.parseSnapshot(SensorStreamService.java:65) ~[classes/:na]
	at lk.resq.localhub.service.MqttSubscriberService.handleMessage(MqttSubscriberService.java:437) ~[classes/:na]
	at lk.resq.localhub.service.MqttSubscriberService$1.messageArrived(MqttSubscriberService.java:321) ~[classes/:na]
	at org.eclipse.paho.client.mqttv3.internal.CommsCallback.deliverMessage(CommsCallback.java:519) ~[org.eclipse.paho.client.mqttv3-1.2.5.jar:na]
	at org.eclipse.paho.client.mqttv3.internal.CommsCallback.handleMessage(CommsCallback.java:417) ~[org.eclipse.paho.client.mqttv3-1.2.5.jar:na]
	at org.eclipse.paho.client.mqttv3.internal.CommsCallback.run(CommsCallback.java:214) ~[org.eclipse.paho.client.mqttv3-1.2.5.jar:na]
	at java.base/java.lang.Thread.run(Thread.java:840) ~[na:na]

2026-07-28T10:54:22.403+05:30  WARN 37596 --- [hub-api] [y-1785215101795] l.r.l.service.MqttSubscriberService      : Failed to process MQTT payload on topic resq/M01/telemetry. Raw payload: {"device_id":"M01","telemetry_mode":"SENSOR_STREAM","state":"PAIRED_IDLE","pressure_0_kpa":0.681,"pressure_0_kpa_valid":true,"pressure_1_kpa":1.32,"pressure_1_kpa_valid":true,"pressure_2_kpa":1.41,"pressure_2_kpa_valid":true,"pressure_kpa_valid":true,"hall_mm":10.01,"hall_progress":0.34,"hall_mm_valid":true,"pressure_saturation_mask":2,"interval_ms":200,"ts_ms":34865}. Error message: pressure_0_raw is required and must be an integer

java.lang.IllegalArgumentException: pressure_0_raw is required and must be an integer
	at lk.resq.localhub.service.SensorStreamService.requiredInt(SensorStreamService.java:306) ~[classes/:na]
	at lk.resq.localhub.service.SensorStreamService.parseSnapshot(SensorStreamService.java:65) ~[classes/:na]
	at lk.resq.localhub.service.MqttSubscriberService.handleMessage(MqttSubscriberService.java:437) ~[classes/:na]
	at lk.resq.localhub.service.MqttSubscriberService$1.messageArrived(MqttSubscriberService.java:321) ~[classes/:na]
	at org.eclipse.paho.client.mqttv3.internal.CommsCallback.deliverMessage(CommsCallback.java:519) ~[org.eclipse.paho.client.mqttv3-1.2.5.jar:na]
	at org.eclipse.paho.client.mqttv3.internal.CommsCallback.handleMessage(CommsCallback.java:417) ~[org.eclipse.paho.client.mqttv3-1.2.5.jar:na]
	at org.eclipse.paho.client.mqttv3.internal.CommsCallback.run(CommsCallback.java:214) ~[org.eclipse.paho.client.mqttv3-1.2.5.jar:na]
	at java.base/java.lang.Thread.run(Thread.java:840) ~[na:na]

2026-07-28T10:54:22.602+05:30  WARN 37596 --- [hub-api] [y-1785215101795] l.r.l.service.MqttSubscriberService      : Failed to process MQTT payload on topic resq/M01/telemetry. Raw payload: {"device_id":"M01","telemetry_mode":"SENSOR_STREAM","state":"PAIRED_IDLE","pressure_0_kpa":0.681,"pressure_0_kpa_valid":true,"pressure_1_kpa":1.321,"pressure_1_kpa_valid":true,"pressure_2_kpa":1.409,"pressure_2_kpa_valid":true,"pressure_kpa_valid":true,"hall_mm":10.03,"hall_progress":0.341,"hall_mm_valid":true,"pressure_saturation_mask":0,"interval_ms":200,"ts_ms":35067}. Error message: pressure_0_raw is required and must be an integer

java.lang.IllegalArgumentException: pressure_0_raw is required and must be an integer
	at lk.resq.localhub.service.SensorStreamService.requiredInt(SensorStreamService.java:306) ~[classes/:na]
	at lk.resq.localhub.service.SensorStreamService.parseSnapshot(SensorStreamService.java:65) ~[classes/:na]
	at lk.resq.localhub.service.MqttSubscriberService.handleMessage(MqttSubscriberService.java:437) ~[classes/:na]
	at lk.resq.localhub.service.MqttSubscriberService$1.messageArrived(MqttSubscriberService.java:321) ~[classes/:na]
	at org.eclipse.paho.client.mqttv3.internal.CommsCallback.deliverMessage(CommsCallback.java:519) ~[org.eclipse.paho.client.mqttv3-1.2.5.jar:na]
	at org.eclipse.paho.client.mqttv3.internal.CommsCallback.handleMessage(CommsCallback.java:417) ~[org.eclipse.paho.client.mqttv3-1.2.5.jar:na]
	at org.eclipse.paho.client.mqttv3.internal.CommsCallback.run(CommsCallback.java:214) ~[org.eclipse.paho.client.mqttv3-1.2.5.jar:na]
	at java.base/java.lang.Thread.run(Thread.java:840) ~[na:na]

2026-07-28T10:54:22.811+05:30  WARN 37596 --- [hub-api] [y-1785215101795] l.r.l.service.MqttSubscriberService      : Failed to process MQTT payload on topic resq/M01/telemetry. Raw payload: {"device_id":"M01","telemetry_mode":"SENSOR_STREAM","state":"PAIRED_IDLE","pressure_0_kpa":0.69,"pressure_0_kpa_valid":true,"pressure_1_kpa":1.326,"pressure_1_kpa_valid":true,"pressure_2_kpa":1.405,"pressure_2_kpa_valid":true,"pressure_kpa_valid":true,"hall_mm":10.2,"hall_progress":0.346,"hall_mm_valid":true,"pressure_saturation_mask":0,"interval_ms":200,"ts_ms":35278}. Error message: pressure_0_raw is required and must be an integer

java.lang.IllegalArgumentException: pressure_0_raw is required and must be an integer
	at lk.resq.localhub.service.SensorStreamService.requiredInt(SensorStreamService.java:306) ~[classes/:na]
	at lk.resq.localhub.service.SensorStreamService.parseSnapshot(SensorStreamService.java:65) ~[classes/:na]
	at lk.resq.localhub.service.MqttSubscriberService.handleMessage(MqttSubscriberService.java:437) ~[classes/:na]
	at lk.resq.localhub.service.MqttSubscriberService$1.messageArrived(MqttSubscriberService.java:321) ~[classes/:na]
	at org.eclipse.paho.client.mqttv3.internal.CommsCallback.deliverMessage(CommsCallback.java:519) ~[org.eclipse.paho.client.mqttv3-1.2.5.jar:na]
	at org.eclipse.paho.client.mqttv3.internal.CommsCallback.handleMessage(CommsCallback.java:417) ~[org.eclipse.paho.client.mqttv3-1.2.5.jar:na]
	at org.eclipse.paho.client.mqttv3.internal.CommsCallback.run(CommsCallback.java:214) ~[org.eclipse.paho.client.mqttv3-1.2.5.jar:na]
	at java.base/java.lang.Thread.run(Thread.java:840) ~[na:na]

2026-07-28T10:54:23.013+05:30  WARN 37596 --- [hub-api] [y-1785215101795] l.r.l.service.MqttSubscriberService      : Failed to process MQTT payload on topic resq/M01/telemetry. Raw payload: {"device_id":"M01","telemetry_mode":"SENSOR_STREAM","state":"PAIRED_IDLE","pressure_0_kpa":0.705,"pressure_0_kpa_valid":true,"pressure_1_kpa":1.337,"pressure_1_kpa_valid":true,"pressure_2_kpa":1.398,"pressure_2_kpa_valid":true,"pressure_kpa_valid":true,"hall_mm":10.52,"hall_progress":0.357,"hall_mm_valid":true,"pressure_saturation_mask":0,"interval_ms":200,"ts_ms":35484}. Error message: pressure_0_raw is required and must be an integer

java.lang.IllegalArgumentException: pressure_0_raw is required and must be an integer
	at lk.resq.localhub.service.SensorStreamService.requiredInt(SensorStreamService.java:306) ~[classes/:na]
	at lk.resq.localhub.service.SensorStreamService.parseSnapshot(SensorStreamService.java:65) ~[classes/:na]
	at lk.resq.localhub.service.MqttSubscriberService.handleMessage(MqttSubscriberService.java:437) ~[classes/:na]
	at lk.resq.localhub.service.MqttSubscriberService$1.messageArrived(MqttSubscriberService.java:321) ~[classes/:na]
	at org.eclipse.paho.client.mqttv3.internal.CommsCallback.deliverMessage(CommsCallback.java:519) ~[org.eclipse.paho.client.mqttv3-1.2.5.jar:na]
	at org.eclipse.paho.client.mqttv3.internal.CommsCallback.handleMessage(CommsCallback.java:417) ~[org.eclipse.paho.client.mqttv3-1.2.5.jar:na]
	at org.eclipse.paho.client.mqttv3.internal.CommsCallback.run(CommsCallback.java:214) ~[org.eclipse.paho.client.mqttv3-1.2.5.jar:na]
	at java.base/java.lang.Thread.run(Thread.java:840) ~[na:na]

2026-07-28T10:54:23.216+05:30  WARN 37596 --- [hub-api] [y-1785215101795] l.r.l.service.MqttSubscriberService      : Failed to process MQTT payload on topic resq/M01/telemetry. Raw payload: {"device_id":"M01","telemetry_mode":"SENSOR_STREAM","state":"PAIRED_IDLE","pressure_0_kpa":0.726,"pressure_0_kpa_valid":true,"pressure_1_kpa":1.351,"pressure_1_kpa_valid":true,"pressure_2_kpa":1.387,"pressure_2_kpa_valid":true,"pressure_kpa_valid":true,"hall_mm":10.96,"hall_progress":0.371,"hall_mm_valid":true,"pressure_saturation_mask":0,"interval_ms":200,"ts_ms":35685}. Error message: pressure_0_raw is required and must be an integer

java.lang.IllegalArgumentException: pressure_0_raw is required and must be an integer
	at lk.resq.localhub.service.SensorStreamService.requiredInt(SensorStreamService.java:306) ~[classes/:na]
	at lk.resq.localhub.service.SensorStreamService.parseSnapshot(SensorStreamService.java:65) ~[classes/:na]
	at lk.resq.localhub.service.MqttSubscriberService.handleMessage(MqttSubscriberService.java:437) ~[classes/:na]
	at lk.resq.localhub.service.MqttSubscriberService$1.messageArrived(MqttSubscriberService.java:321) ~[classes/:na]
	at org.eclipse.paho.client.mqttv3.internal.CommsCallback.deliverMessage(CommsCallback.java:519) ~[org.eclipse.paho.client.mqttv3-1.2.5.jar:na]
	at org.eclipse.paho.client.mqttv3.internal.CommsCallback.handleMessage(CommsCallback.java:417) ~[org.eclipse.paho.client.mqttv3-1.2.5.jar:na]
	at org.eclipse.paho.client.mqttv3.internal.CommsCallback.run(CommsCallback.java:214) ~[org.eclipse.paho.client.mqttv3-1.2.5.jar:na]
	at java.base/java.lang.Thread.run(Thread.java:840) ~[na:na]

2026-07-28T10:54:23.429+05:30  WARN 37596 --- [hub-api] [y-1785215101795] l.r.l.service.MqttSubscriberService      : Failed to process MQTT payload on topic resq/M01/telemetry. Raw payload: {"device_id":"M01","telemetry_mode":"SENSOR_STREAM","state":"PAIRED_IDLE","pressure_0_kpa":0.752,"pressure_0_kpa_valid":true,"pressure_1_kpa":1.368,"pressure_1_kpa_valid":true,"pressure_2_kpa":1.374,"pressure_2_kpa_valid":true,"pressure_kpa_valid":true,"hall_mm":11.49,"hall_progress":0.388,"hall_mm_valid":true,"pressure_saturation_mask":0,"interval_ms":200,"ts_ms":35895}. Error message: pressure_0_raw is required and must be an integer

java.lang.IllegalArgumentException: pressure_0_raw is required and must be an integer
	at lk.resq.localhub.service.SensorStreamService.requiredInt(SensorStreamService.java:306) ~[classes/:na]
	at lk.resq.localhub.service.SensorStreamService.parseSnapshot(SensorStreamService.java:65) ~[classes/:na]
	at lk.resq.localhub.service.MqttSubscriberService.handleMessage(MqttSubscriberService.java:437) ~[classes/:na]
	at lk.resq.localhub.service.MqttSubscriberService$1.messageArrived(MqttSubscriberService.java:321) ~[classes/:na]
	at org.eclipse.paho.client.mqttv3.internal.CommsCallback.deliverMessage(CommsCallback.java:519) ~[org.eclipse.paho.client.mqttv3-1.2.5.jar:na]
	at org.eclipse.paho.client.mqttv3.internal.CommsCallback.handleMessage(CommsCallback.java:417) ~[org.eclipse.paho.client.mqttv3-1.2.5.jar:na]
	at org.eclipse.paho.client.mqttv3.internal.CommsCallback.run(CommsCallback.java:214) ~[org.eclipse.paho.client.mqttv3-1.2.5.jar:na]
	at java.base/java.lang.Thread.run(Thread.java:840) ~[na:na]

2026-07-28T10:54:23.631+05:30  WARN 37596 --- [hub-api] [y-1785215101795] l.r.l.service.MqttSubscriberService      : Failed to process MQTT payload on topic resq/M01/telemetry. Raw payload: {"device_id":"M01","telemetry_mode":"SENSOR_STREAM","state":"PAIRED_IDLE","pressure_0_kpa":0.78,"pressure_0_kpa_valid":true,"pressure_1_kpa":1.387,"pressure_1_kpa_valid":true,"pressure_2_kpa":1.36,"pressure_2_kpa_valid":true,"pressure_kpa_valid":true,"hall_mm":12.09,"hall_progress":0.407,"hall_mm_valid":true,"pressure_saturation_mask":0,"interval_ms":200,"ts_ms":36098}. Error message: pressure_0_raw is required and must be an integer

java.lang.IllegalArgumentException: pressure_0_raw is required and must be an integer
	at lk.resq.localhub.service.SensorStreamService.requiredInt(SensorStreamService.java:306) ~[classes/:na]
	at lk.resq.localhub.service.SensorStreamService.parseSnapshot(SensorStreamService.java:65) ~[classes/:na]
	at lk.resq.localhub.service.MqttSubscriberService.handleMessage(MqttSubscriberService.java:437) ~[classes/:na]
	at lk.resq.localhub.service.MqttSubscriberService$1.messageArrived(MqttSubscriberService.java:321) ~[classes/:na]
	at org.eclipse.paho.client.mqttv3.internal.CommsCallback.deliverMessage(CommsCallback.java:519) ~[org.eclipse.paho.client.mqttv3-1.2.5.jar:na]
	at org.eclipse.paho.client.mqttv3.internal.CommsCallback.handleMessage(CommsCallback.java:417) ~[org.eclipse.paho.client.mqttv3-1.2.5.jar:na]
	at org.eclipse.paho.client.mqttv3.internal.CommsCallback.run(CommsCallback.java:214) ~[org.eclipse.paho.client.mqttv3-1.2.5.jar:na]
	at java.base/java.lang.Thread.run(Thread.java:840) ~[na:na]

2026-07-28T10:54:23.848+05:30  WARN 37596 --- [hub-api] [y-1785215101795] l.r.l.service.MqttSubscriberService      : Failed to process MQTT payload on topic resq/M01/telemetry. Raw payload: {"device_id":"M01","telemetry_mode":"SENSOR_STREAM","state":"PAIRED_IDLE","pressure_0_kpa":0.81,"pressure_0_kpa_valid":true,"pressure_1_kpa":1.407,"pressure_1_kpa_valid":true,"pressure_2_kpa":1.345,"pressure_2_kpa_valid":true,"pressure_kpa_valid":true,"hall_mm":12.71,"hall_progress":0.427,"hall_mm_valid":true,"pressure_saturation_mask":0,"interval_ms":200,"ts_ms":36313}. Error message: pressure_0_raw is required and must be an integer

java.lang.IllegalArgumentException: pressure_0_raw is required and must be an integer
	at lk.resq.localhub.service.SensorStreamService.requiredInt(SensorStreamService.java:306) ~[classes/:na]
	at lk.resq.localhub.service.SensorStreamService.parseSnapshot(SensorStreamService.java:65) ~[classes/:na]
	at lk.resq.localhub.service.MqttSubscriberService.handleMessage(MqttSubscriberService.java:437) ~[classes/:na]
	at lk.resq.localhub.service.MqttSubscriberService$1.messageArrived(MqttSubscriberService.java:321) ~[classes/:na]
	at org.eclipse.paho.client.mqttv3.internal.CommsCallback.deliverMessage(CommsCallback.java:519) ~[org.eclipse.paho.client.mqttv3-1.2.5.jar:na]
	at org.eclipse.paho.client.mqttv3.internal.CommsCallback.handleMessage(CommsCallback.java:417) ~[org.eclipse.paho.client.mqttv3-1.2.5.jar:na]
	at org.eclipse.paho.client.mqttv3.internal.CommsCallback.run(CommsCallback.java:214) ~[org.eclipse.paho.client.mqttv3-1.2.5.jar:na]
	at java.base/java.lang.Thread.run(Thread.java:840) ~[na:na]

2026-07-28T10:54:24.052+05:30  WARN 37596 --- [hub-api] [y-1785215101795] l.r.l.service.MqttSubscriberService      : Failed to process MQTT payload on topic resq/M01/telemetry. Raw payload: {"device_id":"M01","telemetry_mode":"SENSOR_STREAM","state":"PAIRED_IDLE","pressure_0_kpa":0.839,"pressure_0_kpa_valid":true,"pressure_1_kpa":1.426,"pressure_1_kpa_valid":true,"pressure_2_kpa":1.33,"pressure_2_kpa_valid":true,"pressure_kpa_valid":true,"hall_mm":13.32,"hall_progress":0.446,"hall_mm_valid":true,"pressure_saturation_mask":0,"interval_ms":200,"ts_ms":36517}. Error message: pressure_0_raw is required and must be an integer

java.lang.IllegalArgumentException: pressure_0_raw is required and must be an integer
	at lk.resq.localhub.service.SensorStreamService.requiredInt(SensorStreamService.java:306) ~[classes/:na]
	at lk.resq.localhub.service.SensorStreamService.parseSnapshot(SensorStreamService.java:65) ~[classes/:na]
	at lk.resq.localhub.service.MqttSubscriberService.handleMessage(MqttSubscriberService.java:437) ~[classes/:na]
	at lk.resq.localhub.service.MqttSubscriberService$1.messageArrived(MqttSubscriberService.java:321) ~[classes/:na]
	at org.eclipse.paho.client.mqttv3.internal.CommsCallback.deliverMessage(CommsCallback.java:519) ~[org.eclipse.paho.client.mqttv3-1.2.5.jar:na]
	at org.eclipse.paho.client.mqttv3.internal.CommsCallback.handleMessage(CommsCallback.java:417) ~[org.eclipse.paho.client.mqttv3-1.2.5.jar:na]
	at org.eclipse.paho.client.mqttv3.internal.CommsCallback.run(CommsCallback.java:214) ~[org.eclipse.paho.client.mqttv3-1.2.5.jar:na]
	at java.base/java.lang.Thread.run(Thread.java:840) ~[na:na]

2026-07-28T10:54:24.269+05:30  WARN 37596 --- [hub-api] [y-1785215101795] l.r.l.service.MqttSubscriberService      : Failed to process MQTT payload on topic resq/M01/telemetry. Raw payload: {"device_id":"M01","telemetry_mode":"SENSOR_STREAM","state":"PAIRED_IDLE","pressure_0_kpa":0.866,"pressure_0_kpa_valid":true,"pressure_1_kpa":1.444,"pressure_1_kpa_valid":true,"pressure_2_kpa":1.317,"pressure_2_kpa_valid":true,"pressure_kpa_valid":true,"hall_mm":13.88,"hall_progress":0.464,"hall_mm_valid":true,"pressure_saturation_mask":0,"interval_ms":200,"ts_ms":36734}. Error message: pressure_0_raw is required and must be an integer

java.lang.IllegalArgumentException: pressure_0_raw is required and must be an integer
	at lk.resq.localhub.service.SensorStreamService.requiredInt(SensorStreamService.java:306) ~[classes/:na]
	at lk.resq.localhub.service.SensorStreamService.parseSnapshot(SensorStreamService.java:65) ~[classes/:na]
	at lk.resq.localhub.service.MqttSubscriberService.handleMessage(MqttSubscriberService.java:437) ~[classes/:na]
	at lk.resq.localhub.service.MqttSubscriberService$1.messageArrived(MqttSubscriberService.java:321) ~[classes/:na]
	at org.eclipse.paho.client.mqttv3.internal.CommsCallback.deliverMessage(CommsCallback.java:519) ~[org.eclipse.paho.client.mqttv3-1.2.5.jar:na]
	at org.eclipse.paho.client.mqttv3.internal.CommsCallback.handleMessage(CommsCallback.java:417) ~[org.eclipse.paho.client.mqttv3-1.2.5.jar:na]
	at org.eclipse.paho.client.mqttv3.internal.CommsCallback.run(CommsCallback.java:214) ~[org.eclipse.paho.client.mqttv3-1.2.5.jar:na]
	at java.base/java.lang.Thread.run(Thread.java:840) ~[na:na]

2026-07-28T10:54:24.475+05:30  WARN 37596 --- [hub-api] [y-1785215101795] l.r.l.service.MqttSubscriberService      : Failed to process MQTT payload on topic resq/M01/telemetry. Raw payload: {"device_id":"M01","telemetry_mode":"SENSOR_STREAM","state":"PAIRED_IDLE","pressure_0_kpa":0.889,"pressure_0_kpa_valid":true,"pressure_1_kpa":1.459,"pressure_1_kpa_valid":true,"pressure_2_kpa":1.306,"pressure_2_kpa_valid":true,"pressure_kpa_valid":true,"hall_mm":14.35,"hall_progress":0.479,"hall_mm_valid":true,"pressure_saturation_mask":0,"interval_ms":200,"ts_ms":36942}. Error message: pressure_0_raw is required and must be an integer

java.lang.IllegalArgumentException: pressure_0_raw is required and must be an integer
	at lk.resq.localhub.service.SensorStreamService.requiredInt(SensorStreamService.java:306) ~[classes/:na]
	at lk.resq.localhub.service.SensorStreamService.parseSnapshot(SensorStreamService.java:65) ~[classes/:na]
	at lk.resq.localhub.service.MqttSubscriberService.handleMessage(MqttSubscriberService.java:437) ~[classes/:na]
	at lk.resq.localhub.service.MqttSubscriberService$1.messageArrived(MqttSubscriberService.java:321) ~[classes/:na]
	at org.eclipse.paho.client.mqttv3.internal.CommsCallback.deliverMessage(CommsCallback.java:519) ~[org.eclipse.paho.client.mqttv3-1.2.5.jar:na]
	at org.eclipse.paho.client.mqttv3.internal.CommsCallback.handleMessage(CommsCallback.java:417) ~[org.eclipse.paho.client.mqttv3-1.2.5.jar:na]
	at org.eclipse.paho.client.mqttv3.internal.CommsCallback.run(CommsCallback.java:214) ~[org.eclipse.paho.client.mqttv3-1.2.5.jar:na]
	at java.base/java.lang.Thread.run(Thread.java:840) ~[na:na]

2026-07-28T10:54:24.676+05:30  WARN 37596 --- [hub-api] [y-1785215101795] l.r.l.service.MqttSubscriberService      : Failed to process MQTT payload on topic resq/M01/telemetry. Raw payload: {"device_id":"M01","telemetry_mode":"SENSOR_STREAM","state":"PAIRED_IDLE","pressure_0_kpa":0.906,"pressure_0_kpa_valid":true,"pressure_1_kpa":1.471,"pressure_1_kpa_valid":false,"pressure_2_kpa":1.297,"pressure_2_kpa_valid":true,"pressure_kpa_valid":false,"hall_mm":14.71,"hall_progress":0.491,"hall_mm_valid":true,"pressure_saturation_mask":0,"interval_ms":200,"ts_ms":37144}. Error message: pressure_0_raw is required and must be an integer

java.lang.IllegalArgumentException: pressure_0_raw is required and must be an integer
	at lk.resq.localhub.service.SensorStreamService.requiredInt(SensorStreamService.java:306) ~[classes/:na]
	at lk.resq.localhub.service.SensorStreamService.parseSnapshot(SensorStreamService.java:65) ~[classes/:na]
	at lk.resq.localhub.service.MqttSubscriberService.handleMessage(MqttSubscriberService.java:437) ~[classes/:na]
	at lk.resq.localhub.service.MqttSubscriberService$1.messageArrived(MqttSubscriberService.java:321) ~[classes/:na]
	at org.eclipse.paho.client.mqttv3.internal.CommsCallback.deliverMessage(CommsCallback.java:519) ~[org.eclipse.paho.client.mqttv3-1.2.5.jar:na]
	at org.eclipse.paho.client.mqttv3.internal.CommsCallback.handleMessage(CommsCallback.java:417) ~[org.eclipse.paho.client.mqttv3-1.2.5.jar:na]
	at org.eclipse.paho.client.mqttv3.internal.CommsCallback.run(CommsCallback.java:214) ~[org.eclipse.paho.client.mqttv3-1.2.5.jar:na]
	at java.base/java.lang.Thread.run(Thread.java:840) ~[na:na]

2026-07-28T10:54:24.881+05:30  WARN 37596 --- [hub-api] [y-1785215101795] l.r.l.service.MqttSubscriberService      : Failed to process MQTT payload on topic resq/M01/telemetry. Raw payload: {"device_id":"M01","telemetry_mode":"SENSOR_STREAM","state":"PAIRED_IDLE","pressure_0_kpa":0.917,"pressure_0_kpa_valid":true,"pressure_1_kpa":1.478,"pressure_1_kpa_valid":true,"pressure_2_kpa":1.292,"pressure_2_kpa_valid":true,"pressure_kpa_valid":true,"hall_mm":14.93,"hall_progress":0.498,"hall_mm_valid":true,"pressure_saturation_mask":0,"interval_ms":200,"ts_ms":37349}. Error message: pressure_0_raw is required and must be an integer

java.lang.IllegalArgumentException: pressure_0_raw is required and must be an integer
	at lk.resq.localhub.service.SensorStreamService.requiredInt(SensorStreamService.java:306) ~[classes/:na]
	at lk.resq.localhub.service.SensorStreamService.parseSnapshot(SensorStreamService.java:65) ~[classes/:na]
	at lk.resq.localhub.service.MqttSubscriberService.handleMessage(MqttSubscriberService.java:437) ~[classes/:na]
	at lk.resq.localhub.service.MqttSubscriberService$1.messageArrived(MqttSubscriberService.java:321) ~[classes/:na]
	at org.eclipse.paho.client.mqttv3.internal.CommsCallback.deliverMessage(CommsCallback.java:519) ~[org.eclipse.paho.client.mqttv3-1.2.5.jar:na]
	at org.eclipse.paho.client.mqttv3.internal.CommsCallback.handleMessage(CommsCallback.java:417) ~[org.eclipse.paho.client.mqttv3-1.2.5.jar:na]
	at org.eclipse.paho.client.mqttv3.internal.CommsCallback.run(CommsCallback.java:214) ~[org.eclipse.paho.client.mqttv3-1.2.5.jar:na]
	at java.base/java.lang.Thread.run(Thread.java:840) ~[na:na]

2026-07-28T10:54:25.084+05:30  WARN 37596 --- [hub-api] [y-1785215101795] l.r.l.service.MqttSubscriberService      : Failed to process MQTT payload on topic resq/M01/telemetry. Raw payload: {"device_id":"M01","telemetry_mode":"SENSOR_STREAM","state":"PAIRED_IDLE","pressure_0_kpa":0.92,"pressure_0_kpa_valid":true,"pressure_1_kpa":1.48,"pressure_1_kpa_valid":true,"pressure_2_kpa":1.29,"pressure_2_kpa_valid":true,"pressure_kpa_valid":true,"hall_mm":15,"hall_progress":0.5,"hall_mm_valid":true,"pressure_saturation_mask":0,"interval_ms":200,"ts_ms":37551}. Error message: pressure_0_raw is required and must be an integer

java.lang.IllegalArgumentException: pressure_0_raw is required and must be an integer
	at lk.resq.localhub.service.SensorStreamService.requiredInt(SensorStreamService.java:306) ~[classes/:na]
	at lk.resq.localhub.service.SensorStreamService.parseSnapshot(SensorStreamService.java:65) ~[classes/:na]
	at lk.resq.localhub.service.MqttSubscriberService.handleMessage(MqttSubscriberService.java:437) ~[classes/:na]
	at lk.resq.localhub.service.MqttSubscriberService$1.messageArrived(MqttSubscriberService.java:321) ~[classes/:na]
	at org.eclipse.paho.client.mqttv3.internal.CommsCallback.deliverMessage(CommsCallback.java:519) ~[org.eclipse.paho.client.mqttv3-1.2.5.jar:na]
	at org.eclipse.paho.client.mqttv3.internal.CommsCallback.handleMessage(CommsCallback.java:417) ~[org.eclipse.paho.client.mqttv3-1.2.5.jar:na]
	at org.eclipse.paho.client.mqttv3.internal.CommsCallback.run(CommsCallback.java:214) ~[org.eclipse.paho.client.mqttv3-1.2.5.jar:na]
	at java.base/java.lang.Thread.run(Thread.java:840) ~[na:na]

2026-07-28T10:54:25.280+05:30  WARN 37596 --- [hub-api] [y-1785215101795] l.r.l.service.MqttSubscriberService      : Failed to process MQTT payload on topic resq/M01/telemetry. Raw payload: {"device_id":"M01","telemetry_mode":"SENSOR_STREAM","state":"PAIRED_IDLE","pressure_0_kpa":0.916,"pressure_0_kpa_valid":true,"pressure_1_kpa":1.477,"pressure_1_kpa_valid":true,"pressure_2_kpa":1.292,"pressure_2_kpa_valid":true,"pressure_kpa_valid":true,"hall_mm":14.91,"hall_progress":0.497,"hall_mm_valid":true,"pressure_saturation_mask":0,"interval_ms":200,"ts_ms":37751}. Error message: pressure_0_raw is required and must be an integer

java.lang.IllegalArgumentException: pressure_0_raw is required and must be an integer
	at lk.resq.localhub.service.SensorStreamService.requiredInt(SensorStreamService.java:306) ~[classes/:na]
	at lk.resq.localhub.service.SensorStreamService.parseSnapshot(SensorStreamService.java:65) ~[classes/:na]
	at lk.resq.localhub.service.MqttSubscriberService.handleMessage(MqttSubscriberService.java:437) ~[classes/:na]
	at lk.resq.localhub.service.MqttSubscriberService$1.messageArrived(MqttSubscriberService.java:321) ~[classes/:na]
	at org.eclipse.paho.client.mqttv3.internal.CommsCallback.deliverMessage(CommsCallback.java:519) ~[org.eclipse.paho.client.mqttv3-1.2.5.jar:na]
	at org.eclipse.paho.client.mqttv3.internal.CommsCallback.handleMessage(CommsCallback.java:417) ~[org.eclipse.paho.client.mqttv3-1.2.5.jar:na]
	at org.eclipse.paho.client.mqttv3.internal.CommsCallback.run(CommsCallback.java:214) ~[org.eclipse.paho.client.mqttv3-1.2.5.jar:na]
	at java.base/java.lang.Thread.run(Thread.java:840) ~[na:na]

2026-07-28T10:54:25.503+05:30  WARN 37596 --- [hub-api] [y-1785215101795] l.r.l.service.MqttSubscriberService      : Failed to process MQTT payload on topic resq/M01/telemetry. Raw payload: {"device_id":"M01","telemetry_mode":"SENSOR_STREAM","state":"PAIRED_IDLE","pressure_0_kpa":0.905,"pressure_0_kpa_valid":true,"pressure_1_kpa":1.47,"pressure_1_kpa_valid":true,"pressure_2_kpa":1.298,"pressure_2_kpa_valid":true,"pressure_kpa_valid":true,"hall_mm":14.68,"hall_progress":0.49,"hall_mm_valid":true,"pressure_saturation_mask":0,"interval_ms":200,"ts_ms":37967}. Error message: pressure_0_raw is required and must be an integer

java.lang.IllegalArgumentException: pressure_0_raw is required and must be an integer
	at lk.resq.localhub.service.SensorStreamService.requiredInt(SensorStreamService.java:306) ~[classes/:na]
	at lk.resq.localhub.service.SensorStreamService.parseSnapshot(SensorStreamService.java:65) ~[classes/:na]
	at lk.resq.localhub.service.MqttSubscriberService.handleMessage(MqttSubscriberService.java:437) ~[classes/:na]
	at lk.resq.localhub.service.MqttSubscriberService$1.messageArrived(MqttSubscriberService.java:321) ~[classes/:na]
	at org.eclipse.paho.client.mqttv3.internal.CommsCallback.deliverMessage(CommsCallback.java:519) ~[org.eclipse.paho.client.mqttv3-1.2.5.jar:na]
	at org.eclipse.paho.client.mqttv3.internal.CommsCallback.handleMessage(CommsCallback.java:417) ~[org.eclipse.paho.client.mqttv3-1.2.5.jar:na]
	at org.eclipse.paho.client.mqttv3.internal.CommsCallback.run(CommsCallback.java:214) ~[org.eclipse.paho.client.mqttv3-1.2.5.jar:na]
	at java.base/java.lang.Thread.run(Thread.java:840) ~[na:na]

2026-07-28T10:54:25.709+05:30  WARN 37596 --- [hub-api] [y-1785215101795] l.r.l.service.MqttSubscriberService      : Failed to process MQTT payload on topic resq/M01/telemetry. Raw payload: {"device_id":"M01","telemetry_mode":"SENSOR_STREAM","state":"PAIRED_IDLE","pressure_0_kpa":0.887,"pressure_0_kpa_valid":true,"pressure_1_kpa":1.458,"pressure_1_kpa_valid":true,"pressure_2_kpa":1.307,"pressure_2_kpa_valid":true,"pressure_kpa_valid":true,"hall_mm":14.31,"hall_progress":0.478,"hall_mm_valid":true,"pressure_saturation_mask":0,"interval_ms":200,"ts_ms":38172}. Error message: pressure_0_raw is required and must be an integer

java.lang.IllegalArgumentException: pressure_0_raw is required and must be an integer
	at lk.resq.localhub.service.SensorStreamService.requiredInt(SensorStreamService.java:306) ~[classes/:na]
	at lk.resq.localhub.service.SensorStreamService.parseSnapshot(SensorStreamService.java:65) ~[classes/:na]
	at lk.resq.localhub.service.MqttSubscriberService.handleMessage(MqttSubscriberService.java:437) ~[classes/:na]
	at lk.resq.localhub.service.MqttSubscriberService$1.messageArrived(MqttSubscriberService.java:321) ~[classes/:na]
	at org.eclipse.paho.client.mqttv3.internal.CommsCallback.deliverMessage(CommsCallback.java:519) ~[org.eclipse.paho.client.mqttv3-1.2.5.jar:na]
	at org.eclipse.paho.client.mqttv3.internal.CommsCallback.handleMessage(CommsCallback.java:417) ~[org.eclipse.paho.client.mqttv3-1.2.5.jar:na]
	at org.eclipse.paho.client.mqttv3.internal.CommsCallback.run(CommsCallback.java:214) ~[org.eclipse.paho.client.mqttv3-1.2.5.jar:na]
	at java.base/java.lang.Thread.run(Thread.java:840) ~[na:na]

2026-07-28T10:54:25.911+05:30  WARN 37596 --- [hub-api] [y-1785215101795] l.r.l.service.MqttSubscriberService      : Failed to process MQTT payload on topic resq/M01/telemetry. Raw payload: {"device_id":"M01","telemetry_mode":"SENSOR_STREAM","state":"PAIRED_IDLE","pressure_0_kpa":0.863,"pressure_0_kpa_valid":true,"pressure_1_kpa":1.442,"pressure_1_kpa_valid":true,"pressure_2_kpa":1.318,"pressure_2_kpa_valid":true,"pressure_kpa_valid":true,"hall_mm":13.82,"hall_progress":0.462,"hall_mm_valid":true,"pressure_saturation_mask":2,"interval_ms":200,"ts_ms":38376}. Error message: pressure_0_raw is required and must be an integer

java.lang.IllegalArgumentException: pressure_0_raw is required and must be an integer
	at lk.resq.localhub.service.SensorStreamService.requiredInt(SensorStreamService.java:306) ~[classes/:na]
	at lk.resq.localhub.service.SensorStreamService.parseSnapshot(SensorStreamService.java:65) ~[classes/:na]
	at lk.resq.localhub.service.MqttSubscriberService.handleMessage(MqttSubscriberService.java:437) ~[classes/:na]
	at lk.resq.localhub.service.MqttSubscriberService$1.messageArrived(MqttSubscriberService.java:321) ~[classes/:na]
	at org.eclipse.paho.client.mqttv3.internal.CommsCallback.deliverMessage(CommsCallback.java:519) ~[org.eclipse.paho.client.mqttv3-1.2.5.jar:na]
	at org.eclipse.paho.client.mqttv3.internal.CommsCallback.handleMessage(CommsCallback.java:417) ~[org.eclipse.paho.client.mqttv3-1.2.5.jar:na]
	at org.eclipse.paho.client.mqttv3.internal.CommsCallback.run(CommsCallback.java:214) ~[org.eclipse.paho.client.mqttv3-1.2.5.jar:na]
	at java.base/java.lang.Thread.run(Thread.java:840) ~[na:na]

2026-07-28T10:54:26.116+05:30  WARN 37596 --- [hub-api] [y-1785215101795] l.r.l.service.MqttSubscriberService      : Failed to process MQTT payload on topic resq/M01/telemetry. Raw payload: {"device_id":"M01","telemetry_mode":"SENSOR_STREAM","state":"PAIRED_IDLE","pressure_0_kpa":0.836,"pressure_0_kpa_valid":true,"pressure_1_kpa":1.424,"pressure_1_kpa_valid":true,"pressure_2_kpa":1.332,"pressure_2_kpa_valid":true,"pressure_kpa_valid":true,"hall_mm":13.26,"hall_progress":0.444,"hall_mm_valid":true,"pressure_saturation_mask":0,"interval_ms":200,"ts_ms":38581}. Error message: pressure_0_raw is required and must be an integer

java.lang.IllegalArgumentException: pressure_0_raw is required and must be an integer
	at lk.resq.localhub.service.SensorStreamService.requiredInt(SensorStreamService.java:306) ~[classes/:na]
	at lk.resq.localhub.service.SensorStreamService.parseSnapshot(SensorStreamService.java:65) ~[classes/:na]
	at lk.resq.localhub.service.MqttSubscriberService.handleMessage(MqttSubscriberService.java:437) ~[classes/:na]
	at lk.resq.localhub.service.MqttSubscriberService$1.messageArrived(MqttSubscriberService.java:321) ~[classes/:na]
	at org.eclipse.paho.client.mqttv3.internal.CommsCallback.deliverMessage(CommsCallback.java:519) ~[org.eclipse.paho.client.mqttv3-1.2.5.jar:na]
	at org.eclipse.paho.client.mqttv3.internal.CommsCallback.handleMessage(CommsCallback.java:417) ~[org.eclipse.paho.client.mqttv3-1.2.5.jar:na]
	at org.eclipse.paho.client.mqttv3.internal.CommsCallback.run(CommsCallback.java:214) ~[org.eclipse.paho.client.mqttv3-1.2.5.jar:na]
	at java.base/java.lang.Thread.run(Thread.java:840) ~[na:na]

2026-07-28T10:54:26.319+05:30  WARN 37596 --- [hub-api] [y-1785215101795] l.r.l.service.MqttSubscriberService      : Failed to process MQTT payload on topic resq/M01/telemetry. Raw payload: {"device_id":"M01","telemetry_mode":"SENSOR_STREAM","state":"PAIRED_IDLE","pressure_0_kpa":0.807,"pressure_0_kpa_valid":true,"pressure_1_kpa":1.405,"pressure_1_kpa_valid":true,"pressure_2_kpa":1.347,"pressure_2_kpa_valid":true,"pressure_kpa_valid":true,"hall_mm":12.64,"hall_progress":0.425,"hall_mm_valid":true,"pressure_saturation_mask":0,"interval_ms":200,"ts_ms":38784}. Error message: pressure_0_raw is required and must be an integer

java.lang.IllegalArgumentException: pressure_0_raw is required and must be an integer
	at lk.resq.localhub.service.SensorStreamService.requiredInt(SensorStreamService.java:306) ~[classes/:na]
	at lk.resq.localhub.service.SensorStreamService.parseSnapshot(SensorStreamService.java:65) ~[classes/:na]
	at lk.resq.localhub.service.MqttSubscriberService.handleMessage(MqttSubscriberService.java:437) ~[classes/:na]
	at lk.resq.localhub.service.MqttSubscriberService$1.messageArrived(MqttSubscriberService.java:321) ~[classes/:na]
	at org.eclipse.paho.client.mqttv3.internal.CommsCallback.deliverMessage(CommsCallback.java:519) ~[org.eclipse.paho.client.mqttv3-1.2.5.jar:na]
	at org.eclipse.paho.client.mqttv3.internal.CommsCallback.handleMessage(CommsCallback.java:417) ~[org.eclipse.paho.client.mqttv3-1.2.5.jar:na]
	at org.eclipse.paho.client.mqttv3.internal.CommsCallback.run(CommsCallback.java:214) ~[org.eclipse.paho.client.mqttv3-1.2.5.jar:na]
	at java.base/java.lang.Thread.run(Thread.java:840) ~[na:na]

2026-07-28T10:54:26.530+05:30  WARN 37596 --- [hub-api] [y-1785215101795] l.r.l.service.MqttSubscriberService      : Failed to process MQTT payload on topic resq/M01/telemetry. Raw payload: {"device_id":"M01","telemetry_mode":"SENSOR_STREAM","state":"PAIRED_IDLE","pressure_0_kpa":0.777,"pressure_0_kpa_valid":true,"pressure_1_kpa":1.385,"pressure_1_kpa_valid":true,"pressure_2_kpa":1.361,"pressure_2_kpa_valid":true,"pressure_kpa_valid":true,"hall_mm":12.02,"hall_progress":0.405,"hall_mm_valid":true,"pressure_saturation_mask":0,"interval_ms":200,"ts_ms":38998}. Error message: pressure_0_raw is required and must be an integer

java.lang.IllegalArgumentException: pressure_0_raw is required and must be an integer
	at lk.resq.localhub.service.SensorStreamService.requiredInt(SensorStreamService.java:306) ~[classes/:na]
	at lk.resq.localhub.service.SensorStreamService.parseSnapshot(SensorStreamService.java:65) ~[classes/:na]
	at lk.resq.localhub.service.MqttSubscriberService.handleMessage(MqttSubscriberService.java:437) ~[classes/:na]
	at lk.resq.localhub.service.MqttSubscriberService$1.messageArrived(MqttSubscriberService.java:321) ~[classes/:na]
	at org.eclipse.paho.client.mqttv3.internal.CommsCallback.deliverMessage(CommsCallback.java:519) ~[org.eclipse.paho.client.mqttv3-1.2.5.jar:na]
	at org.eclipse.paho.client.mqttv3.internal.CommsCallback.handleMessage(CommsCallback.java:417) ~[org.eclipse.paho.client.mqttv3-1.2.5.jar:na]
	at org.eclipse.paho.client.mqttv3.internal.CommsCallback.run(CommsCallback.java:214) ~[org.eclipse.paho.client.mqttv3-1.2.5.jar:na]
	at java.base/java.lang.Thread.run(Thread.java:840) ~[na:na]

2026-07-28T10:54:26.734+05:30  WARN 37596 --- [hub-api] [y-1785215101795] l.r.l.service.MqttSubscriberService      : Failed to process MQTT payload on topic resq/M01/telemetry. Raw payload: {"device_id":"M01","telemetry_mode":"SENSOR_STREAM","state":"PAIRED_IDLE","pressure_0_kpa":0.749,"pressure_0_kpa_valid":true,"pressure_1_kpa":1.366,"pressure_1_kpa_valid":true,"pressure_2_kpa":1.376,"pressure_2_kpa_valid":true,"pressure_kpa_valid":true,"hall_mm":11.43,"hall_progress":0.386,"hall_mm_valid":true,"pressure_saturation_mask":0,"interval_ms":200,"ts_ms":39200}. Error message: pressure_0_raw is required and must be an integer

java.lang.IllegalArgumentException: pressure_0_raw is required and must be an integer
	at lk.resq.localhub.service.SensorStreamService.requiredInt(SensorStreamService.java:306) ~[classes/:na]
	at lk.resq.localhub.service.SensorStreamService.parseSnapshot(SensorStreamService.java:65) ~[classes/:na]
	at lk.resq.localhub.service.MqttSubscriberService.handleMessage(MqttSubscriberService.java:437) ~[classes/:na]
	at lk.resq.localhub.service.MqttSubscriberService$1.messageArrived(MqttSubscriberService.java:321) ~[classes/:na]
	at org.eclipse.paho.client.mqttv3.internal.CommsCallback.deliverMessage(CommsCallback.java:519) ~[org.eclipse.paho.client.mqttv3-1.2.5.jar:na]
	at org.eclipse.paho.client.mqttv3.internal.CommsCallback.handleMessage(CommsCallback.java:417) ~[org.eclipse.paho.client.mqttv3-1.2.5.jar:na]
	at org.eclipse.paho.client.mqttv3.internal.CommsCallback.run(CommsCallback.java:214) ~[org.eclipse.paho.client.mqttv3-1.2.5.jar:na]
	at java.base/java.lang.Thread.run(Thread.java:840) ~[na:na]

2026-07-28T10:54:26.947+05:30  WARN 37596 --- [hub-api] [y-1785215101795] l.r.l.service.MqttSubscriberService      : Failed to process MQTT payload on topic resq/M01/telemetry. Raw payload: {"device_id":"M01","telemetry_mode":"SENSOR_STREAM","state":"PAIRED_IDLE","pressure_0_kpa":0.723,"pressure_0_kpa_valid":true,"pressure_1_kpa":1.349,"pressure_1_kpa_valid":true,"pressure_2_kpa":1.388,"pressure_2_kpa_valid":true,"pressure_kpa_valid":true,"hall_mm":10.9,"hall_progress":0.369,"hall_mm_valid":true,"pressure_saturation_mask":0,"interval_ms":200,"ts_ms":39401}. Error message: pressure_0_raw is required and must be an integer

java.lang.IllegalArgumentException: pressure_0_raw is required and must be an integer
	at lk.resq.localhub.service.SensorStreamService.requiredInt(SensorStreamService.java:306) ~[classes/:na]
	at lk.resq.localhub.service.SensorStreamService.parseSnapshot(SensorStreamService.java:65) ~[classes/:na]
	at lk.resq.localhub.service.MqttSubscriberService.handleMessage(MqttSubscriberService.java:437) ~[classes/:na]
	at lk.resq.localhub.service.MqttSubscriberService$1.messageArrived(MqttSubscriberService.java:321) ~[classes/:na]
	at org.eclipse.paho.client.mqttv3.internal.CommsCallback.deliverMessage(CommsCallback.java:519) ~[org.eclipse.paho.client.mqttv3-1.2.5.jar:na]
	at org.eclipse.paho.client.mqttv3.internal.CommsCallback.handleMessage(CommsCallback.java:417) ~[org.eclipse.paho.client.mqttv3-1.2.5.jar:na]
	at org.eclipse.paho.client.mqttv3.internal.CommsCallback.run(CommsCallback.java:214) ~[org.eclipse.paho.client.mqttv3-1.2.5.jar:na]
	at java.base/java.lang.Thread.run(Thread.java:840) ~[na:na]

2026-07-28T10:54:27.151+05:30  WARN 37596 --- [hub-api] [y-1785215101795] l.r.l.service.MqttSubscriberService      : Failed to process MQTT payload on topic resq/M01/telemetry. Raw payload: {"device_id":"M01","telemetry_mode":"SENSOR_STREAM","state":"PAIRED_IDLE","pressure_0_kpa":0.703,"pressure_0_kpa_valid":true,"pressure_1_kpa":1.335,"pressure_1_kpa_valid":true,"pressure_2_kpa":1.399,"pressure_2_kpa_valid":true,"pressure_kpa_valid":true,"hall_mm":10.48,"hall_progress":0.355,"hall_mm_valid":true,"pressure_saturation_mask":0,"interval_ms":200,"ts_ms":39616}. Error message: pressure_0_raw is required and must be an integer

java.lang.IllegalArgumentException: pressure_0_raw is required and must be an integer
	at lk.resq.localhub.service.SensorStreamService.requiredInt(SensorStreamService.java:306) ~[classes/:na]
	at lk.resq.localhub.service.SensorStreamService.parseSnapshot(SensorStreamService.java:65) ~[classes/:na]
	at lk.resq.localhub.service.MqttSubscriberService.handleMessage(MqttSubscriberService.java:437) ~[classes/:na]
	at lk.resq.localhub.service.MqttSubscriberService$1.messageArrived(MqttSubscriberService.java:321) ~[classes/:na]
	at org.eclipse.paho.client.mqttv3.internal.CommsCallback.deliverMessage(CommsCallback.java:519) ~[org.eclipse.paho.client.mqttv3-1.2.5.jar:na]
	at org.eclipse.paho.client.mqttv3.internal.CommsCallback.handleMessage(CommsCallback.java:417) ~[org.eclipse.paho.client.mqttv3-1.2.5.jar:na]
	at org.eclipse.paho.client.mqttv3.internal.CommsCallback.run(CommsCallback.java:214) ~[org.eclipse.paho.client.mqttv3-1.2.5.jar:na]
	at java.base/java.lang.Thread.run(Thread.java:840) ~[na:na]

2026-07-28T10:54:27.353+05:30  WARN 37596 --- [hub-api] [y-1785215101795] l.r.l.service.MqttSubscriberService      : Failed to process MQTT payload on topic resq/M01/telemetry. Raw payload: {"device_id":"M01","telemetry_mode":"SENSOR_STREAM","state":"PAIRED_IDLE","pressure_0_kpa":0.688,"pressure_0_kpa_valid":true,"pressure_1_kpa":1.326,"pressure_1_kpa_valid":false,"pressure_2_kpa":1.406,"pressure_2_kpa_valid":true,"pressure_kpa_valid":false,"hall_mm":10.18,"hall_progress":0.346,"hall_mm_valid":true,"pressure_saturation_mask":0,"interval_ms":200,"ts_ms":39816}. Error message: pressure_0_raw is required and must be an integer

java.lang.IllegalArgumentException: pressure_0_raw is required and must be an integer
	at lk.resq.localhub.service.SensorStreamService.requiredInt(SensorStreamService.java:306) ~[classes/:na]
	at lk.resq.localhub.service.SensorStreamService.parseSnapshot(SensorStreamService.java:65) ~[classes/:na]
	at lk.resq.localhub.service.MqttSubscriberService.handleMessage(MqttSubscriberService.java:437) ~[classes/:na]
	at lk.resq.localhub.service.MqttSubscriberService$1.messageArrived(MqttSubscriberService.java:321) ~[classes/:na]
	at org.eclipse.paho.client.mqttv3.internal.CommsCallback.deliverMessage(CommsCallback.java:519) ~[org.eclipse.paho.client.mqttv3-1.2.5.jar:na]
	at org.eclipse.paho.client.mqttv3.internal.CommsCallback.handleMessage(CommsCallback.java:417) ~[org.eclipse.paho.client.mqttv3-1.2.5.jar:na]
	at org.eclipse.paho.client.mqttv3.internal.CommsCallback.run(CommsCallback.java:214) ~[org.eclipse.paho.client.mqttv3-1.2.5.jar:na]
	at java.base/java.lang.Thread.run(Thread.java:840) ~[na:na]

2026-07-28T10:54:27.546+05:30  WARN 37596 --- [hub-api] [y-1785215101795] l.r.l.service.MqttSubscriberService      : Failed to process MQTT payload on topic resq/M01/telemetry. Raw payload: {"device_id":"M01","telemetry_mode":"SENSOR_STREAM","state":"PAIRED_IDLE","pressure_0_kpa":0.681,"pressure_0_kpa_valid":true,"pressure_1_kpa":1.321,"pressure_1_kpa_valid":true,"pressure_2_kpa":1.41,"pressure_2_kpa_valid":true,"pressure_kpa_valid":true,"hall_mm":10.02,"hall_progress":0.341,"hall_mm_valid":true,"pressure_saturation_mask":0,"interval_ms":200,"ts_ms":40017}. Error message: pressure_0_raw is required and must be an integer

java.lang.IllegalArgumentException: pressure_0_raw is required and must be an integer
	at lk.resq.localhub.service.SensorStreamService.requiredInt(SensorStreamService.java:306) ~[classes/:na]
	at lk.resq.localhub.service.SensorStreamService.parseSnapshot(SensorStreamService.java:65) ~[classes/:na]
	at lk.resq.localhub.service.MqttSubscriberService.handleMessage(MqttSubscriberService.java:437) ~[classes/:na]
	at lk.resq.localhub.service.MqttSubscriberService$1.messageArrived(MqttSubscriberService.java:321) ~[classes/:na]
	at org.eclipse.paho.client.mqttv3.internal.CommsCallback.deliverMessage(CommsCallback.java:519) ~[org.eclipse.paho.client.mqttv3-1.2.5.jar:na]
	at org.eclipse.paho.client.mqttv3.internal.CommsCallback.handleMessage(CommsCallback.java:417) ~[org.eclipse.paho.client.mqttv3-1.2.5.jar:na]
	at org.eclipse.paho.client.mqttv3.internal.CommsCallback.run(CommsCallback.java:214) ~[org.eclipse.paho.client.mqttv3-1.2.5.jar:na]
	at java.base/java.lang.Thread.run(Thread.java:840) ~[na:na]

2026-07-28T10:54:27.746+05:30  WARN 37596 --- [hub-api] [y-1785215101795] l.r.l.service.MqttSubscriberService      : Failed to process MQTT payload on topic resq/M01/telemetry. Raw payload: {"device_id":"M01","telemetry_mode":"SENSOR_STREAM","state":"PAIRED_IDLE","pressure_0_kpa":0.681,"pressure_0_kpa_valid":true,"pressure_1_kpa":1.321,"pressure_1_kpa_valid":true,"pressure_2_kpa":1.41,"pressure_2_kpa_valid":true,"pressure_kpa_valid":true,"hall_mm":10.02,"hall_progress":0.341,"hall_mm_valid":true,"pressure_saturation_mask":0,"interval_ms":200,"ts_ms":40217}. Error message: pressure_0_raw is required and must be an integer

java.lang.IllegalArgumentException: pressure_0_raw is required and must be an integer
	at lk.resq.localhub.service.SensorStreamService.requiredInt(SensorStreamService.java:306) ~[classes/:na]
	at lk.resq.localhub.service.SensorStreamService.parseSnapshot(SensorStreamService.java:65) ~[classes/:na]
	at lk.resq.localhub.service.MqttSubscriberService.handleMessage(MqttSubscriberService.java:437) ~[classes/:na]
	at lk.resq.localhub.service.MqttSubscriberService$1.messageArrived(MqttSubscriberService.java:321) ~[classes/:na]
	at org.eclipse.paho.client.mqttv3.internal.CommsCallback.deliverMessage(CommsCallback.java:519) ~[org.eclipse.paho.client.mqttv3-1.2.5.jar:na]
	at org.eclipse.paho.client.mqttv3.internal.CommsCallback.handleMessage(CommsCallback.java:417) ~[org.eclipse.paho.client.mqttv3-1.2.5.jar:na]
	at org.eclipse.paho.client.mqttv3.internal.CommsCallback.run(CommsCallback.java:214) ~[org.eclipse.paho.client.mqttv3-1.2.5.jar:na]
	at java.base/java.lang.Thread.run(Thread.java:840) ~[na:na]

2026-07-28T10:54:27.974+05:30  WARN 37596 --- [hub-api] [y-1785215101795] l.r.l.service.MqttSubscriberService      : Failed to process MQTT payload on topic resq/M01/telemetry. Raw payload: {"device_id":"M01","telemetry_mode":"SENSOR_STREAM","state":"PAIRED_IDLE","pressure_0_kpa":0.688,"pressure_0_kpa_valid":true,"pressure_1_kpa":1.325,"pressure_1_kpa_valid":true,"pressure_2_kpa":1.406,"pressure_2_kpa_valid":true,"pressure_kpa_valid":true,"hall_mm":10.17,"hall_progress":0.345,"hall_mm_valid":true,"pressure_saturation_mask":0,"interval_ms":200,"ts_ms":40434}. Error message: pressure_0_raw is required and must be an integer

java.lang.IllegalArgumentException: pressure_0_raw is required and must be an integer
	at lk.resq.localhub.service.SensorStreamService.requiredInt(SensorStreamService.java:306) ~[classes/:na]
	at lk.resq.localhub.service.SensorStreamService.parseSnapshot(SensorStreamService.java:65) ~[classes/:na]
	at lk.resq.localhub.service.MqttSubscriberService.handleMessage(MqttSubscriberService.java:437) ~[classes/:na]
	at lk.resq.localhub.service.MqttSubscriberService$1.messageArrived(MqttSubscriberService.java:321) ~[classes/:na]
	at org.eclipse.paho.client.mqttv3.internal.CommsCallback.deliverMessage(CommsCallback.java:519) ~[org.eclipse.paho.client.mqttv3-1.2.5.jar:na]
	at org.eclipse.paho.client.mqttv3.internal.CommsCallback.handleMessage(CommsCallback.java:417) ~[org.eclipse.paho.client.mqttv3-1.2.5.jar:na]
	at org.eclipse.paho.client.mqttv3.internal.CommsCallback.run(CommsCallback.java:214) ~[org.eclipse.paho.client.mqttv3-1.2.5.jar:na]
	at java.base/java.lang.Thread.run(Thread.java:840) ~[na:na]

2026-07-28T10:54:28.173+05:30  WARN 37596 --- [hub-api] [y-1785215101795] l.r.l.service.MqttSubscriberService      : Failed to process MQTT payload on topic resq/M01/telemetry. Raw payload: {"device_id":"M01","telemetry_mode":"SENSOR_STREAM","state":"PAIRED_IDLE","pressure_0_kpa":0.702,"pressure_0_kpa_valid":true,"pressure_1_kpa":1.335,"pressure_1_kpa_valid":true,"pressure_2_kpa":1.399,"pressure_2_kpa_valid":true,"pressure_kpa_valid":true,"hall_mm":10.47,"hall_progress":0.355,"hall_mm_valid":true,"pressure_saturation_mask":0,"interval_ms":200,"ts_ms":40644}. Error message: pressure_0_raw is required and must be an integer

java.lang.IllegalArgumentException: pressure_0_raw is required and must be an integer
	at lk.resq.localhub.service.SensorStreamService.requiredInt(SensorStreamService.java:306) ~[classes/:na]
	at lk.resq.localhub.service.SensorStreamService.parseSnapshot(SensorStreamService.java:65) ~[classes/:na]
	at lk.resq.localhub.service.MqttSubscriberService.handleMessage(MqttSubscriberService.java:437) ~[classes/:na]
	at lk.resq.localhub.service.MqttSubscriberService$1.messageArrived(MqttSubscriberService.java:321) ~[classes/:na]
	at org.eclipse.paho.client.mqttv3.internal.CommsCallback.deliverMessage(CommsCallback.java:519) ~[org.eclipse.paho.client.mqttv3-1.2.5.jar:na]
	at org.eclipse.paho.client.mqttv3.internal.CommsCallback.handleMessage(CommsCallback.java:417) ~[org.eclipse.paho.client.mqttv3-1.2.5.jar:na]
	at org.eclipse.paho.client.mqttv3.internal.CommsCallback.run(CommsCallback.java:214) ~[org.eclipse.paho.client.mqttv3-1.2.5.jar:na]
	at java.base/java.lang.Thread.run(Thread.java:840) ~[na:na]

2026-07-28T10:54:28.381+05:30  WARN 37596 --- [hub-api] [y-1785215101795] l.r.l.service.MqttSubscriberService      : Failed to process MQTT payload on topic resq/M01/telemetry. Raw payload: {"device_id":"M01","telemetry_mode":"SENSOR_STREAM","state":"PAIRED_IDLE","pressure_0_kpa":0.723,"pressure_0_kpa_valid":true,"pressure_1_kpa":1.349,"pressure_1_kpa_valid":true,"pressure_2_kpa":1.389,"pressure_2_kpa_valid":true,"pressure_kpa_valid":true,"hall_mm":10.89,"hall_progress":0.369,"hall_mm_valid":true,"pressure_saturation_mask":0,"interval_ms":200,"ts_ms":40850}. Error message: pressure_0_raw is required and must be an integer

java.lang.IllegalArgumentException: pressure_0_raw is required and must be an integer
	at lk.resq.localhub.service.SensorStreamService.requiredInt(SensorStreamService.java:306) ~[classes/:na]
	at lk.resq.localhub.service.SensorStreamService.parseSnapshot(SensorStreamService.java:65) ~[classes/:na]
	at lk.resq.localhub.service.MqttSubscriberService.handleMessage(MqttSubscriberService.java:437) ~[classes/:na]
	at lk.resq.localhub.service.MqttSubscriberService$1.messageArrived(MqttSubscriberService.java:321) ~[classes/:na]
	at org.eclipse.paho.client.mqttv3.internal.CommsCallback.deliverMessage(CommsCallback.java:519) ~[org.eclipse.paho.client.mqttv3-1.2.5.jar:na]
	at org.eclipse.paho.client.mqttv3.internal.CommsCallback.handleMessage(CommsCallback.java:417) ~[org.eclipse.paho.client.mqttv3-1.2.5.jar:na]
	at org.eclipse.paho.client.mqttv3.internal.CommsCallback.run(CommsCallback.java:214) ~[org.eclipse.paho.client.mqttv3-1.2.5.jar:na]
	at java.base/java.lang.Thread.run(Thread.java:840) ~[na:na]

2026-07-28T10:54:28.588+05:30  WARN 37596 --- [hub-api] [y-1785215101795] l.r.l.service.MqttSubscriberService      : Failed to process MQTT payload on topic resq/M01/telemetry. Raw payload: {"device_id":"M01","telemetry_mode":"SENSOR_STREAM","state":"PAIRED_IDLE","pressure_0_kpa":0.748,"pressure_0_kpa_valid":true,"pressure_1_kpa":1.365,"pressure_1_kpa_valid":true,"pressure_2_kpa":1.376,"pressure_2_kpa_valid":true,"pressure_kpa_valid":true,"hall_mm":11.41,"hall_progress":0.385,"hall_mm_valid":true,"pressure_saturation_mask":0,"interval_ms":200,"ts_ms":41054}. Error message: pressure_0_raw is required and must be an integer

java.lang.IllegalArgumentException: pressure_0_raw is required and must be an integer
	at lk.resq.localhub.service.SensorStreamService.requiredInt(SensorStreamService.java:306) ~[classes/:na]
	at lk.resq.localhub.service.SensorStreamService.parseSnapshot(SensorStreamService.java:65) ~[classes/:na]
	at lk.resq.localhub.service.MqttSubscriberService.handleMessage(MqttSubscriberService.java:437) ~[classes/:na]
	at lk.resq.localhub.service.MqttSubscriberService$1.messageArrived(MqttSubscriberService.java:321) ~[classes/:na]
	at org.eclipse.paho.client.mqttv3.internal.CommsCallback.deliverMessage(CommsCallback.java:519) ~[org.eclipse.paho.client.mqttv3-1.2.5.jar:na]
	at org.eclipse.paho.client.mqttv3.internal.CommsCallback.handleMessage(CommsCallback.java:417) ~[org.eclipse.paho.client.mqttv3-1.2.5.jar:na]
	at org.eclipse.paho.client.mqttv3.internal.CommsCallback.run(CommsCallback.java:214) ~[org.eclipse.paho.client.mqttv3-1.2.5.jar:na]
	at java.base/java.lang.Thread.run(Thread.java:840) ~[na:na]

2026-07-28T10:54:28.804+05:30  WARN 37596 --- [hub-api] [y-1785215101795] l.r.l.service.MqttSubscriberService      : Failed to process MQTT payload on topic resq/M01/telemetry. Raw payload: {"device_id":"M01","telemetry_mode":"SENSOR_STREAM","state":"PAIRED_IDLE","pressure_0_kpa":0.776,"pressure_0_kpa_valid":true,"pressure_1_kpa":1.384,"pressure_1_kpa_valid":true,"pressure_2_kpa":1.362,"pressure_2_kpa_valid":true,"pressure_kpa_valid":true,"hall_mm":12.01,"hall_progress":0.404,"hall_mm_valid":true,"pressure_saturation_mask":0,"interval_ms":200,"ts_ms":41267}. Error message: pressure_0_raw is required and must be an integer

java.lang.IllegalArgumentException: pressure_0_raw is required and must be an integer
	at lk.resq.localhub.service.SensorStreamService.requiredInt(SensorStreamService.java:306) ~[classes/:na]
	at lk.resq.localhub.service.SensorStreamService.parseSnapshot(SensorStreamService.java:65) ~[classes/:na]
	at lk.resq.localhub.service.MqttSubscriberService.handleMessage(MqttSubscriberService.java:437) ~[classes/:na]
	at lk.resq.localhub.service.MqttSubscriberService$1.messageArrived(MqttSubscriberService.java:321) ~[classes/:na]
	at org.eclipse.paho.client.mqttv3.internal.CommsCallback.deliverMessage(CommsCallback.java:519) ~[org.eclipse.paho.client.mqttv3-1.2.5.jar:na]
	at org.eclipse.paho.client.mqttv3.internal.CommsCallback.handleMessage(CommsCallback.java:417) ~[org.eclipse.paho.client.mqttv3-1.2.5.jar:na]
	at org.eclipse.paho.client.mqttv3.internal.CommsCallback.run(CommsCallback.java:214) ~[org.eclipse.paho.client.mqttv3-1.2.5.jar:na]
	at java.base/java.lang.Thread.run(Thread.java:840) ~[na:na]

2026-07-28T10:54:29.013+05:30  WARN 37596 --- [hub-api] [y-1785215101795] l.r.l.service.MqttSubscriberService      : Failed to process MQTT payload on topic resq/M01/telemetry. Raw payload: {"device_id":"M01","telemetry_mode":"SENSOR_STREAM","state":"PAIRED_IDLE","pressure_0_kpa":0.806,"pressure_0_kpa_valid":true,"pressure_1_kpa":1.404,"pressure_1_kpa_valid":true,"pressure_2_kpa":1.347,"pressure_2_kpa_valid":true,"pressure_kpa_valid":true,"hall_mm":12.63,"hall_progress":0.424,"hall_mm_valid":true,"pressure_saturation_mask":0,"interval_ms":200,"ts_ms":41485}. Error message: pressure_0_raw is required and must be an integer

java.lang.IllegalArgumentException: pressure_0_raw is required and must be an integer
	at lk.resq.localhub.service.SensorStreamService.requiredInt(SensorStreamService.java:306) ~[classes/:na]
	at lk.resq.localhub.service.SensorStreamService.parseSnapshot(SensorStreamService.java:65) ~[classes/:na]
	at lk.resq.localhub.service.MqttSubscriberService.handleMessage(MqttSubscriberService.java:437) ~[classes/:na]
	at lk.resq.localhub.service.MqttSubscriberService$1.messageArrived(MqttSubscriberService.java:321) ~[classes/:na]
	at org.eclipse.paho.client.mqttv3.internal.CommsCallback.deliverMessage(CommsCallback.java:519) ~[org.eclipse.paho.client.mqttv3-1.2.5.jar:na]
	at org.eclipse.paho.client.mqttv3.internal.CommsCallback.handleMessage(CommsCallback.java:417) ~[org.eclipse.paho.client.mqttv3-1.2.5.jar:na]
	at org.eclipse.paho.client.mqttv3.internal.CommsCallback.run(CommsCallback.java:214) ~[org.eclipse.paho.client.mqttv3-1.2.5.jar:na]
	at java.base/java.lang.Thread.run(Thread.java:840) ~[na:na]

2026-07-28T10:54:29.232+05:30  WARN 37596 --- [hub-api] [y-1785215101795] l.r.l.service.MqttSubscriberService      : Failed to process MQTT payload on topic resq/M01/telemetry. Raw payload: {"device_id":"M01","telemetry_mode":"SENSOR_STREAM","state":"PAIRED_IDLE","pressure_0_kpa":0.836,"pressure_0_kpa_valid":true,"pressure_1_kpa":1.424,"pressure_1_kpa_valid":true,"pressure_2_kpa":1.332,"pressure_2_kpa_valid":true,"pressure_kpa_valid":true,"hall_mm":13.24,"hall_progress":0.444,"hall_mm_valid":true,"pressure_saturation_mask":0,"interval_ms":200,"ts_ms":41700}. Error message: pressure_0_raw is required and must be an integer

java.lang.IllegalArgumentException: pressure_0_raw is required and must be an integer
	at lk.resq.localhub.service.SensorStreamService.requiredInt(SensorStreamService.java:306) ~[classes/:na]
	at lk.resq.localhub.service.SensorStreamService.parseSnapshot(SensorStreamService.java:65) ~[classes/:na]
	at lk.resq.localhub.service.MqttSubscriberService.handleMessage(MqttSubscriberService.java:437) ~[classes/:na]
	at lk.resq.localhub.service.MqttSubscriberService$1.messageArrived(MqttSubscriberService.java:321) ~[classes/:na]
	at org.eclipse.paho.client.mqttv3.internal.CommsCallback.deliverMessage(CommsCallback.java:519) ~[org.eclipse.paho.client.mqttv3-1.2.5.jar:na]
	at org.eclipse.paho.client.mqttv3.internal.CommsCallback.handleMessage(CommsCallback.java:417) ~[org.eclipse.paho.client.mqttv3-1.2.5.jar:na]
	at org.eclipse.paho.client.mqttv3.internal.CommsCallback.run(CommsCallback.java:214) ~[org.eclipse.paho.client.mqttv3-1.2.5.jar:na]
	at java.base/java.lang.Thread.run(Thread.java:840) ~[na:na]

2026-07-28T10:54:29.439+05:30  WARN 37596 --- [hub-api] [y-1785215101795] l.r.l.service.MqttSubscriberService      : Failed to process MQTT payload on topic resq/M01/telemetry. Raw payload: {"device_id":"M01","telemetry_mode":"SENSOR_STREAM","state":"PAIRED_IDLE","pressure_0_kpa":0.863,"pressure_0_kpa_valid":true,"pressure_1_kpa":1.442,"pressure_1_kpa_valid":true,"pressure_2_kpa":1.319,"pressure_2_kpa_valid":true,"pressure_kpa_valid":true,"hall_mm":13.81,"hall_progress":0.462,"hall_mm_valid":true,"pressure_saturation_mask":2,"interval_ms":200,"ts_ms":41912}. Error message: pressure_0_raw is required and must be an integer

java.lang.IllegalArgumentException: pressure_0_raw is required and must be an integer
	at lk.resq.localhub.service.SensorStreamService.requiredInt(SensorStreamService.java:306) ~[classes/:na]
	at lk.resq.localhub.service.SensorStreamService.parseSnapshot(SensorStreamService.java:65) ~[classes/:na]
	at lk.resq.localhub.service.MqttSubscriberService.handleMessage(MqttSubscriberService.java:437) ~[classes/:na]
	at lk.resq.localhub.service.MqttSubscriberService$1.messageArrived(MqttSubscriberService.java:321) ~[classes/:na]
	at org.eclipse.paho.client.mqttv3.internal.CommsCallback.deliverMessage(CommsCallback.java:519) ~[org.eclipse.paho.client.mqttv3-1.2.5.jar:na]
	at org.eclipse.paho.client.mqttv3.internal.CommsCallback.handleMessage(CommsCallback.java:417) ~[org.eclipse.paho.client.mqttv3-1.2.5.jar:na]
	at org.eclipse.paho.client.mqttv3.internal.CommsCallback.run(CommsCallback.java:214) ~[org.eclipse.paho.client.mqttv3-1.2.5.jar:na]
	at java.base/java.lang.Thread.run(Thread.java:840) ~[na:na]

2026-07-28T10:54:29.651+05:30  WARN 37596 --- [hub-api] [y-1785215101795] l.r.l.service.MqttSubscriberService      : Failed to process MQTT payload on topic resq/M01/telemetry. Raw payload: {"device_id":"M01","telemetry_mode":"SENSOR_STREAM","state":"PAIRED_IDLE","pressure_0_kpa":0.886,"pressure_0_kpa_valid":true,"pressure_1_kpa":1.457,"pressure_1_kpa_valid":true,"pressure_2_kpa":1.307,"pressure_2_kpa_valid":true,"pressure_kpa_valid":true,"hall_mm":14.29,"hall_progress":0.477,"hall_mm_valid":true,"pressure_saturation_mask":0,"interval_ms":200,"ts_ms":42116}. Error message: pressure_0_raw is required and must be an integer

java.lang.IllegalArgumentException: pressure_0_raw is required and must be an integer
	at lk.resq.localhub.service.SensorStreamService.requiredInt(SensorStreamService.java:306) ~[classes/:na]
	at lk.resq.localhub.service.SensorStreamService.parseSnapshot(SensorStreamService.java:65) ~[classes/:na]
	at lk.resq.localhub.service.MqttSubscriberService.handleMessage(MqttSubscriberService.java:437) ~[classes/:na]
	at lk.resq.localhub.service.MqttSubscriberService$1.messageArrived(MqttSubscriberService.java:321) ~[classes/:na]
	at org.eclipse.paho.client.mqttv3.internal.CommsCallback.deliverMessage(CommsCallback.java:519) ~[org.eclipse.paho.client.mqttv3-1.2.5.jar:na]
	at org.eclipse.paho.client.mqttv3.internal.CommsCallback.handleMessage(CommsCallback.java:417) ~[org.eclipse.paho.client.mqttv3-1.2.5.jar:na]
	at org.eclipse.paho.client.mqttv3.internal.CommsCallback.run(CommsCallback.java:214) ~[org.eclipse.paho.client.mqttv3-1.2.5.jar:na]
	at java.base/java.lang.Thread.run(Thread.java:840) ~[na:na]

2026-07-28T10:54:29.851+05:30  WARN 37596 --- [hub-api] [y-1785215101795] l.r.l.service.MqttSubscriberService      : Failed to process MQTT payload on topic resq/M01/telemetry. Raw payload: {"device_id":"M01","telemetry_mode":"SENSOR_STREAM","state":"PAIRED_IDLE","pressure_0_kpa":0.904,"pressure_0_kpa_valid":true,"pressure_1_kpa":1.469,"pressure_1_kpa_valid":true,"pressure_2_kpa":1.298,"pressure_2_kpa_valid":true,"pressure_kpa_valid":true,"hall_mm":14.67,"hall_progress":0.489,"hall_mm_valid":true,"pressure_saturation_mask":0,"interval_ms":200,"ts_ms":42317}. Error message: pressure_0_raw is required and must be an integer

java.lang.IllegalArgumentException: pressure_0_raw is required and must be an integer
	at lk.resq.localhub.service.SensorStreamService.requiredInt(SensorStreamService.java:306) ~[classes/:na]
	at lk.resq.localhub.service.SensorStreamService.parseSnapshot(SensorStreamService.java:65) ~[classes/:na]
	at lk.resq.localhub.service.MqttSubscriberService.handleMessage(MqttSubscriberService.java:437) ~[classes/:na]
	at lk.resq.localhub.service.MqttSubscriberService$1.messageArrived(MqttSubscriberService.java:321) ~[classes/:na]
	at org.eclipse.paho.client.mqttv3.internal.CommsCallback.deliverMessage(CommsCallback.java:519) ~[org.eclipse.paho.client.mqttv3-1.2.5.jar:na]
	at org.eclipse.paho.client.mqttv3.internal.CommsCallback.handleMessage(CommsCallback.java:417) ~[org.eclipse.paho.client.mqttv3-1.2.5.jar:na]
	at org.eclipse.paho.client.mqttv3.internal.CommsCallback.run(CommsCallback.java:214) ~[org.eclipse.paho.client.mqttv3-1.2.5.jar:na]
	at java.base/java.lang.Thread.run(Thread.java:840) ~[na:na]

2026-07-28T10:54:30.057+05:30  WARN 37596 --- [hub-api] [y-1785215101795] l.r.l.service.MqttSubscriberService      : Failed to process MQTT payload on topic resq/M01/telemetry. Raw payload: {"device_id":"M01","telemetry_mode":"SENSOR_STREAM","state":"PAIRED_IDLE","pressure_0_kpa":0.916,"pressure_0_kpa_valid":true,"pressure_1_kpa":1.477,"pressure_1_kpa_valid":false,"pressure_2_kpa":1.292,"pressure_2_kpa_valid":true,"pressure_kpa_valid":false,"hall_mm":14.91,"hall_progress":0.497,"hall_mm_valid":true,"pressure_saturation_mask":0,"interval_ms":200,"ts_ms":42519}. Error message: pressure_0_raw is required and must be an integer

java.lang.IllegalArgumentException: pressure_0_raw is required and must be an integer
	at lk.resq.localhub.service.SensorStreamService.requiredInt(SensorStreamService.java:306) ~[classes/:na]
	at lk.resq.localhub.service.SensorStreamService.parseSnapshot(SensorStreamService.java:65) ~[classes/:na]
	at lk.resq.localhub.service.MqttSubscriberService.handleMessage(MqttSubscriberService.java:437) ~[classes/:na]
	at lk.resq.localhub.service.MqttSubscriberService$1.messageArrived(MqttSubscriberService.java:321) ~[classes/:na]
	at org.eclipse.paho.client.mqttv3.internal.CommsCallback.deliverMessage(CommsCallback.java:519) ~[org.eclipse.paho.client.mqttv3-1.2.5.jar:na]
	at org.eclipse.paho.client.mqttv3.internal.CommsCallback.handleMessage(CommsCallback.java:417) ~[org.eclipse.paho.client.mqttv3-1.2.5.jar:na]
	at org.eclipse.paho.client.mqttv3.internal.CommsCallback.run(CommsCallback.java:214) ~[org.eclipse.paho.client.mqttv3-1.2.5.jar:na]
	at java.base/java.lang.Thread.run(Thread.java:840) ~[na:na]

2026-07-28T10:54:30.255+05:30  WARN 37596 --- [hub-api] [y-1785215101795] l.r.l.service.MqttSubscriberService      : Failed to process MQTT payload on topic resq/M01/telemetry. Raw payload: {"device_id":"M01","telemetry_mode":"SENSOR_STREAM","state":"PAIRED_IDLE","pressure_0_kpa":0.92,"pressure_0_kpa_valid":true,"pressure_1_kpa":1.48,"pressure_1_kpa_valid":true,"pressure_2_kpa":1.29,"pressure_2_kpa_valid":true,"pressure_kpa_valid":true,"hall_mm":15,"hall_progress":0.5,"hall_mm_valid":true,"pressure_saturation_mask":0,"interval_ms":200,"ts_ms":42718}. Error message: pressure_0_raw is required and must be an integer

java.lang.IllegalArgumentException: pressure_0_raw is required and must be an integer
	at lk.resq.localhub.service.SensorStreamService.requiredInt(SensorStreamService.java:306) ~[classes/:na]
	at lk.resq.localhub.service.SensorStreamService.parseSnapshot(SensorStreamService.java:65) ~[classes/:na]
	at lk.resq.localhub.service.MqttSubscriberService.handleMessage(MqttSubscriberService.java:437) ~[classes/:na]
	at lk.resq.localhub.service.MqttSubscriberService$1.messageArrived(MqttSubscriberService.java:321) ~[classes/:na]
	at org.eclipse.paho.client.mqttv3.internal.CommsCallback.deliverMessage(CommsCallback.java:519) ~[org.eclipse.paho.client.mqttv3-1.2.5.jar:na]
	at org.eclipse.paho.client.mqttv3.internal.CommsCallback.handleMessage(CommsCallback.java:417) ~[org.eclipse.paho.client.mqttv3-1.2.5.jar:na]
	at org.eclipse.paho.client.mqttv3.internal.CommsCallback.run(CommsCallback.java:214) ~[org.eclipse.paho.client.mqttv3-1.2.5.jar:na]
	at java.base/java.lang.Thread.run(Thread.java:840) ~[na:na]

2026-07-28T10:54:30.464+05:30  WARN 37596 --- [hub-api] [y-1785215101795] l.r.l.service.MqttSubscriberService      : Failed to process MQTT payload on topic resq/M01/telemetry. Raw payload: {"device_id":"M01","telemetry_mode":"SENSOR_STREAM","state":"PAIRED_IDLE","pressure_0_kpa":0.917,"pressure_0_kpa_valid":true,"pressure_1_kpa":1.478,"pressure_1_kpa_valid":true,"pressure_2_kpa":1.292,"pressure_2_kpa_valid":true,"pressure_kpa_valid":true,"hall_mm":14.93,"hall_progress":0.498,"hall_mm_valid":true,"pressure_saturation_mask":0,"interval_ms":200,"ts_ms":42931}. Error message: pressure_0_raw is required and must be an integer

java.lang.IllegalArgumentException: pressure_0_raw is required and must be an integer
	at lk.resq.localhub.service.SensorStreamService.requiredInt(SensorStreamService.java:306) ~[classes/:na]
	at lk.resq.localhub.service.SensorStreamService.parseSnapshot(SensorStreamService.java:65) ~[classes/:na]
	at lk.resq.localhub.service.MqttSubscriberService.handleMessage(MqttSubscriberService.java:437) ~[classes/:na]
	at lk.resq.localhub.service.MqttSubscriberService$1.messageArrived(MqttSubscriberService.java:321) ~[classes/:na]
	at org.eclipse.paho.client.mqttv3.internal.CommsCallback.deliverMessage(CommsCallback.java:519) ~[org.eclipse.paho.client.mqttv3-1.2.5.jar:na]
	at org.eclipse.paho.client.mqttv3.internal.CommsCallback.handleMessage(CommsCallback.java:417) ~[org.eclipse.paho.client.mqttv3-1.2.5.jar:na]
	at org.eclipse.paho.client.mqttv3.internal.CommsCallback.run(CommsCallback.java:214) ~[org.eclipse.paho.client.mqttv3-1.2.5.jar:na]
	at java.base/java.lang.Thread.run(Thread.java:840) ~[na:na]

2026-07-28T10:54:30.668+05:30  WARN 37596 --- [hub-api] [y-1785215101795] l.r.l.service.MqttSubscriberService      : Failed to process MQTT payload on topic resq/M01/telemetry. Raw payload: {"device_id":"M01","telemetry_mode":"SENSOR_STREAM","state":"PAIRED_IDLE","pressure_0_kpa":0.906,"pressure_0_kpa_valid":true,"pressure_1_kpa":1.471,"pressure_1_kpa_valid":true,"pressure_2_kpa":1.297,"pressure_2_kpa_valid":true,"pressure_kpa_valid":true,"hall_mm":14.72,"hall_progress":0.491,"hall_mm_valid":true,"pressure_saturation_mask":0,"interval_ms":200,"ts_ms":43134}. Error message: pressure_0_raw is required and must be an integer

java.lang.IllegalArgumentException: pressure_0_raw is required and must be an integer
	at lk.resq.localhub.service.SensorStreamService.requiredInt(SensorStreamService.java:306) ~[classes/:na]
	at lk.resq.localhub.service.SensorStreamService.parseSnapshot(SensorStreamService.java:65) ~[classes/:na]
	at lk.resq.localhub.service.MqttSubscriberService.handleMessage(MqttSubscriberService.java:437) ~[classes/:na]
	at lk.resq.localhub.service.MqttSubscriberService$1.messageArrived(MqttSubscriberService.java:321) ~[classes/:na]
	at org.eclipse.paho.client.mqttv3.internal.CommsCallback.deliverMessage(CommsCallback.java:519) ~[org.eclipse.paho.client.mqttv3-1.2.5.jar:na]
	at org.eclipse.paho.client.mqttv3.internal.CommsCallback.handleMessage(CommsCallback.java:417) ~[org.eclipse.paho.client.mqttv3-1.2.5.jar:na]
	at org.eclipse.paho.client.mqttv3.internal.CommsCallback.run(CommsCallback.java:214) ~[org.eclipse.paho.client.mqttv3-1.2.5.jar:na]
	at java.base/java.lang.Thread.run(Thread.java:840) ~[na:na]

2026-07-28T10:54:30.876+05:30  WARN 37596 --- [hub-api] [y-1785215101795] l.r.l.service.MqttSubscriberService      : Failed to process MQTT payload on topic resq/M01/telemetry. Raw payload: {"device_id":"M01","telemetry_mode":"SENSOR_STREAM","state":"PAIRED_IDLE","pressure_0_kpa":0.889,"pressure_0_kpa_valid":true,"pressure_1_kpa":1.46,"pressure_1_kpa_valid":true,"pressure_2_kpa":1.305,"pressure_2_kpa_valid":true,"pressure_kpa_valid":true,"hall_mm":14.36,"hall_progress":0.48,"hall_mm_valid":true,"pressure_saturation_mask":0,"interval_ms":200,"ts_ms":43342}. Error message: pressure_0_raw is required and must be an integer

java.lang.IllegalArgumentException: pressure_0_raw is required and must be an integer
	at lk.resq.localhub.service.SensorStreamService.requiredInt(SensorStreamService.java:306) ~[classes/:na]
	at lk.resq.localhub.service.SensorStreamService.parseSnapshot(SensorStreamService.java:65) ~[classes/:na]
	at lk.resq.localhub.service.MqttSubscriberService.handleMessage(MqttSubscriberService.java:437) ~[classes/:na]
	at lk.resq.localhub.service.MqttSubscriberService$1.messageArrived(MqttSubscriberService.java:321) ~[classes/:na]
	at org.eclipse.paho.client.mqttv3.internal.CommsCallback.deliverMessage(CommsCallback.java:519) ~[org.eclipse.paho.client.mqttv3-1.2.5.jar:na]
	at org.eclipse.paho.client.mqttv3.internal.CommsCallback.handleMessage(CommsCallback.java:417) ~[org.eclipse.paho.client.mqttv3-1.2.5.jar:na]
	at org.eclipse.paho.client.mqttv3.internal.CommsCallback.run(CommsCallback.java:214) ~[org.eclipse.paho.client.mqttv3-1.2.5.jar:na]
	at java.base/java.lang.Thread.run(Thread.java:840) ~[na:na]

2026-07-28T10:54:31.086+05:30  WARN 37596 --- [hub-api] [y-1785215101795] l.r.l.service.MqttSubscriberService      : Failed to process MQTT payload on topic resq/M01/telemetry. Raw payload: {"device_id":"M01","telemetry_mode":"SENSOR_STREAM","state":"PAIRED_IDLE","pressure_0_kpa":0.867,"pressure_0_kpa_valid":true,"pressure_1_kpa":1.445,"pressure_1_kpa_valid":true,"pressure_2_kpa":1.317,"pressure_2_kpa_valid":true,"pressure_kpa_valid":true,"hall_mm":13.89,"hall_progress":0.465,"hall_mm_valid":true,"pressure_saturation_mask":0,"interval_ms":200,"ts_ms":43549}. Error message: pressure_0_raw is required and must be an integer

java.lang.IllegalArgumentException: pressure_0_raw is required and must be an integer
	at lk.resq.localhub.service.SensorStreamService.requiredInt(SensorStreamService.java:306) ~[classes/:na]
	at lk.resq.localhub.service.SensorStreamService.parseSnapshot(SensorStreamService.java:65) ~[classes/:na]
	at lk.resq.localhub.service.MqttSubscriberService.handleMessage(MqttSubscriberService.java:437) ~[classes/:na]
	at lk.resq.localhub.service.MqttSubscriberService$1.messageArrived(MqttSubscriberService.java:321) ~[classes/:na]
	at org.eclipse.paho.client.mqttv3.internal.CommsCallback.deliverMessage(CommsCallback.java:519) ~[org.eclipse.paho.client.mqttv3-1.2.5.jar:na]
	at org.eclipse.paho.client.mqttv3.internal.CommsCallback.handleMessage(CommsCallback.java:417) ~[org.eclipse.paho.client.mqttv3-1.2.5.jar:na]
	at org.eclipse.paho.client.mqttv3.internal.CommsCallback.run(CommsCallback.java:214) ~[org.eclipse.paho.client.mqttv3-1.2.5.jar:na]
	at java.base/java.lang.Thread.run(Thread.java:840) ~[na:na]

2026-07-28T10:54:31.285+05:30  WARN 37596 --- [hub-api] [y-1785215101795] l.r.l.service.MqttSubscriberService      : Failed to process MQTT payload on topic resq/M01/telemetry. Raw payload: {"device_id":"M01","telemetry_mode":"SENSOR_STREAM","state":"PAIRED_IDLE","pressure_0_kpa":0.84,"pressure_0_kpa_valid":true,"pressure_1_kpa":1.427,"pressure_1_kpa_valid":true,"pressure_2_kpa":1.33,"pressure_2_kpa_valid":true,"pressure_kpa_valid":true,"hall_mm":13.34,"hall_progress":0.447,"hall_mm_valid":true,"pressure_saturation_mask":0,"interval_ms":200,"ts_ms":43750}. Error message: pressure_0_raw is required and must be an integer

java.lang.IllegalArgumentException: pressure_0_raw is required and must be an integer
	at lk.resq.localhub.service.SensorStreamService.requiredInt(SensorStreamService.java:306) ~[classes/:na]
	at lk.resq.localhub.service.SensorStreamService.parseSnapshot(SensorStreamService.java:65) ~[classes/:na]
	at lk.resq.localhub.service.MqttSubscriberService.handleMessage(MqttSubscriberService.java:437) ~[classes/:na]
	at lk.resq.localhub.service.MqttSubscriberService$1.messageArrived(MqttSubscriberService.java:321) ~[classes/:na]
	at org.eclipse.paho.client.mqttv3.internal.CommsCallback.deliverMessage(CommsCallback.java:519) ~[org.eclipse.paho.client.mqttv3-1.2.5.jar:na]
	at org.eclipse.paho.client.mqttv3.internal.CommsCallback.handleMessage(CommsCallback.java:417) ~[org.eclipse.paho.client.mqttv3-1.2.5.jar:na]
	at org.eclipse.paho.client.mqttv3.internal.CommsCallback.run(CommsCallback.java:214) ~[org.eclipse.paho.client.mqttv3-1.2.5.jar:na]
	at java.base/java.lang.Thread.run(Thread.java:840) ~[na:na]

2026-07-28T10:54:31.485+05:30  WARN 37596 --- [hub-api] [y-1785215101795] l.r.l.service.MqttSubscriberService      : Failed to process MQTT payload on topic resq/M01/telemetry. Raw payload: {"device_id":"M01","telemetry_mode":"SENSOR_STREAM","state":"PAIRED_IDLE","pressure_0_kpa":0.811,"pressure_0_kpa_valid":true,"pressure_1_kpa":1.407,"pressure_1_kpa_valid":true,"pressure_2_kpa":1.345,"pressure_2_kpa_valid":true,"pressure_kpa_valid":true,"hall_mm":12.73,"hall_progress":0.427,"hall_mm_valid":true,"pressure_saturation_mask":0,"interval_ms":200,"ts_ms":43950}. Error message: pressure_0_raw is required and must be an integer

java.lang.IllegalArgumentException: pressure_0_raw is required and must be an integer
	at lk.resq.localhub.service.SensorStreamService.requiredInt(SensorStreamService.java:306) ~[classes/:na]
	at lk.resq.localhub.service.SensorStreamService.parseSnapshot(SensorStreamService.java:65) ~[classes/:na]
	at lk.resq.localhub.service.MqttSubscriberService.handleMessage(MqttSubscriberService.java:437) ~[classes/:na]
	at lk.resq.localhub.service.MqttSubscriberService$1.messageArrived(MqttSubscriberService.java:321) ~[classes/:na]
	at org.eclipse.paho.client.mqttv3.internal.CommsCallback.deliverMessage(CommsCallback.java:519) ~[org.eclipse.paho.client.mqttv3-1.2.5.jar:na]
	at org.eclipse.paho.client.mqttv3.internal.CommsCallback.handleMessage(CommsCallback.java:417) ~[org.eclipse.paho.client.mqttv3-1.2.5.jar:na]
	at org.eclipse.paho.client.mqttv3.internal.CommsCallback.run(CommsCallback.java:214) ~[org.eclipse.paho.client.mqttv3-1.2.5.jar:na]
	at java.base/java.lang.Thread.run(Thread.java:840) ~[na:na]

2026-07-28T10:54:31.697+05:30  WARN 37596 --- [hub-api] [y-1785215101795] l.r.l.service.MqttSubscriberService      : Failed to process MQTT payload on topic resq/M01/telemetry. Raw payload: {"device_id":"M01","telemetry_mode":"SENSOR_STREAM","state":"PAIRED_IDLE","pressure_0_kpa":0.781,"pressure_0_kpa_valid":true,"pressure_1_kpa":1.387,"pressure_1_kpa_valid":true,"pressure_2_kpa":1.36,"pressure_2_kpa_valid":true,"pressure_kpa_valid":true,"hall_mm":12.1,"hall_progress":0.407,"hall_mm_valid":true,"pressure_saturation_mask":0,"interval_ms":200,"ts_ms":44163}. Error message: pressure_0_raw is required and must be an integer

java.lang.IllegalArgumentException: pressure_0_raw is required and must be an integer
	at lk.resq.localhub.service.SensorStreamService.requiredInt(SensorStreamService.java:306) ~[classes/:na]
	at lk.resq.localhub.service.SensorStreamService.parseSnapshot(SensorStreamService.java:65) ~[classes/:na]
	at lk.resq.localhub.service.MqttSubscriberService.handleMessage(MqttSubscriberService.java:437) ~[classes/:na]
	at lk.resq.localhub.service.MqttSubscriberService$1.messageArrived(MqttSubscriberService.java:321) ~[classes/:na]
	at org.eclipse.paho.client.mqttv3.internal.CommsCallback.deliverMessage(CommsCallback.java:519) ~[org.eclipse.paho.client.mqttv3-1.2.5.jar:na]
	at org.eclipse.paho.client.mqttv3.internal.CommsCallback.handleMessage(CommsCallback.java:417) ~[org.eclipse.paho.client.mqttv3-1.2.5.jar:na]
	at org.eclipse.paho.client.mqttv3.internal.CommsCallback.run(CommsCallback.java:214) ~[org.eclipse.paho.client.mqttv3-1.2.5.jar:na]
	at java.base/java.lang.Thread.run(Thread.java:840) ~[na:na]

2026-07-28T10:54:31.901+05:30  WARN 37596 --- [hub-api] [y-1785215101795] l.r.l.service.MqttSubscriberService      : Failed to process MQTT payload on topic resq/M01/telemetry. Raw payload: {"device_id":"M01","telemetry_mode":"SENSOR_STREAM","state":"PAIRED_IDLE","pressure_0_kpa":0.752,"pressure_0_kpa_valid":true,"pressure_1_kpa":1.368,"pressure_1_kpa_valid":true,"pressure_2_kpa":1.374,"pressure_2_kpa_valid":true,"pressure_kpa_valid":true,"hall_mm":11.51,"hall_progress":0.388,"hall_mm_valid":true,"pressure_saturation_mask":0,"interval_ms":200,"ts_ms":44365}. Error message: pressure_0_raw is required and must be an integer

java.lang.IllegalArgumentException: pressure_0_raw is required and must be an integer
	at lk.resq.localhub.service.SensorStreamService.requiredInt(SensorStreamService.java:306) ~[classes/:na]
	at lk.resq.localhub.service.SensorStreamService.parseSnapshot(SensorStreamService.java:65) ~[classes/:na]
	at lk.resq.localhub.service.MqttSubscriberService.handleMessage(MqttSubscriberService.java:437) ~[classes/:na]
	at lk.resq.localhub.service.MqttSubscriberService$1.messageArrived(MqttSubscriberService.java:321) ~[classes/:na]
	at org.eclipse.paho.client.mqttv3.internal.CommsCallback.deliverMessage(CommsCallback.java:519) ~[org.eclipse.paho.client.mqttv3-1.2.5.jar:na]
	at org.eclipse.paho.client.mqttv3.internal.CommsCallback.handleMessage(CommsCallback.java:417) ~[org.eclipse.paho.client.mqttv3-1.2.5.jar:na]
	at org.eclipse.paho.client.mqttv3.internal.CommsCallback.run(CommsCallback.java:214) ~[org.eclipse.paho.client.mqttv3-1.2.5.jar:na]
	at java.base/java.lang.Thread.run(Thread.java:840) ~[na:na]

2026-07-28T10:54:32.098+05:30  WARN 37596 --- [hub-api] [y-1785215101795] l.r.l.service.MqttSubscriberService      : Failed to process MQTT payload on topic resq/M01/telemetry. Raw payload: {"device_id":"M01","telemetry_mode":"SENSOR_STREAM","state":"PAIRED_IDLE","pressure_0_kpa":0.726,"pressure_0_kpa_valid":true,"pressure_1_kpa":1.351,"pressure_1_kpa_valid":true,"pressure_2_kpa":1.387,"pressure_2_kpa_valid":true,"pressure_kpa_valid":true,"hall_mm":10.97,"hall_progress":0.371,"hall_mm_valid":true,"pressure_saturation_mask":0,"interval_ms":200,"ts_ms":44567}. Error message: pressure_0_raw is required and must be an integer

java.lang.IllegalArgumentException: pressure_0_raw is required and must be an integer
	at lk.resq.localhub.service.SensorStreamService.requiredInt(SensorStreamService.java:306) ~[classes/:na]
	at lk.resq.localhub.service.SensorStreamService.parseSnapshot(SensorStreamService.java:65) ~[classes/:na]
	at lk.resq.localhub.service.MqttSubscriberService.handleMessage(MqttSubscriberService.java:437) ~[classes/:na]
	at lk.resq.localhub.service.MqttSubscriberService$1.messageArrived(MqttSubscriberService.java:321) ~[classes/:na]
	at org.eclipse.paho.client.mqttv3.internal.CommsCallback.deliverMessage(CommsCallback.java:519) ~[org.eclipse.paho.client.mqttv3-1.2.5.jar:na]
	at org.eclipse.paho.client.mqttv3.internal.CommsCallback.handleMessage(CommsCallback.java:417) ~[org.eclipse.paho.client.mqttv3-1.2.5.jar:na]
	at org.eclipse.paho.client.mqttv3.internal.CommsCallback.run(CommsCallback.java:214) ~[org.eclipse.paho.client.mqttv3-1.2.5.jar:na]
	at java.base/java.lang.Thread.run(Thread.java:840) ~[na:na]

2026-07-28T10:54:32.297+05:30  WARN 37596 --- [hub-api] [y-1785215101795] l.r.l.service.MqttSubscriberService      : Failed to process MQTT payload on topic resq/M01/telemetry. Raw payload: {"device_id":"M01","telemetry_mode":"SENSOR_STREAM","state":"PAIRED_IDLE","pressure_0_kpa":0.705,"pressure_0_kpa_valid":true,"pressure_1_kpa":1.337,"pressure_1_kpa_valid":true,"pressure_2_kpa":1.397,"pressure_2_kpa_valid":true,"pressure_kpa_valid":true,"hall_mm":10.53,"hall_progress":0.357,"hall_mm_valid":true,"pressure_saturation_mask":0,"interval_ms":200,"ts_ms":44767}. Error message: pressure_0_raw is required and must be an integer

java.lang.IllegalArgumentException: pressure_0_raw is required and must be an integer
	at lk.resq.localhub.service.SensorStreamService.requiredInt(SensorStreamService.java:306) ~[classes/:na]
	at lk.resq.localhub.service.SensorStreamService.parseSnapshot(SensorStreamService.java:65) ~[classes/:na]
	at lk.resq.localhub.service.MqttSubscriberService.handleMessage(MqttSubscriberService.java:437) ~[classes/:na]
	at lk.resq.localhub.service.MqttSubscriberService$1.messageArrived(MqttSubscriberService.java:321) ~[classes/:na]
	at org.eclipse.paho.client.mqttv3.internal.CommsCallback.deliverMessage(CommsCallback.java:519) ~[org.eclipse.paho.client.mqttv3-1.2.5.jar:na]
	at org.eclipse.paho.client.mqttv3.internal.CommsCallback.handleMessage(CommsCallback.java:417) ~[org.eclipse.paho.client.mqttv3-1.2.5.jar:na]
	at org.eclipse.paho.client.mqttv3.internal.CommsCallback.run(CommsCallback.java:214) ~[org.eclipse.paho.client.mqttv3-1.2.5.jar:na]
	at java.base/java.lang.Thread.run(Thread.java:840) ~[na:na]

2026-07-28T10:54:32.508+05:30  WARN 37596 --- [hub-api] [y-1785215101795] l.r.l.service.MqttSubscriberService      : Failed to process MQTT payload on topic resq/M01/telemetry. Raw payload: {"device_id":"M01","telemetry_mode":"SENSOR_STREAM","state":"PAIRED_IDLE","pressure_0_kpa":0.69,"pressure_0_kpa_valid":true,"pressure_1_kpa":1.327,"pressure_1_kpa_valid":true,"pressure_2_kpa":1.405,"pressure_2_kpa_valid":true,"pressure_kpa_valid":true,"hall_mm":10.21,"hall_progress":0.347,"hall_mm_valid":true,"pressure_saturation_mask":0,"interval_ms":200,"ts_ms":44975}. Error message: pressure_0_raw is required and must be an integer

java.lang.IllegalArgumentException: pressure_0_raw is required and must be an integer
	at lk.resq.localhub.service.SensorStreamService.requiredInt(SensorStreamService.java:306) ~[classes/:na]
	at lk.resq.localhub.service.SensorStreamService.parseSnapshot(SensorStreamService.java:65) ~[classes/:na]
	at lk.resq.localhub.service.MqttSubscriberService.handleMessage(MqttSubscriberService.java:437) ~[classes/:na]
	at lk.resq.localhub.service.MqttSubscriberService$1.messageArrived(MqttSubscriberService.java:321) ~[classes/:na]
	at org.eclipse.paho.client.mqttv3.internal.CommsCallback.deliverMessage(CommsCallback.java:519) ~[org.eclipse.paho.client.mqttv3-1.2.5.jar:na]
	at org.eclipse.paho.client.mqttv3.internal.CommsCallback.handleMessage(CommsCallback.java:417) ~[org.eclipse.paho.client.mqttv3-1.2.5.jar:na]
	at org.eclipse.paho.client.mqttv3.internal.CommsCallback.run(CommsCallback.java:214) ~[org.eclipse.paho.client.mqttv3-1.2.5.jar:na]
	at java.base/java.lang.Thread.run(Thread.java:840) ~[na:na]

2026-07-28T10:54:32.719+05:30  WARN 37596 --- [hub-api] [y-1785215101795] l.r.l.service.MqttSubscriberService      : Failed to process MQTT payload on topic resq/M01/telemetry. Raw payload: {"device_id":"M01","telemetry_mode":"SENSOR_STREAM","state":"PAIRED_IDLE","pressure_0_kpa":0.682,"pressure_0_kpa_valid":true,"pressure_1_kpa":1.321,"pressure_1_kpa_valid":false,"pressure_2_kpa":1.409,"pressure_2_kpa_valid":true,"pressure_kpa_valid":false,"hall_mm":10.03,"hall_progress":0.341,"hall_mm_valid":true,"pressure_saturation_mask":0,"interval_ms":200,"ts_ms":45184}. Error message: pressure_0_raw is required and must be an integer

java.lang.IllegalArgumentException: pressure_0_raw is required and must be an integer
	at lk.resq.localhub.service.SensorStreamService.requiredInt(SensorStreamService.java:306) ~[classes/:na]
	at lk.resq.localhub.service.SensorStreamService.parseSnapshot(SensorStreamService.java:65) ~[classes/:na]
	at lk.resq.localhub.service.MqttSubscriberService.handleMessage(MqttSubscriberService.java:437) ~[classes/:na]
	at lk.resq.localhub.service.MqttSubscriberService$1.messageArrived(MqttSubscriberService.java:321) ~[classes/:na]
	at org.eclipse.paho.client.mqttv3.internal.CommsCallback.deliverMessage(CommsCallback.java:519) ~[org.eclipse.paho.client.mqttv3-1.2.5.jar:na]
	at org.eclipse.paho.client.mqttv3.internal.CommsCallback.handleMessage(CommsCallback.java:417) ~[org.eclipse.paho.client.mqttv3-1.2.5.jar:na]
	at org.eclipse.paho.client.mqttv3.internal.CommsCallback.run(CommsCallback.java:214) ~[org.eclipse.paho.client.mqttv3-1.2.5.jar:na]
	at java.base/java.lang.Thread.run(Thread.java:840) ~[na:na]

2026-07-28T10:54:32.927+05:30  WARN 37596 --- [hub-api] [y-1785215101795] l.r.l.service.MqttSubscriberService      : Failed to process MQTT payload on topic resq/M01/telemetry. Raw payload: {"device_id":"M01","telemetry_mode":"SENSOR_STREAM","state":"PAIRED_IDLE","pressure_0_kpa":0.68,"pressure_0_kpa_valid":true,"pressure_1_kpa":1.32,"pressure_1_kpa_valid":true,"pressure_2_kpa":1.41,"pressure_2_kpa_valid":true,"pressure_kpa_valid":true,"hall_mm":10.01,"hall_progress":0.34,"hall_mm_valid":true,"pressure_saturation_mask":2,"interval_ms":200,"ts_ms":45395}. Error message: pressure_0_raw is required and must be an integer

java.lang.IllegalArgumentException: pressure_0_raw is required and must be an integer
	at lk.resq.localhub.service.SensorStreamService.requiredInt(SensorStreamService.java:306) ~[classes/:na]
	at lk.resq.localhub.service.SensorStreamService.parseSnapshot(SensorStreamService.java:65) ~[classes/:na]
	at lk.resq.localhub.service.MqttSubscriberService.handleMessage(MqttSubscriberService.java:437) ~[classes/:na]
	at lk.resq.localhub.service.MqttSubscriberService$1.messageArrived(MqttSubscriberService.java:321) ~[classes/:na]
	at org.eclipse.paho.client.mqttv3.internal.CommsCallback.deliverMessage(CommsCallback.java:519) ~[org.eclipse.paho.client.mqttv3-1.2.5.jar:na]
	at org.eclipse.paho.client.mqttv3.internal.CommsCallback.handleMessage(CommsCallback.java:417) ~[org.eclipse.paho.client.mqttv3-1.2.5.jar:na]
	at org.eclipse.paho.client.mqttv3.internal.CommsCallback.run(CommsCallback.java:214) ~[org.eclipse.paho.client.mqttv3-1.2.5.jar:na]
	at java.base/java.lang.Thread.run(Thread.java:840) ~[na:na]

2026-07-28T10:54:33.139+05:30  WARN 37596 --- [hub-api] [y-1785215101795] l.r.l.service.MqttSubscriberService      : Failed to process MQTT payload on topic resq/M01/telemetry. Raw payload: {"device_id":"M01","telemetry_mode":"SENSOR_STREAM","state":"PAIRED_IDLE","pressure_0_kpa":0.687,"pressure_0_kpa_valid":true,"pressure_1_kpa":1.325,"pressure_1_kpa_valid":true,"pressure_2_kpa":1.407,"pressure_2_kpa_valid":true,"pressure_kpa_valid":true,"hall_mm":10.14,"hall_progress":0.345,"hall_mm_valid":true,"pressure_saturation_mask":0,"interval_ms":200,"ts_ms":45604}. Error message: pressure_0_raw is required and must be an integer

java.lang.IllegalArgumentException: pressure_0_raw is required and must be an integer
	at lk.resq.localhub.service.SensorStreamService.requiredInt(SensorStreamService.java:306) ~[classes/:na]
	at lk.resq.localhub.service.SensorStreamService.parseSnapshot(SensorStreamService.java:65) ~[classes/:na]
	at lk.resq.localhub.service.MqttSubscriberService.handleMessage(MqttSubscriberService.java:437) ~[classes/:na]
	at lk.resq.localhub.service.MqttSubscriberService$1.messageArrived(MqttSubscriberService.java:321) ~[classes/:na]
	at org.eclipse.paho.client.mqttv3.internal.CommsCallback.deliverMessage(CommsCallback.java:519) ~[org.eclipse.paho.client.mqttv3-1.2.5.jar:na]
	at org.eclipse.paho.client.mqttv3.internal.CommsCallback.handleMessage(CommsCallback.java:417) ~[org.eclipse.paho.client.mqttv3-1.2.5.jar:na]
	at org.eclipse.paho.client.mqttv3.internal.CommsCallback.run(CommsCallback.java:214) ~[org.eclipse.paho.client.mqttv3-1.2.5.jar:na]
	at java.base/java.lang.Thread.run(Thread.java:840) ~[na:na]

2026-07-28T10:54:33.342+05:30  WARN 37596 --- [hub-api] [y-1785215101795] l.r.l.service.MqttSubscriberService      : Failed to process MQTT payload on topic resq/M01/telemetry. Raw payload: {"device_id":"M01","telemetry_mode":"SENSOR_STREAM","state":"PAIRED_IDLE","pressure_0_kpa":0.7,"pressure_0_kpa_valid":true,"pressure_1_kpa":1.333,"pressure_1_kpa_valid":true,"pressure_2_kpa":1.4,"pressure_2_kpa_valid":true,"pressure_kpa_valid":true,"hall_mm":10.42,"hall_progress":0.353,"hall_mm_valid":true,"pressure_saturation_mask":0,"interval_ms":200,"ts_ms":45818}. Error message: pressure_0_raw is required and must be an integer

java.lang.IllegalArgumentException: pressure_0_raw is required and must be an integer
	at lk.resq.localhub.service.SensorStreamService.requiredInt(SensorStreamService.java:306) ~[classes/:na]
	at lk.resq.localhub.service.SensorStreamService.parseSnapshot(SensorStreamService.java:65) ~[classes/:na]
	at lk.resq.localhub.service.MqttSubscriberService.handleMessage(MqttSubscriberService.java:437) ~[classes/:na]
	at lk.resq.localhub.service.MqttSubscriberService$1.messageArrived(MqttSubscriberService.java:321) ~[classes/:na]
	at org.eclipse.paho.client.mqttv3.internal.CommsCallback.deliverMessage(CommsCallback.java:519) ~[org.eclipse.paho.client.mqttv3-1.2.5.jar:na]
	at org.eclipse.paho.client.mqttv3.internal.CommsCallback.handleMessage(CommsCallback.java:417) ~[org.eclipse.paho.client.mqttv3-1.2.5.jar:na]
	at org.eclipse.paho.client.mqttv3.internal.CommsCallback.run(CommsCallback.java:214) ~[org.eclipse.paho.client.mqttv3-1.2.5.jar:na]
	at java.base/java.lang.Thread.run(Thread.java:840) ~[na:na]

2026-07-28T10:54:33.558+05:30  WARN 37596 --- [hub-api] [y-1785215101795] l.r.l.service.MqttSubscriberService      : Failed to process MQTT payload on topic resq/M01/telemetry. Raw payload: {"device_id":"M01","telemetry_mode":"SENSOR_STREAM","state":"PAIRED_IDLE","pressure_0_kpa":0.72,"pressure_0_kpa_valid":true,"pressure_1_kpa":1.347,"pressure_1_kpa_valid":true,"pressure_2_kpa":1.39,"pressure_2_kpa_valid":true,"pressure_kpa_valid":true,"hall_mm":10.83,"hall_progress":0.367,"hall_mm_valid":true,"pressure_saturation_mask":0,"interval_ms":200,"ts_ms":46021}. Error message: pressure_0_raw is required and must be an integer

java.lang.IllegalArgumentException: pressure_0_raw is required and must be an integer
	at lk.resq.localhub.service.SensorStreamService.requiredInt(SensorStreamService.java:306) ~[classes/:na]
	at lk.resq.localhub.service.SensorStreamService.parseSnapshot(SensorStreamService.java:65) ~[classes/:na]
	at lk.resq.localhub.service.MqttSubscriberService.handleMessage(MqttSubscriberService.java:437) ~[classes/:na]
	at lk.resq.localhub.service.MqttSubscriberService$1.messageArrived(MqttSubscriberService.java:321) ~[classes/:na]
	at org.eclipse.paho.client.mqttv3.internal.CommsCallback.deliverMessage(CommsCallback.java:519) ~[org.eclipse.paho.client.mqttv3-1.2.5.jar:na]
	at org.eclipse.paho.client.mqttv3.internal.CommsCallback.handleMessage(CommsCallback.java:417) ~[org.eclipse.paho.client.mqttv3-1.2.5.jar:na]
	at org.eclipse.paho.client.mqttv3.internal.CommsCallback.run(CommsCallback.java:214) ~[org.eclipse.paho.client.mqttv3-1.2.5.jar:na]
	at java.base/java.lang.Thread.run(Thread.java:840) ~[na:na]

2026-07-28T10:54:33.766+05:30  WARN 37596 --- [hub-api] [y-1785215101795] l.r.l.service.MqttSubscriberService      : Failed to process MQTT payload on topic resq/M01/telemetry. Raw payload: {"device_id":"M01","telemetry_mode":"SENSOR_STREAM","state":"PAIRED_IDLE","pressure_0_kpa":0.744,"pressure_0_kpa_valid":true,"pressure_1_kpa":1.363,"pressure_1_kpa_valid":true,"pressure_2_kpa":1.378,"pressure_2_kpa_valid":true,"pressure_kpa_valid":true,"hall_mm":11.34,"hall_progress":0.383,"hall_mm_valid":true,"pressure_saturation_mask":0,"interval_ms":200,"ts_ms":46231}. Error message: pressure_0_raw is required and must be an integer

java.lang.IllegalArgumentException: pressure_0_raw is required and must be an integer
	at lk.resq.localhub.service.SensorStreamService.requiredInt(SensorStreamService.java:306) ~[classes/:na]
	at lk.resq.localhub.service.SensorStreamService.parseSnapshot(SensorStreamService.java:65) ~[classes/:na]
	at lk.resq.localhub.service.MqttSubscriberService.handleMessage(MqttSubscriberService.java:437) ~[classes/:na]
	at lk.resq.localhub.service.MqttSubscriberService$1.messageArrived(MqttSubscriberService.java:321) ~[classes/:na]
	at org.eclipse.paho.client.mqttv3.internal.CommsCallback.deliverMessage(CommsCallback.java:519) ~[org.eclipse.paho.client.mqttv3-1.2.5.jar:na]
	at org.eclipse.paho.client.mqttv3.internal.CommsCallback.handleMessage(CommsCallback.java:417) ~[org.eclipse.paho.client.mqttv3-1.2.5.jar:na]
	at org.eclipse.paho.client.mqttv3.internal.CommsCallback.run(CommsCallback.java:214) ~[org.eclipse.paho.client.mqttv3-1.2.5.jar:na]
	at java.base/java.lang.Thread.run(Thread.java:840) ~[na:na]

2026-07-28T10:54:33.976+05:30  WARN 37596 --- [hub-api] [y-1785215101795] l.r.l.service.MqttSubscriberService      : Failed to process MQTT payload on topic resq/M01/telemetry. Raw payload: {"device_id":"M01","telemetry_mode":"SENSOR_STREAM","state":"PAIRED_IDLE","pressure_0_kpa":0.772,"pressure_0_kpa_valid":true,"pressure_1_kpa":1.382,"pressure_1_kpa_valid":true,"pressure_2_kpa":1.364,"pressure_2_kpa_valid":true,"pressure_kpa_valid":true,"hall_mm":11.92,"hall_progress":0.402,"hall_mm_valid":true,"pressure_saturation_mask":0,"interval_ms":200,"ts_ms":46443}. Error message: pressure_0_raw is required and must be an integer

java.lang.IllegalArgumentException: pressure_0_raw is required and must be an integer
	at lk.resq.localhub.service.SensorStreamService.requiredInt(SensorStreamService.java:306) ~[classes/:na]
	at lk.resq.localhub.service.SensorStreamService.parseSnapshot(SensorStreamService.java:65) ~[classes/:na]
	at lk.resq.localhub.service.MqttSubscriberService.handleMessage(MqttSubscriberService.java:437) ~[classes/:na]
	at lk.resq.localhub.service.MqttSubscriberService$1.messageArrived(MqttSubscriberService.java:321) ~[classes/:na]
	at org.eclipse.paho.client.mqttv3.internal.CommsCallback.deliverMessage(CommsCallback.java:519) ~[org.eclipse.paho.client.mqttv3-1.2.5.jar:na]
	at org.eclipse.paho.client.mqttv3.internal.CommsCallback.handleMessage(CommsCallback.java:417) ~[org.eclipse.paho.client.mqttv3-1.2.5.jar:na]
	at org.eclipse.paho.client.mqttv3.internal.CommsCallback.run(CommsCallback.java:214) ~[org.eclipse.paho.client.mqttv3-1.2.5.jar:na]
	at java.base/java.lang.Thread.run(Thread.java:840) ~[na:na]

2026-07-28T10:54:34.182+05:30  WARN 37596 --- [hub-api] [y-1785215101795] l.r.l.service.MqttSubscriberService      : Failed to process MQTT payload on topic resq/M01/telemetry. Raw payload: {"device_id":"M01","telemetry_mode":"SENSOR_STREAM","state":"PAIRED_IDLE","pressure_0_kpa":0.802,"pressure_0_kpa_valid":true,"pressure_1_kpa":1.401,"pressure_1_kpa_valid":true,"pressure_2_kpa":1.349,"pressure_2_kpa_valid":true,"pressure_kpa_valid":true,"hall_mm":12.54,"hall_progress":0.421,"hall_mm_valid":true,"pressure_saturation_mask":0,"interval_ms":200,"ts_ms":46646}. Error message: pressure_0_raw is required and must be an integer

java.lang.IllegalArgumentException: pressure_0_raw is required and must be an integer
	at lk.resq.localhub.service.SensorStreamService.requiredInt(SensorStreamService.java:306) ~[classes/:na]
	at lk.resq.localhub.service.SensorStreamService.parseSnapshot(SensorStreamService.java:65) ~[classes/:na]
	at lk.resq.localhub.service.MqttSubscriberService.handleMessage(MqttSubscriberService.java:437) ~[classes/:na]
	at lk.resq.localhub.service.MqttSubscriberService$1.messageArrived(MqttSubscriberService.java:321) ~[classes/:na]
	at org.eclipse.paho.client.mqttv3.internal.CommsCallback.deliverMessage(CommsCallback.java:519) ~[org.eclipse.paho.client.mqttv3-1.2.5.jar:na]
	at org.eclipse.paho.client.mqttv3.internal.CommsCallback.handleMessage(CommsCallback.java:417) ~[org.eclipse.paho.client.mqttv3-1.2.5.jar:na]
	at org.eclipse.paho.client.mqttv3.internal.CommsCallback.run(CommsCallback.java:214) ~[org.eclipse.paho.client.mqttv3-1.2.5.jar:na]
	at java.base/java.lang.Thread.run(Thread.java:840) ~[na:na]

2026-07-28T10:54:34.387+05:30  WARN 37596 --- [hub-api] [y-1785215101795] l.r.l.service.MqttSubscriberService      : Failed to process MQTT payload on topic resq/M01/telemetry. Raw payload: {"device_id":"M01","telemetry_mode":"SENSOR_STREAM","state":"PAIRED_IDLE","pressure_0_kpa":0.832,"pressure_0_kpa_valid":true,"pressure_1_kpa":1.421,"pressure_1_kpa_valid":true,"pressure_2_kpa":1.334,"pressure_2_kpa_valid":true,"pressure_kpa_valid":true,"hall_mm":13.16,"hall_progress":0.441,"hall_mm_valid":true,"pressure_saturation_mask":0,"interval_ms":200,"ts_ms":46850}. Error message: pressure_0_raw is required and must be an integer

java.lang.IllegalArgumentException: pressure_0_raw is required and must be an integer
	at lk.resq.localhub.service.SensorStreamService.requiredInt(SensorStreamService.java:306) ~[classes/:na]
	at lk.resq.localhub.service.SensorStreamService.parseSnapshot(SensorStreamService.java:65) ~[classes/:na]
	at lk.resq.localhub.service.MqttSubscriberService.handleMessage(MqttSubscriberService.java:437) ~[classes/:na]
	at lk.resq.localhub.service.MqttSubscriberService$1.messageArrived(MqttSubscriberService.java:321) ~[classes/:na]
	at org.eclipse.paho.client.mqttv3.internal.CommsCallback.deliverMessage(CommsCallback.java:519) ~[org.eclipse.paho.client.mqttv3-1.2.5.jar:na]
	at org.eclipse.paho.client.mqttv3.internal.CommsCallback.handleMessage(CommsCallback.java:417) ~[org.eclipse.paho.client.mqttv3-1.2.5.jar:na]
	at org.eclipse.paho.client.mqttv3.internal.CommsCallback.run(CommsCallback.java:214) ~[org.eclipse.paho.client.mqttv3-1.2.5.jar:na]
	at java.base/java.lang.Thread.run(Thread.java:840) ~[na:na]

2026-07-28T10:54:34.586+05:30  WARN 37596 --- [hub-api] [y-1785215101795] l.r.l.service.MqttSubscriberService      : Failed to process MQTT payload on topic resq/M01/telemetry. Raw payload: {"device_id":"M01","telemetry_mode":"SENSOR_STREAM","state":"PAIRED_IDLE","pressure_0_kpa":0.859,"pressure_0_kpa_valid":true,"pressure_1_kpa":1.44,"pressure_1_kpa_valid":true,"pressure_2_kpa":1.32,"pressure_2_kpa_valid":true,"pressure_kpa_valid":true,"hall_mm":13.74,"hall_progress":0.46,"hall_mm_valid":true,"pressure_saturation_mask":0,"interval_ms":200,"ts_ms":47050}. Error message: pressure_0_raw is required and must be an integer

java.lang.IllegalArgumentException: pressure_0_raw is required and must be an integer
	at lk.resq.localhub.service.SensorStreamService.requiredInt(SensorStreamService.java:306) ~[classes/:na]
	at lk.resq.localhub.service.SensorStreamService.parseSnapshot(SensorStreamService.java:65) ~[classes/:na]
	at lk.resq.localhub.service.MqttSubscriberService.handleMessage(MqttSubscriberService.java:437) ~[classes/:na]
	at lk.resq.localhub.service.MqttSubscriberService$1.messageArrived(MqttSubscriberService.java:321) ~[classes/:na]
	at org.eclipse.paho.client.mqttv3.internal.CommsCallback.deliverMessage(CommsCallback.java:519) ~[org.eclipse.paho.client.mqttv3-1.2.5.jar:na]
	at org.eclipse.paho.client.mqttv3.internal.CommsCallback.handleMessage(CommsCallback.java:417) ~[org.eclipse.paho.client.mqttv3-1.2.5.jar:na]
	at org.eclipse.paho.client.mqttv3.internal.CommsCallback.run(CommsCallback.java:214) ~[org.eclipse.paho.client.mqttv3-1.2.5.jar:na]
	at java.base/java.lang.Thread.run(Thread.java:840) ~[na:na]

2026-07-28T10:54:34.781+05:30  WARN 37596 --- [hub-api] [y-1785215101795] l.r.l.service.MqttSubscriberService      : Failed to process MQTT payload on topic resq/M01/telemetry. Raw payload: {"device_id":"M01","telemetry_mode":"SENSOR_STREAM","state":"PAIRED_IDLE","pressure_0_kpa":0.883,"pressure_0_kpa_valid":true,"pressure_1_kpa":1.456,"pressure_1_kpa_valid":true,"pressure_2_kpa":1.308,"pressure_2_kpa_valid":true,"pressure_kpa_valid":true,"hall_mm":14.24,"hall_progress":0.476,"hall_mm_valid":true,"pressure_saturation_mask":0,"interval_ms":200,"ts_ms":47250}. Error message: pressure_0_raw is required and must be an integer

java.lang.IllegalArgumentException: pressure_0_raw is required and must be an integer
	at lk.resq.localhub.service.SensorStreamService.requiredInt(SensorStreamService.java:306) ~[classes/:na]
	at lk.resq.localhub.service.SensorStreamService.parseSnapshot(SensorStreamService.java:65) ~[classes/:na]
	at lk.resq.localhub.service.MqttSubscriberService.handleMessage(MqttSubscriberService.java:437) ~[classes/:na]
	at lk.resq.localhub.service.MqttSubscriberService$1.messageArrived(MqttSubscriberService.java:321) ~[classes/:na]
	at org.eclipse.paho.client.mqttv3.internal.CommsCallback.deliverMessage(CommsCallback.java:519) ~[org.eclipse.paho.client.mqttv3-1.2.5.jar:na]
	at org.eclipse.paho.client.mqttv3.internal.CommsCallback.handleMessage(CommsCallback.java:417) ~[org.eclipse.paho.client.mqttv3-1.2.5.jar:na]
	at org.eclipse.paho.client.mqttv3.internal.CommsCallback.run(CommsCallback.java:214) ~[org.eclipse.paho.client.mqttv3-1.2.5.jar:na]
	at java.base/java.lang.Thread.run(Thread.java:840) ~[na:na]

2026-07-28T10:54:34.997+05:30  WARN 37596 --- [hub-api] [y-1785215101795] l.r.l.service.MqttSubscriberService      : Failed to process MQTT payload on topic resq/M01/telemetry. Raw payload: {"device_id":"M01","telemetry_mode":"SENSOR_STREAM","state":"PAIRED_IDLE","pressure_0_kpa":0.902,"pressure_0_kpa_valid":true,"pressure_1_kpa":1.468,"pressure_1_kpa_valid":true,"pressure_2_kpa":1.299,"pressure_2_kpa_valid":true,"pressure_kpa_valid":true,"hall_mm":14.63,"hall_progress":0.488,"hall_mm_valid":true,"pressure_saturation_mask":0,"interval_ms":200,"ts_ms":47463}. Error message: pressure_0_raw is required and must be an integer

java.lang.IllegalArgumentException: pressure_0_raw is required and must be an integer
	at lk.resq.localhub.service.SensorStreamService.requiredInt(SensorStreamService.java:306) ~[classes/:na]
	at lk.resq.localhub.service.SensorStreamService.parseSnapshot(SensorStreamService.java:65) ~[classes/:na]
	at lk.resq.localhub.service.MqttSubscriberService.handleMessage(MqttSubscriberService.java:437) ~[classes/:na]
	at lk.resq.localhub.service.MqttSubscriberService$1.messageArrived(MqttSubscriberService.java:321) ~[classes/:na]
	at org.eclipse.paho.client.mqttv3.internal.CommsCallback.deliverMessage(CommsCallback.java:519) ~[org.eclipse.paho.client.mqttv3-1.2.5.jar:na]
	at org.eclipse.paho.client.mqttv3.internal.CommsCallback.handleMessage(CommsCallback.java:417) ~[org.eclipse.paho.client.mqttv3-1.2.5.jar:na]
	at org.eclipse.paho.client.mqttv3.internal.CommsCallback.run(CommsCallback.java:214) ~[org.eclipse.paho.client.mqttv3-1.2.5.jar:na]
	at java.base/java.lang.Thread.run(Thread.java:840) ~[na:na]

2026-07-28T10:54:35.213+05:30  WARN 37596 --- [hub-api] [y-1785215101795] l.r.l.service.MqttSubscriberService      : Failed to process MQTT payload on topic resq/M01/telemetry. Raw payload: {"device_id":"M01","telemetry_mode":"SENSOR_STREAM","state":"PAIRED_IDLE","pressure_0_kpa":0.915,"pressure_0_kpa_valid":true,"pressure_1_kpa":1.476,"pressure_1_kpa_valid":true,"pressure_2_kpa":1.293,"pressure_2_kpa_valid":true,"pressure_kpa_valid":true,"hall_mm":14.89,"hall_progress":0.496,"hall_mm_valid":true,"pressure_saturation_mask":0,"interval_ms":200,"ts_ms":47677}. Error message: pressure_0_raw is required and must be an integer

java.lang.IllegalArgumentException: pressure_0_raw is required and must be an integer
	at lk.resq.localhub.service.SensorStreamService.requiredInt(SensorStreamService.java:306) ~[classes/:na]
	at lk.resq.localhub.service.SensorStreamService.parseSnapshot(SensorStreamService.java:65) ~[classes/:na]
	at lk.resq.localhub.service.MqttSubscriberService.handleMessage(MqttSubscriberService.java:437) ~[classes/:na]
	at lk.resq.localhub.service.MqttSubscriberService$1.messageArrived(MqttSubscriberService.java:321) ~[classes/:na]
	at org.eclipse.paho.client.mqttv3.internal.CommsCallback.deliverMessage(CommsCallback.java:519) ~[org.eclipse.paho.client.mqttv3-1.2.5.jar:na]
	at org.eclipse.paho.client.mqttv3.internal.CommsCallback.handleMessage(CommsCallback.java:417) ~[org.eclipse.paho.client.mqttv3-1.2.5.jar:na]
	at org.eclipse.paho.client.mqttv3.internal.CommsCallback.run(CommsCallback.java:214) ~[org.eclipse.paho.client.mqttv3-1.2.5.jar:na]
	at java.base/java.lang.Thread.run(Thread.java:840) ~[na:na]

2026-07-28T10:54:35.419+05:30  WARN 37596 --- [hub-api] [y-1785215101795] l.r.l.service.MqttSubscriberService      : Failed to process MQTT payload on topic resq/M01/telemetry. Raw payload: {"device_id":"M01","telemetry_mode":"SENSOR_STREAM","state":"PAIRED_IDLE","pressure_0_kpa":0.92,"pressure_0_kpa_valid":true,"pressure_1_kpa":1.48,"pressure_1_kpa_valid":false,"pressure_2_kpa":1.29,"pressure_2_kpa_valid":true,"pressure_kpa_valid":false,"hall_mm":15,"hall_progress":0.5,"hall_mm_valid":true,"pressure_saturation_mask":0,"interval_ms":200,"ts_ms":47880}. Error message: pressure_0_raw is required and must be an integer

java.lang.IllegalArgumentException: pressure_0_raw is required and must be an integer
	at lk.resq.localhub.service.SensorStreamService.requiredInt(SensorStreamService.java:306) ~[classes/:na]
	at lk.resq.localhub.service.SensorStreamService.parseSnapshot(SensorStreamService.java:65) ~[classes/:na]
	at lk.resq.localhub.service.MqttSubscriberService.handleMessage(MqttSubscriberService.java:437) ~[classes/:na]
	at lk.resq.localhub.service.MqttSubscriberService$1.messageArrived(MqttSubscriberService.java:321) ~[classes/:na]
	at org.eclipse.paho.client.mqttv3.internal.CommsCallback.deliverMessage(CommsCallback.java:519) ~[org.eclipse.paho.client.mqttv3-1.2.5.jar:na]
	at org.eclipse.paho.client.mqttv3.internal.CommsCallback.handleMessage(CommsCallback.java:417) ~[org.eclipse.paho.client.mqttv3-1.2.5.jar:na]
	at org.eclipse.paho.client.mqttv3.internal.CommsCallback.run(CommsCallback.java:214) ~[org.eclipse.paho.client.mqttv3-1.2.5.jar:na]
	at java.base/java.lang.Thread.run(Thread.java:840) ~[na:na]

2026-07-28T10:54:35.617+05:30  WARN 37596 --- [hub-api] [y-1785215101795] l.r.l.service.MqttSubscriberService      : Failed to process MQTT payload on topic resq/M01/telemetry. Raw payload: {"device_id":"M01","telemetry_mode":"SENSOR_STREAM","state":"PAIRED_IDLE","pressure_0_kpa":0.918,"pressure_0_kpa_valid":true,"pressure_1_kpa":1.478,"pressure_1_kpa_valid":true,"pressure_2_kpa":1.291,"pressure_2_kpa_valid":true,"pressure_kpa_valid":true,"hall_mm":14.95,"hall_progress":0.498,"hall_mm_valid":true,"pressure_saturation_mask":0,"interval_ms":200,"ts_ms":48082}. Error message: pressure_0_raw is required and must be an integer

java.lang.IllegalArgumentException: pressure_0_raw is required and must be an integer
	at lk.resq.localhub.service.SensorStreamService.requiredInt(SensorStreamService.java:306) ~[classes/:na]
	at lk.resq.localhub.service.SensorStreamService.parseSnapshot(SensorStreamService.java:65) ~[classes/:na]
	at lk.resq.localhub.service.MqttSubscriberService.handleMessage(MqttSubscriberService.java:437) ~[classes/:na]
	at lk.resq.localhub.service.MqttSubscriberService$1.messageArrived(MqttSubscriberService.java:321) ~[classes/:na]
	at org.eclipse.paho.client.mqttv3.internal.CommsCallback.deliverMessage(CommsCallback.java:519) ~[org.eclipse.paho.client.mqttv3-1.2.5.jar:na]
	at org.eclipse.paho.client.mqttv3.internal.CommsCallback.handleMessage(CommsCallback.java:417) ~[org.eclipse.paho.client.mqttv3-1.2.5.jar:na]
	at org.eclipse.paho.client.mqttv3.internal.CommsCallback.run(CommsCallback.java:214) ~[org.eclipse.paho.client.mqttv3-1.2.5.jar:na]
	at java.base/java.lang.Thread.run(Thread.java:840) ~[na:na]

2026-07-28T10:54:35.816+05:30  WARN 37596 --- [hub-api] [y-1785215101795] l.r.l.service.MqttSubscriberService      : Failed to process MQTT payload on topic resq/M01/telemetry. Raw payload: {"device_id":"M01","telemetry_mode":"SENSOR_STREAM","state":"PAIRED_IDLE","pressure_0_kpa":0.908,"pressure_0_kpa_valid":true,"pressure_1_kpa":1.472,"pressure_1_kpa_valid":true,"pressure_2_kpa":1.296,"pressure_2_kpa_valid":true,"pressure_kpa_valid":true,"hall_mm":14.75,"hall_progress":0.492,"hall_mm_valid":true,"pressure_saturation_mask":0,"interval_ms":200,"ts_ms":48284}. Error message: pressure_0_raw is required and must be an integer

java.lang.IllegalArgumentException: pressure_0_raw is required and must be an integer
	at lk.resq.localhub.service.SensorStreamService.requiredInt(SensorStreamService.java:306) ~[classes/:na]
	at lk.resq.localhub.service.SensorStreamService.parseSnapshot(SensorStreamService.java:65) ~[classes/:na]
	at lk.resq.localhub.service.MqttSubscriberService.handleMessage(MqttSubscriberService.java:437) ~[classes/:na]
	at lk.resq.localhub.service.MqttSubscriberService$1.messageArrived(MqttSubscriberService.java:321) ~[classes/:na]
	at org.eclipse.paho.client.mqttv3.internal.CommsCallback.deliverMessage(CommsCallback.java:519) ~[org.eclipse.paho.client.mqttv3-1.2.5.jar:na]
	at org.eclipse.paho.client.mqttv3.internal.CommsCallback.handleMessage(CommsCallback.java:417) ~[org.eclipse.paho.client.mqttv3-1.2.5.jar:na]
	at org.eclipse.paho.client.mqttv3.internal.CommsCallback.run(CommsCallback.java:214) ~[org.eclipse.paho.client.mqttv3-1.2.5.jar:na]
	at java.base/java.lang.Thread.run(Thread.java:840) ~[na:na]

2026-07-28T10:54:36.038+05:30  WARN 37596 --- [hub-api] [y-1785215101795] l.r.l.service.MqttSubscriberService      : Failed to process MQTT payload on topic resq/M01/telemetry. Raw payload: {"device_id":"M01","telemetry_mode":"SENSOR_STREAM","state":"PAIRED_IDLE","pressure_0_kpa":0.892,"pressure_0_kpa_valid":true,"pressure_1_kpa":1.461,"pressure_1_kpa_valid":true,"pressure_2_kpa":1.304,"pressure_2_kpa_valid":true,"pressure_kpa_valid":true,"hall_mm":14.42,"hall_progress":0.481,"hall_mm_valid":true,"pressure_saturation_mask":0,"interval_ms":200,"ts_ms":48501}. Error message: pressure_0_raw is required and must be an integer

java.lang.IllegalArgumentException: pressure_0_raw is required and must be an integer
	at lk.resq.localhub.service.SensorStreamService.requiredInt(SensorStreamService.java:306) ~[classes/:na]
	at lk.resq.localhub.service.SensorStreamService.parseSnapshot(SensorStreamService.java:65) ~[classes/:na]
	at lk.resq.localhub.service.MqttSubscriberService.handleMessage(MqttSubscriberService.java:437) ~[classes/:na]
	at lk.resq.localhub.service.MqttSubscriberService$1.messageArrived(MqttSubscriberService.java:321) ~[classes/:na]
	at org.eclipse.paho.client.mqttv3.internal.CommsCallback.deliverMessage(CommsCallback.java:519) ~[org.eclipse.paho.client.mqttv3-1.2.5.jar:na]
	at org.eclipse.paho.client.mqttv3.internal.CommsCallback.handleMessage(CommsCallback.java:417) ~[org.eclipse.paho.client.mqttv3-1.2.5.jar:na]
	at org.eclipse.paho.client.mqttv3.internal.CommsCallback.run(CommsCallback.java:214) ~[org.eclipse.paho.client.mqttv3-1.2.5.jar:na]
	at java.base/java.lang.Thread.run(Thread.java:840) ~[na:na]

2026-07-28T10:54:36.234+05:30  WARN 37596 --- [hub-api] [y-1785215101795] l.r.l.service.MqttSubscriberService      : Failed to process MQTT payload on topic resq/M01/telemetry. Raw payload: {"device_id":"M01","telemetry_mode":"SENSOR_STREAM","state":"PAIRED_IDLE","pressure_0_kpa":0.87,"pressure_0_kpa_valid":true,"pressure_1_kpa":1.447,"pressure_1_kpa_valid":true,"pressure_2_kpa":1.315,"pressure_2_kpa_valid":true,"pressure_kpa_valid":true,"hall_mm":13.96,"hall_progress":0.467,"hall_mm_valid":true,"pressure_saturation_mask":0,"interval_ms":200,"ts_ms":48708}. Error message: pressure_0_raw is required and must be an integer

java.lang.IllegalArgumentException: pressure_0_raw is required and must be an integer
	at lk.resq.localhub.service.SensorStreamService.requiredInt(SensorStreamService.java:306) ~[classes/:na]
	at lk.resq.localhub.service.SensorStreamService.parseSnapshot(SensorStreamService.java:65) ~[classes/:na]
	at lk.resq.localhub.service.MqttSubscriberService.handleMessage(MqttSubscriberService.java:437) ~[classes/:na]
	at lk.resq.localhub.service.MqttSubscriberService$1.messageArrived(MqttSubscriberService.java:321) ~[classes/:na]
	at org.eclipse.paho.client.mqttv3.internal.CommsCallback.deliverMessage(CommsCallback.java:519) ~[org.eclipse.paho.client.mqttv3-1.2.5.jar:na]
	at org.eclipse.paho.client.mqttv3.internal.CommsCallback.handleMessage(CommsCallback.java:417) ~[org.eclipse.paho.client.mqttv3-1.2.5.jar:na]
	at org.eclipse.paho.client.mqttv3.internal.CommsCallback.run(CommsCallback.java:214) ~[org.eclipse.paho.client.mqttv3-1.2.5.jar:na]
	at java.base/java.lang.Thread.run(Thread.java:840) ~[na:na]

2026-07-28T10:54:36.444+05:30  WARN 37596 --- [hub-api] [y-1785215101795] l.r.l.service.MqttSubscriberService      : Failed to process MQTT payload on topic resq/M01/telemetry. Raw payload: {"device_id":"M01","telemetry_mode":"SENSOR_STREAM","state":"PAIRED_IDLE","pressure_0_kpa":0.844,"pressure_0_kpa_valid":true,"pressure_1_kpa":1.429,"pressure_1_kpa_valid":true,"pressure_2_kpa":1.328,"pressure_2_kpa_valid":true,"pressure_kpa_valid":true,"hall_mm":13.41,"hall_progress":0.449,"hall_mm_valid":true,"pressure_saturation_mask":2,"interval_ms":200,"ts_ms":48912}. Error message: pressure_0_raw is required and must be an integer

java.lang.IllegalArgumentException: pressure_0_raw is required and must be an integer
	at lk.resq.localhub.service.SensorStreamService.requiredInt(SensorStreamService.java:306) ~[classes/:na]
	at lk.resq.localhub.service.SensorStreamService.parseSnapshot(SensorStreamService.java:65) ~[classes/:na]
	at lk.resq.localhub.service.MqttSubscriberService.handleMessage(MqttSubscriberService.java:437) ~[classes/:na]
	at lk.resq.localhub.service.MqttSubscriberService$1.messageArrived(MqttSubscriberService.java:321) ~[classes/:na]
	at org.eclipse.paho.client.mqttv3.internal.CommsCallback.deliverMessage(CommsCallback.java:519) ~[org.eclipse.paho.client.mqttv3-1.2.5.jar:na]
	at org.eclipse.paho.client.mqttv3.internal.CommsCallback.handleMessage(CommsCallback.java:417) ~[org.eclipse.paho.client.mqttv3-1.2.5.jar:na]
	at org.eclipse.paho.client.mqttv3.internal.CommsCallback.run(CommsCallback.java:214) ~[org.eclipse.paho.client.mqttv3-1.2.5.jar:na]
	at java.base/java.lang.Thread.run(Thread.java:840) ~[na:na]

2026-07-28T10:54:36.652+05:30  WARN 37596 --- [hub-api] [y-1785215101795] l.r.l.service.MqttSubscriberService      : Failed to process MQTT payload on topic resq/M01/telemetry. Raw payload: {"device_id":"M01","telemetry_mode":"SENSOR_STREAM","state":"PAIRED_IDLE","pressure_0_kpa":0.815,"pressure_0_kpa_valid":true,"pressure_1_kpa":1.41,"pressure_1_kpa_valid":true,"pressure_2_kpa":1.343,"pressure_2_kpa_valid":true,"pressure_kpa_valid":true,"hall_mm":12.81,"hall_progress":0.43,"hall_mm_valid":true,"pressure_saturation_mask":0,"interval_ms":200,"ts_ms":49116}. Error message: pressure_0_raw is required and must be an integer

java.lang.IllegalArgumentException: pressure_0_raw is required and must be an integer
	at lk.resq.localhub.service.SensorStreamService.requiredInt(SensorStreamService.java:306) ~[classes/:na]
	at lk.resq.localhub.service.SensorStreamService.parseSnapshot(SensorStreamService.java:65) ~[classes/:na]
	at lk.resq.localhub.service.MqttSubscriberService.handleMessage(MqttSubscriberService.java:437) ~[classes/:na]
	at lk.resq.localhub.service.MqttSubscriberService$1.messageArrived(MqttSubscriberService.java:321) ~[classes/:na]
	at org.eclipse.paho.client.mqttv3.internal.CommsCallback.deliverMessage(CommsCallback.java:519) ~[org.eclipse.paho.client.mqttv3-1.2.5.jar:na]
	at org.eclipse.paho.client.mqttv3.internal.CommsCallback.handleMessage(CommsCallback.java:417) ~[org.eclipse.paho.client.mqttv3-1.2.5.jar:na]
	at org.eclipse.paho.client.mqttv3.internal.CommsCallback.run(CommsCallback.java:214) ~[org.eclipse.paho.client.mqttv3-1.2.5.jar:na]
	at java.base/java.lang.Thread.run(Thread.java:840) ~[na:na]

2026-07-28T10:54:36.857+05:30  WARN 37596 --- [hub-api] [y-1785215101795] l.r.l.service.MqttSubscriberService      : Failed to process MQTT payload on topic resq/M01/telemetry. Raw payload: {"device_id":"M01","telemetry_mode":"SENSOR_STREAM","state":"PAIRED_IDLE","pressure_0_kpa":0.785,"pressure_0_kpa_valid":true,"pressure_1_kpa":1.39,"pressure_1_kpa_valid":true,"pressure_2_kpa":1.358,"pressure_2_kpa_valid":true,"pressure_kpa_valid":true,"hall_mm":12.19,"hall_progress":0.41,"hall_mm_valid":true,"pressure_saturation_mask":0,"interval_ms":200,"ts_ms":49317}. Error message: pressure_0_raw is required and must be an integer

java.lang.IllegalArgumentException: pressure_0_raw is required and must be an integer
	at lk.resq.localhub.service.SensorStreamService.requiredInt(SensorStreamService.java:306) ~[classes/:na]
	at lk.resq.localhub.service.SensorStreamService.parseSnapshot(SensorStreamService.java:65) ~[classes/:na]
	at lk.resq.localhub.service.MqttSubscriberService.handleMessage(MqttSubscriberService.java:437) ~[classes/:na]
	at lk.resq.localhub.service.MqttSubscriberService$1.messageArrived(MqttSubscriberService.java:321) ~[classes/:na]
	at org.eclipse.paho.client.mqttv3.internal.CommsCallback.deliverMessage(CommsCallback.java:519) ~[org.eclipse.paho.client.mqttv3-1.2.5.jar:na]
	at org.eclipse.paho.client.mqttv3.internal.CommsCallback.handleMessage(CommsCallback.java:417) ~[org.eclipse.paho.client.mqttv3-1.2.5.jar:na]
	at org.eclipse.paho.client.mqttv3.internal.CommsCallback.run(CommsCallback.java:214) ~[org.eclipse.paho.client.mqttv3-1.2.5.jar:na]
	at java.base/java.lang.Thread.run(Thread.java:840) ~[na:na]

2026-07-28T10:54:37.056+05:30  WARN 37596 --- [hub-api] [y-1785215101795] l.r.l.service.MqttSubscriberService      : Failed to process MQTT payload on topic resq/M01/telemetry. Raw payload: {"device_id":"M01","telemetry_mode":"SENSOR_STREAM","state":"PAIRED_IDLE","pressure_0_kpa":0.756,"pressure_0_kpa_valid":true,"pressure_1_kpa":1.371,"pressure_1_kpa_valid":true,"pressure_2_kpa":1.372,"pressure_2_kpa_valid":true,"pressure_kpa_valid":true,"hall_mm":11.58,"hall_progress":0.391,"hall_mm_valid":true,"pressure_saturation_mask":0,"interval_ms":200,"ts_ms":49521}. Error message: pressure_0_raw is required and must be an integer

java.lang.IllegalArgumentException: pressure_0_raw is required and must be an integer
	at lk.resq.localhub.service.SensorStreamService.requiredInt(SensorStreamService.java:306) ~[classes/:na]
	at lk.resq.localhub.service.SensorStreamService.parseSnapshot(SensorStreamService.java:65) ~[classes/:na]
	at lk.resq.localhub.service.MqttSubscriberService.handleMessage(MqttSubscriberService.java:437) ~[classes/:na]
	at lk.resq.localhub.service.MqttSubscriberService$1.messageArrived(MqttSubscriberService.java:321) ~[classes/:na]
	at org.eclipse.paho.client.mqttv3.internal.CommsCallback.deliverMessage(CommsCallback.java:519) ~[org.eclipse.paho.client.mqttv3-1.2.5.jar:na]
	at org.eclipse.paho.client.mqttv3.internal.CommsCallback.handleMessage(CommsCallback.java:417) ~[org.eclipse.paho.client.mqttv3-1.2.5.jar:na]
	at org.eclipse.paho.client.mqttv3.internal.CommsCallback.run(CommsCallback.java:214) ~[org.eclipse.paho.client.mqttv3-1.2.5.jar:na]
	at java.base/java.lang.Thread.run(Thread.java:840) ~[na:na]

2026-07-28T10:54:37.266+05:30  WARN 37596 --- [hub-api] [y-1785215101795] l.r.l.service.MqttSubscriberService      : Failed to process MQTT payload on topic resq/M01/telemetry. Raw payload: {"device_id":"M01","telemetry_mode":"SENSOR_STREAM","state":"PAIRED_IDLE","pressure_0_kpa":0.73,"pressure_0_kpa_valid":true,"pressure_1_kpa":1.353,"pressure_1_kpa_valid":true,"pressure_2_kpa":1.385,"pressure_2_kpa_valid":true,"pressure_kpa_valid":true,"hall_mm":11.04,"hall_progress":0.373,"hall_mm_valid":true,"pressure_saturation_mask":0,"interval_ms":200,"ts_ms":49732}. Error message: pressure_0_raw is required and must be an integer

java.lang.IllegalArgumentException: pressure_0_raw is required and must be an integer
	at lk.resq.localhub.service.SensorStreamService.requiredInt(SensorStreamService.java:306) ~[classes/:na]
	at lk.resq.localhub.service.SensorStreamService.parseSnapshot(SensorStreamService.java:65) ~[classes/:na]
	at lk.resq.localhub.service.MqttSubscriberService.handleMessage(MqttSubscriberService.java:437) ~[classes/:na]
	at lk.resq.localhub.service.MqttSubscriberService$1.messageArrived(MqttSubscriberService.java:321) ~[classes/:na]
	at org.eclipse.paho.client.mqttv3.internal.CommsCallback.deliverMessage(CommsCallback.java:519) ~[org.eclipse.paho.client.mqttv3-1.2.5.jar:na]
	at org.eclipse.paho.client.mqttv3.internal.CommsCallback.handleMessage(CommsCallback.java:417) ~[org.eclipse.paho.client.mqttv3-1.2.5.jar:na]
	at org.eclipse.paho.client.mqttv3.internal.CommsCallback.run(CommsCallback.java:214) ~[org.eclipse.paho.client.mqttv3-1.2.5.jar:na]
	at java.base/java.lang.Thread.run(Thread.java:840) ~[na:na]

2026-07-28T10:54:37.479+05:30  WARN 37596 --- [hub-api] [y-1785215101795] l.r.l.service.MqttSubscriberService      : Failed to process MQTT payload on topic resq/M01/telemetry. Raw payload: {"device_id":"M01","telemetry_mode":"SENSOR_STREAM","state":"PAIRED_IDLE","pressure_0_kpa":0.708,"pressure_0_kpa_valid":true,"pressure_1_kpa":1.339,"pressure_1_kpa_valid":true,"pressure_2_kpa":1.396,"pressure_2_kpa_valid":true,"pressure_kpa_valid":true,"hall_mm":10.58,"hall_progress":0.359,"hall_mm_valid":true,"pressure_saturation_mask":0,"interval_ms":200,"ts_ms":49946}. Error message: pressure_0_raw is required and must be an integer

java.lang.IllegalArgumentException: pressure_0_raw is required and must be an integer
	at lk.resq.localhub.service.SensorStreamService.requiredInt(SensorStreamService.java:306) ~[classes/:na]
	at lk.resq.localhub.service.SensorStreamService.parseSnapshot(SensorStreamService.java:65) ~[classes/:na]
	at lk.resq.localhub.service.MqttSubscriberService.handleMessage(MqttSubscriberService.java:437) ~[classes/:na]
	at lk.resq.localhub.service.MqttSubscriberService$1.messageArrived(MqttSubscriberService.java:321) ~[classes/:na]
	at org.eclipse.paho.client.mqttv3.internal.CommsCallback.deliverMessage(CommsCallback.java:519) ~[org.eclipse.paho.client.mqttv3-1.2.5.jar:na]
	at org.eclipse.paho.client.mqttv3.internal.CommsCallback.handleMessage(CommsCallback.java:417) ~[org.eclipse.paho.client.mqttv3-1.2.5.jar:na]
	at org.eclipse.paho.client.mqttv3.internal.CommsCallback.run(CommsCallback.java:214) ~[org.eclipse.paho.client.mqttv3-1.2.5.jar:na]
	at java.base/java.lang.Thread.run(Thread.java:840) ~[na:na]

2026-07-28T10:54:37.680+05:30  WARN 37596 --- [hub-api] [y-1785215101795] l.r.l.service.MqttSubscriberService      : Failed to process MQTT payload on topic resq/M01/telemetry. Raw payload: {"device_id":"M01","telemetry_mode":"SENSOR_STREAM","state":"PAIRED_IDLE","pressure_0_kpa":0.692,"pressure_0_kpa_valid":true,"pressure_1_kpa":1.328,"pressure_1_kpa_valid":true,"pressure_2_kpa":1.404,"pressure_2_kpa_valid":true,"pressure_kpa_valid":true,"hall_mm":10.24,"hall_progress":0.348,"hall_mm_valid":true,"pressure_saturation_mask":0,"interval_ms":200,"ts_ms":50146}. Error message: pressure_0_raw is required and must be an integer

java.lang.IllegalArgumentException: pressure_0_raw is required and must be an integer
	at lk.resq.localhub.service.SensorStreamService.requiredInt(SensorStreamService.java:306) ~[classes/:na]
	at lk.resq.localhub.service.SensorStreamService.parseSnapshot(SensorStreamService.java:65) ~[classes/:na]
	at lk.resq.localhub.service.MqttSubscriberService.handleMessage(MqttSubscriberService.java:437) ~[classes/:na]
	at lk.resq.localhub.service.MqttSubscriberService$1.messageArrived(MqttSubscriberService.java:321) ~[classes/:na]
	at org.eclipse.paho.client.mqttv3.internal.CommsCallback.deliverMessage(CommsCallback.java:519) ~[org.eclipse.paho.client.mqttv3-1.2.5.jar:na]
	at org.eclipse.paho.client.mqttv3.internal.CommsCallback.handleMessage(CommsCallback.java:417) ~[org.eclipse.paho.client.mqttv3-1.2.5.jar:na]
	at org.eclipse.paho.client.mqttv3.internal.CommsCallback.run(CommsCallback.java:214) ~[org.eclipse.paho.client.mqttv3-1.2.5.jar:na]
	at java.base/java.lang.Thread.run(Thread.java:840) ~[na:na]

2026-07-28T10:54:37.892+05:30  WARN 37596 --- [hub-api] [y-1785215101795] l.r.l.service.MqttSubscriberService      : Failed to process MQTT payload on topic resq/M01/telemetry. Raw payload: {"device_id":"M01","telemetry_mode":"SENSOR_STREAM","state":"PAIRED_IDLE","pressure_0_kpa":0.682,"pressure_0_kpa_valid":true,"pressure_1_kpa":1.322,"pressure_1_kpa_valid":true,"pressure_2_kpa":1.409,"pressure_2_kpa_valid":true,"pressure_kpa_valid":true,"hall_mm":10.05,"hall_progress":0.342,"hall_mm_valid":true,"pressure_saturation_mask":0,"interval_ms":200,"ts_ms":50350}. Error message: pressure_0_raw is required and must be an integer

java.lang.IllegalArgumentException: pressure_0_raw is required and must be an integer
	at lk.resq.localhub.service.SensorStreamService.requiredInt(SensorStreamService.java:306) ~[classes/:na]
	at lk.resq.localhub.service.SensorStreamService.parseSnapshot(SensorStreamService.java:65) ~[classes/:na]
	at lk.resq.localhub.service.MqttSubscriberService.handleMessage(MqttSubscriberService.java:437) ~[classes/:na]
	at lk.resq.localhub.service.MqttSubscriberService$1.messageArrived(MqttSubscriberService.java:321) ~[classes/:na]
	at org.eclipse.paho.client.mqttv3.internal.CommsCallback.deliverMessage(CommsCallback.java:519) ~[org.eclipse.paho.client.mqttv3-1.2.5.jar:na]
	at org.eclipse.paho.client.mqttv3.internal.CommsCallback.handleMessage(CommsCallback.java:417) ~[org.eclipse.paho.client.mqttv3-1.2.5.jar:na]
	at org.eclipse.paho.client.mqttv3.internal.CommsCallback.run(CommsCallback.java:214) ~[org.eclipse.paho.client.mqttv3-1.2.5.jar:na]
	at java.base/java.lang.Thread.run(Thread.java:840) ~[na:na]

2026-07-28T10:54:38.102+05:30  WARN 37596 --- [hub-api] [y-1785215101795] l.r.l.service.MqttSubscriberService      : Failed to process MQTT payload on topic resq/M01/telemetry. Raw payload: {"device_id":"M01","telemetry_mode":"SENSOR_STREAM","state":"PAIRED_IDLE","pressure_0_kpa":0.68,"pressure_0_kpa_valid":true,"pressure_1_kpa":1.32,"pressure_1_kpa_valid":false,"pressure_2_kpa":1.41,"pressure_2_kpa_valid":true,"pressure_kpa_valid":false,"hall_mm":10,"hall_progress":0.34,"hall_mm_valid":true,"pressure_saturation_mask":0,"interval_ms":200,"ts_ms":50566}. Error message: pressure_0_raw is required and must be an integer

java.lang.IllegalArgumentException: pressure_0_raw is required and must be an integer
	at lk.resq.localhub.service.SensorStreamService.requiredInt(SensorStreamService.java:306) ~[classes/:na]
	at lk.resq.localhub.service.SensorStreamService.parseSnapshot(SensorStreamService.java:65) ~[classes/:na]
	at lk.resq.localhub.service.MqttSubscriberService.handleMessage(MqttSubscriberService.java:437) ~[classes/:na]
	at lk.resq.localhub.service.MqttSubscriberService$1.messageArrived(MqttSubscriberService.java:321) ~[classes/:na]
	at org.eclipse.paho.client.mqttv3.internal.CommsCallback.deliverMessage(CommsCallback.java:519) ~[org.eclipse.paho.client.mqttv3-1.2.5.jar:na]
	at org.eclipse.paho.client.mqttv3.internal.CommsCallback.handleMessage(CommsCallback.java:417) ~[org.eclipse.paho.client.mqttv3-1.2.5.jar:na]
	at org.eclipse.paho.client.mqttv3.internal.CommsCallback.run(CommsCallback.java:214) ~[org.eclipse.paho.client.mqttv3-1.2.5.jar:na]
	at java.base/java.lang.Thread.run(Thread.java:840) ~[na:na]

2026-07-28T10:54:38.298+05:30  WARN 37596 --- [hub-api] [y-1785215101795] l.r.l.service.MqttSubscriberService      : Failed to process MQTT payload on topic resq/M01/telemetry. Raw payload: {"device_id":"M01","telemetry_mode":"SENSOR_STREAM","state":"PAIRED_IDLE","pressure_0_kpa":0.686,"pressure_0_kpa_valid":true,"pressure_1_kpa":1.324,"pressure_1_kpa_valid":true,"pressure_2_kpa":1.407,"pressure_2_kpa_valid":true,"pressure_kpa_valid":true,"hall_mm":10.12,"hall_progress":0.344,"hall_mm_valid":true,"pressure_saturation_mask":0,"interval_ms":200,"ts_ms":50767}. Error message: pressure_0_raw is required and must be an integer

java.lang.IllegalArgumentException: pressure_0_raw is required and must be an integer
	at lk.resq.localhub.service.SensorStreamService.requiredInt(SensorStreamService.java:306) ~[classes/:na]
	at lk.resq.localhub.service.SensorStreamService.parseSnapshot(SensorStreamService.java:65) ~[classes/:na]
	at lk.resq.localhub.service.MqttSubscriberService.handleMessage(MqttSubscriberService.java:437) ~[classes/:na]
	at lk.resq.localhub.service.MqttSubscriberService$1.messageArrived(MqttSubscriberService.java:321) ~[classes/:na]
	at org.eclipse.paho.client.mqttv3.internal.CommsCallback.deliverMessage(CommsCallback.java:519) ~[org.eclipse.paho.client.mqttv3-1.2.5.jar:na]
	at org.eclipse.paho.client.mqttv3.internal.CommsCallback.handleMessage(CommsCallback.java:417) ~[org.eclipse.paho.client.mqttv3-1.2.5.jar:na]
	at org.eclipse.paho.client.mqttv3.internal.CommsCallback.run(CommsCallback.java:214) ~[org.eclipse.paho.client.mqttv3-1.2.5.jar:na]
	at java.base/java.lang.Thread.run(Thread.java:840) ~[na:na]

2026-07-28T10:54:38.506+05:30  WARN 37596 --- [hub-api] [y-1785215101795] l.r.l.service.MqttSubscriberService      : Failed to process MQTT payload on topic resq/M01/telemetry. Raw payload: {"device_id":"M01","telemetry_mode":"SENSOR_STREAM","state":"PAIRED_IDLE","pressure_0_kpa":0.698,"pressure_0_kpa_valid":true,"pressure_1_kpa":1.332,"pressure_1_kpa_valid":true,"pressure_2_kpa":1.401,"pressure_2_kpa_valid":true,"pressure_kpa_valid":true,"hall_mm":10.38,"hall_progress":0.352,"hall_mm_valid":true,"pressure_saturation_mask":0,"interval_ms":200,"ts_ms":50970}. Error message: pressure_0_raw is required and must be an integer

java.lang.IllegalArgumentException: pressure_0_raw is required and must be an integer
	at lk.resq.localhub.service.SensorStreamService.requiredInt(SensorStreamService.java:306) ~[classes/:na]
	at lk.resq.localhub.service.SensorStreamService.parseSnapshot(SensorStreamService.java:65) ~[classes/:na]
	at lk.resq.localhub.service.MqttSubscriberService.handleMessage(MqttSubscriberService.java:437) ~[classes/:na]
	at lk.resq.localhub.service.MqttSubscriberService$1.messageArrived(MqttSubscriberService.java:321) ~[classes/:na]
	at org.eclipse.paho.client.mqttv3.internal.CommsCallback.deliverMessage(CommsCallback.java:519) ~[org.eclipse.paho.client.mqttv3-1.2.5.jar:na]
	at org.eclipse.paho.client.mqttv3.internal.CommsCallback.handleMessage(CommsCallback.java:417) ~[org.eclipse.paho.client.mqttv3-1.2.5.jar:na]
	at org.eclipse.paho.client.mqttv3.internal.CommsCallback.run(CommsCallback.java:214) ~[org.eclipse.paho.client.mqttv3-1.2.5.jar:na]
	at java.base/java.lang.Thread.run(Thread.java:840) ~[na:na]

2026-07-28T10:54:38.717+05:30  WARN 37596 --- [hub-api] [y-1785215101795] l.r.l.service.MqttSubscriberService      : Failed to process MQTT payload on topic resq/M01/telemetry. Raw payload: {"device_id":"M01","telemetry_mode":"SENSOR_STREAM","state":"PAIRED_IDLE","pressure_0_kpa":0.717,"pressure_0_kpa_valid":true,"pressure_1_kpa":1.345,"pressure_1_kpa_valid":true,"pressure_2_kpa":1.392,"pressure_2_kpa_valid":true,"pressure_kpa_valid":true,"hall_mm":10.77,"hall_progress":0.365,"hall_mm_valid":true,"pressure_saturation_mask":0,"interval_ms":200,"ts_ms":51177}. Error message: pressure_0_raw is required and must be an integer

java.lang.IllegalArgumentException: pressure_0_raw is required and must be an integer
	at lk.resq.localhub.service.SensorStreamService.requiredInt(SensorStreamService.java:306) ~[classes/:na]
	at lk.resq.localhub.service.SensorStreamService.parseSnapshot(SensorStreamService.java:65) ~[classes/:na]
	at lk.resq.localhub.service.MqttSubscriberService.handleMessage(MqttSubscriberService.java:437) ~[classes/:na]
	at lk.resq.localhub.service.MqttSubscriberService$1.messageArrived(MqttSubscriberService.java:321) ~[classes/:na]
	at org.eclipse.paho.client.mqttv3.internal.CommsCallback.deliverMessage(CommsCallback.java:519) ~[org.eclipse.paho.client.mqttv3-1.2.5.jar:na]
	at org.eclipse.paho.client.mqttv3.internal.CommsCallback.handleMessage(CommsCallback.java:417) ~[org.eclipse.paho.client.mqttv3-1.2.5.jar:na]
	at org.eclipse.paho.client.mqttv3.internal.CommsCallback.run(CommsCallback.java:214) ~[org.eclipse.paho.client.mqttv3-1.2.5.jar:na]
	at java.base/java.lang.Thread.run(Thread.java:840) ~[na:na]

2026-07-28T10:54:38.919+05:30  WARN 37596 --- [hub-api] [y-1785215101795] l.r.l.service.MqttSubscriberService      : Failed to process MQTT payload on topic resq/M01/telemetry. Raw payload: {"device_id":"M01","telemetry_mode":"SENSOR_STREAM","state":"PAIRED_IDLE","pressure_0_kpa":0.741,"pressure_0_kpa_valid":true,"pressure_1_kpa":1.361,"pressure_1_kpa_valid":true,"pressure_2_kpa":1.38,"pressure_2_kpa_valid":true,"pressure_kpa_valid":true,"hall_mm":11.27,"hall_progress":0.381,"hall_mm_valid":true,"pressure_saturation_mask":0,"interval_ms":200,"ts_ms":51384}. Error message: pressure_0_raw is required and must be an integer

java.lang.IllegalArgumentException: pressure_0_raw is required and must be an integer
	at lk.resq.localhub.service.SensorStreamService.requiredInt(SensorStreamService.java:306) ~[classes/:na]
	at lk.resq.localhub.service.SensorStreamService.parseSnapshot(SensorStreamService.java:65) ~[classes/:na]
	at lk.resq.localhub.service.MqttSubscriberService.handleMessage(MqttSubscriberService.java:437) ~[classes/:na]
	at lk.resq.localhub.service.MqttSubscriberService$1.messageArrived(MqttSubscriberService.java:321) ~[classes/:na]
	at org.eclipse.paho.client.mqttv3.internal.CommsCallback.deliverMessage(CommsCallback.java:519) ~[org.eclipse.paho.client.mqttv3-1.2.5.jar:na]
	at org.eclipse.paho.client.mqttv3.internal.CommsCallback.handleMessage(CommsCallback.java:417) ~[org.eclipse.paho.client.mqttv3-1.2.5.jar:na]
	at org.eclipse.paho.client.mqttv3.internal.CommsCallback.run(CommsCallback.java:214) ~[org.eclipse.paho.client.mqttv3-1.2.5.jar:na]
	at java.base/java.lang.Thread.run(Thread.java:840) ~[na:na]

2026-07-28T10:54:39.118+05:30  WARN 37596 --- [hub-api] [y-1785215101795] l.r.l.service.MqttSubscriberService      : Failed to process MQTT payload on topic resq/M01/telemetry. Raw payload: {"device_id":"M01","telemetry_mode":"SENSOR_STREAM","state":"PAIRED_IDLE","pressure_0_kpa":0.769,"pressure_0_kpa_valid":true,"pressure_1_kpa":1.379,"pressure_1_kpa_valid":true,"pressure_2_kpa":1.366,"pressure_2_kpa_valid":true,"pressure_kpa_valid":true,"hall_mm":11.84,"hall_progress":0.399,"hall_mm_valid":true,"pressure_saturation_mask":0,"interval_ms":200,"ts_ms":51584}. Error message: pressure_0_raw is required and must be an integer

java.lang.IllegalArgumentException: pressure_0_raw is required and must be an integer
	at lk.resq.localhub.service.SensorStreamService.requiredInt(SensorStreamService.java:306) ~[classes/:na]
	at lk.resq.localhub.service.SensorStreamService.parseSnapshot(SensorStreamService.java:65) ~[classes/:na]
	at lk.resq.localhub.service.MqttSubscriberService.handleMessage(MqttSubscriberService.java:437) ~[classes/:na]
	at lk.resq.localhub.service.MqttSubscriberService$1.messageArrived(MqttSubscriberService.java:321) ~[classes/:na]
	at org.eclipse.paho.client.mqttv3.internal.CommsCallback.deliverMessage(CommsCallback.java:519) ~[org.eclipse.paho.client.mqttv3-1.2.5.jar:na]
	at org.eclipse.paho.client.mqttv3.internal.CommsCallback.handleMessage(CommsCallback.java:417) ~[org.eclipse.paho.client.mqttv3-1.2.5.jar:na]
	at org.eclipse.paho.client.mqttv3.internal.CommsCallback.run(CommsCallback.java:214) ~[org.eclipse.paho.client.mqttv3-1.2.5.jar:na]
	at java.base/java.lang.Thread.run(Thread.java:840) ~[na:na]

2026-07-28T10:54:39.325+05:30  WARN 37596 --- [hub-api] [y-1785215101795] l.r.l.service.MqttSubscriberService      : Failed to process MQTT payload on topic resq/M01/telemetry. Raw payload: {"device_id":"M01","telemetry_mode":"SENSOR_STREAM","state":"PAIRED_IDLE","pressure_0_kpa":0.798,"pressure_0_kpa_valid":true,"pressure_1_kpa":1.399,"pressure_1_kpa_valid":true,"pressure_2_kpa":1.351,"pressure_2_kpa_valid":true,"pressure_kpa_valid":true,"hall_mm":12.46,"hall_progress":0.419,"hall_mm_valid":true,"pressure_saturation_mask":0,"interval_ms":200,"ts_ms":51798}. Error message: pressure_0_raw is required and must be an integer

java.lang.IllegalArgumentException: pressure_0_raw is required and must be an integer
	at lk.resq.localhub.service.SensorStreamService.requiredInt(SensorStreamService.java:306) ~[classes/:na]
	at lk.resq.localhub.service.SensorStreamService.parseSnapshot(SensorStreamService.java:65) ~[classes/:na]
	at lk.resq.localhub.service.MqttSubscriberService.handleMessage(MqttSubscriberService.java:437) ~[classes/:na]
	at lk.resq.localhub.service.MqttSubscriberService$1.messageArrived(MqttSubscriberService.java:321) ~[classes/:na]
	at org.eclipse.paho.client.mqttv3.internal.CommsCallback.deliverMessage(CommsCallback.java:519) ~[org.eclipse.paho.client.mqttv3-1.2.5.jar:na]
	at org.eclipse.paho.client.mqttv3.internal.CommsCallback.handleMessage(CommsCallback.java:417) ~[org.eclipse.paho.client.mqttv3-1.2.5.jar:na]
	at org.eclipse.paho.client.mqttv3.internal.CommsCallback.run(CommsCallback.java:214) ~[org.eclipse.paho.client.mqttv3-1.2.5.jar:na]
	at java.base/java.lang.Thread.run(Thread.java:840) ~[na:na]

2026-07-28T10:54:39.532+05:30  WARN 37596 --- [hub-api] [y-1785215101795] l.r.l.service.MqttSubscriberService      : Failed to process MQTT payload on topic resq/M01/telemetry. Raw payload: {"device_id":"M01","telemetry_mode":"SENSOR_STREAM","state":"PAIRED_IDLE","pressure_0_kpa":0.828,"pressure_0_kpa_valid":true,"pressure_1_kpa":1.419,"pressure_1_kpa_valid":true,"pressure_2_kpa":1.336,"pressure_2_kpa_valid":true,"pressure_kpa_valid":true,"hall_mm":13.08,"hall_progress":0.439,"hall_mm_valid":true,"pressure_saturation_mask":0,"interval_ms":200,"ts_ms":51999}. Error message: pressure_0_raw is required and must be an integer

java.lang.IllegalArgumentException: pressure_0_raw is required and must be an integer
	at lk.resq.localhub.service.SensorStreamService.requiredInt(SensorStreamService.java:306) ~[classes/:na]
	at lk.resq.localhub.service.SensorStreamService.parseSnapshot(SensorStreamService.java:65) ~[classes/:na]
	at lk.resq.localhub.service.MqttSubscriberService.handleMessage(MqttSubscriberService.java:437) ~[classes/:na]
	at lk.resq.localhub.service.MqttSubscriberService$1.messageArrived(MqttSubscriberService.java:321) ~[classes/:na]
	at org.eclipse.paho.client.mqttv3.internal.CommsCallback.deliverMessage(CommsCallback.java:519) ~[org.eclipse.paho.client.mqttv3-1.2.5.jar:na]
	at org.eclipse.paho.client.mqttv3.internal.CommsCallback.handleMessage(CommsCallback.java:417) ~[org.eclipse.paho.client.mqttv3-1.2.5.jar:na]
	at org.eclipse.paho.client.mqttv3.internal.CommsCallback.run(CommsCallback.java:214) ~[org.eclipse.paho.client.mqttv3-1.2.5.jar:na]
	at java.base/java.lang.Thread.run(Thread.java:840) ~[na:na]

2026-07-28T10:54:39.733+05:30  WARN 37596 --- [hub-api] [y-1785215101795] l.r.l.service.MqttSubscriberService      : Failed to process MQTT payload on topic resq/M01/telemetry. Raw payload: {"device_id":"M01","telemetry_mode":"SENSOR_STREAM","state":"PAIRED_IDLE","pressure_0_kpa":0.856,"pressure_0_kpa_valid":true,"pressure_1_kpa":1.437,"pressure_1_kpa_valid":true,"pressure_2_kpa":1.322,"pressure_2_kpa_valid":true,"pressure_kpa_valid":true,"hall_mm":13.66,"hall_progress":0.457,"hall_mm_valid":true,"pressure_saturation_mask":0,"interval_ms":200,"ts_ms":52200}. Error message: pressure_0_raw is required and must be an integer

java.lang.IllegalArgumentException: pressure_0_raw is required and must be an integer
	at lk.resq.localhub.service.SensorStreamService.requiredInt(SensorStreamService.java:306) ~[classes/:na]
	at lk.resq.localhub.service.SensorStreamService.parseSnapshot(SensorStreamService.java:65) ~[classes/:na]
	at lk.resq.localhub.service.MqttSubscriberService.handleMessage(MqttSubscriberService.java:437) ~[classes/:na]
	at lk.resq.localhub.service.MqttSubscriberService$1.messageArrived(MqttSubscriberService.java:321) ~[classes/:na]
	at org.eclipse.paho.client.mqttv3.internal.CommsCallback.deliverMessage(CommsCallback.java:519) ~[org.eclipse.paho.client.mqttv3-1.2.5.jar:na]
	at org.eclipse.paho.client.mqttv3.internal.CommsCallback.handleMessage(CommsCallback.java:417) ~[org.eclipse.paho.client.mqttv3-1.2.5.jar:na]
	at org.eclipse.paho.client.mqttv3.internal.CommsCallback.run(CommsCallback.java:214) ~[org.eclipse.paho.client.mqttv3-1.2.5.jar:na]
	at java.base/java.lang.Thread.run(Thread.java:840) ~[na:na]

2026-07-28T10:54:39.936+05:30  WARN 37596 --- [hub-api] [y-1785215101795] l.r.l.service.MqttSubscriberService      : Failed to process MQTT payload on topic resq/M01/telemetry. Raw payload: {"device_id":"M01","telemetry_mode":"SENSOR_STREAM","state":"PAIRED_IDLE","pressure_0_kpa":0.88,"pressure_0_kpa_valid":true,"pressure_1_kpa":1.454,"pressure_1_kpa_valid":true,"pressure_2_kpa":1.31,"pressure_2_kpa_valid":true,"pressure_kpa_valid":true,"hall_mm":14.18,"hall_progress":0.474,"hall_mm_valid":true,"pressure_saturation_mask":2,"interval_ms":200,"ts_ms":52401}. Error message: pressure_0_raw is required and must be an integer

java.lang.IllegalArgumentException: pressure_0_raw is required and must be an integer
	at lk.resq.localhub.service.SensorStreamService.requiredInt(SensorStreamService.java:306) ~[classes/:na]
	at lk.resq.localhub.service.SensorStreamService.parseSnapshot(SensorStreamService.java:65) ~[classes/:na]
	at lk.resq.localhub.service.MqttSubscriberService.handleMessage(MqttSubscriberService.java:437) ~[classes/:na]
	at lk.resq.localhub.service.MqttSubscriberService$1.messageArrived(MqttSubscriberService.java:321) ~[classes/:na]
	at org.eclipse.paho.client.mqttv3.internal.CommsCallback.deliverMessage(CommsCallback.java:519) ~[org.eclipse.paho.client.mqttv3-1.2.5.jar:na]
	at org.eclipse.paho.client.mqttv3.internal.CommsCallback.handleMessage(CommsCallback.java:417) ~[org.eclipse.paho.client.mqttv3-1.2.5.jar:na]
	at org.eclipse.paho.client.mqttv3.internal.CommsCallback.run(CommsCallback.java:214) ~[org.eclipse.paho.client.mqttv3-1.2.5.jar:na]
	at java.base/java.lang.Thread.run(Thread.java:840) ~[na:na]

2026-07-28T10:54:40.153+05:30  WARN 37596 --- [hub-api] [y-1785215101795] l.r.l.service.MqttSubscriberService      : Failed to process MQTT payload on topic resq/M01/telemetry. Raw payload: {"device_id":"M01","telemetry_mode":"SENSOR_STREAM","state":"PAIRED_IDLE","pressure_0_kpa":0.9,"pressure_0_kpa_valid":true,"pressure_1_kpa":1.467,"pressure_1_kpa_valid":true,"pressure_2_kpa":1.3,"pressure_2_kpa_valid":true,"pressure_kpa_valid":true,"hall_mm":14.58,"hall_progress":0.487,"hall_mm_valid":true,"pressure_saturation_mask":0,"interval_ms":200,"ts_ms":52615}. Error message: pressure_0_raw is required and must be an integer

java.lang.IllegalArgumentException: pressure_0_raw is required and must be an integer
	at lk.resq.localhub.service.SensorStreamService.requiredInt(SensorStreamService.java:306) ~[classes/:na]
	at lk.resq.localhub.service.SensorStreamService.parseSnapshot(SensorStreamService.java:65) ~[classes/:na]
	at lk.resq.localhub.service.MqttSubscriberService.handleMessage(MqttSubscriberService.java:437) ~[classes/:na]
	at lk.resq.localhub.service.MqttSubscriberService$1.messageArrived(MqttSubscriberService.java:321) ~[classes/:na]
	at org.eclipse.paho.client.mqttv3.internal.CommsCallback.deliverMessage(CommsCallback.java:519) ~[org.eclipse.paho.client.mqttv3-1.2.5.jar:na]
	at org.eclipse.paho.client.mqttv3.internal.CommsCallback.handleMessage(CommsCallback.java:417) ~[org.eclipse.paho.client.mqttv3-1.2.5.jar:na]
	at org.eclipse.paho.client.mqttv3.internal.CommsCallback.run(CommsCallback.java:214) ~[org.eclipse.paho.client.mqttv3-1.2.5.jar:na]
	at java.base/java.lang.Thread.run(Thread.java:840) ~[na:na]

2026-07-28T10:54:40.356+05:30  WARN 37596 --- [hub-api] [y-1785215101795] l.r.l.service.MqttSubscriberService      : Failed to process MQTT payload on topic resq/M01/telemetry. Raw payload: {"device_id":"M01","telemetry_mode":"SENSOR_STREAM","state":"PAIRED_IDLE","pressure_0_kpa":0.913,"pressure_0_kpa_valid":true,"pressure_1_kpa":1.476,"pressure_1_kpa_valid":true,"pressure_2_kpa":1.293,"pressure_2_kpa_valid":true,"pressure_kpa_valid":true,"hall_mm":14.86,"hall_progress":0.496,"hall_mm_valid":true,"pressure_saturation_mask":0,"interval_ms":200,"ts_ms":52818}. Error message: pressure_0_raw is required and must be an integer

java.lang.IllegalArgumentException: pressure_0_raw is required and must be an integer
	at lk.resq.localhub.service.SensorStreamService.requiredInt(SensorStreamService.java:306) ~[classes/:na]
	at lk.resq.localhub.service.SensorStreamService.parseSnapshot(SensorStreamService.java:65) ~[classes/:na]
	at lk.resq.localhub.service.MqttSubscriberService.handleMessage(MqttSubscriberService.java:437) ~[classes/:na]
	at lk.resq.localhub.service.MqttSubscriberService$1.messageArrived(MqttSubscriberService.java:321) ~[classes/:na]
	at org.eclipse.paho.client.mqttv3.internal.CommsCallback.deliverMessage(CommsCallback.java:519) ~[org.eclipse.paho.client.mqttv3-1.2.5.jar:na]
	at org.eclipse.paho.client.mqttv3.internal.CommsCallback.handleMessage(CommsCallback.java:417) ~[org.eclipse.paho.client.mqttv3-1.2.5.jar:na]
	at org.eclipse.paho.client.mqttv3.internal.CommsCallback.run(CommsCallback.java:214) ~[org.eclipse.paho.client.mqttv3-1.2.5.jar:na]
	at java.base/java.lang.Thread.run(Thread.java:840) ~[na:na]

2026-07-28T10:54:40.544+05:30  WARN 37596 --- [hub-api] [y-1785215101795] l.r.l.service.MqttSubscriberService      : Failed to process MQTT payload on topic resq/M01/telemetry. Raw payload: {"device_id":"M01","telemetry_mode":"SENSOR_STREAM","state":"PAIRED_IDLE","pressure_0_kpa":0.92,"pressure_0_kpa_valid":true,"pressure_1_kpa":1.48,"pressure_1_kpa_valid":true,"pressure_2_kpa":1.29,"pressure_2_kpa_valid":true,"pressure_kpa_valid":true,"hall_mm":14.99,"hall_progress":0.5,"hall_mm_valid":true,"pressure_saturation_mask":0,"interval_ms":200,"ts_ms":53019}. Error message: pressure_0_raw is required and must be an integer

java.lang.IllegalArgumentException: pressure_0_raw is required and must be an integer
	at lk.resq.localhub.service.SensorStreamService.requiredInt(SensorStreamService.java:306) ~[classes/:na]
	at lk.resq.localhub.service.SensorStreamService.parseSnapshot(SensorStreamService.java:65) ~[classes/:na]
	at lk.resq.localhub.service.MqttSubscriberService.handleMessage(MqttSubscriberService.java:437) ~[classes/:na]
	at lk.resq.localhub.service.MqttSubscriberService$1.messageArrived(MqttSubscriberService.java:321) ~[classes/:na]
	at org.eclipse.paho.client.mqttv3.internal.CommsCallback.deliverMessage(CommsCallback.java:519) ~[org.eclipse.paho.client.mqttv3-1.2.5.jar:na]
	at org.eclipse.paho.client.mqttv3.internal.CommsCallback.handleMessage(CommsCallback.java:417) ~[org.eclipse.paho.client.mqttv3-1.2.5.jar:na]
	at org.eclipse.paho.client.mqttv3.internal.CommsCallback.run(CommsCallback.java:214) ~[org.eclipse.paho.client.mqttv3-1.2.5.jar:na]
	at java.base/java.lang.Thread.run(Thread.java:840) ~[na:na]

2026-07-28T10:54:40.762+05:30  WARN 37596 --- [hub-api] [y-1785215101795] l.r.l.service.MqttSubscriberService      : Failed to process MQTT payload on topic resq/M01/telemetry. Raw payload: {"device_id":"M01","telemetry_mode":"SENSOR_STREAM","state":"PAIRED_IDLE","pressure_0_kpa":0.918,"pressure_0_kpa_valid":true,"pressure_1_kpa":1.479,"pressure_1_kpa_valid":false,"pressure_2_kpa":1.291,"pressure_2_kpa_valid":true,"pressure_kpa_valid":false,"hall_mm":14.97,"hall_progress":0.499,"hall_mm_valid":true,"pressure_saturation_mask":0,"interval_ms":200,"ts_ms":53230}. Error message: pressure_0_raw is required and must be an integer

java.lang.IllegalArgumentException: pressure_0_raw is required and must be an integer
	at lk.resq.localhub.service.SensorStreamService.requiredInt(SensorStreamService.java:306) ~[classes/:na]
	at lk.resq.localhub.service.SensorStreamService.parseSnapshot(SensorStreamService.java:65) ~[classes/:na]
	at lk.resq.localhub.service.MqttSubscriberService.handleMessage(MqttSubscriberService.java:437) ~[classes/:na]
	at lk.resq.localhub.service.MqttSubscriberService$1.messageArrived(MqttSubscriberService.java:321) ~[classes/:na]
	at org.eclipse.paho.client.mqttv3.internal.CommsCallback.deliverMessage(CommsCallback.java:519) ~[org.eclipse.paho.client.mqttv3-1.2.5.jar:na]
	at org.eclipse.paho.client.mqttv3.internal.CommsCallback.handleMessage(CommsCallback.java:417) ~[org.eclipse.paho.client.mqttv3-1.2.5.jar:na]
	at org.eclipse.paho.client.mqttv3.internal.CommsCallback.run(CommsCallback.java:214) ~[org.eclipse.paho.client.mqttv3-1.2.5.jar:na]
	at java.base/java.lang.Thread.run(Thread.java:840) ~[na:na]

2026-07-28T10:54:40.967+05:30  WARN 37596 --- [hub-api] [y-1785215101795] l.r.l.service.MqttSubscriberService      : Failed to process MQTT payload on topic resq/M01/telemetry. Raw payload: {"device_id":"M01","telemetry_mode":"SENSOR_STREAM","state":"PAIRED_IDLE","pressure_0_kpa":0.91,"pressure_0_kpa_valid":true,"pressure_1_kpa":1.473,"pressure_1_kpa_valid":true,"pressure_2_kpa":1.295,"pressure_2_kpa_valid":true,"pressure_kpa_valid":true,"hall_mm":14.79,"hall_progress":0.493,"hall_mm_valid":true,"pressure_saturation_mask":0,"interval_ms":200,"ts_ms":53434}. Error message: pressure_0_raw is required and must be an integer

java.lang.IllegalArgumentException: pressure_0_raw is required and must be an integer
	at lk.resq.localhub.service.SensorStreamService.requiredInt(SensorStreamService.java:306) ~[classes/:na]
	at lk.resq.localhub.service.SensorStreamService.parseSnapshot(SensorStreamService.java:65) ~[classes/:na]
	at lk.resq.localhub.service.MqttSubscriberService.handleMessage(MqttSubscriberService.java:437) ~[classes/:na]
	at lk.resq.localhub.service.MqttSubscriberService$1.messageArrived(MqttSubscriberService.java:321) ~[classes/:na]
	at org.eclipse.paho.client.mqttv3.internal.CommsCallback.deliverMessage(CommsCallback.java:519) ~[org.eclipse.paho.client.mqttv3-1.2.5.jar:na]
	at org.eclipse.paho.client.mqttv3.internal.CommsCallback.handleMessage(CommsCallback.java:417) ~[org.eclipse.paho.client.mqttv3-1.2.5.jar:na]
	at org.eclipse.paho.client.mqttv3.internal.CommsCallback.run(CommsCallback.java:214) ~[org.eclipse.paho.client.mqttv3-1.2.5.jar:na]
	at java.base/java.lang.Thread.run(Thread.java:840) ~[na:na]

2026-07-28T10:54:41.185+05:30  WARN 37596 --- [hub-api] [y-1785215101795] l.r.l.service.MqttSubscriberService      : Failed to process MQTT payload on topic resq/M01/telemetry. Raw payload: {"device_id":"M01","telemetry_mode":"SENSOR_STREAM","state":"PAIRED_IDLE","pressure_0_kpa":0.895,"pressure_0_kpa_valid":true,"pressure_1_kpa":1.463,"pressure_1_kpa_valid":true,"pressure_2_kpa":1.303,"pressure_2_kpa_valid":true,"pressure_kpa_valid":true,"hall_mm":14.47,"hall_progress":0.483,"hall_mm_valid":true,"pressure_saturation_mask":0,"interval_ms":200,"ts_ms":53648}. Error message: pressure_0_raw is required and must be an integer

java.lang.IllegalArgumentException: pressure_0_raw is required and must be an integer
	at lk.resq.localhub.service.SensorStreamService.requiredInt(SensorStreamService.java:306) ~[classes/:na]
	at lk.resq.localhub.service.SensorStreamService.parseSnapshot(SensorStreamService.java:65) ~[classes/:na]
	at lk.resq.localhub.service.MqttSubscriberService.handleMessage(MqttSubscriberService.java:437) ~[classes/:na]
	at lk.resq.localhub.service.MqttSubscriberService$1.messageArrived(MqttSubscriberService.java:321) ~[classes/:na]
	at org.eclipse.paho.client.mqttv3.internal.CommsCallback.deliverMessage(CommsCallback.java:519) ~[org.eclipse.paho.client.mqttv3-1.2.5.jar:na]
	at org.eclipse.paho.client.mqttv3.internal.CommsCallback.handleMessage(CommsCallback.java:417) ~[org.eclipse.paho.client.mqttv3-1.2.5.jar:na]
	at org.eclipse.paho.client.mqttv3.internal.CommsCallback.run(CommsCallback.java:214) ~[org.eclipse.paho.client.mqttv3-1.2.5.jar:na]
	at java.base/java.lang.Thread.run(Thread.java:840) ~[na:na]

2026-07-28T10:54:41.387+05:30  WARN 37596 --- [hub-api] [y-1785215101795] l.r.l.service.MqttSubscriberService      : Failed to process MQTT payload on topic resq/M01/telemetry. Raw payload: {"device_id":"M01","telemetry_mode":"SENSOR_STREAM","state":"PAIRED_IDLE","pressure_0_kpa":0.873,"pressure_0_kpa_valid":true,"pressure_1_kpa":1.449,"pressure_1_kpa_valid":true,"pressure_2_kpa":1.313,"pressure_2_kpa_valid":true,"pressure_kpa_valid":true,"hall_mm":14.03,"hall_progress":0.469,"hall_mm_valid":true,"pressure_saturation_mask":0,"interval_ms":200,"ts_ms":53848}. Error message: pressure_0_raw is required and must be an integer

java.lang.IllegalArgumentException: pressure_0_raw is required and must be an integer
	at lk.resq.localhub.service.SensorStreamService.requiredInt(SensorStreamService.java:306) ~[classes/:na]
	at lk.resq.localhub.service.SensorStreamService.parseSnapshot(SensorStreamService.java:65) ~[classes/:na]
	at lk.resq.localhub.service.MqttSubscriberService.handleMessage(MqttSubscriberService.java:437) ~[classes/:na]
	at lk.resq.localhub.service.MqttSubscriberService$1.messageArrived(MqttSubscriberService.java:321) ~[classes/:na]
	at org.eclipse.paho.client.mqttv3.internal.CommsCallback.deliverMessage(CommsCallback.java:519) ~[org.eclipse.paho.client.mqttv3-1.2.5.jar:na]
	at org.eclipse.paho.client.mqttv3.internal.CommsCallback.handleMessage(CommsCallback.java:417) ~[org.eclipse.paho.client.mqttv3-1.2.5.jar:na]
	at org.eclipse.paho.client.mqttv3.internal.CommsCallback.run(CommsCallback.java:214) ~[org.eclipse.paho.client.mqttv3-1.2.5.jar:na]
	at java.base/java.lang.Thread.run(Thread.java:840) ~[na:na]

2026-07-28T10:54:41.594+05:30  WARN 37596 --- [hub-api] [y-1785215101795] l.r.l.service.MqttSubscriberService      : Failed to process MQTT payload on topic resq/M01/telemetry. Raw payload: {"device_id":"M01","telemetry_mode":"SENSOR_STREAM","state":"PAIRED_IDLE","pressure_0_kpa":0.848,"pressure_0_kpa_valid":true,"pressure_1_kpa":1.432,"pressure_1_kpa_valid":true,"pressure_2_kpa":1.326,"pressure_2_kpa_valid":true,"pressure_kpa_valid":true,"hall_mm":13.49,"hall_progress":0.452,"hall_mm_valid":true,"pressure_saturation_mask":0,"interval_ms":200,"ts_ms":54062}. Error message: pressure_0_raw is required and must be an integer

java.lang.IllegalArgumentException: pressure_0_raw is required and must be an integer
	at lk.resq.localhub.service.SensorStreamService.requiredInt(SensorStreamService.java:306) ~[classes/:na]
	at lk.resq.localhub.service.SensorStreamService.parseSnapshot(SensorStreamService.java:65) ~[classes/:na]
	at lk.resq.localhub.service.MqttSubscriberService.handleMessage(MqttSubscriberService.java:437) ~[classes/:na]
	at lk.resq.localhub.service.MqttSubscriberService$1.messageArrived(MqttSubscriberService.java:321) ~[classes/:na]
	at org.eclipse.paho.client.mqttv3.internal.CommsCallback.deliverMessage(CommsCallback.java:519) ~[org.eclipse.paho.client.mqttv3-1.2.5.jar:na]
	at org.eclipse.paho.client.mqttv3.internal.CommsCallback.handleMessage(CommsCallback.java:417) ~[org.eclipse.paho.client.mqttv3-1.2.5.jar:na]
	at org.eclipse.paho.client.mqttv3.internal.CommsCallback.run(CommsCallback.java:214) ~[org.eclipse.paho.client.mqttv3-1.2.5.jar:na]
	at java.base/java.lang.Thread.run(Thread.java:840) ~[na:na]

2026-07-28T10:54:41.797+05:30  WARN 37596 --- [hub-api] [y-1785215101795] l.r.l.service.MqttSubscriberService      : Failed to process MQTT payload on topic resq/M01/telemetry. Raw payload: {"device_id":"M01","telemetry_mode":"SENSOR_STREAM","state":"PAIRED_IDLE","pressure_0_kpa":0.819,"pressure_0_kpa_valid":true,"pressure_1_kpa":1.413,"pressure_1_kpa_valid":true,"pressure_2_kpa":1.341,"pressure_2_kpa_valid":true,"pressure_kpa_valid":true,"hall_mm":12.89,"hall_progress":0.433,"hall_mm_valid":true,"pressure_saturation_mask":0,"interval_ms":200,"ts_ms":54265}. Error message: pressure_0_raw is required and must be an integer

java.lang.IllegalArgumentException: pressure_0_raw is required and must be an integer
	at lk.resq.localhub.service.SensorStreamService.requiredInt(SensorStreamService.java:306) ~[classes/:na]
	at lk.resq.localhub.service.SensorStreamService.parseSnapshot(SensorStreamService.java:65) ~[classes/:na]
	at lk.resq.localhub.service.MqttSubscriberService.handleMessage(MqttSubscriberService.java:437) ~[classes/:na]
	at lk.resq.localhub.service.MqttSubscriberService$1.messageArrived(MqttSubscriberService.java:321) ~[classes/:na]
	at org.eclipse.paho.client.mqttv3.internal.CommsCallback.deliverMessage(CommsCallback.java:519) ~[org.eclipse.paho.client.mqttv3-1.2.5.jar:na]
	at org.eclipse.paho.client.mqttv3.internal.CommsCallback.handleMessage(CommsCallback.java:417) ~[org.eclipse.paho.client.mqttv3-1.2.5.jar:na]
	at org.eclipse.paho.client.mqttv3.internal.CommsCallback.run(CommsCallback.java:214) ~[org.eclipse.paho.client.mqttv3-1.2.5.jar:na]
	at java.base/java.lang.Thread.run(Thread.java:840) ~[na:na]

2026-07-28T10:54:42.011+05:30  WARN 37596 --- [hub-api] [y-1785215101795] l.r.l.service.MqttSubscriberService      : Failed to process MQTT payload on topic resq/M01/telemetry. Raw payload: {"device_id":"M01","telemetry_mode":"SENSOR_STREAM","state":"PAIRED_IDLE","pressure_0_kpa":0.789,"pressure_0_kpa_valid":true,"pressure_1_kpa":1.393,"pressure_1_kpa_valid":true,"pressure_2_kpa":1.356,"pressure_2_kpa_valid":true,"pressure_kpa_valid":true,"hall_mm":12.27,"hall_progress":0.413,"hall_mm_valid":true,"pressure_saturation_mask":0,"interval_ms":200,"ts_ms":54479}. Error message: pressure_0_raw is required and must be an integer

java.lang.IllegalArgumentException: pressure_0_raw is required and must be an integer
	at lk.resq.localhub.service.SensorStreamService.requiredInt(SensorStreamService.java:306) ~[classes/:na]
	at lk.resq.localhub.service.SensorStreamService.parseSnapshot(SensorStreamService.java:65) ~[classes/:na]
	at lk.resq.localhub.service.MqttSubscriberService.handleMessage(MqttSubscriberService.java:437) ~[classes/:na]
	at lk.resq.localhub.service.MqttSubscriberService$1.messageArrived(MqttSubscriberService.java:321) ~[classes/:na]
	at org.eclipse.paho.client.mqttv3.internal.CommsCallback.deliverMessage(CommsCallback.java:519) ~[org.eclipse.paho.client.mqttv3-1.2.5.jar:na]
	at org.eclipse.paho.client.mqttv3.internal.CommsCallback.handleMessage(CommsCallback.java:417) ~[org.eclipse.paho.client.mqttv3-1.2.5.jar:na]
	at org.eclipse.paho.client.mqttv3.internal.CommsCallback.run(CommsCallback.java:214) ~[org.eclipse.paho.client.mqttv3-1.2.5.jar:na]
	at java.base/java.lang.Thread.run(Thread.java:840) ~[na:na]

2026-07-28T10:54:42.218+05:30  WARN 37596 --- [hub-api] [y-1785215101795] l.r.l.service.MqttSubscriberService      : Failed to process MQTT payload on topic resq/M01/telemetry. Raw payload: {"device_id":"M01","telemetry_mode":"SENSOR_STREAM","state":"PAIRED_IDLE","pressure_0_kpa":0.76,"pressure_0_kpa_valid":true,"pressure_1_kpa":1.373,"pressure_1_kpa_valid":true,"pressure_2_kpa":1.37,"pressure_2_kpa_valid":true,"pressure_kpa_valid":true,"hall_mm":11.66,"hall_progress":0.393,"hall_mm_valid":true,"pressure_saturation_mask":0,"interval_ms":200,"ts_ms":54682}. Error message: pressure_0_raw is required and must be an integer

java.lang.IllegalArgumentException: pressure_0_raw is required and must be an integer
	at lk.resq.localhub.service.SensorStreamService.requiredInt(SensorStreamService.java:306) ~[classes/:na]
	at lk.resq.localhub.service.SensorStreamService.parseSnapshot(SensorStreamService.java:65) ~[classes/:na]
	at lk.resq.localhub.service.MqttSubscriberService.handleMessage(MqttSubscriberService.java:437) ~[classes/:na]
	at lk.resq.localhub.service.MqttSubscriberService$1.messageArrived(MqttSubscriberService.java:321) ~[classes/:na]
	at org.eclipse.paho.client.mqttv3.internal.CommsCallback.deliverMessage(CommsCallback.java:519) ~[org.eclipse.paho.client.mqttv3-1.2.5.jar:na]
	at org.eclipse.paho.client.mqttv3.internal.CommsCallback.handleMessage(CommsCallback.java:417) ~[org.eclipse.paho.client.mqttv3-1.2.5.jar:na]
	at org.eclipse.paho.client.mqttv3.internal.CommsCallback.run(CommsCallback.java:214) ~[org.eclipse.paho.client.mqttv3-1.2.5.jar:na]
	at java.base/java.lang.Thread.run(Thread.java:840) ~[na:na]

2026-07-28T10:54:42.429+05:30  WARN 37596 --- [hub-api] [y-1785215101795] l.r.l.service.MqttSubscriberService      : Failed to process MQTT payload on topic resq/M01/telemetry. Raw payload: {"device_id":"M01","telemetry_mode":"SENSOR_STREAM","state":"PAIRED_IDLE","pressure_0_kpa":0.733,"pressure_0_kpa_valid":true,"pressure_1_kpa":1.355,"pressure_1_kpa_valid":true,"pressure_2_kpa":1.384,"pressure_2_kpa_valid":true,"pressure_kpa_valid":true,"hall_mm":11.1,"hall_progress":0.375,"hall_mm_valid":true,"pressure_saturation_mask":0,"interval_ms":200,"ts_ms":54896}. Error message: pressure_0_raw is required and must be an integer

java.lang.IllegalArgumentException: pressure_0_raw is required and must be an integer
	at lk.resq.localhub.service.SensorStreamService.requiredInt(SensorStreamService.java:306) ~[classes/:na]
	at lk.resq.localhub.service.SensorStreamService.parseSnapshot(SensorStreamService.java:65) ~[classes/:na]
	at lk.resq.localhub.service.MqttSubscriberService.handleMessage(MqttSubscriberService.java:437) ~[classes/:na]
	at lk.resq.localhub.service.MqttSubscriberService$1.messageArrived(MqttSubscriberService.java:321) ~[classes/:na]
	at org.eclipse.paho.client.mqttv3.internal.CommsCallback.deliverMessage(CommsCallback.java:519) ~[org.eclipse.paho.client.mqttv3-1.2.5.jar:na]
	at org.eclipse.paho.client.mqttv3.internal.CommsCallback.handleMessage(CommsCallback.java:417) ~[org.eclipse.paho.client.mqttv3-1.2.5.jar:na]
	at org.eclipse.paho.client.mqttv3.internal.CommsCallback.run(CommsCallback.java:214) ~[org.eclipse.paho.client.mqttv3-1.2.5.jar:na]
	at java.base/java.lang.Thread.run(Thread.java:840) ~[na:na]

2026-07-28T10:54:42.635+05:30  WARN 37596 --- [hub-api] [y-1785215101795] l.r.l.service.MqttSubscriberService      : Failed to process MQTT payload on topic resq/M01/telemetry. Raw payload: {"device_id":"M01","telemetry_mode":"SENSOR_STREAM","state":"PAIRED_IDLE","pressure_0_kpa":0.71,"pressure_0_kpa_valid":true,"pressure_1_kpa":1.34,"pressure_1_kpa_valid":true,"pressure_2_kpa":1.395,"pressure_2_kpa_valid":true,"pressure_kpa_valid":true,"hall_mm":10.63,"hall_progress":0.36,"hall_mm_valid":true,"pressure_saturation_mask":0,"interval_ms":200,"ts_ms":55101}. Error message: pressure_0_raw is required and must be an integer

java.lang.IllegalArgumentException: pressure_0_raw is required and must be an integer
	at lk.resq.localhub.service.SensorStreamService.requiredInt(SensorStreamService.java:306) ~[classes/:na]
	at lk.resq.localhub.service.SensorStreamService.parseSnapshot(SensorStreamService.java:65) ~[classes/:na]
	at lk.resq.localhub.service.MqttSubscriberService.handleMessage(MqttSubscriberService.java:437) ~[classes/:na]
	at lk.resq.localhub.service.MqttSubscriberService$1.messageArrived(MqttSubscriberService.java:321) ~[classes/:na]
	at org.eclipse.paho.client.mqttv3.internal.CommsCallback.deliverMessage(CommsCallback.java:519) ~[org.eclipse.paho.client.mqttv3-1.2.5.jar:na]
	at org.eclipse.paho.client.mqttv3.internal.CommsCallback.handleMessage(CommsCallback.java:417) ~[org.eclipse.paho.client.mqttv3-1.2.5.jar:na]
	at org.eclipse.paho.client.mqttv3.internal.CommsCallback.run(CommsCallback.java:214) ~[org.eclipse.paho.client.mqttv3-1.2.5.jar:na]
	at java.base/java.lang.Thread.run(Thread.java:840) ~[na:na]

2026-07-28T10:54:42.825+05:30  WARN 37596 --- [hub-api] [y-1785215101795] l.r.l.service.MqttSubscriberService      : Failed to process MQTT payload on topic resq/M01/telemetry. Raw payload: {"device_id":"M01","telemetry_mode":"SENSOR_STREAM","state":"PAIRED_IDLE","pressure_0_kpa":0.693,"pressure_0_kpa_valid":true,"pressure_1_kpa":1.329,"pressure_1_kpa_valid":true,"pressure_2_kpa":1.403,"pressure_2_kpa_valid":true,"pressure_kpa_valid":true,"hall_mm":10.28,"hall_progress":0.349,"hall_mm_valid":true,"pressure_saturation_mask":0,"interval_ms":200,"ts_ms":55302}. Error message: pressure_0_raw is required and must be an integer

java.lang.IllegalArgumentException: pressure_0_raw is required and must be an integer
	at lk.resq.localhub.service.SensorStreamService.requiredInt(SensorStreamService.java:306) ~[classes/:na]
	at lk.resq.localhub.service.SensorStreamService.parseSnapshot(SensorStreamService.java:65) ~[classes/:na]
	at lk.resq.localhub.service.MqttSubscriberService.handleMessage(MqttSubscriberService.java:437) ~[classes/:na]
	at lk.resq.localhub.service.MqttSubscriberService$1.messageArrived(MqttSubscriberService.java:321) ~[classes/:na]
	at org.eclipse.paho.client.mqttv3.internal.CommsCallback.deliverMessage(CommsCallback.java:519) ~[org.eclipse.paho.client.mqttv3-1.2.5.jar:na]
	at org.eclipse.paho.client.mqttv3.internal.CommsCallback.handleMessage(CommsCallback.java:417) ~[org.eclipse.paho.client.mqttv3-1.2.5.jar:na]
	at org.eclipse.paho.client.mqttv3.internal.CommsCallback.run(CommsCallback.java:214) ~[org.eclipse.paho.client.mqttv3-1.2.5.jar:na]
	at java.base/java.lang.Thread.run(Thread.java:840) ~[na:na]

2026-07-28T10:54:43.044+05:30  WARN 37596 --- [hub-api] [y-1785215101795] l.r.l.service.MqttSubscriberService      : Failed to process MQTT payload on topic resq/M01/telemetry. Raw payload: {"device_id":"M01","telemetry_mode":"SENSOR_STREAM","state":"PAIRED_IDLE","pressure_0_kpa":0.683,"pressure_0_kpa_valid":true,"pressure_1_kpa":1.322,"pressure_1_kpa_valid":true,"pressure_2_kpa":1.408,"pressure_2_kpa_valid":true,"pressure_kpa_valid":true,"hall_mm":10.06,"hall_progress":0.342,"hall_mm_valid":true,"pressure_saturation_mask":0,"interval_ms":200,"ts_ms":55512}. Error message: pressure_0_raw is required and must be an integer

java.lang.IllegalArgumentException: pressure_0_raw is required and must be an integer
	at lk.resq.localhub.service.SensorStreamService.requiredInt(SensorStreamService.java:306) ~[classes/:na]
	at lk.resq.localhub.service.SensorStreamService.parseSnapshot(SensorStreamService.java:65) ~[classes/:na]
	at lk.resq.localhub.service.MqttSubscriberService.handleMessage(MqttSubscriberService.java:437) ~[classes/:na]
	at lk.resq.localhub.service.MqttSubscriberService$1.messageArrived(MqttSubscriberService.java:321) ~[classes/:na]
	at org.eclipse.paho.client.mqttv3.internal.CommsCallback.deliverMessage(CommsCallback.java:519) ~[org.eclipse.paho.client.mqttv3-1.2.5.jar:na]
	at org.eclipse.paho.client.mqttv3.internal.CommsCallback.handleMessage(CommsCallback.java:417) ~[org.eclipse.paho.client.mqttv3-1.2.5.jar:na]
	at org.eclipse.paho.client.mqttv3.internal.CommsCallback.run(CommsCallback.java:214) ~[org.eclipse.paho.client.mqttv3-1.2.5.jar:na]
	at java.base/java.lang.Thread.run(Thread.java:840) ~[na:na]

2026-07-28T10:54:43.261+05:30  WARN 37596 --- [hub-api] [y-1785215101795] l.r.l.service.MqttSubscriberService      : Failed to process MQTT payload on topic resq/M01/telemetry. Raw payload: {"device_id":"M01","telemetry_mode":"SENSOR_STREAM","state":"PAIRED_IDLE","pressure_0_kpa":0.68,"pressure_0_kpa_valid":true,"pressure_1_kpa":1.32,"pressure_1_kpa_valid":true,"pressure_2_kpa":1.41,"pressure_2_kpa_valid":true,"pressure_kpa_valid":true,"hall_mm":10,"hall_progress":0.34,"hall_mm_valid":true,"pressure_saturation_mask":0,"interval_ms":200,"ts_ms":55724}. Error message: pressure_0_raw is required and must be an integer

java.lang.IllegalArgumentException: pressure_0_raw is required and must be an integer
	at lk.resq.localhub.service.SensorStreamService.requiredInt(SensorStreamService.java:306) ~[classes/:na]
	at lk.resq.localhub.service.SensorStreamService.parseSnapshot(SensorStreamService.java:65) ~[classes/:na]
	at lk.resq.localhub.service.MqttSubscriberService.handleMessage(MqttSubscriberService.java:437) ~[classes/:na]
	at lk.resq.localhub.service.MqttSubscriberService$1.messageArrived(MqttSubscriberService.java:321) ~[classes/:na]
	at org.eclipse.paho.client.mqttv3.internal.CommsCallback.deliverMessage(CommsCallback.java:519) ~[org.eclipse.paho.client.mqttv3-1.2.5.jar:na]
	at org.eclipse.paho.client.mqttv3.internal.CommsCallback.handleMessage(CommsCallback.java:417) ~[org.eclipse.paho.client.mqttv3-1.2.5.jar:na]
	at org.eclipse.paho.client.mqttv3.internal.CommsCallback.run(CommsCallback.java:214) ~[org.eclipse.paho.client.mqttv3-1.2.5.jar:na]
	at java.base/java.lang.Thread.run(Thread.java:840) ~[na:na]

2026-07-28T10:54:43.462+05:30  WARN 37596 --- [hub-api] [y-1785215101795] l.r.l.service.MqttSubscriberService      : Failed to process MQTT payload on topic resq/M01/telemetry. Raw payload: {"device_id":"M01","telemetry_mode":"SENSOR_STREAM","state":"PAIRED_IDLE","pressure_0_kpa":0.684,"pressure_0_kpa_valid":true,"pressure_1_kpa":1.323,"pressure_1_kpa_valid":false,"pressure_2_kpa":1.408,"pressure_2_kpa_valid":true,"pressure_kpa_valid":false,"hall_mm":10.09,"hall_progress":0.343,"hall_mm_valid":true,"pressure_saturation_mask":2,"interval_ms":200,"ts_ms":55927}. Error message: pressure_0_raw is required and must be an integer

java.lang.IllegalArgumentException: pressure_0_raw is required and must be an integer
	at lk.resq.localhub.service.SensorStreamService.requiredInt(SensorStreamService.java:306) ~[classes/:na]
	at lk.resq.localhub.service.SensorStreamService.parseSnapshot(SensorStreamService.java:65) ~[classes/:na]
	at lk.resq.localhub.service.MqttSubscriberService.handleMessage(MqttSubscriberService.java:437) ~[classes/:na]
	at lk.resq.localhub.service.MqttSubscriberService$1.messageArrived(MqttSubscriberService.java:321) ~[classes/:na]
	at org.eclipse.paho.client.mqttv3.internal.CommsCallback.deliverMessage(CommsCallback.java:519) ~[org.eclipse.paho.client.mqttv3-1.2.5.jar:na]
	at org.eclipse.paho.client.mqttv3.internal.CommsCallback.handleMessage(CommsCallback.java:417) ~[org.eclipse.paho.client.mqttv3-1.2.5.jar:na]
	at org.eclipse.paho.client.mqttv3.internal.CommsCallback.run(CommsCallback.java:214) ~[org.eclipse.paho.client.mqttv3-1.2.5.jar:na]
	at java.base/java.lang.Thread.run(Thread.java:840) ~[na:na]

2026-07-28T10:54:43.674+05:30  WARN 37596 --- [hub-api] [y-1785215101795] l.r.l.service.MqttSubscriberService      : Failed to process MQTT payload on topic resq/M01/telemetry. Raw payload: {"device_id":"M01","telemetry_mode":"SENSOR_STREAM","state":"PAIRED_IDLE","pressure_0_kpa":0.696,"pressure_0_kpa_valid":true,"pressure_1_kpa":1.331,"pressure_1_kpa_valid":true,"pressure_2_kpa":1.402,"pressure_2_kpa_valid":true,"pressure_kpa_valid":true,"hall_mm":10.33,"hall_progress":0.351,"hall_mm_valid":true,"pressure_saturation_mask":0,"interval_ms":200,"ts_ms":56131}. Error message: pressure_0_raw is required and must be an integer

java.lang.IllegalArgumentException: pressure_0_raw is required and must be an integer
	at lk.resq.localhub.service.SensorStreamService.requiredInt(SensorStreamService.java:306) ~[classes/:na]
	at lk.resq.localhub.service.SensorStreamService.parseSnapshot(SensorStreamService.java:65) ~[classes/:na]
	at lk.resq.localhub.service.MqttSubscriberService.handleMessage(MqttSubscriberService.java:437) ~[classes/:na]
	at lk.resq.localhub.service.MqttSubscriberService$1.messageArrived(MqttSubscriberService.java:321) ~[classes/:na]
	at org.eclipse.paho.client.mqttv3.internal.CommsCallback.deliverMessage(CommsCallback.java:519) ~[org.eclipse.paho.client.mqttv3-1.2.5.jar:na]
	at org.eclipse.paho.client.mqttv3.internal.CommsCallback.handleMessage(CommsCallback.java:417) ~[org.eclipse.paho.client.mqttv3-1.2.5.jar:na]
	at org.eclipse.paho.client.mqttv3.internal.CommsCallback.run(CommsCallback.java:214) ~[org.eclipse.paho.client.mqttv3-1.2.5.jar:na]
	at java.base/java.lang.Thread.run(Thread.java:840) ~[na:na]

2026-07-28T10:54:43.866+05:30  WARN 37596 --- [hub-api] [y-1785215101795] l.r.l.service.MqttSubscriberService      : Failed to process MQTT payload on topic resq/M01/telemetry. Raw payload: {"device_id":"M01","telemetry_mode":"SENSOR_STREAM","state":"PAIRED_IDLE","pressure_0_kpa":0.714,"pressure_0_kpa_valid":true,"pressure_1_kpa":1.343,"pressure_1_kpa_valid":true,"pressure_2_kpa":1.393,"pressure_2_kpa_valid":true,"pressure_kpa_valid":true,"hall_mm":10.71,"hall_progress":0.363,"hall_mm_valid":true,"pressure_saturation_mask":0,"interval_ms":200,"ts_ms":56333}. Error message: pressure_0_raw is required and must be an integer

java.lang.IllegalArgumentException: pressure_0_raw is required and must be an integer
	at lk.resq.localhub.service.SensorStreamService.requiredInt(SensorStreamService.java:306) ~[classes/:na]
	at lk.resq.localhub.service.SensorStreamService.parseSnapshot(SensorStreamService.java:65) ~[classes/:na]
	at lk.resq.localhub.service.MqttSubscriberService.handleMessage(MqttSubscriberService.java:437) ~[classes/:na]
	at lk.resq.localhub.service.MqttSubscriberService$1.messageArrived(MqttSubscriberService.java:321) ~[classes/:na]
	at org.eclipse.paho.client.mqttv3.internal.CommsCallback.deliverMessage(CommsCallback.java:519) ~[org.eclipse.paho.client.mqttv3-1.2.5.jar:na]
	at org.eclipse.paho.client.mqttv3.internal.CommsCallback.handleMessage(CommsCallback.java:417) ~[org.eclipse.paho.client.mqttv3-1.2.5.jar:na]
	at org.eclipse.paho.client.mqttv3.internal.CommsCallback.run(CommsCallback.java:214) ~[org.eclipse.paho.client.mqttv3-1.2.5.jar:na]
	at java.base/java.lang.Thread.run(Thread.java:840) ~[na:na]

2026-07-28T10:54:44.068+05:30  WARN 37596 --- [hub-api] [y-1785215101795] l.r.l.service.MqttSubscriberService      : Failed to process MQTT payload on topic resq/M01/telemetry. Raw payload: {"device_id":"M01","telemetry_mode":"SENSOR_STREAM","state":"PAIRED_IDLE","pressure_0_kpa":0.737,"pressure_0_kpa_valid":true,"pressure_1_kpa":1.358,"pressure_1_kpa_valid":true,"pressure_2_kpa":1.381,"pressure_2_kpa_valid":true,"pressure_kpa_valid":true,"hall_mm":11.2,"hall_progress":0.378,"hall_mm_valid":true,"pressure_saturation_mask":0,"interval_ms":200,"ts_ms":56535}. Error message: pressure_0_raw is required and must be an integer

java.lang.IllegalArgumentException: pressure_0_raw is required and must be an integer
	at lk.resq.localhub.service.SensorStreamService.requiredInt(SensorStreamService.java:306) ~[classes/:na]
	at lk.resq.localhub.service.SensorStreamService.parseSnapshot(SensorStreamService.java:65) ~[classes/:na]
	at lk.resq.localhub.service.MqttSubscriberService.handleMessage(MqttSubscriberService.java:437) ~[classes/:na]
	at lk.resq.localhub.service.MqttSubscriberService$1.messageArrived(MqttSubscriberService.java:321) ~[classes/:na]
	at org.eclipse.paho.client.mqttv3.internal.CommsCallback.deliverMessage(CommsCallback.java:519) ~[org.eclipse.paho.client.mqttv3-1.2.5.jar:na]
	at org.eclipse.paho.client.mqttv3.internal.CommsCallback.handleMessage(CommsCallback.java:417) ~[org.eclipse.paho.client.mqttv3-1.2.5.jar:na]
	at org.eclipse.paho.client.mqttv3.internal.CommsCallback.run(CommsCallback.java:214) ~[org.eclipse.paho.client.mqttv3-1.2.5.jar:na]
	at java.base/java.lang.Thread.run(Thread.java:840) ~[na:na]

2026-07-28T10:54:44.277+05:30  WARN 37596 --- [hub-api] [y-1785215101795] l.r.l.service.MqttSubscriberService      : Failed to process MQTT payload on topic resq/M01/telemetry. Raw payload: {"device_id":"M01","telemetry_mode":"SENSOR_STREAM","state":"PAIRED_IDLE","pressure_0_kpa":0.765,"pressure_0_kpa_valid":true,"pressure_1_kpa":1.376,"pressure_1_kpa_valid":true,"pressure_2_kpa":1.368,"pressure_2_kpa_valid":true,"pressure_kpa_valid":true,"hall_mm":11.76,"hall_progress":0.396,"hall_mm_valid":true,"pressure_saturation_mask":0,"interval_ms":200,"ts_ms":56740}. Error message: pressure_0_raw is required and must be an integer

java.lang.IllegalArgumentException: pressure_0_raw is required and must be an integer
	at lk.resq.localhub.service.SensorStreamService.requiredInt(SensorStreamService.java:306) ~[classes/:na]
	at lk.resq.localhub.service.SensorStreamService.parseSnapshot(SensorStreamService.java:65) ~[classes/:na]
	at lk.resq.localhub.service.MqttSubscriberService.handleMessage(MqttSubscriberService.java:437) ~[classes/:na]
	at lk.resq.localhub.service.MqttSubscriberService$1.messageArrived(MqttSubscriberService.java:321) ~[classes/:na]
	at org.eclipse.paho.client.mqttv3.internal.CommsCallback.deliverMessage(CommsCallback.java:519) ~[org.eclipse.paho.client.mqttv3-1.2.5.jar:na]
	at org.eclipse.paho.client.mqttv3.internal.CommsCallback.handleMessage(CommsCallback.java:417) ~[org.eclipse.paho.client.mqttv3-1.2.5.jar:na]
	at org.eclipse.paho.client.mqttv3.internal.CommsCallback.run(CommsCallback.java:214) ~[org.eclipse.paho.client.mqttv3-1.2.5.jar:na]
	at java.base/java.lang.Thread.run(Thread.java:840) ~[na:na]

2026-07-28T10:54:44.475+05:30  WARN 37596 --- [hub-api] [y-1785215101795] l.r.l.service.MqttSubscriberService      : Failed to process MQTT payload on topic resq/M01/telemetry. Raw payload: {"device_id":"M01","telemetry_mode":"SENSOR_STREAM","state":"PAIRED_IDLE","pressure_0_kpa":0.794,"pressure_0_kpa_valid":true,"pressure_1_kpa":1.396,"pressure_1_kpa_valid":true,"pressure_2_kpa":1.353,"pressure_2_kpa_valid":true,"pressure_kpa_valid":true,"hall_mm":12.38,"hall_progress":0.416,"hall_mm_valid":true,"pressure_saturation_mask":0,"interval_ms":200,"ts_ms":56943}. Error message: pressure_0_raw is required and must be an integer

java.lang.IllegalArgumentException: pressure_0_raw is required and must be an integer
	at lk.resq.localhub.service.SensorStreamService.requiredInt(SensorStreamService.java:306) ~[classes/:na]
	at lk.resq.localhub.service.SensorStreamService.parseSnapshot(SensorStreamService.java:65) ~[classes/:na]
	at lk.resq.localhub.service.MqttSubscriberService.handleMessage(MqttSubscriberService.java:437) ~[classes/:na]
	at lk.resq.localhub.service.MqttSubscriberService$1.messageArrived(MqttSubscriberService.java:321) ~[classes/:na]
	at org.eclipse.paho.client.mqttv3.internal.CommsCallback.deliverMessage(CommsCallback.java:519) ~[org.eclipse.paho.client.mqttv3-1.2.5.jar:na]
	at org.eclipse.paho.client.mqttv3.internal.CommsCallback.handleMessage(CommsCallback.java:417) ~[org.eclipse.paho.client.mqttv3-1.2.5.jar:na]
	at org.eclipse.paho.client.mqttv3.internal.CommsCallback.run(CommsCallback.java:214) ~[org.eclipse.paho.client.mqttv3-1.2.5.jar:na]
	at java.base/java.lang.Thread.run(Thread.java:840) ~[na:na]

2026-07-28T10:54:44.686+05:30  WARN 37596 --- [hub-api] [y-1785215101795] l.r.l.service.MqttSubscriberService      : Failed to process MQTT payload on topic resq/M01/telemetry. Raw payload: {"device_id":"M01","telemetry_mode":"SENSOR_STREAM","state":"PAIRED_IDLE","pressure_0_kpa":0.824,"pressure_0_kpa_valid":true,"pressure_1_kpa":1.416,"pressure_1_kpa_valid":true,"pressure_2_kpa":1.338,"pressure_2_kpa_valid":true,"pressure_kpa_valid":true,"hall_mm":13,"hall_progress":0.436,"hall_mm_valid":true,"pressure_saturation_mask":0,"interval_ms":200,"ts_ms":57162}. Error message: pressure_0_raw is required and must be an integer

java.lang.IllegalArgumentException: pressure_0_raw is required and must be an integer
	at lk.resq.localhub.service.SensorStreamService.requiredInt(SensorStreamService.java:306) ~[classes/:na]
	at lk.resq.localhub.service.SensorStreamService.parseSnapshot(SensorStreamService.java:65) ~[classes/:na]
	at lk.resq.localhub.service.MqttSubscriberService.handleMessage(MqttSubscriberService.java:437) ~[classes/:na]
	at lk.resq.localhub.service.MqttSubscriberService$1.messageArrived(MqttSubscriberService.java:321) ~[classes/:na]
	at org.eclipse.paho.client.mqttv3.internal.CommsCallback.deliverMessage(CommsCallback.java:519) ~[org.eclipse.paho.client.mqttv3-1.2.5.jar:na]
	at org.eclipse.paho.client.mqttv3.internal.CommsCallback.handleMessage(CommsCallback.java:417) ~[org.eclipse.paho.client.mqttv3-1.2.5.jar:na]
	at org.eclipse.paho.client.mqttv3.internal.CommsCallback.run(CommsCallback.java:214) ~[org.eclipse.paho.client.mqttv3-1.2.5.jar:na]
	at java.base/java.lang.Thread.run(Thread.java:840) ~[na:na]

2026-07-28T10:54:44.897+05:30  WARN 37596 --- [hub-api] [y-1785215101795] l.r.l.service.MqttSubscriberService      : Failed to process MQTT payload on topic resq/M01/telemetry. Raw payload: {"device_id":"M01","telemetry_mode":"SENSOR_STREAM","state":"PAIRED_IDLE","pressure_0_kpa":0.852,"pressure_0_kpa_valid":true,"pressure_1_kpa":1.435,"pressure_1_kpa_valid":true,"pressure_2_kpa":1.324,"pressure_2_kpa_valid":true,"pressure_kpa_valid":true,"hall_mm":13.59,"hall_progress":0.455,"hall_mm_valid":true,"pressure_saturation_mask":0,"interval_ms":200,"ts_ms":57367}. Error message: pressure_0_raw is required and must be an integer

java.lang.IllegalArgumentException: pressure_0_raw is required and must be an integer
	at lk.resq.localhub.service.SensorStreamService.requiredInt(SensorStreamService.java:306) ~[classes/:na]
	at lk.resq.localhub.service.SensorStreamService.parseSnapshot(SensorStreamService.java:65) ~[classes/:na]
	at lk.resq.localhub.service.MqttSubscriberService.handleMessage(MqttSubscriberService.java:437) ~[classes/:na]
	at lk.resq.localhub.service.MqttSubscriberService$1.messageArrived(MqttSubscriberService.java:321) ~[classes/:na]
	at org.eclipse.paho.client.mqttv3.internal.CommsCallback.deliverMessage(CommsCallback.java:519) ~[org.eclipse.paho.client.mqttv3-1.2.5.jar:na]
	at org.eclipse.paho.client.mqttv3.internal.CommsCallback.handleMessage(CommsCallback.java:417) ~[org.eclipse.paho.client.mqttv3-1.2.5.jar:na]
	at org.eclipse.paho.client.mqttv3.internal.CommsCallback.run(CommsCallback.java:214) ~[org.eclipse.paho.client.mqttv3-1.2.5.jar:na]
	at java.base/java.lang.Thread.run(Thread.java:840) ~[na:na]

2026-07-28T10:54:45.109+05:30  WARN 37596 --- [hub-api] [y-1785215101795] l.r.l.service.MqttSubscriberService      : Failed to process MQTT payload on topic resq/M01/telemetry. Raw payload: {"device_id":"M01","telemetry_mode":"SENSOR_STREAM","state":"PAIRED_IDLE","pressure_0_kpa":0.877,"pressure_0_kpa_valid":true,"pressure_1_kpa":1.452,"pressure_1_kpa_valid":true,"pressure_2_kpa":1.311,"pressure_2_kpa_valid":true,"pressure_kpa_valid":true,"hall_mm":14.11,"hall_progress":0.472,"hall_mm_valid":true,"pressure_saturation_mask":0,"interval_ms":200,"ts_ms":57579}. Error message: pressure_0_raw is required and must be an integer

java.lang.IllegalArgumentException: pressure_0_raw is required and must be an integer
	at lk.resq.localhub.service.SensorStreamService.requiredInt(SensorStreamService.java:306) ~[classes/:na]
	at lk.resq.localhub.service.SensorStreamService.parseSnapshot(SensorStreamService.java:65) ~[classes/:na]
	at lk.resq.localhub.service.MqttSubscriberService.handleMessage(MqttSubscriberService.java:437) ~[classes/:na]
	at lk.resq.localhub.service.MqttSubscriberService$1.messageArrived(MqttSubscriberService.java:321) ~[classes/:na]
	at org.eclipse.paho.client.mqttv3.internal.CommsCallback.deliverMessage(CommsCallback.java:519) ~[org.eclipse.paho.client.mqttv3-1.2.5.jar:na]
	at org.eclipse.paho.client.mqttv3.internal.CommsCallback.handleMessage(CommsCallback.java:417) ~[org.eclipse.paho.client.mqttv3-1.2.5.jar:na]
	at org.eclipse.paho.client.mqttv3.internal.CommsCallback.run(CommsCallback.java:214) ~[org.eclipse.paho.client.mqttv3-1.2.5.jar:na]
	at java.base/java.lang.Thread.run(Thread.java:840) ~[na:na]

2026-07-28T10:54:45.319+05:30  WARN 37596 --- [hub-api] [y-1785215101795] l.r.l.service.MqttSubscriberService      : Failed to process MQTT payload on topic resq/M01/telemetry. Raw payload: {"device_id":"M01","telemetry_mode":"SENSOR_STREAM","state":"PAIRED_IDLE","pressure_0_kpa":0.898,"pressure_0_kpa_valid":true,"pressure_1_kpa":1.465,"pressure_1_kpa_valid":true,"pressure_2_kpa":1.301,"pressure_2_kpa_valid":true,"pressure_kpa_valid":true,"hall_mm":14.54,"hall_progress":0.485,"hall_mm_valid":true,"pressure_saturation_mask":0,"interval_ms":200,"ts_ms":57786}. Error message: pressure_0_raw is required and must be an integer

java.lang.IllegalArgumentException: pressure_0_raw is required and must be an integer
	at lk.resq.localhub.service.SensorStreamService.requiredInt(SensorStreamService.java:306) ~[classes/:na]
	at lk.resq.localhub.service.SensorStreamService.parseSnapshot(SensorStreamService.java:65) ~[classes/:na]
	at lk.resq.localhub.service.MqttSubscriberService.handleMessage(MqttSubscriberService.java:437) ~[classes/:na]
	at lk.resq.localhub.service.MqttSubscriberService$1.messageArrived(MqttSubscriberService.java:321) ~[classes/:na]
	at org.eclipse.paho.client.mqttv3.internal.CommsCallback.deliverMessage(CommsCallback.java:519) ~[org.eclipse.paho.client.mqttv3-1.2.5.jar:na]
	at org.eclipse.paho.client.mqttv3.internal.CommsCallback.handleMessage(CommsCallback.java:417) ~[org.eclipse.paho.client.mqttv3-1.2.5.jar:na]
	at org.eclipse.paho.client.mqttv3.internal.CommsCallback.run(CommsCallback.java:214) ~[org.eclipse.paho.client.mqttv3-1.2.5.jar:na]
	at java.base/java.lang.Thread.run(Thread.java:840) ~[na:na]

2026-07-28T10:54:45.526+05:30  WARN 37596 --- [hub-api] [y-1785215101795] l.r.l.service.MqttSubscriberService      : Failed to process MQTT payload on topic resq/M01/telemetry. Raw payload: {"device_id":"M01","telemetry_mode":"SENSOR_STREAM","state":"PAIRED_IDLE","pressure_0_kpa":0.912,"pressure_0_kpa_valid":true,"pressure_1_kpa":1.475,"pressure_1_kpa_valid":true,"pressure_2_kpa":1.294,"pressure_2_kpa_valid":true,"pressure_kpa_valid":true,"hall_mm":14.83,"hall_progress":0.495,"hall_mm_valid":true,"pressure_saturation_mask":0,"interval_ms":200,"ts_ms":57990}. Error message: pressure_0_raw is required and must be an integer

java.lang.IllegalArgumentException: pressure_0_raw is required and must be an integer
	at lk.resq.localhub.service.SensorStreamService.requiredInt(SensorStreamService.java:306) ~[classes/:na]
	at lk.resq.localhub.service.SensorStreamService.parseSnapshot(SensorStreamService.java:65) ~[classes/:na]
	at lk.resq.localhub.service.MqttSubscriberService.handleMessage(MqttSubscriberService.java:437) ~[classes/:na]
	at lk.resq.localhub.service.MqttSubscriberService$1.messageArrived(MqttSubscriberService.java:321) ~[classes/:na]
	at org.eclipse.paho.client.mqttv3.internal.CommsCallback.deliverMessage(CommsCallback.java:519) ~[org.eclipse.paho.client.mqttv3-1.2.5.jar:na]
	at org.eclipse.paho.client.mqttv3.internal.CommsCallback.handleMessage(CommsCallback.java:417) ~[org.eclipse.paho.client.mqttv3-1.2.5.jar:na]
	at org.eclipse.paho.client.mqttv3.internal.CommsCallback.run(CommsCallback.java:214) ~[org.eclipse.paho.client.mqttv3-1.2.5.jar:na]
	at java.base/java.lang.Thread.run(Thread.java:840) ~[na:na]

2026-07-28T10:54:45.733+05:30  WARN 37596 --- [hub-api] [y-1785215101795] l.r.l.service.MqttSubscriberService      : Failed to process MQTT payload on topic resq/M01/telemetry. Raw payload: {"device_id":"M01","telemetry_mode":"SENSOR_STREAM","state":"PAIRED_IDLE","pressure_0_kpa":0.919,"pressure_0_kpa_valid":true,"pressure_1_kpa":1.479,"pressure_1_kpa_valid":true,"pressure_2_kpa":1.29,"pressure_2_kpa_valid":true,"pressure_kpa_valid":true,"hall_mm":14.98,"hall_progress":0.499,"hall_mm_valid":true,"pressure_saturation_mask":0,"interval_ms":200,"ts_ms":58200}. Error message: pressure_0_raw is required and must be an integer

java.lang.IllegalArgumentException: pressure_0_raw is required and must be an integer
	at lk.resq.localhub.service.SensorStreamService.requiredInt(SensorStreamService.java:306) ~[classes/:na]
	at lk.resq.localhub.service.SensorStreamService.parseSnapshot(SensorStreamService.java:65) ~[classes/:na]
	at lk.resq.localhub.service.MqttSubscriberService.handleMessage(MqttSubscriberService.java:437) ~[classes/:na]
	at lk.resq.localhub.service.MqttSubscriberService$1.messageArrived(MqttSubscriberService.java:321) ~[classes/:na]
	at org.eclipse.paho.client.mqttv3.internal.CommsCallback.deliverMessage(CommsCallback.java:519) ~[org.eclipse.paho.client.mqttv3-1.2.5.jar:na]
	at org.eclipse.paho.client.mqttv3.internal.CommsCallback.handleMessage(CommsCallback.java:417) ~[org.eclipse.paho.client.mqttv3-1.2.5.jar:na]
	at org.eclipse.paho.client.mqttv3.internal.CommsCallback.run(CommsCallback.java:214) ~[org.eclipse.paho.client.mqttv3-1.2.5.jar:na]
	at java.base/java.lang.Thread.run(Thread.java:840) ~[na:na]

2026-07-28T10:54:45.940+05:30  WARN 37596 --- [hub-api] [y-1785215101795] l.r.l.service.MqttSubscriberService      : Failed to process MQTT payload on topic resq/M01/telemetry. Raw payload: {"device_id":"M01","telemetry_mode":"SENSOR_STREAM","state":"PAIRED_IDLE","pressure_0_kpa":0.919,"pressure_0_kpa_valid":true,"pressure_1_kpa":1.479,"pressure_1_kpa_valid":true,"pressure_2_kpa":1.291,"pressure_2_kpa_valid":true,"pressure_kpa_valid":true,"hall_mm":14.98,"hall_progress":0.499,"hall_mm_valid":true,"pressure_saturation_mask":0,"interval_ms":200,"ts_ms":58412}. Error message: pressure_0_raw is required and must be an integer

java.lang.IllegalArgumentException: pressure_0_raw is required and must be an integer
	at lk.resq.localhub.service.SensorStreamService.requiredInt(SensorStreamService.java:306) ~[classes/:na]
	at lk.resq.localhub.service.SensorStreamService.parseSnapshot(SensorStreamService.java:65) ~[classes/:na]
	at lk.resq.localhub.service.MqttSubscriberService.handleMessage(MqttSubscriberService.java:437) ~[classes/:na]
	at lk.resq.localhub.service.MqttSubscriberService$1.messageArrived(MqttSubscriberService.java:321) ~[classes/:na]
	at org.eclipse.paho.client.mqttv3.internal.CommsCallback.deliverMessage(CommsCallback.java:519) ~[org.eclipse.paho.client.mqttv3-1.2.5.jar:na]
	at org.eclipse.paho.client.mqttv3.internal.CommsCallback.handleMessage(CommsCallback.java:417) ~[org.eclipse.paho.client.mqttv3-1.2.5.jar:na]
	at org.eclipse.paho.client.mqttv3.internal.CommsCallback.run(CommsCallback.java:214) ~[org.eclipse.paho.client.mqttv3-1.2.5.jar:na]
	at java.base/java.lang.Thread.run(Thread.java:840) ~[na:na]

2026-07-28T10:54:46.145+05:30  WARN 37596 --- [hub-api] [y-1785215101795] l.r.l.service.MqttSubscriberService      : Failed to process MQTT payload on topic resq/M01/telemetry. Raw payload: {"device_id":"M01","telemetry_mode":"SENSOR_STREAM","state":"PAIRED_IDLE","pressure_0_kpa":0.911,"pressure_0_kpa_valid":true,"pressure_1_kpa":1.474,"pressure_1_kpa_valid":false,"pressure_2_kpa":1.294,"pressure_2_kpa_valid":true,"pressure_kpa_valid":false,"hall_mm":14.82,"hall_progress":0.494,"hall_mm_valid":true,"pressure_saturation_mask":0,"interval_ms":200,"ts_ms":58614}. Error message: pressure_0_raw is required and must be an integer

java.lang.IllegalArgumentException: pressure_0_raw is required and must be an integer
	at lk.resq.localhub.service.SensorStreamService.requiredInt(SensorStreamService.java:306) ~[classes/:na]
	at lk.resq.localhub.service.SensorStreamService.parseSnapshot(SensorStreamService.java:65) ~[classes/:na]
	at lk.resq.localhub.service.MqttSubscriberService.handleMessage(MqttSubscriberService.java:437) ~[classes/:na]
	at lk.resq.localhub.service.MqttSubscriberService$1.messageArrived(MqttSubscriberService.java:321) ~[classes/:na]
	at org.eclipse.paho.client.mqttv3.internal.CommsCallback.deliverMessage(CommsCallback.java:519) ~[org.eclipse.paho.client.mqttv3-1.2.5.jar:na]
	at org.eclipse.paho.client.mqttv3.internal.CommsCallback.handleMessage(CommsCallback.java:417) ~[org.eclipse.paho.client.mqttv3-1.2.5.jar:na]
	at org.eclipse.paho.client.mqttv3.internal.CommsCallback.run(CommsCallback.java:214) ~[org.eclipse.paho.client.mqttv3-1.2.5.jar:na]
	at java.base/java.lang.Thread.run(Thread.java:840) ~[na:na]

2026-07-28T10:54:46.349+05:30  WARN 37596 --- [hub-api] [y-1785215101795] l.r.l.service.MqttSubscriberService      : Failed to process MQTT payload on topic resq/M01/telemetry. Raw payload: {"device_id":"M01","telemetry_mode":"SENSOR_STREAM","state":"PAIRED_IDLE","pressure_0_kpa":0.897,"pressure_0_kpa_valid":true,"pressure_1_kpa":1.465,"pressure_1_kpa_valid":true,"pressure_2_kpa":1.302,"pressure_2_kpa_valid":true,"pressure_kpa_valid":true,"hall_mm":14.52,"hall_progress":0.485,"hall_mm_valid":true,"pressure_saturation_mask":0,"interval_ms":200,"ts_ms":58816}. Error message: pressure_0_raw is required and must be an integer

java.lang.IllegalArgumentException: pressure_0_raw is required and must be an integer
	at lk.resq.localhub.service.SensorStreamService.requiredInt(SensorStreamService.java:306) ~[classes/:na]
	at lk.resq.localhub.service.SensorStreamService.parseSnapshot(SensorStreamService.java:65) ~[classes/:na]
	at lk.resq.localhub.service.MqttSubscriberService.handleMessage(MqttSubscriberService.java:437) ~[classes/:na]
	at lk.resq.localhub.service.MqttSubscriberService$1.messageArrived(MqttSubscriberService.java:321) ~[classes/:na]
	at org.eclipse.paho.client.mqttv3.internal.CommsCallback.deliverMessage(CommsCallback.java:519) ~[org.eclipse.paho.client.mqttv3-1.2.5.jar:na]
	at org.eclipse.paho.client.mqttv3.internal.CommsCallback.handleMessage(CommsCallback.java:417) ~[org.eclipse.paho.client.mqttv3-1.2.5.jar:na]
	at org.eclipse.paho.client.mqttv3.internal.CommsCallback.run(CommsCallback.java:214) ~[org.eclipse.paho.client.mqttv3-1.2.5.jar:na]
	at java.base/java.lang.Thread.run(Thread.java:840) ~[na:na]

2026-07-28T10:54:46.555+05:30  WARN 37596 --- [hub-api] [y-1785215101795] l.r.l.service.MqttSubscriberService      : Failed to process MQTT payload on topic resq/M01/telemetry. Raw payload: {"device_id":"M01","telemetry_mode":"SENSOR_STREAM","state":"PAIRED_IDLE","pressure_0_kpa":0.876,"pressure_0_kpa_valid":true,"pressure_1_kpa":1.451,"pressure_1_kpa_valid":true,"pressure_2_kpa":1.312,"pressure_2_kpa_valid":true,"pressure_kpa_valid":true,"hall_mm":14.09,"hall_progress":0.471,"hall_mm_valid":true,"pressure_saturation_mask":0,"interval_ms":200,"ts_ms":59021}. Error message: pressure_0_raw is required and must be an integer

java.lang.IllegalArgumentException: pressure_0_raw is required and must be an integer
	at lk.resq.localhub.service.SensorStreamService.requiredInt(SensorStreamService.java:306) ~[classes/:na]
	at lk.resq.localhub.service.SensorStreamService.parseSnapshot(SensorStreamService.java:65) ~[classes/:na]
	at lk.resq.localhub.service.MqttSubscriberService.handleMessage(MqttSubscriberService.java:437) ~[classes/:na]
	at lk.resq.localhub.service.MqttSubscriberService$1.messageArrived(MqttSubscriberService.java:321) ~[classes/:na]
	at org.eclipse.paho.client.mqttv3.internal.CommsCallback.deliverMessage(CommsCallback.java:519) ~[org.eclipse.paho.client.mqttv3-1.2.5.jar:na]
	at org.eclipse.paho.client.mqttv3.internal.CommsCallback.handleMessage(CommsCallback.java:417) ~[org.eclipse.paho.client.mqttv3-1.2.5.jar:na]
	at org.eclipse.paho.client.mqttv3.internal.CommsCallback.run(CommsCallback.java:214) ~[org.eclipse.paho.client.mqttv3-1.2.5.jar:na]
	at java.base/java.lang.Thread.run(Thread.java:840) ~[na:na]

2026-07-28T10:54:46.748+05:30  WARN 37596 --- [hub-api] [y-1785215101795] l.r.l.service.MqttSubscriberService      : Failed to process MQTT payload on topic resq/M01/telemetry. Raw payload: {"device_id":"M01","telemetry_mode":"SENSOR_STREAM","state":"PAIRED_IDLE","pressure_0_kpa":0.851,"pressure_0_kpa_valid":true,"pressure_1_kpa":1.434,"pressure_1_kpa_valid":true,"pressure_2_kpa":1.324,"pressure_2_kpa_valid":true,"pressure_kpa_valid":true,"hall_mm":13.57,"hall_progress":0.454,"hall_mm_valid":true,"pressure_saturation_mask":0,"interval_ms":200,"ts_ms":59224}. Error message: pressure_0_raw is required and must be an integer

java.lang.IllegalArgumentException: pressure_0_raw is required and must be an integer
	at lk.resq.localhub.service.SensorStreamService.requiredInt(SensorStreamService.java:306) ~[classes/:na]
	at lk.resq.localhub.service.SensorStreamService.parseSnapshot(SensorStreamService.java:65) ~[classes/:na]
	at lk.resq.localhub.service.MqttSubscriberService.handleMessage(MqttSubscriberService.java:437) ~[classes/:na]
	at lk.resq.localhub.service.MqttSubscriberService$1.messageArrived(MqttSubscriberService.java:321) ~[classes/:na]
	at org.eclipse.paho.client.mqttv3.internal.CommsCallback.deliverMessage(CommsCallback.java:519) ~[org.eclipse.paho.client.mqttv3-1.2.5.jar:na]
	at org.eclipse.paho.client.mqttv3.internal.CommsCallback.handleMessage(CommsCallback.java:417) ~[org.eclipse.paho.client.mqttv3-1.2.5.jar:na]
	at org.eclipse.paho.client.mqttv3.internal.CommsCallback.run(CommsCallback.java:214) ~[org.eclipse.paho.client.mqttv3-1.2.5.jar:na]
	at java.base/java.lang.Thread.run(Thread.java:840) ~[na:na]

2026-07-28T10:54:46.965+05:30  WARN 37596 --- [hub-api] [y-1785215101795] l.r.l.service.MqttSubscriberService      : Failed to process MQTT payload on topic resq/M01/telemetry. Raw payload: {"device_id":"M01","telemetry_mode":"SENSOR_STREAM","state":"PAIRED_IDLE","pressure_0_kpa":0.823,"pressure_0_kpa_valid":true,"pressure_1_kpa":1.415,"pressure_1_kpa_valid":true,"pressure_2_kpa":1.339,"pressure_2_kpa_valid":true,"pressure_kpa_valid":true,"hall_mm":12.97,"hall_progress":0.435,"hall_mm_valid":true,"pressure_saturation_mask":2,"interval_ms":200,"ts_ms":59434}. Error message: pressure_0_raw is required and must be an integer

java.lang.IllegalArgumentException: pressure_0_raw is required and must be an integer
	at lk.resq.localhub.service.SensorStreamService.requiredInt(SensorStreamService.java:306) ~[classes/:na]
	at lk.resq.localhub.service.SensorStreamService.parseSnapshot(SensorStreamService.java:65) ~[classes/:na]
	at lk.resq.localhub.service.MqttSubscriberService.handleMessage(MqttSubscriberService.java:437) ~[classes/:na]
	at lk.resq.localhub.service.MqttSubscriberService$1.messageArrived(MqttSubscriberService.java:321) ~[classes/:na]
	at org.eclipse.paho.client.mqttv3.internal.CommsCallback.deliverMessage(CommsCallback.java:519) ~[org.eclipse.paho.client.mqttv3-1.2.5.jar:na]
	at org.eclipse.paho.client.mqttv3.internal.CommsCallback.handleMessage(CommsCallback.java:417) ~[org.eclipse.paho.client.mqttv3-1.2.5.jar:na]
	at org.eclipse.paho.client.mqttv3.internal.CommsCallback.run(CommsCallback.java:214) ~[org.eclipse.paho.client.mqttv3-1.2.5.jar:na]
	at java.base/java.lang.Thread.run(Thread.java:840) ~[na:na]

2026-07-28T10:54:47.171+05:30  WARN 37596 --- [hub-api] [y-1785215101795] l.r.l.service.MqttSubscriberService      : Failed to process MQTT payload on topic resq/M01/telemetry. Raw payload: {"device_id":"M01","telemetry_mode":"SENSOR_STREAM","state":"PAIRED_IDLE","pressure_0_kpa":0.793,"pressure_0_kpa_valid":true,"pressure_1_kpa":1.395,"pressure_1_kpa_valid":true,"pressure_2_kpa":1.354,"pressure_2_kpa_valid":true,"pressure_kpa_valid":true,"hall_mm":12.35,"hall_progress":0.415,"hall_mm_valid":true,"pressure_saturation_mask":0,"interval_ms":200,"ts_ms":59642}. Error message: pressure_0_raw is required and must be an integer

java.lang.IllegalArgumentException: pressure_0_raw is required and must be an integer
	at lk.resq.localhub.service.SensorStreamService.requiredInt(SensorStreamService.java:306) ~[classes/:na]
	at lk.resq.localhub.service.SensorStreamService.parseSnapshot(SensorStreamService.java:65) ~[classes/:na]
	at lk.resq.localhub.service.MqttSubscriberService.handleMessage(MqttSubscriberService.java:437) ~[classes/:na]
	at lk.resq.localhub.service.MqttSubscriberService$1.messageArrived(MqttSubscriberService.java:321) ~[classes/:na]
	at org.eclipse.paho.client.mqttv3.internal.CommsCallback.deliverMessage(CommsCallback.java:519) ~[org.eclipse.paho.client.mqttv3-1.2.5.jar:na]
	at org.eclipse.paho.client.mqttv3.internal.CommsCallback.handleMessage(CommsCallback.java:417) ~[org.eclipse.paho.client.mqttv3-1.2.5.jar:na]
	at org.eclipse.paho.client.mqttv3.internal.CommsCallback.run(CommsCallback.java:214) ~[org.eclipse.paho.client.mqttv3-1.2.5.jar:na]
	at java.base/java.lang.Thread.run(Thread.java:840) ~[na:na]

2026-07-28T10:54:47.382+05:30  WARN 37596 --- [hub-api] [y-1785215101795] l.r.l.service.MqttSubscriberService      : Failed to process MQTT payload on topic resq/M01/telemetry. Raw payload: {"device_id":"M01","telemetry_mode":"SENSOR_STREAM","state":"PAIRED_IDLE","pressure_0_kpa":0.763,"pressure_0_kpa_valid":true,"pressure_1_kpa":1.376,"pressure_1_kpa_valid":true,"pressure_2_kpa":1.368,"pressure_2_kpa_valid":true,"pressure_kpa_valid":true,"hall_mm":11.74,"hall_progress":0.396,"hall_mm_valid":true,"pressure_saturation_mask":0,"interval_ms":200,"ts_ms":59850}. Error message: pressure_0_raw is required and must be an integer

java.lang.IllegalArgumentException: pressure_0_raw is required and must be an integer
	at lk.resq.localhub.service.SensorStreamService.requiredInt(SensorStreamService.java:306) ~[classes/:na]
	at lk.resq.localhub.service.SensorStreamService.parseSnapshot(SensorStreamService.java:65) ~[classes/:na]
	at lk.resq.localhub.service.MqttSubscriberService.handleMessage(MqttSubscriberService.java:437) ~[classes/:na]
	at lk.resq.localhub.service.MqttSubscriberService$1.messageArrived(MqttSubscriberService.java:321) ~[classes/:na]
	at org.eclipse.paho.client.mqttv3.internal.CommsCallback.deliverMessage(CommsCallback.java:519) ~[org.eclipse.paho.client.mqttv3-1.2.5.jar:na]
	at org.eclipse.paho.client.mqttv3.internal.CommsCallback.handleMessage(CommsCallback.java:417) ~[org.eclipse.paho.client.mqttv3-1.2.5.jar:na]
	at org.eclipse.paho.client.mqttv3.internal.CommsCallback.run(CommsCallback.java:214) ~[org.eclipse.paho.client.mqttv3-1.2.5.jar:na]
	at java.base/java.lang.Thread.run(Thread.java:840) ~[na:na]

2026-07-28T10:54:47.596+05:30  WARN 37596 --- [hub-api] [y-1785215101795] l.r.l.service.MqttSubscriberService      : Failed to process MQTT payload on topic resq/M01/telemetry. Raw payload: {"device_id":"M01","telemetry_mode":"SENSOR_STREAM","state":"PAIRED_IDLE","pressure_0_kpa":0.736,"pressure_0_kpa_valid":true,"pressure_1_kpa":1.358,"pressure_1_kpa_valid":true,"pressure_2_kpa":1.382,"pressure_2_kpa_valid":true,"pressure_kpa_valid":true,"hall_mm":11.17,"hall_progress":0.378,"hall_mm_valid":true,"pressure_saturation_mask":0,"interval_ms":200,"ts_ms":60064}. Error message: pressure_0_raw is required and must be an integer

java.lang.IllegalArgumentException: pressure_0_raw is required and must be an integer
	at lk.resq.localhub.service.SensorStreamService.requiredInt(SensorStreamService.java:306) ~[classes/:na]
	at lk.resq.localhub.service.SensorStreamService.parseSnapshot(SensorStreamService.java:65) ~[classes/:na]
	at lk.resq.localhub.service.MqttSubscriberService.handleMessage(MqttSubscriberService.java:437) ~[classes/:na]
	at lk.resq.localhub.service.MqttSubscriberService$1.messageArrived(MqttSubscriberService.java:321) ~[classes/:na]
	at org.eclipse.paho.client.mqttv3.internal.CommsCallback.deliverMessage(CommsCallback.java:519) ~[org.eclipse.paho.client.mqttv3-1.2.5.jar:na]
	at org.eclipse.paho.client.mqttv3.internal.CommsCallback.handleMessage(CommsCallback.java:417) ~[org.eclipse.paho.client.mqttv3-1.2.5.jar:na]
	at org.eclipse.paho.client.mqttv3.internal.CommsCallback.run(CommsCallback.java:214) ~[org.eclipse.paho.client.mqttv3-1.2.5.jar:na]
	at java.base/java.lang.Thread.run(Thread.java:840) ~[na:na]

2026-07-28T10:54:47.799+05:30  WARN 37596 --- [hub-api] [y-1785215101795] l.r.l.service.MqttSubscriberService      : Failed to process MQTT payload on topic resq/M01/telemetry. Raw payload: {"device_id":"M01","telemetry_mode":"SENSOR_STREAM","state":"PAIRED_IDLE","pressure_0_kpa":0.713,"pressure_0_kpa_valid":true,"pressure_1_kpa":1.342,"pressure_1_kpa_valid":true,"pressure_2_kpa":1.393,"pressure_2_kpa_valid":true,"pressure_kpa_valid":true,"hall_mm":10.69,"hall_progress":0.362,"hall_mm_valid":true,"pressure_saturation_mask":0,"interval_ms":200,"ts_ms":60265}. Error message: pressure_0_raw is required and must be an integer

java.lang.IllegalArgumentException: pressure_0_raw is required and must be an integer
	at lk.resq.localhub.service.SensorStreamService.requiredInt(SensorStreamService.java:306) ~[classes/:na]
	at lk.resq.localhub.service.SensorStreamService.parseSnapshot(SensorStreamService.java:65) ~[classes/:na]
	at lk.resq.localhub.service.MqttSubscriberService.handleMessage(MqttSubscriberService.java:437) ~[classes/:na]
	at lk.resq.localhub.service.MqttSubscriberService$1.messageArrived(MqttSubscriberService.java:321) ~[classes/:na]
	at org.eclipse.paho.client.mqttv3.internal.CommsCallback.deliverMessage(CommsCallback.java:519) ~[org.eclipse.paho.client.mqttv3-1.2.5.jar:na]
	at org.eclipse.paho.client.mqttv3.internal.CommsCallback.handleMessage(CommsCallback.java:417) ~[org.eclipse.paho.client.mqttv3-1.2.5.jar:na]
	at org.eclipse.paho.client.mqttv3.internal.CommsCallback.run(CommsCallback.java:214) ~[org.eclipse.paho.client.mqttv3-1.2.5.jar:na]
	at java.base/java.lang.Thread.run(Thread.java:840) ~[na:na]

2026-07-28T10:54:48.000+05:30  WARN 37596 --- [hub-api] [y-1785215101795] l.r.l.service.MqttSubscriberService      : Failed to process MQTT payload on topic resq/M01/telemetry. Raw payload: {"device_id":"M01","telemetry_mode":"SENSOR_STREAM","state":"PAIRED_IDLE","pressure_0_kpa":0.695,"pressure_0_kpa_valid":true,"pressure_1_kpa":1.33,"pressure_1_kpa_valid":true,"pressure_2_kpa":1.402,"pressure_2_kpa_valid":true,"pressure_kpa_valid":true,"hall_mm":10.32,"hall_progress":0.35,"hall_mm_valid":true,"pressure_saturation_mask":0,"interval_ms":200,"ts_ms":60467}. Error message: pressure_0_raw is required and must be an integer

java.lang.IllegalArgumentException: pressure_0_raw is required and must be an integer
	at lk.resq.localhub.service.SensorStreamService.requiredInt(SensorStreamService.java:306) ~[classes/:na]
	at lk.resq.localhub.service.SensorStreamService.parseSnapshot(SensorStreamService.java:65) ~[classes/:na]
	at lk.resq.localhub.service.MqttSubscriberService.handleMessage(MqttSubscriberService.java:437) ~[classes/:na]
	at lk.resq.localhub.service.MqttSubscriberService$1.messageArrived(MqttSubscriberService.java:321) ~[classes/:na]
	at org.eclipse.paho.client.mqttv3.internal.CommsCallback.deliverMessage(CommsCallback.java:519) ~[org.eclipse.paho.client.mqttv3-1.2.5.jar:na]
	at org.eclipse.paho.client.mqttv3.internal.CommsCallback.handleMessage(CommsCallback.java:417) ~[org.eclipse.paho.client.mqttv3-1.2.5.jar:na]
	at org.eclipse.paho.client.mqttv3.internal.CommsCallback.run(CommsCallback.java:214) ~[org.eclipse.paho.client.mqttv3-1.2.5.jar:na]
	at java.base/java.lang.Thread.run(Thread.java:840) ~[na:na]

2026-07-28T10:54:48.215+05:30  WARN 37596 --- [hub-api] [y-1785215101795] l.r.l.service.MqttSubscriberService      : Failed to process MQTT payload on topic resq/M01/telemetry. Raw payload: {"device_id":"M01","telemetry_mode":"SENSOR_STREAM","state":"PAIRED_IDLE","pressure_0_kpa":0.684,"pressure_0_kpa_valid":true,"pressure_1_kpa":1.323,"pressure_1_kpa_valid":true,"pressure_2_kpa":1.408,"pressure_2_kpa_valid":true,"pressure_kpa_valid":true,"hall_mm":10.08,"hall_progress":0.343,"hall_mm_valid":true,"pressure_saturation_mask":0,"interval_ms":200,"ts_ms":60682}. Error message: pressure_0_raw is required and must be an integer

java.lang.IllegalArgumentException: pressure_0_raw is required and must be an integer
	at lk.resq.localhub.service.SensorStreamService.requiredInt(SensorStreamService.java:306) ~[classes/:na]
	at lk.resq.localhub.service.SensorStreamService.parseSnapshot(SensorStreamService.java:65) ~[classes/:na]
	at lk.resq.localhub.service.MqttSubscriberService.handleMessage(MqttSubscriberService.java:437) ~[classes/:na]
	at lk.resq.localhub.service.MqttSubscriberService$1.messageArrived(MqttSubscriberService.java:321) ~[classes/:na]
	at org.eclipse.paho.client.mqttv3.internal.CommsCallback.deliverMessage(CommsCallback.java:519) ~[org.eclipse.paho.client.mqttv3-1.2.5.jar:na]
	at org.eclipse.paho.client.mqttv3.internal.CommsCallback.handleMessage(CommsCallback.java:417) ~[org.eclipse.paho.client.mqttv3-1.2.5.jar:na]
	at org.eclipse.paho.client.mqttv3.internal.CommsCallback.run(CommsCallback.java:214) ~[org.eclipse.paho.client.mqttv3-1.2.5.jar:na]
	at java.base/java.lang.Thread.run(Thread.java:840) ~[na:na]

2026-07-28T10:54:48.434+05:30  WARN 37596 --- [hub-api] [y-1785215101795] l.r.l.service.MqttSubscriberService      : Failed to process MQTT payload on topic resq/M01/telemetry. Raw payload: {"device_id":"M01","telemetry_mode":"SENSOR_STREAM","state":"PAIRED_IDLE","pressure_0_kpa":0.68,"pressure_0_kpa_valid":true,"pressure_1_kpa":1.32,"pressure_1_kpa_valid":true,"pressure_2_kpa":1.41,"pressure_2_kpa_valid":true,"pressure_kpa_valid":true,"hall_mm":10,"hall_progress":0.34,"hall_mm_valid":true,"pressure_saturation_mask":0,"interval_ms":200,"ts_ms":60896}. Error message: pressure_0_raw is required and must be an integer

java.lang.IllegalArgumentException: pressure_0_raw is required and must be an integer
	at lk.resq.localhub.service.SensorStreamService.requiredInt(SensorStreamService.java:306) ~[classes/:na]
	at lk.resq.localhub.service.SensorStreamService.parseSnapshot(SensorStreamService.java:65) ~[classes/:na]
	at lk.resq.localhub.service.MqttSubscriberService.handleMessage(MqttSubscriberService.java:437) ~[classes/:na]
	at lk.resq.localhub.service.MqttSubscriberService$1.messageArrived(MqttSubscriberService.java:321) ~[classes/:na]
	at org.eclipse.paho.client.mqttv3.internal.CommsCallback.deliverMessage(CommsCallback.java:519) ~[org.eclipse.paho.client.mqttv3-1.2.5.jar:na]
	at org.eclipse.paho.client.mqttv3.internal.CommsCallback.handleMessage(CommsCallback.java:417) ~[org.eclipse.paho.client.mqttv3-1.2.5.jar:na]
	at org.eclipse.paho.client.mqttv3.internal.CommsCallback.run(CommsCallback.java:214) ~[org.eclipse.paho.client.mqttv3-1.2.5.jar:na]
	at java.base/java.lang.Thread.run(Thread.java:840) ~[na:na]

2026-07-28T10:54:48.632+05:30  WARN 37596 --- [hub-api] [y-1785215101795] l.r.l.service.MqttSubscriberService      : Failed to process MQTT payload on topic resq/M01/telemetry. Raw payload: {"device_id":"M01","telemetry_mode":"SENSOR_STREAM","state":"PAIRED_IDLE","pressure_0_kpa":0.683,"pressure_0_kpa_valid":true,"pressure_1_kpa":1.322,"pressure_1_kpa_valid":true,"pressure_2_kpa":1.408,"pressure_2_kpa_valid":true,"pressure_kpa_valid":true,"hall_mm":10.07,"hall_progress":0.342,"hall_mm_valid":true,"pressure_saturation_mask":0,"interval_ms":200,"ts_ms":61099}. Error message: pressure_0_raw is required and must be an integer

java.lang.IllegalArgumentException: pressure_0_raw is required and must be an integer
	at lk.resq.localhub.service.SensorStreamService.requiredInt(SensorStreamService.java:306) ~[classes/:na]
	at lk.resq.localhub.service.SensorStreamService.parseSnapshot(SensorStreamService.java:65) ~[classes/:na]
	at lk.resq.localhub.service.MqttSubscriberService.handleMessage(MqttSubscriberService.java:437) ~[classes/:na]
	at lk.resq.localhub.service.MqttSubscriberService$1.messageArrived(MqttSubscriberService.java:321) ~[classes/:na]
	at org.eclipse.paho.client.mqttv3.internal.CommsCallback.deliverMessage(CommsCallback.java:519) ~[org.eclipse.paho.client.mqttv3-1.2.5.jar:na]
	at org.eclipse.paho.client.mqttv3.internal.CommsCallback.handleMessage(CommsCallback.java:417) ~[org.eclipse.paho.client.mqttv3-1.2.5.jar:na]
	at org.eclipse.paho.client.mqttv3.internal.CommsCallback.run(CommsCallback.java:214) ~[org.eclipse.paho.client.mqttv3-1.2.5.jar:na]
	at java.base/java.lang.Thread.run(Thread.java:840) ~[na:na]

2026-07-28T10:54:48.823+05:30  WARN 37596 --- [hub-api] [y-1785215101795] l.r.l.service.MqttSubscriberService      : Failed to process MQTT payload on topic resq/M01/telemetry. Raw payload: {"device_id":"M01","telemetry_mode":"SENSOR_STREAM","state":"PAIRED_IDLE","pressure_0_kpa":0.694,"pressure_0_kpa_valid":true,"pressure_1_kpa":1.329,"pressure_1_kpa_valid":false,"pressure_2_kpa":1.403,"pressure_2_kpa_valid":true,"pressure_kpa_valid":false,"hall_mm":10.29,"hall_progress":0.349,"hall_mm_valid":true,"pressure_saturation_mask":0,"interval_ms":200,"ts_ms":61300}. Error message: pressure_0_raw is required and must be an integer

java.lang.IllegalArgumentException: pressure_0_raw is required and must be an integer
	at lk.resq.localhub.service.SensorStreamService.requiredInt(SensorStreamService.java:306) ~[classes/:na]
	at lk.resq.localhub.service.SensorStreamService.parseSnapshot(SensorStreamService.java:65) ~[classes/:na]
	at lk.resq.localhub.service.MqttSubscriberService.handleMessage(MqttSubscriberService.java:437) ~[classes/:na]
	at lk.resq.localhub.service.MqttSubscriberService$1.messageArrived(MqttSubscriberService.java:321) ~[classes/:na]
	at org.eclipse.paho.client.mqttv3.internal.CommsCallback.deliverMessage(CommsCallback.java:519) ~[org.eclipse.paho.client.mqttv3-1.2.5.jar:na]
	at org.eclipse.paho.client.mqttv3.internal.CommsCallback.handleMessage(CommsCallback.java:417) ~[org.eclipse.paho.client.mqttv3-1.2.5.jar:na]
	at org.eclipse.paho.client.mqttv3.internal.CommsCallback.run(CommsCallback.java:214) ~[org.eclipse.paho.client.mqttv3-1.2.5.jar:na]
	at java.base/java.lang.Thread.run(Thread.java:840) ~[na:na]

2026-07-28T10:54:49.055+05:30  WARN 37596 --- [hub-api] [y-1785215101795] l.r.l.service.MqttSubscriberService      : Failed to process MQTT payload on topic resq/M01/telemetry. Raw payload: {"device_id":"M01","telemetry_mode":"SENSOR_STREAM","state":"PAIRED_IDLE","pressure_0_kpa":0.711,"pressure_0_kpa_valid":true,"pressure_1_kpa":1.341,"pressure_1_kpa_valid":true,"pressure_2_kpa":1.394,"pressure_2_kpa_valid":true,"pressure_kpa_valid":true,"hall_mm":10.65,"hall_progress":0.361,"hall_mm_valid":true,"pressure_saturation_mask":0,"interval_ms":200,"ts_ms":61517}. Error message: pressure_0_raw is required and must be an integer

java.lang.IllegalArgumentException: pressure_0_raw is required and must be an integer
	at lk.resq.localhub.service.SensorStreamService.requiredInt(SensorStreamService.java:306) ~[classes/:na]
	at lk.resq.localhub.service.SensorStreamService.parseSnapshot(SensorStreamService.java:65) ~[classes/:na]
	at lk.resq.localhub.service.MqttSubscriberService.handleMessage(MqttSubscriberService.java:437) ~[classes/:na]
	at lk.resq.localhub.service.MqttSubscriberService$1.messageArrived(MqttSubscriberService.java:321) ~[classes/:na]
	at org.eclipse.paho.client.mqttv3.internal.CommsCallback.deliverMessage(CommsCallback.java:519) ~[org.eclipse.paho.client.mqttv3-1.2.5.jar:na]
	at org.eclipse.paho.client.mqttv3.internal.CommsCallback.handleMessage(CommsCallback.java:417) ~[org.eclipse.paho.client.mqttv3-1.2.5.jar:na]
	at org.eclipse.paho.client.mqttv3.internal.CommsCallback.run(CommsCallback.java:214) ~[org.eclipse.paho.client.mqttv3-1.2.5.jar:na]
	at java.base/java.lang.Thread.run(Thread.java:840) ~[na:na]

2026-07-28T10:54:49.248+05:30  WARN 37596 --- [hub-api] [y-1785215101795] l.r.l.service.MqttSubscriberService      : Failed to process MQTT payload on topic resq/M01/telemetry. Raw payload: {"device_id":"M01","telemetry_mode":"SENSOR_STREAM","state":"PAIRED_IDLE","pressure_0_kpa":0.734,"pressure_0_kpa_valid":true,"pressure_1_kpa":1.356,"pressure_1_kpa_valid":true,"pressure_2_kpa":1.383,"pressure_2_kpa_valid":true,"pressure_kpa_valid":true,"hall_mm":11.13,"hall_progress":0.376,"hall_mm_valid":true,"pressure_saturation_mask":0,"interval_ms":200,"ts_ms":61723}. Error message: pressure_0_raw is required and must be an integer

java.lang.IllegalArgumentException: pressure_0_raw is required and must be an integer
	at lk.resq.localhub.service.SensorStreamService.requiredInt(SensorStreamService.java:306) ~[classes/:na]
	at lk.resq.localhub.service.SensorStreamService.parseSnapshot(SensorStreamService.java:65) ~[classes/:na]
	at lk.resq.localhub.service.MqttSubscriberService.handleMessage(MqttSubscriberService.java:437) ~[classes/:na]
	at lk.resq.localhub.service.MqttSubscriberService$1.messageArrived(MqttSubscriberService.java:321) ~[classes/:na]
	at org.eclipse.paho.client.mqttv3.internal.CommsCallback.deliverMessage(CommsCallback.java:519) ~[org.eclipse.paho.client.mqttv3-1.2.5.jar:na]
	at org.eclipse.paho.client.mqttv3.internal.CommsCallback.handleMessage(CommsCallback.java:417) ~[org.eclipse.paho.client.mqttv3-1.2.5.jar:na]
	at org.eclipse.paho.client.mqttv3.internal.CommsCallback.run(CommsCallback.java:214) ~[org.eclipse.paho.client.mqttv3-1.2.5.jar:na]
	at java.base/java.lang.Thread.run(Thread.java:840) ~[na:na]

2026-07-28T10:54:49.454+05:30  WARN 37596 --- [hub-api] [y-1785215101795] l.r.l.service.MqttSubscriberService      : Failed to process MQTT payload on topic resq/M01/telemetry. Raw payload: {"device_id":"M01","telemetry_mode":"SENSOR_STREAM","state":"PAIRED_IDLE","pressure_0_kpa":0.761,"pressure_0_kpa_valid":true,"pressure_1_kpa":1.374,"pressure_1_kpa_valid":true,"pressure_2_kpa":1.37,"pressure_2_kpa_valid":true,"pressure_kpa_valid":true,"hall_mm":11.69,"hall_progress":0.394,"hall_mm_valid":true,"pressure_saturation_mask":0,"interval_ms":200,"ts_ms":61926}. Error message: pressure_0_raw is required and must be an integer

java.lang.IllegalArgumentException: pressure_0_raw is required and must be an integer
	at lk.resq.localhub.service.SensorStreamService.requiredInt(SensorStreamService.java:306) ~[classes/:na]
	at lk.resq.localhub.service.SensorStreamService.parseSnapshot(SensorStreamService.java:65) ~[classes/:na]
	at lk.resq.localhub.service.MqttSubscriberService.handleMessage(MqttSubscriberService.java:437) ~[classes/:na]
	at lk.resq.localhub.service.MqttSubscriberService$1.messageArrived(MqttSubscriberService.java:321) ~[classes/:na]
	at org.eclipse.paho.client.mqttv3.internal.CommsCallback.deliverMessage(CommsCallback.java:519) ~[org.eclipse.paho.client.mqttv3-1.2.5.jar:na]
	at org.eclipse.paho.client.mqttv3.internal.CommsCallback.handleMessage(CommsCallback.java:417) ~[org.eclipse.paho.client.mqttv3-1.2.5.jar:na]
	at org.eclipse.paho.client.mqttv3.internal.CommsCallback.run(CommsCallback.java:214) ~[org.eclipse.paho.client.mqttv3-1.2.5.jar:na]
	at java.base/java.lang.Thread.run(Thread.java:840) ~[na:na]

2026-07-28T10:54:49.664+05:30  WARN 37596 --- [hub-api] [y-1785215101795] l.r.l.service.MqttSubscriberService      : Failed to process MQTT payload on topic resq/M01/telemetry. Raw payload: {"device_id":"M01","telemetry_mode":"SENSOR_STREAM","state":"PAIRED_IDLE","pressure_0_kpa":0.79,"pressure_0_kpa_valid":true,"pressure_1_kpa":1.393,"pressure_1_kpa_valid":true,"pressure_2_kpa":1.355,"pressure_2_kpa_valid":true,"pressure_kpa_valid":true,"hall_mm":12.3,"hall_progress":0.413,"hall_mm_valid":true,"pressure_saturation_mask":0,"interval_ms":200,"ts_ms":62130}. Error message: pressure_0_raw is required and must be an integer

java.lang.IllegalArgumentException: pressure_0_raw is required and must be an integer
	at lk.resq.localhub.service.SensorStreamService.requiredInt(SensorStreamService.java:306) ~[classes/:na]
	at lk.resq.localhub.service.SensorStreamService.parseSnapshot(SensorStreamService.java:65) ~[classes/:na]
	at lk.resq.localhub.service.MqttSubscriberService.handleMessage(MqttSubscriberService.java:437) ~[classes/:na]
	at lk.resq.localhub.service.MqttSubscriberService$1.messageArrived(MqttSubscriberService.java:321) ~[classes/:na]
	at org.eclipse.paho.client.mqttv3.internal.CommsCallback.deliverMessage(CommsCallback.java:519) ~[org.eclipse.paho.client.mqttv3-1.2.5.jar:na]
	at org.eclipse.paho.client.mqttv3.internal.CommsCallback.handleMessage(CommsCallback.java:417) ~[org.eclipse.paho.client.mqttv3-1.2.5.jar:na]
	at org.eclipse.paho.client.mqttv3.internal.CommsCallback.run(CommsCallback.java:214) ~[org.eclipse.paho.client.mqttv3-1.2.5.jar:na]
	at java.base/java.lang.Thread.run(Thread.java:840) ~[na:na]

2026-07-28T10:54:49.869+05:30  WARN 37596 --- [hub-api] [y-1785215101795] l.r.l.service.MqttSubscriberService      : Failed to process MQTT payload on topic resq/M01/telemetry. Raw payload: {"device_id":"M01","telemetry_mode":"SENSOR_STREAM","state":"PAIRED_IDLE","pressure_0_kpa":0.82,"pressure_0_kpa_valid":true,"pressure_1_kpa":1.413,"pressure_1_kpa_valid":true,"pressure_2_kpa":1.34,"pressure_2_kpa_valid":true,"pressure_kpa_valid":true,"hall_mm":12.92,"hall_progress":0.433,"hall_mm_valid":true,"pressure_saturation_mask":0,"interval_ms":200,"ts_ms":62334}. Error message: pressure_0_raw is required and must be an integer

java.lang.IllegalArgumentException: pressure_0_raw is required and must be an integer
	at lk.resq.localhub.service.SensorStreamService.requiredInt(SensorStreamService.java:306) ~[classes/:na]
	at lk.resq.localhub.service.SensorStreamService.parseSnapshot(SensorStreamService.java:65) ~[classes/:na]
	at lk.resq.localhub.service.MqttSubscriberService.handleMessage(MqttSubscriberService.java:437) ~[classes/:na]
	at lk.resq.localhub.service.MqttSubscriberService$1.messageArrived(MqttSubscriberService.java:321) ~[classes/:na]
	at org.eclipse.paho.client.mqttv3.internal.CommsCallback.deliverMessage(CommsCallback.java:519) ~[org.eclipse.paho.client.mqttv3-1.2.5.jar:na]
	at org.eclipse.paho.client.mqttv3.internal.CommsCallback.handleMessage(CommsCallback.java:417) ~[org.eclipse.paho.client.mqttv3-1.2.5.jar:na]
	at org.eclipse.paho.client.mqttv3.internal.CommsCallback.run(CommsCallback.java:214) ~[org.eclipse.paho.client.mqttv3-1.2.5.jar:na]
	at java.base/java.lang.Thread.run(Thread.java:840) ~[na:na]

2026-07-28T10:54:50.080+05:30  WARN 37596 --- [hub-api] [y-1785215101795] l.r.l.service.MqttSubscriberService      : Failed to process MQTT payload on topic resq/M01/telemetry. Raw payload: {"device_id":"M01","telemetry_mode":"SENSOR_STREAM","state":"PAIRED_IDLE","pressure_0_kpa":0.849,"pressure_0_kpa_valid":true,"pressure_1_kpa":1.432,"pressure_1_kpa_valid":true,"pressure_2_kpa":1.326,"pressure_2_kpa_valid":true,"pressure_kpa_valid":true,"hall_mm":13.52,"hall_progress":0.452,"hall_mm_valid":true,"pressure_saturation_mask":0,"interval_ms":200,"ts_ms":62534}. Error message: pressure_0_raw is required and must be an integer

java.lang.IllegalArgumentException: pressure_0_raw is required and must be an integer
	at lk.resq.localhub.service.SensorStreamService.requiredInt(SensorStreamService.java:306) ~[classes/:na]
	at lk.resq.localhub.service.SensorStreamService.parseSnapshot(SensorStreamService.java:65) ~[classes/:na]
	at lk.resq.localhub.service.MqttSubscriberService.handleMessage(MqttSubscriberService.java:437) ~[classes/:na]
	at lk.resq.localhub.service.MqttSubscriberService$1.messageArrived(MqttSubscriberService.java:321) ~[classes/:na]
	at org.eclipse.paho.client.mqttv3.internal.CommsCallback.deliverMessage(CommsCallback.java:519) ~[org.eclipse.paho.client.mqttv3-1.2.5.jar:na]
	at org.eclipse.paho.client.mqttv3.internal.CommsCallback.handleMessage(CommsCallback.java:417) ~[org.eclipse.paho.client.mqttv3-1.2.5.jar:na]
	at org.eclipse.paho.client.mqttv3.internal.CommsCallback.run(CommsCallback.java:214) ~[org.eclipse.paho.client.mqttv3-1.2.5.jar:na]
	at java.base/java.lang.Thread.run(Thread.java:840) ~[na:na]

2026-07-28T10:54:50.277+05:30  WARN 37596 --- [hub-api] [y-1785215101795] l.r.l.service.MqttSubscriberService      : Failed to process MQTT payload on topic resq/M01/telemetry. Raw payload: {"device_id":"M01","telemetry_mode":"SENSOR_STREAM","state":"PAIRED_IDLE","pressure_0_kpa":0.874,"pressure_0_kpa_valid":true,"pressure_1_kpa":1.45,"pressure_1_kpa_valid":true,"pressure_2_kpa":1.313,"pressure_2_kpa_valid":true,"pressure_kpa_valid":true,"hall_mm":14.05,"hall_progress":0.47,"hall_mm_valid":true,"pressure_saturation_mask":0,"interval_ms":200,"ts_ms":62739}. Error message: pressure_0_raw is required and must be an integer

java.lang.IllegalArgumentException: pressure_0_raw is required and must be an integer
	at lk.resq.localhub.service.SensorStreamService.requiredInt(SensorStreamService.java:306) ~[classes/:na]
	at lk.resq.localhub.service.SensorStreamService.parseSnapshot(SensorStreamService.java:65) ~[classes/:na]
	at lk.resq.localhub.service.MqttSubscriberService.handleMessage(MqttSubscriberService.java:437) ~[classes/:na]
	at lk.resq.localhub.service.MqttSubscriberService$1.messageArrived(MqttSubscriberService.java:321) ~[classes/:na]
	at org.eclipse.paho.client.mqttv3.internal.CommsCallback.deliverMessage(CommsCallback.java:519) ~[org.eclipse.paho.client.mqttv3-1.2.5.jar:na]
	at org.eclipse.paho.client.mqttv3.internal.CommsCallback.handleMessage(CommsCallback.java:417) ~[org.eclipse.paho.client.mqttv3-1.2.5.jar:na]
	at org.eclipse.paho.client.mqttv3.internal.CommsCallback.run(CommsCallback.java:214) ~[org.eclipse.paho.client.mqttv3-1.2.5.jar:na]
	at java.base/java.lang.Thread.run(Thread.java:840) ~[na:na]

2026-07-28T10:54:50.478+05:30  WARN 37596 --- [hub-api] [y-1785215101795] l.r.l.service.MqttSubscriberService      : Failed to process MQTT payload on topic resq/M01/telemetry. Raw payload: {"device_id":"M01","telemetry_mode":"SENSOR_STREAM","state":"PAIRED_IDLE","pressure_0_kpa":0.895,"pressure_0_kpa_valid":true,"pressure_1_kpa":1.464,"pressure_1_kpa_valid":true,"pressure_2_kpa":1.302,"pressure_2_kpa_valid":true,"pressure_kpa_valid":true,"hall_mm":14.49,"hall_progress":0.484,"hall_mm_valid":true,"pressure_saturation_mask":2,"interval_ms":200,"ts_ms":62943}. Error message: pressure_0_raw is required and must be an integer

java.lang.IllegalArgumentException: pressure_0_raw is required and must be an integer
	at lk.resq.localhub.service.SensorStreamService.requiredInt(SensorStreamService.java:306) ~[classes/:na]
	at lk.resq.localhub.service.SensorStreamService.parseSnapshot(SensorStreamService.java:65) ~[classes/:na]
	at lk.resq.localhub.service.MqttSubscriberService.handleMessage(MqttSubscriberService.java:437) ~[classes/:na]
	at lk.resq.localhub.service.MqttSubscriberService$1.messageArrived(MqttSubscriberService.java:321) ~[classes/:na]
	at org.eclipse.paho.client.mqttv3.internal.CommsCallback.deliverMessage(CommsCallback.java:519) ~[org.eclipse.paho.client.mqttv3-1.2.5.jar:na]
	at org.eclipse.paho.client.mqttv3.internal.CommsCallback.handleMessage(CommsCallback.java:417) ~[org.eclipse.paho.client.mqttv3-1.2.5.jar:na]
	at org.eclipse.paho.client.mqttv3.internal.CommsCallback.run(CommsCallback.java:214) ~[org.eclipse.paho.client.mqttv3-1.2.5.jar:na]
	at java.base/java.lang.Thread.run(Thread.java:840) ~[na:na]

2026-07-28T10:54:50.674+05:30  WARN 37596 --- [hub-api] [y-1785215101795] l.r.l.service.MqttSubscriberService      : Failed to process MQTT payload on topic resq/M01/telemetry. Raw payload: {"device_id":"M01","telemetry_mode":"SENSOR_STREAM","state":"PAIRED_IDLE","pressure_0_kpa":0.91,"pressure_0_kpa_valid":true,"pressure_1_kpa":1.474,"pressure_1_kpa_valid":true,"pressure_2_kpa":1.295,"pressure_2_kpa_valid":true,"pressure_kpa_valid":true,"hall_mm":14.8,"hall_progress":0.494,"hall_mm_valid":true,"pressure_saturation_mask":0,"interval_ms":200,"ts_ms":63145}. Error message: pressure_0_raw is required and must be an integer

java.lang.IllegalArgumentException: pressure_0_raw is required and must be an integer
	at lk.resq.localhub.service.SensorStreamService.requiredInt(SensorStreamService.java:306) ~[classes/:na]
	at lk.resq.localhub.service.SensorStreamService.parseSnapshot(SensorStreamService.java:65) ~[classes/:na]
	at lk.resq.localhub.service.MqttSubscriberService.handleMessage(MqttSubscriberService.java:437) ~[classes/:na]
	at lk.resq.localhub.service.MqttSubscriberService$1.messageArrived(MqttSubscriberService.java:321) ~[classes/:na]
	at org.eclipse.paho.client.mqttv3.internal.CommsCallback.deliverMessage(CommsCallback.java:519) ~[org.eclipse.paho.client.mqttv3-1.2.5.jar:na]
	at org.eclipse.paho.client.mqttv3.internal.CommsCallback.handleMessage(CommsCallback.java:417) ~[org.eclipse.paho.client.mqttv3-1.2.5.jar:na]
	at org.eclipse.paho.client.mqttv3.internal.CommsCallback.run(CommsCallback.java:214) ~[org.eclipse.paho.client.mqttv3-1.2.5.jar:na]
	at java.base/java.lang.Thread.run(Thread.java:840) ~[na:na]

2026-07-28T10:54:50.885+05:30  WARN 37596 --- [hub-api] [y-1785215101795] l.r.l.service.MqttSubscriberService      : Failed to process MQTT payload on topic resq/M01/telemetry. Raw payload: {"device_id":"M01","telemetry_mode":"SENSOR_STREAM","state":"PAIRED_IDLE","pressure_0_kpa":0.919,"pressure_0_kpa_valid":true,"pressure_1_kpa":1.479,"pressure_1_kpa_valid":true,"pressure_2_kpa":1.291,"pressure_2_kpa_valid":true,"pressure_kpa_valid":true,"hall_mm":14.97,"hall_progress":0.499,"hall_mm_valid":true,"pressure_saturation_mask":0,"interval_ms":200,"ts_ms":63349}. Error message: pressure_0_raw is required and must be an integer

java.lang.IllegalArgumentException: pressure_0_raw is required and must be an integer
	at lk.resq.localhub.service.SensorStreamService.requiredInt(SensorStreamService.java:306) ~[classes/:na]
	at lk.resq.localhub.service.SensorStreamService.parseSnapshot(SensorStreamService.java:65) ~[classes/:na]
	at lk.resq.localhub.service.MqttSubscriberService.handleMessage(MqttSubscriberService.java:437) ~[classes/:na]
	at lk.resq.localhub.service.MqttSubscriberService$1.messageArrived(MqttSubscriberService.java:321) ~[classes/:na]
	at org.eclipse.paho.client.mqttv3.internal.CommsCallback.deliverMessage(CommsCallback.java:519) ~[org.eclipse.paho.client.mqttv3-1.2.5.jar:na]
	at org.eclipse.paho.client.mqttv3.internal.CommsCallback.handleMessage(CommsCallback.java:417) ~[org.eclipse.paho.client.mqttv3-1.2.5.jar:na]
	at org.eclipse.paho.client.mqttv3.internal.CommsCallback.run(CommsCallback.java:214) ~[org.eclipse.paho.client.mqttv3-1.2.5.jar:na]
	at java.base/java.lang.Thread.run(Thread.java:840) ~[na:na]

2026-07-28T10:54:51.091+05:30  WARN 37596 --- [hub-api] [y-1785215101795] l.r.l.service.MqttSubscriberService      : Failed to process MQTT payload on topic resq/M01/telemetry. Raw payload: {"device_id":"M01","telemetry_mode":"SENSOR_STREAM","state":"PAIRED_IDLE","pressure_0_kpa":0.919,"pressure_0_kpa_valid":true,"pressure_1_kpa":1.48,"pressure_1_kpa_valid":true,"pressure_2_kpa":1.29,"pressure_2_kpa_valid":true,"pressure_kpa_valid":true,"hall_mm":14.99,"hall_progress":0.5,"hall_mm_valid":true,"pressure_saturation_mask":0,"interval_ms":200,"ts_ms":63563}. Error message: pressure_0_raw is required and must be an integer

java.lang.IllegalArgumentException: pressure_0_raw is required and must be an integer
	at lk.resq.localhub.service.SensorStreamService.requiredInt(SensorStreamService.java:306) ~[classes/:na]
	at lk.resq.localhub.service.SensorStreamService.parseSnapshot(SensorStreamService.java:65) ~[classes/:na]
	at lk.resq.localhub.service.MqttSubscriberService.handleMessage(MqttSubscriberService.java:437) ~[classes/:na]
	at lk.resq.localhub.service.MqttSubscriberService$1.messageArrived(MqttSubscriberService.java:321) ~[classes/:na]
	at org.eclipse.paho.client.mqttv3.internal.CommsCallback.deliverMessage(CommsCallback.java:519) ~[org.eclipse.paho.client.mqttv3-1.2.5.jar:na]
	at org.eclipse.paho.client.mqttv3.internal.CommsCallback.handleMessage(CommsCallback.java:417) ~[org.eclipse.paho.client.mqttv3-1.2.5.jar:na]
	at org.eclipse.paho.client.mqttv3.internal.CommsCallback.run(CommsCallback.java:214) ~[org.eclipse.paho.client.mqttv3-1.2.5.jar:na]
	at java.base/java.lang.Thread.run(Thread.java:840) ~[na:na]

2026-07-28T10:54:51.307+05:30  WARN 37596 --- [hub-api] [y-1785215101795] l.r.l.service.MqttSubscriberService      : Failed to process MQTT payload on topic resq/M01/telemetry. Raw payload: {"device_id":"M01","telemetry_mode":"SENSOR_STREAM","state":"PAIRED_IDLE","pressure_0_kpa":0.913,"pressure_0_kpa_valid":true,"pressure_1_kpa":1.475,"pressure_1_kpa_valid":true,"pressure_2_kpa":1.294,"pressure_2_kpa_valid":true,"pressure_kpa_valid":true,"hall_mm":14.85,"hall_progress":0.495,"hall_mm_valid":true,"pressure_saturation_mask":0,"interval_ms":200,"ts_ms":63771}. Error message: pressure_0_raw is required and must be an integer

java.lang.IllegalArgumentException: pressure_0_raw is required and must be an integer
	at lk.resq.localhub.service.SensorStreamService.requiredInt(SensorStreamService.java:306) ~[classes/:na]
	at lk.resq.localhub.service.SensorStreamService.parseSnapshot(SensorStreamService.java:65) ~[classes/:na]
	at lk.resq.localhub.service.MqttSubscriberService.handleMessage(MqttSubscriberService.java:437) ~[classes/:na]
	at lk.resq.localhub.service.MqttSubscriberService$1.messageArrived(MqttSubscriberService.java:321) ~[classes/:na]
	at org.eclipse.paho.client.mqttv3.internal.CommsCallback.deliverMessage(CommsCallback.java:519) ~[org.eclipse.paho.client.mqttv3-1.2.5.jar:na]
	at org.eclipse.paho.client.mqttv3.internal.CommsCallback.handleMessage(CommsCallback.java:417) ~[org.eclipse.paho.client.mqttv3-1.2.5.jar:na]
	at org.eclipse.paho.client.mqttv3.internal.CommsCallback.run(CommsCallback.java:214) ~[org.eclipse.paho.client.mqttv3-1.2.5.jar:na]
	at java.base/java.lang.Thread.run(Thread.java:840) ~[na:na]

2026-07-28T10:54:51.497+05:30  WARN 37596 --- [hub-api] [y-1785215101795] l.r.l.service.MqttSubscriberService      : Failed to process MQTT payload on topic resq/M01/telemetry. Raw payload: {"device_id":"M01","telemetry_mode":"SENSOR_STREAM","state":"PAIRED_IDLE","pressure_0_kpa":0.899,"pressure_0_kpa_valid":true,"pressure_1_kpa":1.466,"pressure_1_kpa_valid":false,"pressure_2_kpa":1.3,"pressure_2_kpa_valid":true,"pressure_kpa_valid":false,"hall_mm":14.57,"hall_progress":0.486,"hall_mm_valid":true,"pressure_saturation_mask":0,"interval_ms":200,"ts_ms":63974}. Error message: pressure_0_raw is required and must be an integer

java.lang.IllegalArgumentException: pressure_0_raw is required and must be an integer
	at lk.resq.localhub.service.SensorStreamService.requiredInt(SensorStreamService.java:306) ~[classes/:na]
	at lk.resq.localhub.service.SensorStreamService.parseSnapshot(SensorStreamService.java:65) ~[classes/:na]
	at lk.resq.localhub.service.MqttSubscriberService.handleMessage(MqttSubscriberService.java:437) ~[classes/:na]
	at lk.resq.localhub.service.MqttSubscriberService$1.messageArrived(MqttSubscriberService.java:321) ~[classes/:na]
	at org.eclipse.paho.client.mqttv3.internal.CommsCallback.deliverMessage(CommsCallback.java:519) ~[org.eclipse.paho.client.mqttv3-1.2.5.jar:na]
	at org.eclipse.paho.client.mqttv3.internal.CommsCallback.handleMessage(CommsCallback.java:417) ~[org.eclipse.paho.client.mqttv3-1.2.5.jar:na]
	at org.eclipse.paho.client.mqttv3.internal.CommsCallback.run(CommsCallback.java:214) ~[org.eclipse.paho.client.mqttv3-1.2.5.jar:na]
	at java.base/java.lang.Thread.run(Thread.java:840) ~[na:na]

2026-07-28T10:54:51.709+05:30  WARN 37596 --- [hub-api] [y-1785215101795] l.r.l.service.MqttSubscriberService      : Failed to process MQTT payload on topic resq/M01/telemetry. Raw payload: {"device_id":"M01","telemetry_mode":"SENSOR_STREAM","state":"PAIRED_IDLE","pressure_0_kpa":0.879,"pressure_0_kpa_valid":true,"pressure_1_kpa":1.453,"pressure_1_kpa_valid":true,"pressure_2_kpa":1.31,"pressure_2_kpa_valid":true,"pressure_kpa_valid":true,"hall_mm":14.15,"hall_progress":0.473,"hall_mm_valid":true,"pressure_saturation_mask":0,"interval_ms":200,"ts_ms":64176}. Error message: pressure_0_raw is required and must be an integer

java.lang.IllegalArgumentException: pressure_0_raw is required and must be an integer
	at lk.resq.localhub.service.SensorStreamService.requiredInt(SensorStreamService.java:306) ~[classes/:na]
	at lk.resq.localhub.service.SensorStreamService.parseSnapshot(SensorStreamService.java:65) ~[classes/:na]
	at lk.resq.localhub.service.MqttSubscriberService.handleMessage(MqttSubscriberService.java:437) ~[classes/:na]
	at lk.resq.localhub.service.MqttSubscriberService$1.messageArrived(MqttSubscriberService.java:321) ~[classes/:na]
	at org.eclipse.paho.client.mqttv3.internal.CommsCallback.deliverMessage(CommsCallback.java:519) ~[org.eclipse.paho.client.mqttv3-1.2.5.jar:na]
	at org.eclipse.paho.client.mqttv3.internal.CommsCallback.handleMessage(CommsCallback.java:417) ~[org.eclipse.paho.client.mqttv3-1.2.5.jar:na]
	at org.eclipse.paho.client.mqttv3.internal.CommsCallback.run(CommsCallback.java:214) ~[org.eclipse.paho.client.mqttv3-1.2.5.jar:na]
	at java.base/java.lang.Thread.run(Thread.java:840) ~[na:na]

2026-07-28T10:54:51.911+05:30  WARN 37596 --- [hub-api] [y-1785215101795] l.r.l.service.MqttSubscriberService      : Failed to process MQTT payload on topic resq/M01/telemetry. Raw payload: {"device_id":"M01","telemetry_mode":"SENSOR_STREAM","state":"PAIRED_IDLE","pressure_0_kpa":0.855,"pressure_0_kpa_valid":true,"pressure_1_kpa":1.436,"pressure_1_kpa_valid":true,"pressure_2_kpa":1.323,"pressure_2_kpa_valid":true,"pressure_kpa_valid":true,"hall_mm":13.64,"hall_progress":0.456,"hall_mm_valid":true,"pressure_saturation_mask":0,"interval_ms":200,"ts_ms":64379}. Error message: pressure_0_raw is required and must be an integer

java.lang.IllegalArgumentException: pressure_0_raw is required and must be an integer
	at lk.resq.localhub.service.SensorStreamService.requiredInt(SensorStreamService.java:306) ~[classes/:na]
	at lk.resq.localhub.service.SensorStreamService.parseSnapshot(SensorStreamService.java:65) ~[classes/:na]
	at lk.resq.localhub.service.MqttSubscriberService.handleMessage(MqttSubscriberService.java:437) ~[classes/:na]
	at lk.resq.localhub.service.MqttSubscriberService$1.messageArrived(MqttSubscriberService.java:321) ~[classes/:na]
	at org.eclipse.paho.client.mqttv3.internal.CommsCallback.deliverMessage(CommsCallback.java:519) ~[org.eclipse.paho.client.mqttv3-1.2.5.jar:na]
	at org.eclipse.paho.client.mqttv3.internal.CommsCallback.handleMessage(CommsCallback.java:417) ~[org.eclipse.paho.client.mqttv3-1.2.5.jar:na]
	at org.eclipse.paho.client.mqttv3.internal.CommsCallback.run(CommsCallback.java:214) ~[org.eclipse.paho.client.mqttv3-1.2.5.jar:na]
	at java.base/java.lang.Thread.run(Thread.java:840) ~[na:na]

2026-07-28T10:54:52.120+05:30  WARN 37596 --- [hub-api] [y-1785215101795] l.r.l.service.MqttSubscriberService      : Failed to process MQTT payload on topic resq/M01/telemetry. Raw payload: {"device_id":"M01","telemetry_mode":"SENSOR_STREAM","state":"PAIRED_IDLE","pressure_0_kpa":0.827,"pressure_0_kpa_valid":true,"pressure_1_kpa":1.418,"pressure_1_kpa_valid":true,"pressure_2_kpa":1.337,"pressure_2_kpa_valid":true,"pressure_kpa_valid":true,"hall_mm":13.05,"hall_progress":0.438,"hall_mm_valid":true,"pressure_saturation_mask":0,"interval_ms":200,"ts_ms":64584}. Error message: pressure_0_raw is required and must be an integer

java.lang.IllegalArgumentException: pressure_0_raw is required and must be an integer
	at lk.resq.localhub.service.SensorStreamService.requiredInt(SensorStreamService.java:306) ~[classes/:na]
	at lk.resq.localhub.service.SensorStreamService.parseSnapshot(SensorStreamService.java:65) ~[classes/:na]
	at lk.resq.localhub.service.MqttSubscriberService.handleMessage(MqttSubscriberService.java:437) ~[classes/:na]
	at lk.resq.localhub.service.MqttSubscriberService$1.messageArrived(MqttSubscriberService.java:321) ~[classes/:na]
	at org.eclipse.paho.client.mqttv3.internal.CommsCallback.deliverMessage(CommsCallback.java:519) ~[org.eclipse.paho.client.mqttv3-1.2.5.jar:na]
	at org.eclipse.paho.client.mqttv3.internal.CommsCallback.handleMessage(CommsCallback.java:417) ~[org.eclipse.paho.client.mqttv3-1.2.5.jar:na]
	at org.eclipse.paho.client.mqttv3.internal.CommsCallback.run(CommsCallback.java:214) ~[org.eclipse.paho.client.mqttv3-1.2.5.jar:na]
	at java.base/java.lang.Thread.run(Thread.java:840) ~[na:na]

2026-07-28T10:54:52.321+05:30  WARN 37596 --- [hub-api] [y-1785215101795] l.r.l.service.MqttSubscriberService      : Failed to process MQTT payload on topic resq/M01/telemetry. Raw payload: {"device_id":"M01","telemetry_mode":"SENSOR_STREAM","state":"PAIRED_IDLE","pressure_0_kpa":0.797,"pressure_0_kpa_valid":true,"pressure_1_kpa":1.398,"pressure_1_kpa_valid":true,"pressure_2_kpa":1.352,"pressure_2_kpa_valid":true,"pressure_kpa_valid":true,"hall_mm":12.43,"hall_progress":0.418,"hall_mm_valid":true,"pressure_saturation_mask":0,"interval_ms":200,"ts_ms":64786}. Error message: pressure_0_raw is required and must be an integer

java.lang.IllegalArgumentException: pressure_0_raw is required and must be an integer
	at lk.resq.localhub.service.SensorStreamService.requiredInt(SensorStreamService.java:306) ~[classes/:na]
	at lk.resq.localhub.service.SensorStreamService.parseSnapshot(SensorStreamService.java:65) ~[classes/:na]
	at lk.resq.localhub.service.MqttSubscriberService.handleMessage(MqttSubscriberService.java:437) ~[classes/:na]
	at lk.resq.localhub.service.MqttSubscriberService$1.messageArrived(MqttSubscriberService.java:321) ~[classes/:na]
	at org.eclipse.paho.client.mqttv3.internal.CommsCallback.deliverMessage(CommsCallback.java:519) ~[org.eclipse.paho.client.mqttv3-1.2.5.jar:na]
	at org.eclipse.paho.client.mqttv3.internal.CommsCallback.handleMessage(CommsCallback.java:417) ~[org.eclipse.paho.client.mqttv3-1.2.5.jar:na]
	at org.eclipse.paho.client.mqttv3.internal.CommsCallback.run(CommsCallback.java:214) ~[org.eclipse.paho.client.mqttv3-1.2.5.jar:na]
	at java.base/java.lang.Thread.run(Thread.java:840) ~[na:na]

2026-07-28T10:54:52.524+05:30  WARN 37596 --- [hub-api] [y-1785215101795] l.r.l.service.MqttSubscriberService      : Failed to process MQTT payload on topic resq/M01/telemetry. Raw payload: {"device_id":"M01","telemetry_mode":"SENSOR_STREAM","state":"PAIRED_IDLE","pressure_0_kpa":0.767,"pressure_0_kpa_valid":true,"pressure_1_kpa":1.378,"pressure_1_kpa_valid":true,"pressure_2_kpa":1.366,"pressure_2_kpa_valid":true,"pressure_kpa_valid":true,"hall_mm":11.82,"hall_progress":0.398,"hall_mm_valid":true,"pressure_saturation_mask":0,"interval_ms":200,"ts_ms":64989}. Error message: pressure_0_raw is required and must be an integer

java.lang.IllegalArgumentException: pressure_0_raw is required and must be an integer
	at lk.resq.localhub.service.SensorStreamService.requiredInt(SensorStreamService.java:306) ~[classes/:na]
	at lk.resq.localhub.service.SensorStreamService.parseSnapshot(SensorStreamService.java:65) ~[classes/:na]
	at lk.resq.localhub.service.MqttSubscriberService.handleMessage(MqttSubscriberService.java:437) ~[classes/:na]
	at lk.resq.localhub.service.MqttSubscriberService$1.messageArrived(MqttSubscriberService.java:321) ~[classes/:na]
	at org.eclipse.paho.client.mqttv3.internal.CommsCallback.deliverMessage(CommsCallback.java:519) ~[org.eclipse.paho.client.mqttv3-1.2.5.jar:na]
	at org.eclipse.paho.client.mqttv3.internal.CommsCallback.handleMessage(CommsCallback.java:417) ~[org.eclipse.paho.client.mqttv3-1.2.5.jar:na]
	at org.eclipse.paho.client.mqttv3.internal.CommsCallback.run(CommsCallback.java:214) ~[org.eclipse.paho.client.mqttv3-1.2.5.jar:na]
	at java.base/java.lang.Thread.run(Thread.java:840) ~[na:na]

2026-07-28T10:54:52.724+05:30  WARN 37596 --- [hub-api] [y-1785215101795] l.r.l.service.MqttSubscriberService      : Failed to process MQTT payload on topic resq/M01/telemetry. Raw payload: {"device_id":"M01","telemetry_mode":"SENSOR_STREAM","state":"PAIRED_IDLE","pressure_0_kpa":0.74,"pressure_0_kpa_valid":true,"pressure_1_kpa":1.36,"pressure_1_kpa_valid":true,"pressure_2_kpa":1.38,"pressure_2_kpa_valid":true,"pressure_kpa_valid":true,"hall_mm":11.24,"hall_progress":0.38,"hall_mm_valid":true,"pressure_saturation_mask":0,"interval_ms":200,"ts_ms":65192}. Error message: pressure_0_raw is required and must be an integer

java.lang.IllegalArgumentException: pressure_0_raw is required and must be an integer
	at lk.resq.localhub.service.SensorStreamService.requiredInt(SensorStreamService.java:306) ~[classes/:na]
	at lk.resq.localhub.service.SensorStreamService.parseSnapshot(SensorStreamService.java:65) ~[classes/:na]
	at lk.resq.localhub.service.MqttSubscriberService.handleMessage(MqttSubscriberService.java:437) ~[classes/:na]
	at lk.resq.localhub.service.MqttSubscriberService$1.messageArrived(MqttSubscriberService.java:321) ~[classes/:na]
	at org.eclipse.paho.client.mqttv3.internal.CommsCallback.deliverMessage(CommsCallback.java:519) ~[org.eclipse.paho.client.mqttv3-1.2.5.jar:na]
	at org.eclipse.paho.client.mqttv3.internal.CommsCallback.handleMessage(CommsCallback.java:417) ~[org.eclipse.paho.client.mqttv3-1.2.5.jar:na]
	at org.eclipse.paho.client.mqttv3.internal.CommsCallback.run(CommsCallback.java:214) ~[org.eclipse.paho.client.mqttv3-1.2.5.jar:na]
	at java.base/java.lang.Thread.run(Thread.java:840) ~[na:na]

2026-07-28T10:54:52.929+05:30  WARN 37596 --- [hub-api] [y-1785215101795] l.r.l.service.MqttSubscriberService      : Failed to process MQTT payload on topic resq/M01/telemetry. Raw payload: {"device_id":"M01","telemetry_mode":"SENSOR_STREAM","state":"PAIRED_IDLE","pressure_0_kpa":0.716,"pressure_0_kpa_valid":true,"pressure_1_kpa":1.344,"pressure_1_kpa_valid":true,"pressure_2_kpa":1.392,"pressure_2_kpa_valid":true,"pressure_kpa_valid":true,"hall_mm":10.75,"hall_progress":0.364,"hall_mm_valid":true,"pressure_saturation_mask":0,"interval_ms":200,"ts_ms":65395}. Error message: pressure_0_raw is required and must be an integer

java.lang.IllegalArgumentException: pressure_0_raw is required and must be an integer
	at lk.resq.localhub.service.SensorStreamService.requiredInt(SensorStreamService.java:306) ~[classes/:na]
	at lk.resq.localhub.service.SensorStreamService.parseSnapshot(SensorStreamService.java:65) ~[classes/:na]
	at lk.resq.localhub.service.MqttSubscriberService.handleMessage(MqttSubscriberService.java:437) ~[classes/:na]
	at lk.resq.localhub.service.MqttSubscriberService$1.messageArrived(MqttSubscriberService.java:321) ~[classes/:na]
	at org.eclipse.paho.client.mqttv3.internal.CommsCallback.deliverMessage(CommsCallback.java:519) ~[org.eclipse.paho.client.mqttv3-1.2.5.jar:na]
	at org.eclipse.paho.client.mqttv3.internal.CommsCallback.handleMessage(CommsCallback.java:417) ~[org.eclipse.paho.client.mqttv3-1.2.5.jar:na]
	at org.eclipse.paho.client.mqttv3.internal.CommsCallback.run(CommsCallback.java:214) ~[org.eclipse.paho.client.mqttv3-1.2.5.jar:na]
	at java.base/java.lang.Thread.run(Thread.java:840) ~[na:na]

2026-07-28T10:54:53.124+05:30  WARN 37596 --- [hub-api] [y-1785215101795] l.r.l.service.MqttSubscriberService      : Failed to process MQTT payload on topic resq/M01/telemetry. Raw payload: {"device_id":"M01","telemetry_mode":"SENSOR_STREAM","state":"PAIRED_IDLE","pressure_0_kpa":0.697,"pressure_0_kpa_valid":true,"pressure_1_kpa":1.332,"pressure_1_kpa_valid":true,"pressure_2_kpa":1.401,"pressure_2_kpa_valid":true,"pressure_kpa_valid":true,"hall_mm":10.36,"hall_progress":0.352,"hall_mm_valid":true,"pressure_saturation_mask":0,"interval_ms":200,"ts_ms":65595}. Error message: pressure_0_raw is required and must be an integer

java.lang.IllegalArgumentException: pressure_0_raw is required and must be an integer
	at lk.resq.localhub.service.SensorStreamService.requiredInt(SensorStreamService.java:306) ~[classes/:na]
	at lk.resq.localhub.service.SensorStreamService.parseSnapshot(SensorStreamService.java:65) ~[classes/:na]
	at lk.resq.localhub.service.MqttSubscriberService.handleMessage(MqttSubscriberService.java:437) ~[classes/:na]
	at lk.resq.localhub.service.MqttSubscriberService$1.messageArrived(MqttSubscriberService.java:321) ~[classes/:na]
	at org.eclipse.paho.client.mqttv3.internal.CommsCallback.deliverMessage(CommsCallback.java:519) ~[org.eclipse.paho.client.mqttv3-1.2.5.jar:na]
	at org.eclipse.paho.client.mqttv3.internal.CommsCallback.handleMessage(CommsCallback.java:417) ~[org.eclipse.paho.client.mqttv3-1.2.5.jar:na]
	at org.eclipse.paho.client.mqttv3.internal.CommsCallback.run(CommsCallback.java:214) ~[org.eclipse.paho.client.mqttv3-1.2.5.jar:na]
	at java.base/java.lang.Thread.run(Thread.java:840) ~[na:na]

2026-07-28T10:54:53.339+05:30  WARN 37596 --- [hub-api] [y-1785215101795] l.r.l.service.MqttSubscriberService      : Failed to process MQTT payload on topic resq/M01/telemetry. Raw payload: {"device_id":"M01","telemetry_mode":"SENSOR_STREAM","state":"PAIRED_IDLE","pressure_0_kpa":0.685,"pressure_0_kpa_valid":true,"pressure_1_kpa":1.323,"pressure_1_kpa_valid":true,"pressure_2_kpa":1.407,"pressure_2_kpa_valid":true,"pressure_kpa_valid":true,"hall_mm":10.11,"hall_progress":0.343,"hall_mm_valid":true,"pressure_saturation_mask":0,"interval_ms":200,"ts_ms":65801}. Error message: pressure_0_raw is required and must be an integer

java.lang.IllegalArgumentException: pressure_0_raw is required and must be an integer
	at lk.resq.localhub.service.SensorStreamService.requiredInt(SensorStreamService.java:306) ~[classes/:na]
	at lk.resq.localhub.service.SensorStreamService.parseSnapshot(SensorStreamService.java:65) ~[classes/:na]
	at lk.resq.localhub.service.MqttSubscriberService.handleMessage(MqttSubscriberService.java:437) ~[classes/:na]
	at lk.resq.localhub.service.MqttSubscriberService$1.messageArrived(MqttSubscriberService.java:321) ~[classes/:na]
	at org.eclipse.paho.client.mqttv3.internal.CommsCallback.deliverMessage(CommsCallback.java:519) ~[org.eclipse.paho.client.mqttv3-1.2.5.jar:na]
	at org.eclipse.paho.client.mqttv3.internal.CommsCallback.handleMessage(CommsCallback.java:417) ~[org.eclipse.paho.client.mqttv3-1.2.5.jar:na]
	at org.eclipse.paho.client.mqttv3.internal.CommsCallback.run(CommsCallback.java:214) ~[org.eclipse.paho.client.mqttv3-1.2.5.jar:na]
	at java.base/java.lang.Thread.run(Thread.java:840) ~[na:na]

2026-07-28T10:54:53.537+05:30  WARN 37596 --- [hub-api] [y-1785215101795] l.r.l.service.MqttSubscriberService      : Failed to process MQTT payload on topic resq/M01/telemetry. Raw payload: {"device_id":"M01","telemetry_mode":"SENSOR_STREAM","state":"PAIRED_IDLE","pressure_0_kpa":0.68,"pressure_0_kpa_valid":true,"pressure_1_kpa":1.32,"pressure_1_kpa_valid":true,"pressure_2_kpa":1.41,"pressure_2_kpa_valid":true,"pressure_kpa_valid":true,"hall_mm":10,"hall_progress":0.34,"hall_mm_valid":true,"pressure_saturation_mask":0,"interval_ms":200,"ts_ms":66005}. Error message: pressure_0_raw is required and must be an integer

java.lang.IllegalArgumentException: pressure_0_raw is required and must be an integer
	at lk.resq.localhub.service.SensorStreamService.requiredInt(SensorStreamService.java:306) ~[classes/:na]
	at lk.resq.localhub.service.SensorStreamService.parseSnapshot(SensorStreamService.java:65) ~[classes/:na]
	at lk.resq.localhub.service.MqttSubscriberService.handleMessage(MqttSubscriberService.java:437) ~[classes/:na]
	at lk.resq.localhub.service.MqttSubscriberService$1.messageArrived(MqttSubscriberService.java:321) ~[classes/:na]
	at org.eclipse.paho.client.mqttv3.internal.CommsCallback.deliverMessage(CommsCallback.java:519) ~[org.eclipse.paho.client.mqttv3-1.2.5.jar:na]
	at org.eclipse.paho.client.mqttv3.internal.CommsCallback.handleMessage(CommsCallback.java:417) ~[org.eclipse.paho.client.mqttv3-1.2.5.jar:na]
	at org.eclipse.paho.client.mqttv3.internal.CommsCallback.run(CommsCallback.java:214) ~[org.eclipse.paho.client.mqttv3-1.2.5.jar:na]
	at java.base/java.lang.Thread.run(Thread.java:840) ~[na:na]

2026-07-28T10:54:53.740+05:30  WARN 37596 --- [hub-api] [y-1785215101795] l.r.l.service.MqttSubscriberService      : Failed to process MQTT payload on topic resq/M01/telemetry. Raw payload: {"device_id":"M01","telemetry_mode":"SENSOR_STREAM","state":"PAIRED_IDLE","pressure_0_kpa":0.683,"pressure_0_kpa_valid":true,"pressure_1_kpa":1.322,"pressure_1_kpa_valid":true,"pressure_2_kpa":1.409,"pressure_2_kpa_valid":true,"pressure_kpa_valid":true,"hall_mm":10.05,"hall_progress":0.342,"hall_mm_valid":true,"pressure_saturation_mask":0,"interval_ms":200,"ts_ms":66208}. Error message: pressure_0_raw is required and must be an integer

java.lang.IllegalArgumentException: pressure_0_raw is required and must be an integer
	at lk.resq.localhub.service.SensorStreamService.requiredInt(SensorStreamService.java:306) ~[classes/:na]
	at lk.resq.localhub.service.SensorStreamService.parseSnapshot(SensorStreamService.java:65) ~[classes/:na]
	at lk.resq.localhub.service.MqttSubscriberService.handleMessage(MqttSubscriberService.java:437) ~[classes/:na]
	at lk.resq.localhub.service.MqttSubscriberService$1.messageArrived(MqttSubscriberService.java:321) ~[classes/:na]
	at org.eclipse.paho.client.mqttv3.internal.CommsCallback.deliverMessage(CommsCallback.java:519) ~[org.eclipse.paho.client.mqttv3-1.2.5.jar:na]
	at org.eclipse.paho.client.mqttv3.internal.CommsCallback.handleMessage(CommsCallback.java:417) ~[org.eclipse.paho.client.mqttv3-1.2.5.jar:na]
	at org.eclipse.paho.client.mqttv3.internal.CommsCallback.run(CommsCallback.java:214) ~[org.eclipse.paho.client.mqttv3-1.2.5.jar:na]
	at java.base/java.lang.Thread.run(Thread.java:840) ~[na:na]

2026-07-28T10:54:53.946+05:30  WARN 37596 --- [hub-api] [y-1785215101795] l.r.l.service.MqttSubscriberService      : Failed to process MQTT payload on topic resq/M01/telemetry. Raw payload: {"device_id":"M01","telemetry_mode":"SENSOR_STREAM","state":"PAIRED_IDLE","pressure_0_kpa":0.692,"pressure_0_kpa_valid":true,"pressure_1_kpa":1.328,"pressure_1_kpa_valid":true,"pressure_2_kpa":1.404,"pressure_2_kpa_valid":true,"pressure_kpa_valid":true,"hall_mm":10.26,"hall_progress":0.348,"hall_mm_valid":true,"pressure_saturation_mask":2,"interval_ms":200,"ts_ms":66414}. Error message: pressure_0_raw is required and must be an integer

java.lang.IllegalArgumentException: pressure_0_raw is required and must be an integer
	at lk.resq.localhub.service.SensorStreamService.requiredInt(SensorStreamService.java:306) ~[classes/:na]
	at lk.resq.localhub.service.SensorStreamService.parseSnapshot(SensorStreamService.java:65) ~[classes/:na]
	at lk.resq.localhub.service.MqttSubscriberService.handleMessage(MqttSubscriberService.java:437) ~[classes/:na]
	at lk.resq.localhub.service.MqttSubscriberService$1.messageArrived(MqttSubscriberService.java:321) ~[classes/:na]
	at org.eclipse.paho.client.mqttv3.internal.CommsCallback.deliverMessage(CommsCallback.java:519) ~[org.eclipse.paho.client.mqttv3-1.2.5.jar:na]
	at org.eclipse.paho.client.mqttv3.internal.CommsCallback.handleMessage(CommsCallback.java:417) ~[org.eclipse.paho.client.mqttv3-1.2.5.jar:na]
	at org.eclipse.paho.client.mqttv3.internal.CommsCallback.run(CommsCallback.java:214) ~[org.eclipse.paho.client.mqttv3-1.2.5.jar:na]
	at java.base/java.lang.Thread.run(Thread.java:840) ~[na:na]

2026-07-28T10:54:54.159+05:30  WARN 37596 --- [hub-api] [y-1785215101795] l.r.l.service.MqttSubscriberService      : Failed to process MQTT payload on topic resq/M01/telemetry. Raw payload: {"device_id":"M01","telemetry_mode":"SENSOR_STREAM","state":"PAIRED_IDLE","pressure_0_kpa":0.709,"pressure_0_kpa_valid":true,"pressure_1_kpa":1.339,"pressure_1_kpa_valid":false,"pressure_2_kpa":1.396,"pressure_2_kpa_valid":true,"pressure_kpa_valid":false,"hall_mm":10.6,"hall_progress":0.359,"hall_mm_valid":true,"pressure_saturation_mask":0,"interval_ms":200,"ts_ms":66626}. Error message: pressure_0_raw is required and must be an integer

java.lang.IllegalArgumentException: pressure_0_raw is required and must be an integer
	at lk.resq.localhub.service.SensorStreamService.requiredInt(SensorStreamService.java:306) ~[classes/:na]
	at lk.resq.localhub.service.SensorStreamService.parseSnapshot(SensorStreamService.java:65) ~[classes/:na]
	at lk.resq.localhub.service.MqttSubscriberService.handleMessage(MqttSubscriberService.java:437) ~[classes/:na]
	at lk.resq.localhub.service.MqttSubscriberService$1.messageArrived(MqttSubscriberService.java:321) ~[classes/:na]
	at org.eclipse.paho.client.mqttv3.internal.CommsCallback.deliverMessage(CommsCallback.java:519) ~[org.eclipse.paho.client.mqttv3-1.2.5.jar:na]
	at org.eclipse.paho.client.mqttv3.internal.CommsCallback.handleMessage(CommsCallback.java:417) ~[org.eclipse.paho.client.mqttv3-1.2.5.jar:na]
	at org.eclipse.paho.client.mqttv3.internal.CommsCallback.run(CommsCallback.java:214) ~[org.eclipse.paho.client.mqttv3-1.2.5.jar:na]
	at java.base/java.lang.Thread.run(Thread.java:840) ~[na:na]

2026-07-28T10:54:54.364+05:30  WARN 37596 --- [hub-api] [y-1785215101795] l.r.l.service.MqttSubscriberService      : Failed to process MQTT payload on topic resq/M01/telemetry. Raw payload: {"device_id":"M01","telemetry_mode":"SENSOR_STREAM","state":"PAIRED_IDLE","pressure_0_kpa":0.731,"pressure_0_kpa_valid":true,"pressure_1_kpa":1.354,"pressure_1_kpa_valid":true,"pressure_2_kpa":1.385,"pressure_2_kpa_valid":true,"pressure_kpa_valid":true,"hall_mm":11.06,"hall_progress":0.374,"hall_mm_valid":true,"pressure_saturation_mask":0,"interval_ms":200,"ts_ms":66832}. Error message: pressure_0_raw is required and must be an integer

java.lang.IllegalArgumentException: pressure_0_raw is required and must be an integer
	at lk.resq.localhub.service.SensorStreamService.requiredInt(SensorStreamService.java:306) ~[classes/:na]
	at lk.resq.localhub.service.SensorStreamService.parseSnapshot(SensorStreamService.java:65) ~[classes/:na]
	at lk.resq.localhub.service.MqttSubscriberService.handleMessage(MqttSubscriberService.java:437) ~[classes/:na]
	at lk.resq.localhub.service.MqttSubscriberService$1.messageArrived(MqttSubscriberService.java:321) ~[classes/:na]
	at org.eclipse.paho.client.mqttv3.internal.CommsCallback.deliverMessage(CommsCallback.java:519) ~[org.eclipse.paho.client.mqttv3-1.2.5.jar:na]
	at org.eclipse.paho.client.mqttv3.internal.CommsCallback.handleMessage(CommsCallback.java:417) ~[org.eclipse.paho.client.mqttv3-1.2.5.jar:na]
	at org.eclipse.paho.client.mqttv3.internal.CommsCallback.run(CommsCallback.java:214) ~[org.eclipse.paho.client.mqttv3-1.2.5.jar:na]
	at java.base/java.lang.Thread.run(Thread.java:840) ~[na:na]

2026-07-28T10:54:54.568+05:30  WARN 37596 --- [hub-api] [y-1785215101795] l.r.l.service.MqttSubscriberService      : Failed to process MQTT payload on topic resq/M01/telemetry. Raw payload: {"device_id":"M01","telemetry_mode":"SENSOR_STREAM","state":"PAIRED_IDLE","pressure_0_kpa":0.757,"pressure_0_kpa_valid":true,"pressure_1_kpa":1.371,"pressure_1_kpa_valid":true,"pressure_2_kpa":1.371,"pressure_2_kpa_valid":true,"pressure_kpa_valid":true,"hall_mm":11.61,"hall_progress":0.391,"hall_mm_valid":true,"pressure_saturation_mask":0,"interval_ms":200,"ts_ms":67033}. Error message: pressure_0_raw is required and must be an integer

java.lang.IllegalArgumentException: pressure_0_raw is required and must be an integer
	at lk.resq.localhub.service.SensorStreamService.requiredInt(SensorStreamService.java:306) ~[classes/:na]
	at lk.resq.localhub.service.SensorStreamService.parseSnapshot(SensorStreamService.java:65) ~[classes/:na]
	at lk.resq.localhub.service.MqttSubscriberService.handleMessage(MqttSubscriberService.java:437) ~[classes/:na]
	at lk.resq.localhub.service.MqttSubscriberService$1.messageArrived(MqttSubscriberService.java:321) ~[classes/:na]
	at org.eclipse.paho.client.mqttv3.internal.CommsCallback.deliverMessage(CommsCallback.java:519) ~[org.eclipse.paho.client.mqttv3-1.2.5.jar:na]
	at org.eclipse.paho.client.mqttv3.internal.CommsCallback.handleMessage(CommsCallback.java:417) ~[org.eclipse.paho.client.mqttv3-1.2.5.jar:na]
	at org.eclipse.paho.client.mqttv3.internal.CommsCallback.run(CommsCallback.java:214) ~[org.eclipse.paho.client.mqttv3-1.2.5.jar:na]
	at java.base/java.lang.Thread.run(Thread.java:840) ~[na:na]

2026-07-28T10:54:54.780+05:30  WARN 37596 --- [hub-api] [y-1785215101795] l.r.l.service.MqttSubscriberService      : Failed to process MQTT payload on topic resq/M01/telemetry. Raw payload: {"device_id":"M01","telemetry_mode":"SENSOR_STREAM","state":"PAIRED_IDLE","pressure_0_kpa":0.786,"pressure_0_kpa_valid":true,"pressure_1_kpa":1.391,"pressure_1_kpa_valid":true,"pressure_2_kpa":1.357,"pressure_2_kpa_valid":true,"pressure_kpa_valid":true,"hall_mm":12.21,"hall_progress":0.411,"hall_mm_valid":true,"pressure_saturation_mask":0,"interval_ms":200,"ts_ms":67246}. Error message: pressure_0_raw is required and must be an integer

java.lang.IllegalArgumentException: pressure_0_raw is required and must be an integer
	at lk.resq.localhub.service.SensorStreamService.requiredInt(SensorStreamService.java:306) ~[classes/:na]
	at lk.resq.localhub.service.SensorStreamService.parseSnapshot(SensorStreamService.java:65) ~[classes/:na]
	at lk.resq.localhub.service.MqttSubscriberService.handleMessage(MqttSubscriberService.java:437) ~[classes/:na]
	at lk.resq.localhub.service.MqttSubscriberService$1.messageArrived(MqttSubscriberService.java:321) ~[classes/:na]
	at org.eclipse.paho.client.mqttv3.internal.CommsCallback.deliverMessage(CommsCallback.java:519) ~[org.eclipse.paho.client.mqttv3-1.2.5.jar:na]
	at org.eclipse.paho.client.mqttv3.internal.CommsCallback.handleMessage(CommsCallback.java:417) ~[org.eclipse.paho.client.mqttv3-1.2.5.jar:na]
	at org.eclipse.paho.client.mqttv3.internal.CommsCallback.run(CommsCallback.java:214) ~[org.eclipse.paho.client.mqttv3-1.2.5.jar:na]
	at java.base/java.lang.Thread.run(Thread.java:840) ~[na:na]

2026-07-28T10:54:54.985+05:30  WARN 37596 --- [hub-api] [y-1785215101795] l.r.l.service.MqttSubscriberService      : Failed to process MQTT payload on topic resq/M01/telemetry. Raw payload: {"device_id":"M01","telemetry_mode":"SENSOR_STREAM","state":"PAIRED_IDLE","pressure_0_kpa":0.816,"pressure_0_kpa_valid":true,"pressure_1_kpa":1.411,"pressure_1_kpa_valid":true,"pressure_2_kpa":1.342,"pressure_2_kpa_valid":true,"pressure_kpa_valid":true,"hall_mm":12.84,"hall_progress":0.431,"hall_mm_valid":true,"pressure_saturation_mask":0,"interval_ms":200,"ts_ms":67450}. Error message: pressure_0_raw is required and must be an integer

java.lang.IllegalArgumentException: pressure_0_raw is required and must be an integer
	at lk.resq.localhub.service.SensorStreamService.requiredInt(SensorStreamService.java:306) ~[classes/:na]
	at lk.resq.localhub.service.SensorStreamService.parseSnapshot(SensorStreamService.java:65) ~[classes/:na]
	at lk.resq.localhub.service.MqttSubscriberService.handleMessage(MqttSubscriberService.java:437) ~[classes/:na]
	at lk.resq.localhub.service.MqttSubscriberService$1.messageArrived(MqttSubscriberService.java:321) ~[classes/:na]
	at org.eclipse.paho.client.mqttv3.internal.CommsCallback.deliverMessage(CommsCallback.java:519) ~[org.eclipse.paho.client.mqttv3-1.2.5.jar:na]
	at org.eclipse.paho.client.mqttv3.internal.CommsCallback.handleMessage(CommsCallback.java:417) ~[org.eclipse.paho.client.mqttv3-1.2.5.jar:na]
	at org.eclipse.paho.client.mqttv3.internal.CommsCallback.run(CommsCallback.java:214) ~[org.eclipse.paho.client.mqttv3-1.2.5.jar:na]
	at java.base/java.lang.Thread.run(Thread.java:840) ~[na:na]

2026-07-28T10:54:55.192+05:30  WARN 37596 --- [hub-api] [y-1785215101795] l.r.l.service.MqttSubscriberService      : Failed to process MQTT payload on topic resq/M01/telemetry. Raw payload: {"device_id":"M01","telemetry_mode":"SENSOR_STREAM","state":"PAIRED_IDLE","pressure_0_kpa":0.845,"pressure_0_kpa_valid":true,"pressure_1_kpa":1.43,"pressure_1_kpa_valid":true,"pressure_2_kpa":1.327,"pressure_2_kpa_valid":true,"pressure_kpa_valid":true,"hall_mm":13.44,"hall_progress":0.45,"hall_mm_valid":true,"pressure_saturation_mask":0,"interval_ms":200,"ts_ms":67656}. Error message: pressure_0_raw is required and must be an integer

java.lang.IllegalArgumentException: pressure_0_raw is required and must be an integer
	at lk.resq.localhub.service.SensorStreamService.requiredInt(SensorStreamService.java:306) ~[classes/:na]
	at lk.resq.localhub.service.SensorStreamService.parseSnapshot(SensorStreamService.java:65) ~[classes/:na]
	at lk.resq.localhub.service.MqttSubscriberService.handleMessage(MqttSubscriberService.java:437) ~[classes/:na]
	at lk.resq.localhub.service.MqttSubscriberService$1.messageArrived(MqttSubscriberService.java:321) ~[classes/:na]
	at org.eclipse.paho.client.mqttv3.internal.CommsCallback.deliverMessage(CommsCallback.java:519) ~[org.eclipse.paho.client.mqttv3-1.2.5.jar:na]
	at org.eclipse.paho.client.mqttv3.internal.CommsCallback.handleMessage(CommsCallback.java:417) ~[org.eclipse.paho.client.mqttv3-1.2.5.jar:na]
	at org.eclipse.paho.client.mqttv3.internal.CommsCallback.run(CommsCallback.java:214) ~[org.eclipse.paho.client.mqttv3-1.2.5.jar:na]
	at java.base/java.lang.Thread.run(Thread.java:840) ~[na:na]

2026-07-28T10:54:55.396+05:30  WARN 37596 --- [hub-api] [y-1785215101795] l.r.l.service.MqttSubscriberService      : Failed to process MQTT payload on topic resq/M01/telemetry. Raw payload: {"device_id":"M01","telemetry_mode":"SENSOR_STREAM","state":"PAIRED_IDLE","pressure_0_kpa":0.871,"pressure_0_kpa_valid":true,"pressure_1_kpa":1.447,"pressure_1_kpa_valid":true,"pressure_2_kpa":1.314,"pressure_2_kpa_valid":true,"pressure_kpa_valid":true,"hall_mm":13.98,"hall_progress":0.467,"hall_mm_valid":true,"pressure_saturation_mask":0,"interval_ms":200,"ts_ms":67863}. Error message: pressure_0_raw is required and must be an integer

java.lang.IllegalArgumentException: pressure_0_raw is required and must be an integer
	at lk.resq.localhub.service.SensorStreamService.requiredInt(SensorStreamService.java:306) ~[classes/:na]
	at lk.resq.localhub.service.SensorStreamService.parseSnapshot(SensorStreamService.java:65) ~[classes/:na]
	at lk.resq.localhub.service.MqttSubscriberService.handleMessage(MqttSubscriberService.java:437) ~[classes/:na]
	at lk.resq.localhub.service.MqttSubscriberService$1.messageArrived(MqttSubscriberService.java:321) ~[classes/:na]
	at org.eclipse.paho.client.mqttv3.internal.CommsCallback.deliverMessage(CommsCallback.java:519) ~[org.eclipse.paho.client.mqttv3-1.2.5.jar:na]
	at org.eclipse.paho.client.mqttv3.internal.CommsCallback.handleMessage(CommsCallback.java:417) ~[org.eclipse.paho.client.mqttv3-1.2.5.jar:na]
	at org.eclipse.paho.client.mqttv3.internal.CommsCallback.run(CommsCallback.java:214) ~[org.eclipse.paho.client.mqttv3-1.2.5.jar:na]
	at java.base/java.lang.Thread.run(Thread.java:840) ~[na:na]

2026-07-28T10:54:55.603+05:30  WARN 37596 --- [hub-api] [y-1785215101795] l.r.l.service.MqttSubscriberService      : Failed to process MQTT payload on topic resq/M01/telemetry. Raw payload: {"device_id":"M01","telemetry_mode":"SENSOR_STREAM","state":"PAIRED_IDLE","pressure_0_kpa":0.893,"pressure_0_kpa_valid":true,"pressure_1_kpa":1.462,"pressure_1_kpa_valid":true,"pressure_2_kpa":1.304,"pressure_2_kpa_valid":true,"pressure_kpa_valid":true,"hall_mm":14.43,"hall_progress":0.482,"hall_mm_valid":true,"pressure_saturation_mask":0,"interval_ms":200,"ts_ms":68068}. Error message: pressure_0_raw is required and must be an integer

java.lang.IllegalArgumentException: pressure_0_raw is required and must be an integer
	at lk.resq.localhub.service.SensorStreamService.requiredInt(SensorStreamService.java:306) ~[classes/:na]
	at lk.resq.localhub.service.SensorStreamService.parseSnapshot(SensorStreamService.java:65) ~[classes/:na]
	at lk.resq.localhub.service.MqttSubscriberService.handleMessage(MqttSubscriberService.java:437) ~[classes/:na]
	at lk.resq.localhub.service.MqttSubscriberService$1.messageArrived(MqttSubscriberService.java:321) ~[classes/:na]
	at org.eclipse.paho.client.mqttv3.internal.CommsCallback.deliverMessage(CommsCallback.java:519) ~[org.eclipse.paho.client.mqttv3-1.2.5.jar:na]
	at org.eclipse.paho.client.mqttv3.internal.CommsCallback.handleMessage(CommsCallback.java:417) ~[org.eclipse.paho.client.mqttv3-1.2.5.jar:na]
	at org.eclipse.paho.client.mqttv3.internal.CommsCallback.run(CommsCallback.java:214) ~[org.eclipse.paho.client.mqttv3-1.2.5.jar:na]
	at java.base/java.lang.Thread.run(Thread.java:840) ~[na:na]

2026-07-28T10:54:55.822+05:30  WARN 37596 --- [hub-api] [y-1785215101795] l.r.l.service.MqttSubscriberService      : Failed to process MQTT payload on topic resq/M01/telemetry. Raw payload: {"device_id":"M01","telemetry_mode":"SENSOR_STREAM","state":"PAIRED_IDLE","pressure_0_kpa":0.909,"pressure_0_kpa_valid":true,"pressure_1_kpa":1.473,"pressure_1_kpa_valid":true,"pressure_2_kpa":1.296,"pressure_2_kpa_valid":true,"pressure_kpa_valid":true,"hall_mm":14.77,"hall_progress":0.493,"hall_mm_valid":true,"pressure_saturation_mask":0,"interval_ms":200,"ts_ms":68283}. Error message: pressure_0_raw is required and must be an integer

java.lang.IllegalArgumentException: pressure_0_raw is required and must be an integer
	at lk.resq.localhub.service.SensorStreamService.requiredInt(SensorStreamService.java:306) ~[classes/:na]
	at lk.resq.localhub.service.SensorStreamService.parseSnapshot(SensorStreamService.java:65) ~[classes/:na]
	at lk.resq.localhub.service.MqttSubscriberService.handleMessage(MqttSubscriberService.java:437) ~[classes/:na]
	at lk.resq.localhub.service.MqttSubscriberService$1.messageArrived(MqttSubscriberService.java:321) ~[classes/:na]
	at org.eclipse.paho.client.mqttv3.internal.CommsCallback.deliverMessage(CommsCallback.java:519) ~[org.eclipse.paho.client.mqttv3-1.2.5.jar:na]
	at org.eclipse.paho.client.mqttv3.internal.CommsCallback.handleMessage(CommsCallback.java:417) ~[org.eclipse.paho.client.mqttv3-1.2.5.jar:na]
	at org.eclipse.paho.client.mqttv3.internal.CommsCallback.run(CommsCallback.java:214) ~[org.eclipse.paho.client.mqttv3-1.2.5.jar:na]
	at java.base/java.lang.Thread.run(Thread.java:840) ~[na:na]

2026-07-28T10:54:56.030+05:30  WARN 37596 --- [hub-api] [y-1785215101795] l.r.l.service.MqttSubscriberService      : Failed to process MQTT payload on topic resq/M01/telemetry. Raw payload: {"device_id":"M01","telemetry_mode":"SENSOR_STREAM","state":"PAIRED_IDLE","pressure_0_kpa":0.918,"pressure_0_kpa_valid":true,"pressure_1_kpa":1.479,"pressure_1_kpa_valid":true,"pressure_2_kpa":1.291,"pressure_2_kpa_valid":true,"pressure_kpa_valid":true,"hall_mm":14.96,"hall_progress":0.499,"hall_mm_valid":true,"pressure_saturation_mask":0,"interval_ms":200,"ts_ms":68495}. Error message: pressure_0_raw is required and must be an integer

java.lang.IllegalArgumentException: pressure_0_raw is required and must be an integer
	at lk.resq.localhub.service.SensorStreamService.requiredInt(SensorStreamService.java:306) ~[classes/:na]
	at lk.resq.localhub.service.SensorStreamService.parseSnapshot(SensorStreamService.java:65) ~[classes/:na]
	at lk.resq.localhub.service.MqttSubscriberService.handleMessage(MqttSubscriberService.java:437) ~[classes/:na]
	at lk.resq.localhub.service.MqttSubscriberService$1.messageArrived(MqttSubscriberService.java:321) ~[classes/:na]
	at org.eclipse.paho.client.mqttv3.internal.CommsCallback.deliverMessage(CommsCallback.java:519) ~[org.eclipse.paho.client.mqttv3-1.2.5.jar:na]
	at org.eclipse.paho.client.mqttv3.internal.CommsCallback.handleMessage(CommsCallback.java:417) ~[org.eclipse.paho.client.mqttv3-1.2.5.jar:na]
	at org.eclipse.paho.client.mqttv3.internal.CommsCallback.run(CommsCallback.java:214) ~[org.eclipse.paho.client.mqttv3-1.2.5.jar:na]
	at java.base/java.lang.Thread.run(Thread.java:840) ~[na:na]

2026-07-28T10:54:56.243+05:30  WARN 37596 --- [hub-api] [y-1785215101795] l.r.l.service.MqttSubscriberService      : Failed to process MQTT payload on topic resq/M01/telemetry. Raw payload: {"device_id":"M01","telemetry_mode":"SENSOR_STREAM","state":"PAIRED_IDLE","pressure_0_kpa":0.92,"pressure_0_kpa_valid":true,"pressure_1_kpa":1.48,"pressure_1_kpa_valid":true,"pressure_2_kpa":1.29,"pressure_2_kpa_valid":true,"pressure_kpa_valid":true,"hall_mm":14.99,"hall_progress":0.5,"hall_mm_valid":true,"pressure_saturation_mask":0,"interval_ms":200,"ts_ms":68709}. Error message: pressure_0_raw is required and must be an integer

java.lang.IllegalArgumentException: pressure_0_raw is required and must be an integer
	at lk.resq.localhub.service.SensorStreamService.requiredInt(SensorStreamService.java:306) ~[classes/:na]
	at lk.resq.localhub.service.SensorStreamService.parseSnapshot(SensorStreamService.java:65) ~[classes/:na]
	at lk.resq.localhub.service.MqttSubscriberService.handleMessage(MqttSubscriberService.java:437) ~[classes/:na]
	at lk.resq.localhub.service.MqttSubscriberService$1.messageArrived(MqttSubscriberService.java:321) ~[classes/:na]
	at org.eclipse.paho.client.mqttv3.internal.CommsCallback.deliverMessage(CommsCallback.java:519) ~[org.eclipse.paho.client.mqttv3-1.2.5.jar:na]
	at org.eclipse.paho.client.mqttv3.internal.CommsCallback.handleMessage(CommsCallback.java:417) ~[org.eclipse.paho.client.mqttv3-1.2.5.jar:na]
	at org.eclipse.paho.client.mqttv3.internal.CommsCallback.run(CommsCallback.java:214) ~[org.eclipse.paho.client.mqttv3-1.2.5.jar:na]
	at java.base/java.lang.Thread.run(Thread.java:840) ~[na:na]

2026-07-28T10:54:56.447+05:30  WARN 37596 --- [hub-api] [y-1785215101795] l.r.l.service.MqttSubscriberService      : Failed to process MQTT payload on topic resq/M01/telemetry. Raw payload: {"device_id":"M01","telemetry_mode":"SENSOR_STREAM","state":"PAIRED_IDLE","pressure_0_kpa":0.914,"pressure_0_kpa_valid":true,"pressure_1_kpa":1.476,"pressure_1_kpa_valid":true,"pressure_2_kpa":1.293,"pressure_2_kpa_valid":true,"pressure_kpa_valid":true,"hall_mm":14.88,"hall_progress":0.496,"hall_mm_valid":true,"pressure_saturation_mask":0,"interval_ms":200,"ts_ms":68911}. Error message: pressure_0_raw is required and must be an integer

java.lang.IllegalArgumentException: pressure_0_raw is required and must be an integer
	at lk.resq.localhub.service.SensorStreamService.requiredInt(SensorStreamService.java:306) ~[classes/:na]
	at lk.resq.localhub.service.SensorStreamService.parseSnapshot(SensorStreamService.java:65) ~[classes/:na]
	at lk.resq.localhub.service.MqttSubscriberService.handleMessage(MqttSubscriberService.java:437) ~[classes/:na]
	at lk.resq.localhub.service.MqttSubscriberService$1.messageArrived(MqttSubscriberService.java:321) ~[classes/:na]
	at org.eclipse.paho.client.mqttv3.internal.CommsCallback.deliverMessage(CommsCallback.java:519) ~[org.eclipse.paho.client.mqttv3-1.2.5.jar:na]
	at org.eclipse.paho.client.mqttv3.internal.CommsCallback.handleMessage(CommsCallback.java:417) ~[org.eclipse.paho.client.mqttv3-1.2.5.jar:na]
	at org.eclipse.paho.client.mqttv3.internal.CommsCallback.run(CommsCallback.java:214) ~[org.eclipse.paho.client.mqttv3-1.2.5.jar:na]
	at java.base/java.lang.Thread.run(Thread.java:840) ~[na:na]

2026-07-28T10:54:56.650+05:30  WARN 37596 --- [hub-api] [y-1785215101795] l.r.l.service.MqttSubscriberService      : Failed to process MQTT payload on topic resq/M01/telemetry. Raw payload: {"device_id":"M01","telemetry_mode":"SENSOR_STREAM","state":"PAIRED_IDLE","pressure_0_kpa":0.901,"pressure_0_kpa_valid":true,"pressure_1_kpa":1.468,"pressure_1_kpa_valid":true,"pressure_2_kpa":1.299,"pressure_2_kpa_valid":true,"pressure_kpa_valid":true,"hall_mm":14.61,"hall_progress":0.488,"hall_mm_valid":true,"pressure_saturation_mask":0,"interval_ms":200,"ts_ms":69115}. Error message: pressure_0_raw is required and must be an integer

java.lang.IllegalArgumentException: pressure_0_raw is required and must be an integer
	at lk.resq.localhub.service.SensorStreamService.requiredInt(SensorStreamService.java:306) ~[classes/:na]
	at lk.resq.localhub.service.SensorStreamService.parseSnapshot(SensorStreamService.java:65) ~[classes/:na]
	at lk.resq.localhub.service.MqttSubscriberService.handleMessage(MqttSubscriberService.java:437) ~[classes/:na]
	at lk.resq.localhub.service.MqttSubscriberService$1.messageArrived(MqttSubscriberService.java:321) ~[classes/:na]
	at org.eclipse.paho.client.mqttv3.internal.CommsCallback.deliverMessage(CommsCallback.java:519) ~[org.eclipse.paho.client.mqttv3-1.2.5.jar:na]
	at org.eclipse.paho.client.mqttv3.internal.CommsCallback.handleMessage(CommsCallback.java:417) ~[org.eclipse.paho.client.mqttv3-1.2.5.jar:na]
	at org.eclipse.paho.client.mqttv3.internal.CommsCallback.run(CommsCallback.java:214) ~[org.eclipse.paho.client.mqttv3-1.2.5.jar:na]
	at java.base/java.lang.Thread.run(Thread.java:840) ~[na:na]

2026-07-28T10:54:56.852+05:30  WARN 37596 --- [hub-api] [y-1785215101795] l.r.l.service.MqttSubscriberService      : Failed to process MQTT payload on topic resq/M01/telemetry. Raw payload: {"device_id":"M01","telemetry_mode":"SENSOR_STREAM","state":"PAIRED_IDLE","pressure_0_kpa":0.882,"pressure_0_kpa_valid":true,"pressure_1_kpa":1.455,"pressure_1_kpa_valid":false,"pressure_2_kpa":1.309,"pressure_2_kpa_valid":true,"pressure_kpa_valid":false,"hall_mm":14.22,"hall_progress":0.475,"hall_mm_valid":true,"pressure_saturation_mask":0,"interval_ms":200,"ts_ms":69318}. Error message: pressure_0_raw is required and must be an integer

java.lang.IllegalArgumentException: pressure_0_raw is required and must be an integer
	at lk.resq.localhub.service.SensorStreamService.requiredInt(SensorStreamService.java:306) ~[classes/:na]
	at lk.resq.localhub.service.SensorStreamService.parseSnapshot(SensorStreamService.java:65) ~[classes/:na]
	at lk.resq.localhub.service.MqttSubscriberService.handleMessage(MqttSubscriberService.java:437) ~[classes/:na]
	at lk.resq.localhub.service.MqttSubscriberService$1.messageArrived(MqttSubscriberService.java:321) ~[classes/:na]
	at org.eclipse.paho.client.mqttv3.internal.CommsCallback.deliverMessage(CommsCallback.java:519) ~[org.eclipse.paho.client.mqttv3-1.2.5.jar:na]
	at org.eclipse.paho.client.mqttv3.internal.CommsCallback.handleMessage(CommsCallback.java:417) ~[org.eclipse.paho.client.mqttv3-1.2.5.jar:na]
	at org.eclipse.paho.client.mqttv3.internal.CommsCallback.run(CommsCallback.java:214) ~[org.eclipse.paho.client.mqttv3-1.2.5.jar:na]
	at java.base/java.lang.Thread.run(Thread.java:840) ~[na:na]

2026-07-28T10:54:57.060+05:30  WARN 37596 --- [hub-api] [y-1785215101795] l.r.l.service.MqttSubscriberService      : Failed to process MQTT payload on topic resq/M01/telemetry. Raw payload: {"device_id":"M01","telemetry_mode":"SENSOR_STREAM","state":"PAIRED_IDLE","pressure_0_kpa":0.858,"pressure_0_kpa_valid":true,"pressure_1_kpa":1.439,"pressure_1_kpa_valid":true,"pressure_2_kpa":1.321,"pressure_2_kpa_valid":true,"pressure_kpa_valid":true,"hall_mm":13.71,"hall_progress":0.459,"hall_mm_valid":true,"pressure_saturation_mask":0,"interval_ms":200,"ts_ms":69533}. Error message: pressure_0_raw is required and must be an integer

java.lang.IllegalArgumentException: pressure_0_raw is required and must be an integer
	at lk.resq.localhub.service.SensorStreamService.requiredInt(SensorStreamService.java:306) ~[classes/:na]
	at lk.resq.localhub.service.SensorStreamService.parseSnapshot(SensorStreamService.java:65) ~[classes/:na]
	at lk.resq.localhub.service.MqttSubscriberService.handleMessage(MqttSubscriberService.java:437) ~[classes/:na]
	at lk.resq.localhub.service.MqttSubscriberService$1.messageArrived(MqttSubscriberService.java:321) ~[classes/:na]
	at org.eclipse.paho.client.mqttv3.internal.CommsCallback.deliverMessage(CommsCallback.java:519) ~[org.eclipse.paho.client.mqttv3-1.2.5.jar:na]
	at org.eclipse.paho.client.mqttv3.internal.CommsCallback.handleMessage(CommsCallback.java:417) ~[org.eclipse.paho.client.mqttv3-1.2.5.jar:na]
	at org.eclipse.paho.client.mqttv3.internal.CommsCallback.run(CommsCallback.java:214) ~[org.eclipse.paho.client.mqttv3-1.2.5.jar:na]
	at java.base/java.lang.Thread.run(Thread.java:840) ~[na:na]

2026-07-28T10:54:57.264+05:30  WARN 37596 --- [hub-api] [y-1785215101795] l.r.l.service.MqttSubscriberService      : Failed to process MQTT payload on topic resq/M01/telemetry. Raw payload: {"device_id":"M01","telemetry_mode":"SENSOR_STREAM","state":"PAIRED_IDLE","pressure_0_kpa":0.83,"pressure_0_kpa_valid":true,"pressure_1_kpa":1.42,"pressure_1_kpa_valid":true,"pressure_2_kpa":1.335,"pressure_2_kpa_valid":true,"pressure_kpa_valid":true,"hall_mm":13.13,"hall_progress":0.44,"hall_mm_valid":true,"pressure_saturation_mask":0,"interval_ms":200,"ts_ms":69740}. Error message: pressure_0_raw is required and must be an integer

java.lang.IllegalArgumentException: pressure_0_raw is required and must be an integer
	at lk.resq.localhub.service.SensorStreamService.requiredInt(SensorStreamService.java:306) ~[classes/:na]
	at lk.resq.localhub.service.SensorStreamService.parseSnapshot(SensorStreamService.java:65) ~[classes/:na]
	at lk.resq.localhub.service.MqttSubscriberService.handleMessage(MqttSubscriberService.java:437) ~[classes/:na]
	at lk.resq.localhub.service.MqttSubscriberService$1.messageArrived(MqttSubscriberService.java:321) ~[classes/:na]
	at org.eclipse.paho.client.mqttv3.internal.CommsCallback.deliverMessage(CommsCallback.java:519) ~[org.eclipse.paho.client.mqttv3-1.2.5.jar:na]
	at org.eclipse.paho.client.mqttv3.internal.CommsCallback.handleMessage(CommsCallback.java:417) ~[org.eclipse.paho.client.mqttv3-1.2.5.jar:na]
	at org.eclipse.paho.client.mqttv3.internal.CommsCallback.run(CommsCallback.java:214) ~[org.eclipse.paho.client.mqttv3-1.2.5.jar:na]
	at java.base/java.lang.Thread.run(Thread.java:840) ~[na:na]

2026-07-28T10:54:57.487+05:30  WARN 37596 --- [hub-api] [y-1785215101795] l.r.l.service.MqttSubscriberService      : Failed to process MQTT payload on topic resq/M01/telemetry. Raw payload: {"device_id":"M01","telemetry_mode":"SENSOR_STREAM","state":"PAIRED_IDLE","pressure_0_kpa":0.801,"pressure_0_kpa_valid":true,"pressure_1_kpa":1.401,"pressure_1_kpa_valid":true,"pressure_2_kpa":1.35,"pressure_2_kpa_valid":true,"pressure_kpa_valid":true,"hall_mm":12.52,"hall_progress":0.421,"hall_mm_valid":true,"pressure_saturation_mask":2,"interval_ms":200,"ts_ms":69954}. Error message: pressure_0_raw is required and must be an integer

java.lang.IllegalArgumentException: pressure_0_raw is required and must be an integer
	at lk.resq.localhub.service.SensorStreamService.requiredInt(SensorStreamService.java:306) ~[classes/:na]
	at lk.resq.localhub.service.SensorStreamService.parseSnapshot(SensorStreamService.java:65) ~[classes/:na]
	at lk.resq.localhub.service.MqttSubscriberService.handleMessage(MqttSubscriberService.java:437) ~[classes/:na]
	at lk.resq.localhub.service.MqttSubscriberService$1.messageArrived(MqttSubscriberService.java:321) ~[classes/:na]
	at org.eclipse.paho.client.mqttv3.internal.CommsCallback.deliverMessage(CommsCallback.java:519) ~[org.eclipse.paho.client.mqttv3-1.2.5.jar:na]
	at org.eclipse.paho.client.mqttv3.internal.CommsCallback.handleMessage(CommsCallback.java:417) ~[org.eclipse.paho.client.mqttv3-1.2.5.jar:na]
	at org.eclipse.paho.client.mqttv3.internal.CommsCallback.run(CommsCallback.java:214) ~[org.eclipse.paho.client.mqttv3-1.2.5.jar:na]
	at java.base/java.lang.Thread.run(Thread.java:840) ~[na:na]

2026-07-28T10:54:57.696+05:30  WARN 37596 --- [hub-api] [y-1785215101795] l.r.l.service.MqttSubscriberService      : Failed to process MQTT payload on topic resq/M01/telemetry. Raw payload: {"device_id":"M01","telemetry_mode":"SENSOR_STREAM","state":"PAIRED_IDLE","pressure_0_kpa":0.771,"pressure_0_kpa_valid":true,"pressure_1_kpa":1.381,"pressure_1_kpa_valid":true,"pressure_2_kpa":1.364,"pressure_2_kpa_valid":true,"pressure_kpa_valid":true,"hall_mm":11.9,"hall_progress":0.401,"hall_mm_valid":true,"pressure_saturation_mask":0,"interval_ms":200,"ts_ms":70161}. Error message: pressure_0_raw is required and must be an integer

java.lang.IllegalArgumentException: pressure_0_raw is required and must be an integer
	at lk.resq.localhub.service.SensorStreamService.requiredInt(SensorStreamService.java:306) ~[classes/:na]
	at lk.resq.localhub.service.SensorStreamService.parseSnapshot(SensorStreamService.java:65) ~[classes/:na]
	at lk.resq.localhub.service.MqttSubscriberService.handleMessage(MqttSubscriberService.java:437) ~[classes/:na]
	at lk.resq.localhub.service.MqttSubscriberService$1.messageArrived(MqttSubscriberService.java:321) ~[classes/:na]
	at org.eclipse.paho.client.mqttv3.internal.CommsCallback.deliverMessage(CommsCallback.java:519) ~[org.eclipse.paho.client.mqttv3-1.2.5.jar:na]
	at org.eclipse.paho.client.mqttv3.internal.CommsCallback.handleMessage(CommsCallback.java:417) ~[org.eclipse.paho.client.mqttv3-1.2.5.jar:na]
	at org.eclipse.paho.client.mqttv3.internal.CommsCallback.run(CommsCallback.java:214) ~[org.eclipse.paho.client.mqttv3-1.2.5.jar:na]
	at java.base/java.lang.Thread.run(Thread.java:840) ~[na:na]

2026-07-28T10:54:57.901+05:30  WARN 37596 --- [hub-api] [y-1785215101795] l.r.l.service.MqttSubscriberService      : Failed to process MQTT payload on topic resq/M01/telemetry. Raw payload: {"device_id":"M01","telemetry_mode":"SENSOR_STREAM","state":"PAIRED_IDLE","pressure_0_kpa":0.743,"pressure_0_kpa_valid":true,"pressure_1_kpa":1.362,"pressure_1_kpa_valid":true,"pressure_2_kpa":1.378,"pressure_2_kpa_valid":true,"pressure_kpa_valid":true,"hall_mm":11.32,"hall_progress":0.382,"hall_mm_valid":true,"pressure_saturation_mask":0,"interval_ms":200,"ts_ms":70365}. Error message: pressure_0_raw is required and must be an integer

java.lang.IllegalArgumentException: pressure_0_raw is required and must be an integer
	at lk.resq.localhub.service.SensorStreamService.requiredInt(SensorStreamService.java:306) ~[classes/:na]
	at lk.resq.localhub.service.SensorStreamService.parseSnapshot(SensorStreamService.java:65) ~[classes/:na]
	at lk.resq.localhub.service.MqttSubscriberService.handleMessage(MqttSubscriberService.java:437) ~[classes/:na]
	at lk.resq.localhub.service.MqttSubscriberService$1.messageArrived(MqttSubscriberService.java:321) ~[classes/:na]
	at org.eclipse.paho.client.mqttv3.internal.CommsCallback.deliverMessage(CommsCallback.java:519) ~[org.eclipse.paho.client.mqttv3-1.2.5.jar:na]
	at org.eclipse.paho.client.mqttv3.internal.CommsCallback.handleMessage(CommsCallback.java:417) ~[org.eclipse.paho.client.mqttv3-1.2.5.jar:na]
	at org.eclipse.paho.client.mqttv3.internal.CommsCallback.run(CommsCallback.java:214) ~[org.eclipse.paho.client.mqttv3-1.2.5.jar:na]
	at java.base/java.lang.Thread.run(Thread.java:840) ~[na:na]

2026-07-28T10:54:58.102+05:30  WARN 37596 --- [hub-api] [y-1785215101795] l.r.l.service.MqttSubscriberService      : Failed to process MQTT payload on topic resq/M01/telemetry. Raw payload: {"device_id":"M01","telemetry_mode":"SENSOR_STREAM","state":"PAIRED_IDLE","pressure_0_kpa":0.719,"pressure_0_kpa_valid":true,"pressure_1_kpa":1.346,"pressure_1_kpa_valid":true,"pressure_2_kpa":1.391,"pressure_2_kpa_valid":true,"pressure_kpa_valid":true,"hall_mm":10.81,"hall_progress":0.366,"hall_mm_valid":true,"pressure_saturation_mask":0,"interval_ms":200,"ts_ms":70568}. Error message: pressure_0_raw is required and must be an integer

java.lang.IllegalArgumentException: pressure_0_raw is required and must be an integer
	at lk.resq.localhub.service.SensorStreamService.requiredInt(SensorStreamService.java:306) ~[classes/:na]
	at lk.resq.localhub.service.SensorStreamService.parseSnapshot(SensorStreamService.java:65) ~[classes/:na]
	at lk.resq.localhub.service.MqttSubscriberService.handleMessage(MqttSubscriberService.java:437) ~[classes/:na]
	at lk.resq.localhub.service.MqttSubscriberService$1.messageArrived(MqttSubscriberService.java:321) ~[classes/:na]
	at org.eclipse.paho.client.mqttv3.internal.CommsCallback.deliverMessage(CommsCallback.java:519) ~[org.eclipse.paho.client.mqttv3-1.2.5.jar:na]
	at org.eclipse.paho.client.mqttv3.internal.CommsCallback.handleMessage(CommsCallback.java:417) ~[org.eclipse.paho.client.mqttv3-1.2.5.jar:na]
	at org.eclipse.paho.client.mqttv3.internal.CommsCallback.run(CommsCallback.java:214) ~[org.eclipse.paho.client.mqttv3-1.2.5.jar:na]
	at java.base/java.lang.Thread.run(Thread.java:840) ~[na:na]

2026-07-28T10:54:58.128+05:30  INFO 37596 --- [hub-api] [y-1785215101795] l.r.l.service.MqttSubscriberService      : Observed firmware reply phase03-telemetry-stop on resq/M01/events but no matching command request was found
2026-07-28T10:54:58.405+05:30  INFO 37596 --- [hub-api] [io-18080-exec-2] l.r.l.service.HubServiceInfoService      : MQTT internal URL: tcp://127.0.0.1:1883
2026-07-28T10:54:58.408+05:30  INFO 37596 --- [hub-api] [io-18080-exec-2] l.r.l.service.HubServiceInfoService      : MQTT advertised/public host: 192.168.8.187:1883
2026-07-28T10:54:58.411+05:30  INFO 37596 --- [hub-api] [io-18080-exec-2] l.r.l.service.HubServiceInfoService      : Backend advertised URL: http://192.168.8.187:18080
2026-07-28T10:55:43.491+05:30  INFO 37596 --- [hub-api] [o-18080-exec-10] l.r.l.service.HubServiceInfoService      : MQTT internal URL: tcp://127.0.0.1:1883
2026-07-28T10:55:43.493+05:30  INFO 37596 --- [hub-api] [o-18080-exec-10] l.r.l.service.HubServiceInfoService      : MQTT advertised/public host: 192.168.8.187:1883
2026-07-28T10:55:43.493+05:30  INFO 37596 --- [hub-api] [o-18080-exec-10] l.r.l.service.HubServiceInfoService      : Backend advertised URL: http://192.168.8.187:18080
