1785215094: mosquitto version 2.1.2 starting
1785215094: Config loaded from <repo>\code\resq-localhub\infra\mosquitto\mosquitto.conf.
1785215094: Bridge support available.
1785215094: Persistence support available.
1785215094: TLS support available.
1785215094: TLS-PSK support available.
1785215094: Websockets support available.
1785215094: Opening ipv4 listen socket on port 1883.
1785215094: Opening ipv4 listen socket on port 9001.
1785215094: mosquitto version 2.1.2 running
1785215101: New connection from 127.0.0.1:64981 on port 1883.
1785215101: New connection from 127.0.0.1:64982 on port 1883.
1785215101: New client connected from 127.0.0.1:64981 as hub-api-session-commands-1785215101465 (p4, c1, k60).
1785215101: No will message specified.
1785215101: Sending CONNACK to hub-api-session-commands-1785215101465 (0, 0)
1785215102: New client connected from 127.0.0.1:64982 as hub-api-live-registry-1785215101795 (p4, c1, k60).
1785215102: No will message specified.
1785215102: Sending CONNACK to hub-api-live-registry-1785215101795 (0, 0)
1785215102: Received SUBSCRIBE from hub-api-live-registry-1785215101795
1785215102: 	resq/+/status (QoS 1)
1785215102: hub-api-live-registry-1785215101795 1 resq/+/status
1785215102: Sending SUBACK to hub-api-live-registry-1785215101795
1785215102: Received SUBSCRIBE from hub-api-live-registry-1785215101795
1785215102: 	resq/+/heartbeat (QoS 0)
1785215102: hub-api-live-registry-1785215101795 0 resq/+/heartbeat
1785215102: Sending SUBACK to hub-api-live-registry-1785215101795
1785215102: Received SUBSCRIBE from hub-api-live-registry-1785215101795
1785215102: 	resq/+/telemetry (QoS 0)
1785215102: hub-api-live-registry-1785215101795 0 resq/+/telemetry
1785215102: Sending SUBACK to hub-api-live-registry-1785215101795
1785215102: Received SUBSCRIBE from hub-api-live-registry-1785215101795
1785215102: 	resq/+/debug (QoS 0)
1785215102: hub-api-live-registry-1785215101795 0 resq/+/debug
1785215102: Sending SUBACK to hub-api-live-registry-1785215101795
1785215102: Received SUBSCRIBE from hub-api-live-registry-1785215101795
1785215102: 	resq/+/events (QoS 1)
1785215102: hub-api-live-registry-1785215101795 1 resq/+/events
1785215102: Sending SUBACK to hub-api-live-registry-1785215101795
1785215102: Received SUBSCRIBE from hub-api-live-registry-1785215101795
1785215102: 	resq/+/events/calibration (QoS 1)
1785215102: hub-api-live-registry-1785215101795 1 resq/+/events/calibration
1785215102: Sending SUBACK to hub-api-live-registry-1785215101795
1785215102: Received SUBSCRIBE from hub-api-live-registry-1785215101795
1785215102: 	resq/+/events/error (QoS 1)
1785215102: hub-api-live-registry-1785215101795 1 resq/+/events/error
1785215102: Sending SUBACK to hub-api-live-registry-1785215101795
1785215102: Received SUBSCRIBE from hub-api-live-registry-1785215101795
1785215102: 	resq/manikins/+/status (QoS 1)
1785215102: hub-api-live-registry-1785215101795 1 resq/manikins/+/status
1785215102: Sending SUBACK to hub-api-live-registry-1785215101795
1785215102: Received SUBSCRIBE from hub-api-live-registry-1785215101795
1785215102: 	resq/manikins/+/heartbeat (QoS 0)
1785215102: hub-api-live-registry-1785215101795 0 resq/manikins/+/heartbeat
1785215102: Sending SUBACK to hub-api-live-registry-1785215101795
1785215102: Received SUBSCRIBE from hub-api-live-registry-1785215101795
1785215102: 	resq/manikins/+/telemetry (QoS 0)
1785215102: hub-api-live-registry-1785215101795 0 resq/manikins/+/telemetry
1785215102: Sending SUBACK to hub-api-live-registry-1785215101795
1785215102: Received SUBSCRIBE from hub-api-live-registry-1785215101795
1785215102: 	resq/manikins/+/debug (QoS 0)
1785215102: hub-api-live-registry-1785215101795 0 resq/manikins/+/debug
1785215102: Sending SUBACK to hub-api-live-registry-1785215101795
1785215102: Received SUBSCRIBE from hub-api-live-registry-1785215101795
1785215102: 	resq/manikins/+/events (QoS 1)
1785215102: hub-api-live-registry-1785215101795 1 resq/manikins/+/events
1785215102: Sending SUBACK to hub-api-live-registry-1785215101795
1785215102: Received SUBSCRIBE from hub-api-live-registry-1785215101795
1785215102: 	resq/manikins/+/events/calibration (QoS 1)
1785215102: hub-api-live-registry-1785215101795 1 resq/manikins/+/events/calibration
1785215102: Sending SUBACK to hub-api-live-registry-1785215101795
1785215102: Received SUBSCRIBE from hub-api-live-registry-1785215101795
1785215102: 	resq/manikins/+/events/error (QoS 1)
1785215102: hub-api-live-registry-1785215101795 1 resq/manikins/+/events/error
1785215102: Sending SUBACK to hub-api-live-registry-1785215101795
1785215102: Received SUBSCRIBE from hub-api-live-registry-1785215101795
1785215102: 	resq/manikins/+/live (QoS 0)
1785215102: hub-api-live-registry-1785215101795 0 resq/manikins/+/live
1785215102: Sending SUBACK to hub-api-live-registry-1785215101795
1785215161: Received PINGREQ from hub-api-session-commands-1785215101465
1785215161: Sending PINGRESP to hub-api-session-commands-1785215101465
1785215162: Received PINGREQ from hub-api-live-registry-1785215101795
1785215162: Sending PINGRESP to hub-api-live-registry-1785215101795
1785215221: New connection from 127.0.0.1:62696 on port 1883.
1785215221: New client connected from 127.0.0.1:62696 as resq-firmware-sim-M01-ms471s3o (p4, c1, k60).
1785215221: No will message specified.
1785215221: Sending CONNACK to resq-firmware-sim-M01-ms471s3o (0, 0)
1785215221: Received SUBSCRIBE from resq-firmware-sim-M01-ms471s3o
1785215221: 	resq/M01/cmd/# (QoS 0)
1785215221: resq-firmware-sim-M01-ms471s3o 0 resq/M01/cmd/#
1785215221: Sending SUBACK to resq-firmware-sim-M01-ms471s3o
1785215221: Received PUBLISH from resq-firmware-sim-M01-ms471s3o (d0, q0, r1, m0, 'resq/M01/status', ... (138 bytes))
1785215221: Sending PUBLISH to hub-api-live-registry-1785215101795 (d0, q0, r0, m0, 'resq/M01/status', ... (138 bytes))
1785215221: Received PUBLISH from resq-firmware-sim-M01-ms471s3o (d0, q0, r0, m0, 'resq/M01/heartbeat', ... (202 bytes))
1785215221: Sending PUBLISH to hub-api-live-registry-1785215101795 (d0, q0, r0, m0, 'resq/M01/heartbeat', ... (202 bytes))
1785215221: Received PINGREQ from hub-api-session-commands-1785215101465
1785215221: Sending PINGRESP to hub-api-session-commands-1785215101465
1785215222: Received PINGREQ from hub-api-live-registry-1785215101795
1785215222: Sending PINGRESP to hub-api-live-registry-1785215101795
1785215222: Received PUBLISH from resq-firmware-sim-M01-ms471s3o (d0, q0, r0, m0, 'resq/M01/heartbeat', ... (204 bytes))
1785215222: Sending PUBLISH to hub-api-live-registry-1785215101795 (d0, q0, r0, m0, 'resq/M01/heartbeat', ... (204 bytes))
1785215223: Received PUBLISH from resq-firmware-sim-M01-ms471s3o (d0, q0, r0, m0, 'resq/M01/heartbeat', ... (204 bytes))
1785215223: Sending PUBLISH to hub-api-live-registry-1785215101795 (d0, q0, r0, m0, 'resq/M01/heartbeat', ... (204 bytes))
1785215223: New connection from 127.0.0.1:62699 on port 1883.
1785215223: New client connected from 127.0.0.1:62699 as auto-F4D3C95B-F428-3CED-27C0-60FA1DE0E582 (p4, c1, k60).
1785215223: No will message specified.
1785215223: Sending CONNACK to auto-F4D3C95B-F428-3CED-27C0-60FA1DE0E582 (0, 0)
1785215223: Received SUBSCRIBE from auto-F4D3C95B-F428-3CED-27C0-60FA1DE0E582
1785215223: 	resq/# (QoS 0)
1785215223: auto-F4D3C95B-F428-3CED-27C0-60FA1DE0E582 0 resq/#
1785215223: Sending SUBACK to auto-F4D3C95B-F428-3CED-27C0-60FA1DE0E582
1785215223: Sending PUBLISH to auto-F4D3C95B-F428-3CED-27C0-60FA1DE0E582 (d0, q0, r1, m0, 'resq/M01/status', ... (138 bytes))
1785215224: Received PUBLISH from resq-firmware-sim-M01-ms471s3o (d0, q0, r0, m0, 'resq/M01/heartbeat', ... (204 bytes))
1785215224: Sending PUBLISH to hub-api-live-registry-1785215101795 (d0, q0, r0, m0, 'resq/M01/heartbeat', ... (204 bytes))
1785215224: Sending PUBLISH to auto-F4D3C95B-F428-3CED-27C0-60FA1DE0E582 (d0, q0, r0, m0, 'resq/M01/heartbeat', ... (204 bytes))
1785215225: Received PUBLISH from resq-firmware-sim-M01-ms471s3o (d0, q0, r0, m0, 'resq/M01/heartbeat', ... (204 bytes))
1785215225: Sending PUBLISH to hub-api-live-registry-1785215101795 (d0, q0, r0, m0, 'resq/M01/heartbeat', ... (204 bytes))
1785215225: Sending PUBLISH to auto-F4D3C95B-F428-3CED-27C0-60FA1DE0E582 (d0, q0, r0, m0, 'resq/M01/heartbeat', ... (204 bytes))
1785215226: Received PUBLISH from resq-firmware-sim-M01-ms471s3o (d0, q0, r0, m0, 'resq/M01/heartbeat', ... (204 bytes))
1785215226: Sending PUBLISH to hub-api-live-registry-1785215101795 (d0, q0, r0, m0, 'resq/M01/heartbeat', ... (204 bytes))
1785215226: Sending PUBLISH to auto-F4D3C95B-F428-3CED-27C0-60FA1DE0E582 (d0, q0, r0, m0, 'resq/M01/heartbeat', ... (204 bytes))
1785215227: Received PUBLISH from resq-firmware-sim-M01-ms471s3o (d0, q0, r0, m0, 'resq/M01/heartbeat', ... (204 bytes))
1785215227: Sending PUBLISH to hub-api-live-registry-1785215101795 (d0, q0, r0, m0, 'resq/M01/heartbeat', ... (204 bytes))
1785215227: Sending PUBLISH to auto-F4D3C95B-F428-3CED-27C0-60FA1DE0E582 (d0, q0, r0, m0, 'resq/M01/heartbeat', ... (204 bytes))
1785215228: Received PUBLISH from resq-firmware-sim-M01-ms471s3o (d0, q0, r0, m0, 'resq/M01/heartbeat', ... (204 bytes))
1785215228: Sending PUBLISH to hub-api-live-registry-1785215101795 (d0, q0, r0, m0, 'resq/M01/heartbeat', ... (204 bytes))
1785215228: Sending PUBLISH to auto-F4D3C95B-F428-3CED-27C0-60FA1DE0E582 (d0, q0, r0, m0, 'resq/M01/heartbeat', ... (204 bytes))
1785215229: Received PUBLISH from resq-firmware-sim-M01-ms471s3o (d0, q0, r0, m0, 'resq/M01/heartbeat', ... (204 bytes))
1785215229: Sending PUBLISH to hub-api-live-registry-1785215101795 (d0, q0, r0, m0, 'resq/M01/heartbeat', ... (204 bytes))
1785215229: Sending PUBLISH to auto-F4D3C95B-F428-3CED-27C0-60FA1DE0E582 (d0, q0, r0, m0, 'resq/M01/heartbeat', ... (204 bytes))
1785215230: Received PUBLISH from resq-firmware-sim-M01-ms471s3o (d0, q0, r0, m0, 'resq/M01/heartbeat', ... (204 bytes))
1785215230: Sending PUBLISH to hub-api-live-registry-1785215101795 (d0, q0, r0, m0, 'resq/M01/heartbeat', ... (204 bytes))
1785215230: Sending PUBLISH to auto-F4D3C95B-F428-3CED-27C0-60FA1DE0E582 (d0, q0, r0, m0, 'resq/M01/heartbeat', ... (204 bytes))
1785215231: Received PUBLISH from resq-firmware-sim-M01-ms471s3o (d0, q0, r0, m0, 'resq/M01/heartbeat', ... (206 bytes))
1785215231: Sending PUBLISH to hub-api-live-registry-1785215101795 (d0, q0, r0, m0, 'resq/M01/heartbeat', ... (206 bytes))
1785215231: Sending PUBLISH to auto-F4D3C95B-F428-3CED-27C0-60FA1DE0E582 (d0, q0, r0, m0, 'resq/M01/heartbeat', ... (206 bytes))
1785215232: Received PUBLISH from resq-firmware-sim-M01-ms471s3o (d0, q0, r0, m0, 'resq/M01/heartbeat', ... (206 bytes))
1785215232: Sending PUBLISH to hub-api-live-registry-1785215101795 (d0, q0, r0, m0, 'resq/M01/heartbeat', ... (206 bytes))
1785215232: Sending PUBLISH to auto-F4D3C95B-F428-3CED-27C0-60FA1DE0E582 (d0, q0, r0, m0, 'resq/M01/heartbeat', ... (206 bytes))
1785215233: Received PUBLISH from resq-firmware-sim-M01-ms471s3o (d0, q0, r0, m0, 'resq/M01/heartbeat', ... (206 bytes))
1785215233: Sending PUBLISH to hub-api-live-registry-1785215101795 (d0, q0, r0, m0, 'resq/M01/heartbeat', ... (206 bytes))
1785215233: Sending PUBLISH to auto-F4D3C95B-F428-3CED-27C0-60FA1DE0E582 (d0, q0, r0, m0, 'resq/M01/heartbeat', ... (206 bytes))
1785215234: Received PUBLISH from resq-firmware-sim-M01-ms471s3o (d0, q0, r0, m0, 'resq/M01/heartbeat', ... (206 bytes))
1785215234: Sending PUBLISH to hub-api-live-registry-1785215101795 (d0, q0, r0, m0, 'resq/M01/heartbeat', ... (206 bytes))
1785215234: Sending PUBLISH to auto-F4D3C95B-F428-3CED-27C0-60FA1DE0E582 (d0, q0, r0, m0, 'resq/M01/heartbeat', ... (206 bytes))
1785215235: Received PUBLISH from resq-firmware-sim-M01-ms471s3o (d0, q0, r0, m0, 'resq/M01/heartbeat', ... (206 bytes))
1785215235: Sending PUBLISH to hub-api-live-registry-1785215101795 (d0, q0, r0, m0, 'resq/M01/heartbeat', ... (206 bytes))
1785215235: Sending PUBLISH to auto-F4D3C95B-F428-3CED-27C0-60FA1DE0E582 (d0, q0, r0, m0, 'resq/M01/heartbeat', ... (206 bytes))
1785215236: Received PUBLISH from resq-firmware-sim-M01-ms471s3o (d0, q0, r0, m0, 'resq/M01/heartbeat', ... (206 bytes))
1785215236: Sending PUBLISH to hub-api-live-registry-1785215101795 (d0, q0, r0, m0, 'resq/M01/heartbeat', ... (206 bytes))
1785215236: Sending PUBLISH to auto-F4D3C95B-F428-3CED-27C0-60FA1DE0E582 (d0, q0, r0, m0, 'resq/M01/heartbeat', ... (206 bytes))
1785215237: Received PUBLISH from resq-firmware-sim-M01-ms471s3o (d0, q0, r0, m0, 'resq/M01/heartbeat', ... (206 bytes))
1785215237: Sending PUBLISH to hub-api-live-registry-1785215101795 (d0, q0, r0, m0, 'resq/M01/heartbeat', ... (206 bytes))
1785215237: Sending PUBLISH to auto-F4D3C95B-F428-3CED-27C0-60FA1DE0E582 (d0, q0, r0, m0, 'resq/M01/heartbeat', ... (206 bytes))
1785215238: Received PUBLISH from resq-firmware-sim-M01-ms471s3o (d0, q0, r0, m0, 'resq/M01/heartbeat', ... (206 bytes))
1785215238: Sending PUBLISH to hub-api-live-registry-1785215101795 (d0, q0, r0, m0, 'resq/M01/heartbeat', ... (206 bytes))
1785215238: Sending PUBLISH to auto-F4D3C95B-F428-3CED-27C0-60FA1DE0E582 (d0, q0, r0, m0, 'resq/M01/heartbeat', ... (206 bytes))
1785215239: Received PUBLISH from resq-firmware-sim-M01-ms471s3o (d0, q0, r0, m0, 'resq/M01/heartbeat', ... (206 bytes))
1785215239: Sending PUBLISH to hub-api-live-registry-1785215101795 (d0, q0, r0, m0, 'resq/M01/heartbeat', ... (206 bytes))
1785215239: Sending PUBLISH to auto-F4D3C95B-F428-3CED-27C0-60FA1DE0E582 (d0, q0, r0, m0, 'resq/M01/heartbeat', ... (206 bytes))
1785215240: Received PUBLISH from resq-firmware-sim-M01-ms471s3o (d0, q0, r0, m0, 'resq/M01/heartbeat', ... (206 bytes))
1785215240: Sending PUBLISH to hub-api-live-registry-1785215101795 (d0, q0, r0, m0, 'resq/M01/heartbeat', ... (206 bytes))
1785215240: Sending PUBLISH to auto-F4D3C95B-F428-3CED-27C0-60FA1DE0E582 (d0, q0, r0, m0, 'resq/M01/heartbeat', ... (206 bytes))
1785215241: Received PUBLISH from resq-firmware-sim-M01-ms471s3o (d0, q0, r0, m0, 'resq/M01/heartbeat', ... (206 bytes))
1785215241: Sending PUBLISH to hub-api-live-registry-1785215101795 (d0, q0, r0, m0, 'resq/M01/heartbeat', ... (206 bytes))
1785215241: Sending PUBLISH to auto-F4D3C95B-F428-3CED-27C0-60FA1DE0E582 (d0, q0, r0, m0, 'resq/M01/heartbeat', ... (206 bytes))
1785215242: Received PUBLISH from resq-firmware-sim-M01-ms471s3o (d0, q0, r0, m0, 'resq/M01/heartbeat', ... (206 bytes))
1785215242: Sending PUBLISH to hub-api-live-registry-1785215101795 (d0, q0, r0, m0, 'resq/M01/heartbeat', ... (206 bytes))
1785215242: Sending PUBLISH to auto-F4D3C95B-F428-3CED-27C0-60FA1DE0E582 (d0, q0, r0, m0, 'resq/M01/heartbeat', ... (206 bytes))
1785215243: Received PUBLISH from resq-firmware-sim-M01-ms471s3o (d0, q0, r0, m0, 'resq/M01/heartbeat', ... (206 bytes))
1785215243: Sending PUBLISH to hub-api-live-registry-1785215101795 (d0, q0, r0, m0, 'resq/M01/heartbeat', ... (206 bytes))
1785215243: Sending PUBLISH to auto-F4D3C95B-F428-3CED-27C0-60FA1DE0E582 (d0, q0, r0, m0, 'resq/M01/heartbeat', ... (206 bytes))
1785215244: Received PUBLISH from resq-firmware-sim-M01-ms471s3o (d0, q0, r0, m0, 'resq/M01/heartbeat', ... (206 bytes))
1785215244: Sending PUBLISH to hub-api-live-registry-1785215101795 (d0, q0, r0, m0, 'resq/M01/heartbeat', ... (206 bytes))
1785215244: Sending PUBLISH to auto-F4D3C95B-F428-3CED-27C0-60FA1DE0E582 (d0, q0, r0, m0, 'resq/M01/heartbeat', ... (206 bytes))
1785215245: Received PUBLISH from resq-firmware-sim-M01-ms471s3o (d0, q0, r0, m0, 'resq/M01/heartbeat', ... (206 bytes))
1785215245: Sending PUBLISH to hub-api-live-registry-1785215101795 (d0, q0, r0, m0, 'resq/M01/heartbeat', ... (206 bytes))
1785215245: Sending PUBLISH to auto-F4D3C95B-F428-3CED-27C0-60FA1DE0E582 (d0, q0, r0, m0, 'resq/M01/heartbeat', ... (206 bytes))
1785215246: Received PUBLISH from resq-firmware-sim-M01-ms471s3o (d0, q0, r0, m0, 'resq/M01/heartbeat', ... (206 bytes))
1785215246: Sending PUBLISH to hub-api-live-registry-1785215101795 (d0, q0, r0, m0, 'resq/M01/heartbeat', ... (206 bytes))
1785215246: Sending PUBLISH to auto-F4D3C95B-F428-3CED-27C0-60FA1DE0E582 (d0, q0, r0, m0, 'resq/M01/heartbeat', ... (206 bytes))
1785215247: Received PUBLISH from resq-firmware-sim-M01-ms471s3o (d0, q0, r0, m0, 'resq/M01/heartbeat', ... (206 bytes))
1785215247: Sending PUBLISH to hub-api-live-registry-1785215101795 (d0, q0, r0, m0, 'resq/M01/heartbeat', ... (206 bytes))
1785215247: Sending PUBLISH to auto-F4D3C95B-F428-3CED-27C0-60FA1DE0E582 (d0, q0, r0, m0, 'resq/M01/heartbeat', ... (206 bytes))
1785215248: Received PUBLISH from resq-firmware-sim-M01-ms471s3o (d0, q0, r0, m0, 'resq/M01/heartbeat', ... (206 bytes))
1785215248: Sending PUBLISH to hub-api-live-registry-1785215101795 (d0, q0, r0, m0, 'resq/M01/heartbeat', ... (206 bytes))
1785215248: Sending PUBLISH to auto-F4D3C95B-F428-3CED-27C0-60FA1DE0E582 (d0, q0, r0, m0, 'resq/M01/heartbeat', ... (206 bytes))
1785215249: Received PUBLISH from resq-firmware-sim-M01-ms471s3o (d0, q0, r0, m0, 'resq/M01/heartbeat', ... (206 bytes))
1785215249: Sending PUBLISH to hub-api-live-registry-1785215101795 (d0, q0, r0, m0, 'resq/M01/heartbeat', ... (206 bytes))
1785215249: Sending PUBLISH to auto-F4D3C95B-F428-3CED-27C0-60FA1DE0E582 (d0, q0, r0, m0, 'resq/M01/heartbeat', ... (206 bytes))
1785215250: Received PUBLISH from resq-firmware-sim-M01-ms471s3o (d0, q0, r0, m0, 'resq/M01/heartbeat', ... (206 bytes))
1785215250: Sending PUBLISH to hub-api-live-registry-1785215101795 (d0, q0, r0, m0, 'resq/M01/heartbeat', ... (206 bytes))
1785215250: Sending PUBLISH to auto-F4D3C95B-F428-3CED-27C0-60FA1DE0E582 (d0, q0, r0, m0, 'resq/M01/heartbeat', ... (206 bytes))
1785215251: Received PUBLISH from resq-firmware-sim-M01-ms471s3o (d0, q0, r0, m0, 'resq/M01/heartbeat', ... (206 bytes))
1785215251: Sending PUBLISH to hub-api-live-registry-1785215101795 (d0, q0, r0, m0, 'resq/M01/heartbeat', ... (206 bytes))
1785215251: Sending PUBLISH to auto-F4D3C95B-F428-3CED-27C0-60FA1DE0E582 (d0, q0, r0, m0, 'resq/M01/heartbeat', ... (206 bytes))
1785215252: Received PUBLISH from resq-firmware-sim-M01-ms471s3o (d0, q0, r0, m0, 'resq/M01/heartbeat', ... (206 bytes))
1785215252: Sending PUBLISH to hub-api-live-registry-1785215101795 (d0, q0, r0, m0, 'resq/M01/heartbeat', ... (206 bytes))
1785215252: Sending PUBLISH to auto-F4D3C95B-F428-3CED-27C0-60FA1DE0E582 (d0, q0, r0, m0, 'resq/M01/heartbeat', ... (206 bytes))
1785215253: Received PUBLISH from resq-firmware-sim-M01-ms471s3o (d0, q0, r0, m0, 'resq/M01/heartbeat', ... (206 bytes))
1785215253: Sending PUBLISH to hub-api-live-registry-1785215101795 (d0, q0, r0, m0, 'resq/M01/heartbeat', ... (206 bytes))
1785215253: Sending PUBLISH to auto-F4D3C95B-F428-3CED-27C0-60FA1DE0E582 (d0, q0, r0, m0, 'resq/M01/heartbeat', ... (206 bytes))
1785215254: Received PUBLISH from resq-firmware-sim-M01-ms471s3o (d0, q0, r0, m0, 'resq/M01/heartbeat', ... (206 bytes))
1785215254: Sending PUBLISH to hub-api-live-registry-1785215101795 (d0, q0, r0, m0, 'resq/M01/heartbeat', ... (206 bytes))
1785215254: Sending PUBLISH to auto-F4D3C95B-F428-3CED-27C0-60FA1DE0E582 (d0, q0, r0, m0, 'resq/M01/heartbeat', ... (206 bytes))
1785215255: Received PUBLISH from resq-firmware-sim-M01-ms471s3o (d0, q0, r0, m0, 'resq/M01/heartbeat', ... (206 bytes))
1785215255: Sending PUBLISH to hub-api-live-registry-1785215101795 (d0, q0, r0, m0, 'resq/M01/heartbeat', ... (206 bytes))
1785215255: Sending PUBLISH to auto-F4D3C95B-F428-3CED-27C0-60FA1DE0E582 (d0, q0, r0, m0, 'resq/M01/heartbeat', ... (206 bytes))
1785215256: Received PUBLISH from resq-firmware-sim-M01-ms471s3o (d0, q0, r0, m0, 'resq/M01/heartbeat', ... (206 bytes))
1785215256: Sending PUBLISH to hub-api-live-registry-1785215101795 (d0, q0, r0, m0, 'resq/M01/heartbeat', ... (206 bytes))
1785215256: Sending PUBLISH to auto-F4D3C95B-F428-3CED-27C0-60FA1DE0E582 (d0, q0, r0, m0, 'resq/M01/heartbeat', ... (206 bytes))
1785215257: Received PUBLISH from resq-firmware-sim-M01-ms471s3o (d0, q0, r0, m0, 'resq/M01/heartbeat', ... (206 bytes))
1785215257: Sending PUBLISH to hub-api-live-registry-1785215101795 (d0, q0, r0, m0, 'resq/M01/heartbeat', ... (206 bytes))
1785215257: Sending PUBLISH to auto-F4D3C95B-F428-3CED-27C0-60FA1DE0E582 (d0, q0, r0, m0, 'resq/M01/heartbeat', ... (206 bytes))
1785215258: Received PUBLISH from resq-firmware-sim-M01-ms471s3o (d0, q0, r0, m0, 'resq/M01/heartbeat', ... (206 bytes))
1785215258: Sending PUBLISH to hub-api-live-registry-1785215101795 (d0, q0, r0, m0, 'resq/M01/heartbeat', ... (206 bytes))
1785215258: Sending PUBLISH to auto-F4D3C95B-F428-3CED-27C0-60FA1DE0E582 (d0, q0, r0, m0, 'resq/M01/heartbeat', ... (206 bytes))
1785215259: Received PUBLISH from resq-firmware-sim-M01-ms471s3o (d0, q0, r0, m0, 'resq/M01/heartbeat', ... (206 bytes))
1785215259: Sending PUBLISH to hub-api-live-registry-1785215101795 (d0, q0, r0, m0, 'resq/M01/heartbeat', ... (206 bytes))
1785215259: Sending PUBLISH to auto-F4D3C95B-F428-3CED-27C0-60FA1DE0E582 (d0, q0, r0, m0, 'resq/M01/heartbeat', ... (206 bytes))
1785215260: Received PUBLISH from resq-firmware-sim-M01-ms471s3o (d0, q0, r0, m0, 'resq/M01/heartbeat', ... (206 bytes))
1785215260: Sending PUBLISH to hub-api-live-registry-1785215101795 (d0, q0, r0, m0, 'resq/M01/heartbeat', ... (206 bytes))
1785215260: Sending PUBLISH to auto-F4D3C95B-F428-3CED-27C0-60FA1DE0E582 (d0, q0, r0, m0, 'resq/M01/heartbeat', ... (206 bytes))
1785215261: Received PUBLISH from resq-firmware-sim-M01-ms471s3o (d0, q0, r0, m0, 'resq/M01/heartbeat', ... (206 bytes))
1785215261: Sending PUBLISH to hub-api-live-registry-1785215101795 (d0, q0, r0, m0, 'resq/M01/heartbeat', ... (206 bytes))
1785215261: Sending PUBLISH to auto-F4D3C95B-F428-3CED-27C0-60FA1DE0E582 (d0, q0, r0, m0, 'resq/M01/heartbeat', ... (206 bytes))
1785215262: Received PUBLISH from resq-firmware-sim-M01-ms471s3o (d0, q0, r0, m0, 'resq/M01/heartbeat', ... (206 bytes))
1785215262: Sending PUBLISH to hub-api-live-registry-1785215101795 (d0, q0, r0, m0, 'resq/M01/heartbeat', ... (206 bytes))
1785215262: Sending PUBLISH to auto-F4D3C95B-F428-3CED-27C0-60FA1DE0E582 (d0, q0, r0, m0, 'resq/M01/heartbeat', ... (206 bytes))
1785215263: Received PUBLISH from resq-firmware-sim-M01-ms471s3o (d0, q0, r0, m0, 'resq/M01/heartbeat', ... (206 bytes))
1785215263: Sending PUBLISH to hub-api-live-registry-1785215101795 (d0, q0, r0, m0, 'resq/M01/heartbeat', ... (206 bytes))
1785215263: Sending PUBLISH to auto-F4D3C95B-F428-3CED-27C0-60FA1DE0E582 (d0, q0, r0, m0, 'resq/M01/heartbeat', ... (206 bytes))
1785215264: Received PUBLISH from resq-firmware-sim-M01-ms471s3o (d0, q0, r0, m0, 'resq/M01/heartbeat', ... (206 bytes))
1785215264: Sending PUBLISH to hub-api-live-registry-1785215101795 (d0, q0, r0, m0, 'resq/M01/heartbeat', ... (206 bytes))
1785215264: Sending PUBLISH to auto-F4D3C95B-F428-3CED-27C0-60FA1DE0E582 (d0, q0, r0, m0, 'resq/M01/heartbeat', ... (206 bytes))
1785215265: Received PUBLISH from resq-firmware-sim-M01-ms471s3o (d0, q0, r0, m0, 'resq/M01/heartbeat', ... (206 bytes))
1785215265: Sending PUBLISH to hub-api-live-registry-1785215101795 (d0, q0, r0, m0, 'resq/M01/heartbeat', ... (206 bytes))
1785215265: Sending PUBLISH to auto-F4D3C95B-F428-3CED-27C0-60FA1DE0E582 (d0, q0, r0, m0, 'resq/M01/heartbeat', ... (206 bytes))
1785215266: Received PUBLISH from resq-firmware-sim-M01-ms471s3o (d0, q0, r0, m0, 'resq/M01/heartbeat', ... (206 bytes))
1785215266: Sending PUBLISH to hub-api-live-registry-1785215101795 (d0, q0, r0, m0, 'resq/M01/heartbeat', ... (206 bytes))
1785215266: Sending PUBLISH to auto-F4D3C95B-F428-3CED-27C0-60FA1DE0E582 (d0, q0, r0, m0, 'resq/M01/heartbeat', ... (206 bytes))
1785215267: Received PUBLISH from resq-firmware-sim-M01-ms471s3o (d0, q0, r0, m0, 'resq/M01/heartbeat', ... (206 bytes))
1785215267: Sending PUBLISH to hub-api-live-registry-1785215101795 (d0, q0, r0, m0, 'resq/M01/heartbeat', ... (206 bytes))
1785215267: Sending PUBLISH to auto-F4D3C95B-F428-3CED-27C0-60FA1DE0E582 (d0, q0, r0, m0, 'resq/M01/heartbeat', ... (206 bytes))
1785215268: Received PUBLISH from resq-firmware-sim-M01-ms471s3o (d0, q0, r0, m0, 'resq/M01/heartbeat', ... (206 bytes))
1785215268: Sending PUBLISH to hub-api-live-registry-1785215101795 (d0, q0, r0, m0, 'resq/M01/heartbeat', ... (206 bytes))
1785215268: Sending PUBLISH to auto-F4D3C95B-F428-3CED-27C0-60FA1DE0E582 (d0, q0, r0, m0, 'resq/M01/heartbeat', ... (206 bytes))
1785215269: Received PUBLISH from resq-firmware-sim-M01-ms471s3o (d0, q0, r0, m0, 'resq/M01/heartbeat', ... (206 bytes))
1785215269: Sending PUBLISH to hub-api-live-registry-1785215101795 (d0, q0, r0, m0, 'resq/M01/heartbeat', ... (206 bytes))
1785215269: Sending PUBLISH to auto-F4D3C95B-F428-3CED-27C0-60FA1DE0E582 (d0, q0, r0, m0, 'resq/M01/heartbeat', ... (206 bytes))
1785215270: Received PUBLISH from resq-firmware-sim-M01-ms471s3o (d0, q0, r0, m0, 'resq/M01/heartbeat', ... (206 bytes))
1785215270: Sending PUBLISH to hub-api-live-registry-1785215101795 (d0, q0, r0, m0, 'resq/M01/heartbeat', ... (206 bytes))
1785215270: Sending PUBLISH to auto-F4D3C95B-F428-3CED-27C0-60FA1DE0E582 (d0, q0, r0, m0, 'resq/M01/heartbeat', ... (206 bytes))
1785215271: Received PUBLISH from resq-firmware-sim-M01-ms471s3o (d0, q0, r0, m0, 'resq/M01/heartbeat', ... (206 bytes))
1785215271: Sending PUBLISH to hub-api-live-registry-1785215101795 (d0, q0, r0, m0, 'resq/M01/heartbeat', ... (206 bytes))
1785215271: Sending PUBLISH to auto-F4D3C95B-F428-3CED-27C0-60FA1DE0E582 (d0, q0, r0, m0, 'resq/M01/heartbeat', ... (206 bytes))
1785215272: Received PUBLISH from resq-firmware-sim-M01-ms471s3o (d0, q0, r0, m0, 'resq/M01/heartbeat', ... (206 bytes))
1785215272: Sending PUBLISH to hub-api-live-registry-1785215101795 (d0, q0, r0, m0, 'resq/M01/heartbeat', ... (206 bytes))
1785215272: Sending PUBLISH to auto-F4D3C95B-F428-3CED-27C0-60FA1DE0E582 (d0, q0, r0, m0, 'resq/M01/heartbeat', ... (206 bytes))
1785215273: Received PUBLISH from resq-firmware-sim-M01-ms471s3o (d0, q0, r0, m0, 'resq/M01/heartbeat', ... (206 bytes))
1785215273: Sending PUBLISH to hub-api-live-registry-1785215101795 (d0, q0, r0, m0, 'resq/M01/heartbeat', ... (206 bytes))
1785215273: Sending PUBLISH to auto-F4D3C95B-F428-3CED-27C0-60FA1DE0E582 (d0, q0, r0, m0, 'resq/M01/heartbeat', ... (206 bytes))
1785215274: Received PUBLISH from resq-firmware-sim-M01-ms471s3o (d0, q0, r0, m0, 'resq/M01/heartbeat', ... (206 bytes))
1785215274: Sending PUBLISH to hub-api-live-registry-1785215101795 (d0, q0, r0, m0, 'resq/M01/heartbeat', ... (206 bytes))
1785215274: Sending PUBLISH to auto-F4D3C95B-F428-3CED-27C0-60FA1DE0E582 (d0, q0, r0, m0, 'resq/M01/heartbeat', ... (206 bytes))
1785215275: Received PUBLISH from resq-firmware-sim-M01-ms471s3o (d0, q0, r0, m0, 'resq/M01/heartbeat', ... (206 bytes))
1785215275: Sending PUBLISH to hub-api-live-registry-1785215101795 (d0, q0, r0, m0, 'resq/M01/heartbeat', ... (206 bytes))
1785215275: Sending PUBLISH to auto-F4D3C95B-F428-3CED-27C0-60FA1DE0E582 (d0, q0, r0, m0, 'resq/M01/heartbeat', ... (206 bytes))
1785215276: Received PUBLISH from resq-firmware-sim-M01-ms471s3o (d0, q0, r0, m0, 'resq/M01/heartbeat', ... (206 bytes))
1785215276: Sending PUBLISH to hub-api-live-registry-1785215101795 (d0, q0, r0, m0, 'resq/M01/heartbeat', ... (206 bytes))
1785215276: Sending PUBLISH to auto-F4D3C95B-F428-3CED-27C0-60FA1DE0E582 (d0, q0, r0, m0, 'resq/M01/heartbeat', ... (206 bytes))
1785215277: Received PUBLISH from resq-firmware-sim-M01-ms471s3o (d0, q0, r0, m0, 'resq/M01/heartbeat', ... (206 bytes))
1785215277: Sending PUBLISH to hub-api-live-registry-1785215101795 (d0, q0, r0, m0, 'resq/M01/heartbeat', ... (206 bytes))
1785215277: Sending PUBLISH to auto-F4D3C95B-F428-3CED-27C0-60FA1DE0E582 (d0, q0, r0, m0, 'resq/M01/heartbeat', ... (206 bytes))
1785215278: Received PUBLISH from resq-firmware-sim-M01-ms471s3o (d0, q0, r0, m0, 'resq/M01/heartbeat', ... (206 bytes))
1785215278: Sending PUBLISH to hub-api-live-registry-1785215101795 (d0, q0, r0, m0, 'resq/M01/heartbeat', ... (206 bytes))
1785215278: Sending PUBLISH to auto-F4D3C95B-F428-3CED-27C0-60FA1DE0E582 (d0, q0, r0, m0, 'resq/M01/heartbeat', ... (206 bytes))
1785215279: Received PUBLISH from resq-firmware-sim-M01-ms471s3o (d0, q0, r0, m0, 'resq/M01/heartbeat', ... (206 bytes))
1785215279: Sending PUBLISH to hub-api-live-registry-1785215101795 (d0, q0, r0, m0, 'resq/M01/heartbeat', ... (206 bytes))
1785215279: Sending PUBLISH to auto-F4D3C95B-F428-3CED-27C0-60FA1DE0E582 (d0, q0, r0, m0, 'resq/M01/heartbeat', ... (206 bytes))
1785215280: Received PUBLISH from resq-firmware-sim-M01-ms471s3o (d0, q0, r0, m0, 'resq/M01/heartbeat', ... (206 bytes))
1785215280: Sending PUBLISH to hub-api-live-registry-1785215101795 (d0, q0, r0, m0, 'resq/M01/heartbeat', ... (206 bytes))
1785215280: Sending PUBLISH to auto-F4D3C95B-F428-3CED-27C0-60FA1DE0E582 (d0, q0, r0, m0, 'resq/M01/heartbeat', ... (206 bytes))
1785215281: Received PINGREQ from resq-firmware-sim-M01-ms471s3o
1785215281: Sending PINGRESP to resq-firmware-sim-M01-ms471s3o
1785215281: Received PUBLISH from resq-firmware-sim-M01-ms471s3o (d0, q0, r0, m0, 'resq/M01/heartbeat', ... (206 bytes))
1785215281: Sending PUBLISH to hub-api-live-registry-1785215101795 (d0, q0, r0, m0, 'resq/M01/heartbeat', ... (206 bytes))
1785215281: Sending PUBLISH to auto-F4D3C95B-F428-3CED-27C0-60FA1DE0E582 (d0, q0, r0, m0, 'resq/M01/heartbeat', ... (206 bytes))
1785215281: Received PINGREQ from hub-api-session-commands-1785215101465
1785215281: Sending PINGRESP to hub-api-session-commands-1785215101465
1785215282: Received PINGREQ from hub-api-live-registry-1785215101795
1785215282: Sending PINGRESP to hub-api-live-registry-1785215101795
1785215282: Received PUBLISH from resq-firmware-sim-M01-ms471s3o (d0, q0, r0, m0, 'resq/M01/heartbeat', ... (206 bytes))
1785215282: Sending PUBLISH to hub-api-live-registry-1785215101795 (d0, q0, r0, m0, 'resq/M01/heartbeat', ... (206 bytes))
1785215282: Sending PUBLISH to auto-F4D3C95B-F428-3CED-27C0-60FA1DE0E582 (d0, q0, r0, m0, 'resq/M01/heartbeat', ... (206 bytes))
1785215283: Received PINGREQ from auto-F4D3C95B-F428-3CED-27C0-60FA1DE0E582
1785215283: Sending PINGRESP to auto-F4D3C95B-F428-3CED-27C0-60FA1DE0E582
1785215283: Received PUBLISH from resq-firmware-sim-M01-ms471s3o (d0, q0, r0, m0, 'resq/M01/heartbeat', ... (206 bytes))
1785215283: Sending PUBLISH to hub-api-live-registry-1785215101795 (d0, q0, r0, m0, 'resq/M01/heartbeat', ... (206 bytes))
1785215283: Sending PUBLISH to auto-F4D3C95B-F428-3CED-27C0-60FA1DE0E582 (d0, q0, r0, m0, 'resq/M01/heartbeat', ... (206 bytes))
1785215284: Received PUBLISH from resq-firmware-sim-M01-ms471s3o (d0, q0, r0, m0, 'resq/M01/heartbeat', ... (206 bytes))
1785215284: Sending PUBLISH to hub-api-live-registry-1785215101795 (d0, q0, r0, m0, 'resq/M01/heartbeat', ... (206 bytes))
1785215284: Sending PUBLISH to auto-F4D3C95B-F428-3CED-27C0-60FA1DE0E582 (d0, q0, r0, m0, 'resq/M01/heartbeat', ... (206 bytes))
1785215285: Received PUBLISH from resq-firmware-sim-M01-ms471s3o (d0, q0, r0, m0, 'resq/M01/heartbeat', ... (206 bytes))
1785215285: Sending PUBLISH to hub-api-live-registry-1785215101795 (d0, q0, r0, m0, 'resq/M01/heartbeat', ... (206 bytes))
1785215285: Sending PUBLISH to auto-F4D3C95B-F428-3CED-27C0-60FA1DE0E582 (d0, q0, r0, m0, 'resq/M01/heartbeat', ... (206 bytes))
1785215286: Received PUBLISH from resq-firmware-sim-M01-ms471s3o (d0, q0, r0, m0, 'resq/M01/heartbeat', ... (206 bytes))
1785215286: Sending PUBLISH to hub-api-live-registry-1785215101795 (d0, q0, r0, m0, 'resq/M01/heartbeat', ... (206 bytes))
1785215286: Sending PUBLISH to auto-F4D3C95B-F428-3CED-27C0-60FA1DE0E582 (d0, q0, r0, m0, 'resq/M01/heartbeat', ... (206 bytes))
1785215287: Received PUBLISH from resq-firmware-sim-M01-ms471s3o (d0, q0, r0, m0, 'resq/M01/heartbeat', ... (206 bytes))
1785215287: Sending PUBLISH to hub-api-live-registry-1785215101795 (d0, q0, r0, m0, 'resq/M01/heartbeat', ... (206 bytes))
1785215287: Sending PUBLISH to auto-F4D3C95B-F428-3CED-27C0-60FA1DE0E582 (d0, q0, r0, m0, 'resq/M01/heartbeat', ... (206 bytes))
1785215288: Received PUBLISH from resq-firmware-sim-M01-ms471s3o (d0, q0, r0, m0, 'resq/M01/heartbeat', ... (206 bytes))
1785215288: Sending PUBLISH to hub-api-live-registry-1785215101795 (d0, q0, r0, m0, 'resq/M01/heartbeat', ... (206 bytes))
1785215288: Sending PUBLISH to auto-F4D3C95B-F428-3CED-27C0-60FA1DE0E582 (d0, q0, r0, m0, 'resq/M01/heartbeat', ... (206 bytes))
1785215289: Received PUBLISH from resq-firmware-sim-M01-ms471s3o (d0, q0, r0, m0, 'resq/M01/heartbeat', ... (206 bytes))
1785215289: Sending PUBLISH to hub-api-live-registry-1785215101795 (d0, q0, r0, m0, 'resq/M01/heartbeat', ... (206 bytes))
1785215289: Sending PUBLISH to auto-F4D3C95B-F428-3CED-27C0-60FA1DE0E582 (d0, q0, r0, m0, 'resq/M01/heartbeat', ... (206 bytes))
1785215290: Received PUBLISH from resq-firmware-sim-M01-ms471s3o (d0, q0, r0, m0, 'resq/M01/heartbeat', ... (206 bytes))
1785215290: Sending PUBLISH to hub-api-live-registry-1785215101795 (d0, q0, r0, m0, 'resq/M01/heartbeat', ... (206 bytes))
1785215290: Sending PUBLISH to auto-F4D3C95B-F428-3CED-27C0-60FA1DE0E582 (d0, q0, r0, m0, 'resq/M01/heartbeat', ... (206 bytes))
1785215291: Received PUBLISH from resq-firmware-sim-M01-ms471s3o (d0, q0, r0, m0, 'resq/M01/heartbeat', ... (206 bytes))
1785215291: Sending PUBLISH to hub-api-live-registry-1785215101795 (d0, q0, r0, m0, 'resq/M01/heartbeat', ... (206 bytes))
1785215291: Sending PUBLISH to auto-F4D3C95B-F428-3CED-27C0-60FA1DE0E582 (d0, q0, r0, m0, 'resq/M01/heartbeat', ... (206 bytes))
1785215292: Received PUBLISH from resq-firmware-sim-M01-ms471s3o (d0, q0, r0, m0, 'resq/M01/heartbeat', ... (206 bytes))
1785215292: Sending PUBLISH to hub-api-live-registry-1785215101795 (d0, q0, r0, m0, 'resq/M01/heartbeat', ... (206 bytes))
1785215292: Sending PUBLISH to auto-F4D3C95B-F428-3CED-27C0-60FA1DE0E582 (d0, q0, r0, m0, 'resq/M01/heartbeat', ... (206 bytes))
1785215293: Received PUBLISH from resq-firmware-sim-M01-ms471s3o (d0, q0, r0, m0, 'resq/M01/heartbeat', ... (206 bytes))
1785215293: Sending PUBLISH to hub-api-live-registry-1785215101795 (d0, q0, r0, m0, 'resq/M01/heartbeat', ... (206 bytes))
1785215293: Sending PUBLISH to auto-F4D3C95B-F428-3CED-27C0-60FA1DE0E582 (d0, q0, r0, m0, 'resq/M01/heartbeat', ... (206 bytes))
1785215294: Received PUBLISH from resq-firmware-sim-M01-ms471s3o (d0, q0, r0, m0, 'resq/M01/heartbeat', ... (206 bytes))
1785215294: Sending PUBLISH to hub-api-live-registry-1785215101795 (d0, q0, r0, m0, 'resq/M01/heartbeat', ... (206 bytes))
1785215294: Sending PUBLISH to auto-F4D3C95B-F428-3CED-27C0-60FA1DE0E582 (d0, q0, r0, m0, 'resq/M01/heartbeat', ... (206 bytes))
1785215295: Received PUBLISH from resq-firmware-sim-M01-ms471s3o (d0, q0, r0, m0, 'resq/M01/heartbeat', ... (206 bytes))
1785215295: Sending PUBLISH to hub-api-live-registry-1785215101795 (d0, q0, r0, m0, 'resq/M01/heartbeat', ... (206 bytes))
1785215295: Sending PUBLISH to auto-F4D3C95B-F428-3CED-27C0-60FA1DE0E582 (d0, q0, r0, m0, 'resq/M01/heartbeat', ... (206 bytes))
1785215296: Received PUBLISH from resq-firmware-sim-M01-ms471s3o (d0, q0, r0, m0, 'resq/M01/heartbeat', ... (206 bytes))
1785215296: Sending PUBLISH to hub-api-live-registry-1785215101795 (d0, q0, r0, m0, 'resq/M01/heartbeat', ... (206 bytes))
1785215296: Sending PUBLISH to auto-F4D3C95B-F428-3CED-27C0-60FA1DE0E582 (d0, q0, r0, m0, 'resq/M01/heartbeat', ... (206 bytes))
1785215297: Received PUBLISH from resq-firmware-sim-M01-ms471s3o (d0, q0, r0, m0, 'resq/M01/heartbeat', ... (206 bytes))
1785215297: Sending PUBLISH to hub-api-live-registry-1785215101795 (d0, q0, r0, m0, 'resq/M01/heartbeat', ... (206 bytes))
1785215297: Sending PUBLISH to auto-F4D3C95B-F428-3CED-27C0-60FA1DE0E582 (d0, q0, r0, m0, 'resq/M01/heartbeat', ... (206 bytes))
1785215298: Received PUBLISH from resq-firmware-sim-M01-ms471s3o (d0, q0, r0, m0, 'resq/M01/heartbeat', ... (206 bytes))
1785215298: Sending PUBLISH to hub-api-live-registry-1785215101795 (d0, q0, r0, m0, 'resq/M01/heartbeat', ... (206 bytes))
1785215298: Sending PUBLISH to auto-F4D3C95B-F428-3CED-27C0-60FA1DE0E582 (d0, q0, r0, m0, 'resq/M01/heartbeat', ... (206 bytes))
1785215299: Received PUBLISH from resq-firmware-sim-M01-ms471s3o (d0, q0, r0, m0, 'resq/M01/heartbeat', ... (206 bytes))
1785215299: Sending PUBLISH to hub-api-live-registry-1785215101795 (d0, q0, r0, m0, 'resq/M01/heartbeat', ... (206 bytes))
1785215299: Sending PUBLISH to auto-F4D3C95B-F428-3CED-27C0-60FA1DE0E582 (d0, q0, r0, m0, 'resq/M01/heartbeat', ... (206 bytes))
1785215300: Received PUBLISH from resq-firmware-sim-M01-ms471s3o (d0, q0, r0, m0, 'resq/M01/heartbeat', ... (206 bytes))
1785215300: Sending PUBLISH to hub-api-live-registry-1785215101795 (d0, q0, r0, m0, 'resq/M01/heartbeat', ... (206 bytes))
1785215300: Sending PUBLISH to auto-F4D3C95B-F428-3CED-27C0-60FA1DE0E582 (d0, q0, r0, m0, 'resq/M01/heartbeat', ... (206 bytes))
1785215301: Received PUBLISH from resq-firmware-sim-M01-ms471s3o (d0, q0, r0, m0, 'resq/M01/heartbeat', ... (206 bytes))
1785215301: Sending PUBLISH to hub-api-live-registry-1785215101795 (d0, q0, r0, m0, 'resq/M01/heartbeat', ... (206 bytes))
1785215301: Sending PUBLISH to auto-F4D3C95B-F428-3CED-27C0-60FA1DE0E582 (d0, q0, r0, m0, 'resq/M01/heartbeat', ... (206 bytes))
1785215302: Received PUBLISH from resq-firmware-sim-M01-ms471s3o (d0, q0, r0, m0, 'resq/M01/heartbeat', ... (206 bytes))
1785215302: Sending PUBLISH to hub-api-live-registry-1785215101795 (d0, q0, r0, m0, 'resq/M01/heartbeat', ... (206 bytes))
1785215302: Sending PUBLISH to auto-F4D3C95B-F428-3CED-27C0-60FA1DE0E582 (d0, q0, r0, m0, 'resq/M01/heartbeat', ... (206 bytes))
1785215303: Received PUBLISH from resq-firmware-sim-M01-ms471s3o (d0, q0, r0, m0, 'resq/M01/heartbeat', ... (206 bytes))
1785215303: Sending PUBLISH to hub-api-live-registry-1785215101795 (d0, q0, r0, m0, 'resq/M01/heartbeat', ... (206 bytes))
1785215303: Sending PUBLISH to auto-F4D3C95B-F428-3CED-27C0-60FA1DE0E582 (d0, q0, r0, m0, 'resq/M01/heartbeat', ... (206 bytes))
1785215304: Received PUBLISH from resq-firmware-sim-M01-ms471s3o (d0, q0, r0, m0, 'resq/M01/heartbeat', ... (206 bytes))
1785215304: Sending PUBLISH to hub-api-live-registry-1785215101795 (d0, q0, r0, m0, 'resq/M01/heartbeat', ... (206 bytes))
1785215304: Sending PUBLISH to auto-F4D3C95B-F428-3CED-27C0-60FA1DE0E582 (d0, q0, r0, m0, 'resq/M01/heartbeat', ... (206 bytes))
1785215305: Received PUBLISH from resq-firmware-sim-M01-ms471s3o (d0, q0, r0, m0, 'resq/M01/heartbeat', ... (206 bytes))
1785215305: Sending PUBLISH to hub-api-live-registry-1785215101795 (d0, q0, r0, m0, 'resq/M01/heartbeat', ... (206 bytes))
1785215305: Sending PUBLISH to auto-F4D3C95B-F428-3CED-27C0-60FA1DE0E582 (d0, q0, r0, m0, 'resq/M01/heartbeat', ... (206 bytes))
1785215306: Received PUBLISH from resq-firmware-sim-M01-ms471s3o (d0, q0, r0, m0, 'resq/M01/heartbeat', ... (206 bytes))
1785215306: Sending PUBLISH to hub-api-live-registry-1785215101795 (d0, q0, r0, m0, 'resq/M01/heartbeat', ... (206 bytes))
1785215306: Sending PUBLISH to auto-F4D3C95B-F428-3CED-27C0-60FA1DE0E582 (d0, q0, r0, m0, 'resq/M01/heartbeat', ... (206 bytes))
1785215307: Received PUBLISH from resq-firmware-sim-M01-ms471s3o (d0, q0, r0, m0, 'resq/M01/heartbeat', ... (206 bytes))
1785215307: Sending PUBLISH to hub-api-live-registry-1785215101795 (d0, q0, r0, m0, 'resq/M01/heartbeat', ... (206 bytes))
1785215307: Sending PUBLISH to auto-F4D3C95B-F428-3CED-27C0-60FA1DE0E582 (d0, q0, r0, m0, 'resq/M01/heartbeat', ... (206 bytes))
1785215308: Received PUBLISH from resq-firmware-sim-M01-ms471s3o (d0, q0, r0, m0, 'resq/M01/heartbeat', ... (206 bytes))
1785215308: Sending PUBLISH to hub-api-live-registry-1785215101795 (d0, q0, r0, m0, 'resq/M01/heartbeat', ... (206 bytes))
1785215308: Sending PUBLISH to auto-F4D3C95B-F428-3CED-27C0-60FA1DE0E582 (d0, q0, r0, m0, 'resq/M01/heartbeat', ... (206 bytes))
1785215309: Received PUBLISH from resq-firmware-sim-M01-ms471s3o (d0, q0, r0, m0, 'resq/M01/heartbeat', ... (206 bytes))
1785215309: Sending PUBLISH to hub-api-live-registry-1785215101795 (d0, q0, r0, m0, 'resq/M01/heartbeat', ... (206 bytes))
1785215309: Sending PUBLISH to auto-F4D3C95B-F428-3CED-27C0-60FA1DE0E582 (d0, q0, r0, m0, 'resq/M01/heartbeat', ... (206 bytes))
1785215310: Received PUBLISH from resq-firmware-sim-M01-ms471s3o (d0, q0, r0, m0, 'resq/M01/heartbeat', ... (206 bytes))
1785215310: Sending PUBLISH to hub-api-live-registry-1785215101795 (d0, q0, r0, m0, 'resq/M01/heartbeat', ... (206 bytes))
1785215310: Sending PUBLISH to auto-F4D3C95B-F428-3CED-27C0-60FA1DE0E582 (d0, q0, r0, m0, 'resq/M01/heartbeat', ... (206 bytes))
1785215311: Received PUBLISH from resq-firmware-sim-M01-ms471s3o (d0, q0, r0, m0, 'resq/M01/heartbeat', ... (206 bytes))
1785215311: Sending PUBLISH to hub-api-live-registry-1785215101795 (d0, q0, r0, m0, 'resq/M01/heartbeat', ... (206 bytes))
1785215311: Sending PUBLISH to auto-F4D3C95B-F428-3CED-27C0-60FA1DE0E582 (d0, q0, r0, m0, 'resq/M01/heartbeat', ... (206 bytes))
1785215312: Received PUBLISH from resq-firmware-sim-M01-ms471s3o (d0, q0, r0, m0, 'resq/M01/heartbeat', ... (206 bytes))
1785215312: Sending PUBLISH to hub-api-live-registry-1785215101795 (d0, q0, r0, m0, 'resq/M01/heartbeat', ... (206 bytes))
1785215312: Sending PUBLISH to auto-F4D3C95B-F428-3CED-27C0-60FA1DE0E582 (d0, q0, r0, m0, 'resq/M01/heartbeat', ... (206 bytes))
1785215313: Received PUBLISH from resq-firmware-sim-M01-ms471s3o (d0, q0, r0, m0, 'resq/M01/heartbeat', ... (206 bytes))
1785215313: Sending PUBLISH to hub-api-live-registry-1785215101795 (d0, q0, r0, m0, 'resq/M01/heartbeat', ... (206 bytes))
1785215313: Sending PUBLISH to auto-F4D3C95B-F428-3CED-27C0-60FA1DE0E582 (d0, q0, r0, m0, 'resq/M01/heartbeat', ... (206 bytes))
1785215314: Received PUBLISH from resq-firmware-sim-M01-ms471s3o (d0, q0, r0, m0, 'resq/M01/heartbeat', ... (206 bytes))
1785215314: Sending PUBLISH to hub-api-live-registry-1785215101795 (d0, q0, r0, m0, 'resq/M01/heartbeat', ... (206 bytes))
1785215314: Sending PUBLISH to auto-F4D3C95B-F428-3CED-27C0-60FA1DE0E582 (d0, q0, r0, m0, 'resq/M01/heartbeat', ... (206 bytes))
1785215315: Received PUBLISH from resq-firmware-sim-M01-ms471s3o (d0, q0, r0, m0, 'resq/M01/heartbeat', ... (206 bytes))
1785215315: Sending PUBLISH to hub-api-live-registry-1785215101795 (d0, q0, r0, m0, 'resq/M01/heartbeat', ... (206 bytes))
1785215315: Sending PUBLISH to auto-F4D3C95B-F428-3CED-27C0-60FA1DE0E582 (d0, q0, r0, m0, 'resq/M01/heartbeat', ... (206 bytes))
1785215316: Received PUBLISH from resq-firmware-sim-M01-ms471s3o (d0, q0, r0, m0, 'resq/M01/heartbeat', ... (206 bytes))
1785215316: Sending PUBLISH to hub-api-live-registry-1785215101795 (d0, q0, r0, m0, 'resq/M01/heartbeat', ... (206 bytes))
1785215316: Sending PUBLISH to auto-F4D3C95B-F428-3CED-27C0-60FA1DE0E582 (d0, q0, r0, m0, 'resq/M01/heartbeat', ... (206 bytes))
1785215317: Received PUBLISH from resq-firmware-sim-M01-ms471s3o (d0, q0, r0, m0, 'resq/M01/heartbeat', ... (206 bytes))
1785215317: Sending PUBLISH to hub-api-live-registry-1785215101795 (d0, q0, r0, m0, 'resq/M01/heartbeat', ... (206 bytes))
1785215317: Sending PUBLISH to auto-F4D3C95B-F428-3CED-27C0-60FA1DE0E582 (d0, q0, r0, m0, 'resq/M01/heartbeat', ... (206 bytes))
1785215318: Received PUBLISH from resq-firmware-sim-M01-ms471s3o (d0, q0, r0, m0, 'resq/M01/heartbeat', ... (206 bytes))
1785215318: Sending PUBLISH to hub-api-live-registry-1785215101795 (d0, q0, r0, m0, 'resq/M01/heartbeat', ... (206 bytes))
1785215318: Sending PUBLISH to auto-F4D3C95B-F428-3CED-27C0-60FA1DE0E582 (d0, q0, r0, m0, 'resq/M01/heartbeat', ... (206 bytes))
1785215319: Received PUBLISH from resq-firmware-sim-M01-ms471s3o (d0, q0, r0, m0, 'resq/M01/heartbeat', ... (206 bytes))
1785215319: Sending PUBLISH to hub-api-live-registry-1785215101795 (d0, q0, r0, m0, 'resq/M01/heartbeat', ... (206 bytes))
1785215319: Sending PUBLISH to auto-F4D3C95B-F428-3CED-27C0-60FA1DE0E582 (d0, q0, r0, m0, 'resq/M01/heartbeat', ... (206 bytes))
1785215320: Received PUBLISH from resq-firmware-sim-M01-ms471s3o (d0, q0, r0, m0, 'resq/M01/heartbeat', ... (208 bytes))
1785215320: Sending PUBLISH to hub-api-live-registry-1785215101795 (d0, q0, r0, m0, 'resq/M01/heartbeat', ... (208 bytes))
1785215320: Sending PUBLISH to auto-F4D3C95B-F428-3CED-27C0-60FA1DE0E582 (d0, q0, r0, m0, 'resq/M01/heartbeat', ... (208 bytes))
1785215322: Received PUBLISH from resq-firmware-sim-M01-ms471s3o (d0, q0, r0, m0, 'resq/M01/heartbeat', ... (208 bytes))
1785215322: Sending PUBLISH to hub-api-live-registry-1785215101795 (d0, q0, r0, m0, 'resq/M01/heartbeat', ... (208 bytes))
1785215322: Sending PUBLISH to auto-F4D3C95B-F428-3CED-27C0-60FA1DE0E582 (d0, q0, r0, m0, 'resq/M01/heartbeat', ... (208 bytes))
1785215323: Received PUBLISH from resq-firmware-sim-M01-ms471s3o (d0, q0, r0, m0, 'resq/M01/heartbeat', ... (208 bytes))
1785215323: Sending PUBLISH to hub-api-live-registry-1785215101795 (d0, q0, r0, m0, 'resq/M01/heartbeat', ... (208 bytes))
1785215323: Sending PUBLISH to auto-F4D3C95B-F428-3CED-27C0-60FA1DE0E582 (d0, q0, r0, m0, 'resq/M01/heartbeat', ... (208 bytes))
1785215324: Received PUBLISH from resq-firmware-sim-M01-ms471s3o (d0, q0, r0, m0, 'resq/M01/heartbeat', ... (208 bytes))
1785215324: Sending PUBLISH to hub-api-live-registry-1785215101795 (d0, q0, r0, m0, 'resq/M01/heartbeat', ... (208 bytes))
1785215324: Sending PUBLISH to auto-F4D3C95B-F428-3CED-27C0-60FA1DE0E582 (d0, q0, r0, m0, 'resq/M01/heartbeat', ... (208 bytes))
1785215325: Received PUBLISH from resq-firmware-sim-M01-ms471s3o (d0, q0, r0, m0, 'resq/M01/heartbeat', ... (208 bytes))
1785215325: Sending PUBLISH to hub-api-live-registry-1785215101795 (d0, q0, r0, m0, 'resq/M01/heartbeat', ... (208 bytes))
1785215325: Sending PUBLISH to auto-F4D3C95B-F428-3CED-27C0-60FA1DE0E582 (d0, q0, r0, m0, 'resq/M01/heartbeat', ... (208 bytes))
1785215326: Received PUBLISH from resq-firmware-sim-M01-ms471s3o (d0, q0, r0, m0, 'resq/M01/heartbeat', ... (208 bytes))
1785215326: Sending PUBLISH to hub-api-live-registry-1785215101795 (d0, q0, r0, m0, 'resq/M01/heartbeat', ... (208 bytes))
1785215326: Sending PUBLISH to auto-F4D3C95B-F428-3CED-27C0-60FA1DE0E582 (d0, q0, r0, m0, 'resq/M01/heartbeat', ... (208 bytes))
1785215327: Received PUBLISH from resq-firmware-sim-M01-ms471s3o (d0, q0, r0, m0, 'resq/M01/heartbeat', ... (208 bytes))
1785215327: Sending PUBLISH to hub-api-live-registry-1785215101795 (d0, q0, r0, m0, 'resq/M01/heartbeat', ... (208 bytes))
1785215327: Sending PUBLISH to auto-F4D3C95B-F428-3CED-27C0-60FA1DE0E582 (d0, q0, r0, m0, 'resq/M01/heartbeat', ... (208 bytes))
1785215328: Received PUBLISH from resq-firmware-sim-M01-ms471s3o (d0, q0, r0, m0, 'resq/M01/heartbeat', ... (208 bytes))
1785215328: Sending PUBLISH to hub-api-live-registry-1785215101795 (d0, q0, r0, m0, 'resq/M01/heartbeat', ... (208 bytes))
1785215328: Sending PUBLISH to auto-F4D3C95B-F428-3CED-27C0-60FA1DE0E582 (d0, q0, r0, m0, 'resq/M01/heartbeat', ... (208 bytes))
1785215329: Received PUBLISH from resq-firmware-sim-M01-ms471s3o (d0, q0, r0, m0, 'resq/M01/heartbeat', ... (208 bytes))
1785215329: Sending PUBLISH to hub-api-live-registry-1785215101795 (d0, q0, r0, m0, 'resq/M01/heartbeat', ... (208 bytes))
1785215329: Sending PUBLISH to auto-F4D3C95B-F428-3CED-27C0-60FA1DE0E582 (d0, q0, r0, m0, 'resq/M01/heartbeat', ... (208 bytes))
1785215330: Received PUBLISH from resq-firmware-sim-M01-ms471s3o (d0, q0, r0, m0, 'resq/M01/heartbeat', ... (208 bytes))
1785215330: Sending PUBLISH to hub-api-live-registry-1785215101795 (d0, q0, r0, m0, 'resq/M01/heartbeat', ... (208 bytes))
1785215330: Sending PUBLISH to auto-F4D3C95B-F428-3CED-27C0-60FA1DE0E582 (d0, q0, r0, m0, 'resq/M01/heartbeat', ... (208 bytes))
1785215331: Received PUBLISH from resq-firmware-sim-M01-ms471s3o (d0, q0, r0, m0, 'resq/M01/heartbeat', ... (208 bytes))
1785215331: Sending PUBLISH to hub-api-live-registry-1785215101795 (d0, q0, r0, m0, 'resq/M01/heartbeat', ... (208 bytes))
1785215331: Sending PUBLISH to auto-F4D3C95B-F428-3CED-27C0-60FA1DE0E582 (d0, q0, r0, m0, 'resq/M01/heartbeat', ... (208 bytes))
1785215332: Received PUBLISH from resq-firmware-sim-M01-ms471s3o (d0, q0, r0, m0, 'resq/M01/heartbeat', ... (208 bytes))
1785215332: Sending PUBLISH to hub-api-live-registry-1785215101795 (d0, q0, r0, m0, 'resq/M01/heartbeat', ... (208 bytes))
1785215332: Sending PUBLISH to auto-F4D3C95B-F428-3CED-27C0-60FA1DE0E582 (d0, q0, r0, m0, 'resq/M01/heartbeat', ... (208 bytes))
1785215333: Received PUBLISH from resq-firmware-sim-M01-ms471s3o (d0, q0, r0, m0, 'resq/M01/heartbeat', ... (208 bytes))
1785215333: Sending PUBLISH to hub-api-live-registry-1785215101795 (d0, q0, r0, m0, 'resq/M01/heartbeat', ... (208 bytes))
1785215333: Sending PUBLISH to auto-F4D3C95B-F428-3CED-27C0-60FA1DE0E582 (d0, q0, r0, m0, 'resq/M01/heartbeat', ... (208 bytes))
1785215334: Received PUBLISH from resq-firmware-sim-M01-ms471s3o (d0, q0, r0, m0, 'resq/M01/heartbeat', ... (208 bytes))
1785215334: Sending PUBLISH to hub-api-live-registry-1785215101795 (d0, q0, r0, m0, 'resq/M01/heartbeat', ... (208 bytes))
1785215334: Sending PUBLISH to auto-F4D3C95B-F428-3CED-27C0-60FA1DE0E582 (d0, q0, r0, m0, 'resq/M01/heartbeat', ... (208 bytes))
1785215335: Received PUBLISH from resq-firmware-sim-M01-ms471s3o (d0, q0, r0, m0, 'resq/M01/heartbeat', ... (208 bytes))
1785215335: Sending PUBLISH to hub-api-live-registry-1785215101795 (d0, q0, r0, m0, 'resq/M01/heartbeat', ... (208 bytes))
1785215335: Sending PUBLISH to auto-F4D3C95B-F428-3CED-27C0-60FA1DE0E582 (d0, q0, r0, m0, 'resq/M01/heartbeat', ... (208 bytes))
1785215336: Received PUBLISH from resq-firmware-sim-M01-ms471s3o (d0, q0, r0, m0, 'resq/M01/heartbeat', ... (208 bytes))
1785215336: Sending PUBLISH to hub-api-live-registry-1785215101795 (d0, q0, r0, m0, 'resq/M01/heartbeat', ... (208 bytes))
1785215336: Sending PUBLISH to auto-F4D3C95B-F428-3CED-27C0-60FA1DE0E582 (d0, q0, r0, m0, 'resq/M01/heartbeat', ... (208 bytes))
1785215337: Received PUBLISH from resq-firmware-sim-M01-ms471s3o (d0, q0, r0, m0, 'resq/M01/heartbeat', ... (208 bytes))
1785215337: Sending PUBLISH to hub-api-live-registry-1785215101795 (d0, q0, r0, m0, 'resq/M01/heartbeat', ... (208 bytes))
1785215337: Sending PUBLISH to auto-F4D3C95B-F428-3CED-27C0-60FA1DE0E582 (d0, q0, r0, m0, 'resq/M01/heartbeat', ... (208 bytes))
1785215338: Received PUBLISH from resq-firmware-sim-M01-ms471s3o (d0, q0, r0, m0, 'resq/M01/heartbeat', ... (208 bytes))
1785215338: Sending PUBLISH to hub-api-live-registry-1785215101795 (d0, q0, r0, m0, 'resq/M01/heartbeat', ... (208 bytes))
1785215338: Sending PUBLISH to auto-F4D3C95B-F428-3CED-27C0-60FA1DE0E582 (d0, q0, r0, m0, 'resq/M01/heartbeat', ... (208 bytes))
1785215339: Received PUBLISH from resq-firmware-sim-M01-ms471s3o (d0, q0, r0, m0, 'resq/M01/heartbeat', ... (208 bytes))
1785215339: Sending PUBLISH to hub-api-live-registry-1785215101795 (d0, q0, r0, m0, 'resq/M01/heartbeat', ... (208 bytes))
1785215339: Sending PUBLISH to auto-F4D3C95B-F428-3CED-27C0-60FA1DE0E582 (d0, q0, r0, m0, 'resq/M01/heartbeat', ... (208 bytes))
1785215340: Received PUBLISH from resq-firmware-sim-M01-ms471s3o (d0, q0, r0, m0, 'resq/M01/heartbeat', ... (208 bytes))
1785215340: Sending PUBLISH to hub-api-live-registry-1785215101795 (d0, q0, r0, m0, 'resq/M01/heartbeat', ... (208 bytes))
1785215340: Sending PUBLISH to auto-F4D3C95B-F428-3CED-27C0-60FA1DE0E582 (d0, q0, r0, m0, 'resq/M01/heartbeat', ... (208 bytes))
1785215341: Received PUBLISH from resq-firmware-sim-M01-ms471s3o (d0, q0, r0, m0, 'resq/M01/heartbeat', ... (208 bytes))
1785215341: Sending PUBLISH to hub-api-live-registry-1785215101795 (d0, q0, r0, m0, 'resq/M01/heartbeat', ... (208 bytes))
1785215341: Sending PUBLISH to auto-F4D3C95B-F428-3CED-27C0-60FA1DE0E582 (d0, q0, r0, m0, 'resq/M01/heartbeat', ... (208 bytes))
1785215341: Received PINGREQ from resq-firmware-sim-M01-ms471s3o
1785215341: Sending PINGRESP to resq-firmware-sim-M01-ms471s3o
1785215341: Received PINGREQ from hub-api-session-commands-1785215101465
1785215341: Sending PINGRESP to hub-api-session-commands-1785215101465
1785215342: Received PUBLISH from resq-firmware-sim-M01-ms471s3o (d0, q0, r0, m0, 'resq/M01/heartbeat', ... (208 bytes))
1785215342: Sending PUBLISH to hub-api-live-registry-1785215101795 (d0, q0, r0, m0, 'resq/M01/heartbeat', ... (208 bytes))
1785215342: Sending PUBLISH to auto-F4D3C95B-F428-3CED-27C0-60FA1DE0E582 (d0, q0, r0, m0, 'resq/M01/heartbeat', ... (208 bytes))
1785215342: Received PINGREQ from hub-api-live-registry-1785215101795
1785215342: Sending PINGRESP to hub-api-live-registry-1785215101795
1785215343: Received PUBLISH from resq-firmware-sim-M01-ms471s3o (d0, q0, r0, m0, 'resq/M01/heartbeat', ... (208 bytes))
1785215343: Sending PUBLISH to hub-api-live-registry-1785215101795 (d0, q0, r0, m0, 'resq/M01/heartbeat', ... (208 bytes))
1785215343: Sending PUBLISH to auto-F4D3C95B-F428-3CED-27C0-60FA1DE0E582 (d0, q0, r0, m0, 'resq/M01/heartbeat', ... (208 bytes))
1785215343: Received PINGREQ from auto-F4D3C95B-F428-3CED-27C0-60FA1DE0E582
1785215343: Sending PINGRESP to auto-F4D3C95B-F428-3CED-27C0-60FA1DE0E582
1785215344: Client auto-F4D3C95B-F428-3CED-27C0-60FA1DE0E582 [127.0.0.1:62699] disconnected: connection closed by client.
1785215344: New connection from 127.0.0.1:59515 on port 1883.
1785215344: New client connected from 127.0.0.1:59515 as auto-B2AF7759-684B-9E5C-601E-6C93EC72D63A (p4, c1, k60).
1785215344: No will message specified.
1785215344: Sending CONNACK to auto-B2AF7759-684B-9E5C-601E-6C93EC72D63A (0, 0)
1785215344: Received SUBSCRIBE from auto-B2AF7759-684B-9E5C-601E-6C93EC72D63A
1785215344: 	resq/# (QoS 0)
1785215344: auto-B2AF7759-684B-9E5C-601E-6C93EC72D63A 0 resq/#
1785215344: Sending SUBACK to auto-B2AF7759-684B-9E5C-601E-6C93EC72D63A
1785215344: Sending PUBLISH to auto-B2AF7759-684B-9E5C-601E-6C93EC72D63A (d0, q0, r1, m0, 'resq/M01/status', ... (138 bytes))
1785215344: Received PUBLISH from resq-firmware-sim-M01-ms471s3o (d0, q0, r0, m0, 'resq/M01/heartbeat', ... (208 bytes))
1785215344: Sending PUBLISH to hub-api-live-registry-1785215101795 (d0, q0, r0, m0, 'resq/M01/heartbeat', ... (208 bytes))
1785215344: Sending PUBLISH to auto-B2AF7759-684B-9E5C-601E-6C93EC72D63A (d0, q0, r0, m0, 'resq/M01/heartbeat', ... (208 bytes))
1785215344: New connection from 127.0.0.1:59518 on port 1883.
1785215344: New client connected from 127.0.0.1:59518 as auto-3E672443-DA73-E9D3-2D4E-8571DD376805 (p4, c1, k60).
1785215344: No will message specified.
1785215344: Sending CONNACK to auto-3E672443-DA73-E9D3-2D4E-8571DD376805 (0, 0)
1785215344: Received PUBLISH from auto-3E672443-DA73-E9D3-2D4E-8571DD376805 (d0, q1, r0, m1, 'resq/M01/cmd/telemetry', ... (92 bytes))
1785215344: Sending PUBLISH to resq-firmware-sim-M01-ms471s3o (d0, q0, r0, m0, 'resq/M01/cmd/telemetry', ... (92 bytes))
1785215344: Sending PUBLISH to auto-B2AF7759-684B-9E5C-601E-6C93EC72D63A (d0, q0, r0, m0, 'resq/M01/cmd/telemetry', ... (92 bytes))
1785215344: Sending PUBACK to auto-3E672443-DA73-E9D3-2D4E-8571DD376805 (m1, rc0)
1785215344: Client auto-3E672443-DA73-E9D3-2D4E-8571DD376805 [127.0.0.1:59518] disconnected: connection closed by client.
1785215344: Received PUBLISH from resq-firmware-sim-M01-ms471s3o (d0, q0, r0, m0, 'resq/M01/events', ... (104 bytes))
1785215344: Sending PUBLISH to hub-api-live-registry-1785215101795 (d0, q0, r0, m0, 'resq/M01/events', ... (104 bytes))
1785215344: Sending PUBLISH to auto-B2AF7759-684B-9E5C-601E-6C93EC72D63A (d0, q0, r0, m0, 'resq/M01/events', ... (104 bytes))
1785215345: Received PUBLISH from resq-firmware-sim-M01-ms471s3o (d0, q0, r0, m0, 'resq/M01/heartbeat', ... (208 bytes))
1785215345: Sending PUBLISH to hub-api-live-registry-1785215101795 (d0, q0, r0, m0, 'resq/M01/heartbeat', ... (208 bytes))
1785215345: Sending PUBLISH to auto-B2AF7759-684B-9E5C-601E-6C93EC72D63A (d0, q0, r0, m0, 'resq/M01/heartbeat', ... (208 bytes))
1785215346: Received PUBLISH from resq-firmware-sim-M01-ms471s3o (d0, q0, r0, m0, 'resq/M01/heartbeat', ... (208 bytes))
1785215346: Sending PUBLISH to hub-api-live-registry-1785215101795 (d0, q0, r0, m0, 'resq/M01/heartbeat', ... (208 bytes))
1785215346: Sending PUBLISH to auto-B2AF7759-684B-9E5C-601E-6C93EC72D63A (d0, q0, r0, m0, 'resq/M01/heartbeat', ... (208 bytes))
1785215347: Received PUBLISH from resq-firmware-sim-M01-ms471s3o (d0, q0, r0, m0, 'resq/M01/heartbeat', ... (208 bytes))
1785215347: Sending PUBLISH to hub-api-live-registry-1785215101795 (d0, q0, r0, m0, 'resq/M01/heartbeat', ... (208 bytes))
1785215347: Sending PUBLISH to auto-B2AF7759-684B-9E5C-601E-6C93EC72D63A (d0, q0, r0, m0, 'resq/M01/heartbeat', ... (208 bytes))
1785215348: Received PUBLISH from resq-firmware-sim-M01-ms471s3o (d0, q0, r0, m0, 'resq/M01/heartbeat', ... (208 bytes))
1785215348: Sending PUBLISH to hub-api-live-registry-1785215101795 (d0, q0, r0, m0, 'resq/M01/heartbeat', ... (208 bytes))
1785215348: Sending PUBLISH to auto-B2AF7759-684B-9E5C-601E-6C93EC72D63A (d0, q0, r0, m0, 'resq/M01/heartbeat', ... (208 bytes))
1785215349: Received PUBLISH from resq-firmware-sim-M01-ms471s3o (d0, q0, r0, m0, 'resq/M01/heartbeat', ... (208 bytes))
1785215349: Sending PUBLISH to hub-api-live-registry-1785215101795 (d0, q0, r0, m0, 'resq/M01/heartbeat', ... (208 bytes))
1785215349: Sending PUBLISH to auto-B2AF7759-684B-9E5C-601E-6C93EC72D63A (d0, q0, r0, m0, 'resq/M01/heartbeat', ... (208 bytes))
1785215350: Received PUBLISH from resq-firmware-sim-M01-ms471s3o (d0, q0, r0, m0, 'resq/M01/heartbeat', ... (208 bytes))
1785215350: Sending PUBLISH to hub-api-live-registry-1785215101795 (d0, q0, r0, m0, 'resq/M01/heartbeat', ... (208 bytes))
1785215350: Sending PUBLISH to auto-B2AF7759-684B-9E5C-601E-6C93EC72D63A (d0, q0, r0, m0, 'resq/M01/heartbeat', ... (208 bytes))
1785215351: Received PUBLISH from resq-firmware-sim-M01-ms471s3o (d0, q0, r0, m0, 'resq/M01/heartbeat', ... (208 bytes))
1785215351: Sending PUBLISH to hub-api-live-registry-1785215101795 (d0, q0, r0, m0, 'resq/M01/heartbeat', ... (208 bytes))
1785215351: Sending PUBLISH to auto-B2AF7759-684B-9E5C-601E-6C93EC72D63A (d0, q0, r0, m0, 'resq/M01/heartbeat', ... (208 bytes))
1785215352: Received PUBLISH from resq-firmware-sim-M01-ms471s3o (d0, q0, r0, m0, 'resq/M01/heartbeat', ... (208 bytes))
1785215352: Sending PUBLISH to hub-api-live-registry-1785215101795 (d0, q0, r0, m0, 'resq/M01/heartbeat', ... (208 bytes))
1785215352: Sending PUBLISH to auto-B2AF7759-684B-9E5C-601E-6C93EC72D63A (d0, q0, r0, m0, 'resq/M01/heartbeat', ... (208 bytes))
1785215353: Received PUBLISH from resq-firmware-sim-M01-ms471s3o (d0, q0, r0, m0, 'resq/M01/heartbeat', ... (208 bytes))
1785215353: Sending PUBLISH to hub-api-live-registry-1785215101795 (d0, q0, r0, m0, 'resq/M01/heartbeat', ... (208 bytes))
1785215353: Sending PUBLISH to auto-B2AF7759-684B-9E5C-601E-6C93EC72D63A (d0, q0, r0, m0, 'resq/M01/heartbeat', ... (208 bytes))
1785215354: Received PUBLISH from resq-firmware-sim-M01-ms471s3o (d0, q0, r0, m0, 'resq/M01/heartbeat', ... (208 bytes))
1785215354: Sending PUBLISH to hub-api-live-registry-1785215101795 (d0, q0, r0, m0, 'resq/M01/heartbeat', ... (208 bytes))
1785215354: Sending PUBLISH to auto-B2AF7759-684B-9E5C-601E-6C93EC72D63A (d0, q0, r0, m0, 'resq/M01/heartbeat', ... (208 bytes))
1785215355: Received PUBLISH from resq-firmware-sim-M01-ms471s3o (d0, q0, r0, m0, 'resq/M01/heartbeat', ... (208 bytes))
1785215355: Sending PUBLISH to hub-api-live-registry-1785215101795 (d0, q0, r0, m0, 'resq/M01/heartbeat', ... (208 bytes))
1785215355: Sending PUBLISH to auto-B2AF7759-684B-9E5C-601E-6C93EC72D63A (d0, q0, r0, m0, 'resq/M01/heartbeat', ... (208 bytes))
1785215356: Received PUBLISH from resq-firmware-sim-M01-ms471s3o (d0, q0, r0, m0, 'resq/M01/heartbeat', ... (208 bytes))
1785215356: Sending PUBLISH to hub-api-live-registry-1785215101795 (d0, q0, r0, m0, 'resq/M01/heartbeat', ... (208 bytes))
1785215356: Sending PUBLISH to auto-B2AF7759-684B-9E5C-601E-6C93EC72D63A (d0, q0, r0, m0, 'resq/M01/heartbeat', ... (208 bytes))
1785215357: Received PUBLISH from resq-firmware-sim-M01-ms471s3o (d0, q0, r0, m0, 'resq/M01/heartbeat', ... (208 bytes))
1785215357: Sending PUBLISH to hub-api-live-registry-1785215101795 (d0, q0, r0, m0, 'resq/M01/heartbeat', ... (208 bytes))
1785215357: Sending PUBLISH to auto-B2AF7759-684B-9E5C-601E-6C93EC72D63A (d0, q0, r0, m0, 'resq/M01/heartbeat', ... (208 bytes))
1785215358: Received PUBLISH from resq-firmware-sim-M01-ms471s3o (d0, q0, r0, m0, 'resq/M01/heartbeat', ... (208 bytes))
1785215358: Sending PUBLISH to hub-api-live-registry-1785215101795 (d0, q0, r0, m0, 'resq/M01/heartbeat', ... (208 bytes))
1785215358: Sending PUBLISH to auto-B2AF7759-684B-9E5C-601E-6C93EC72D63A (d0, q0, r0, m0, 'resq/M01/heartbeat', ... (208 bytes))
1785215359: Received PUBLISH from resq-firmware-sim-M01-ms471s3o (d0, q0, r0, m0, 'resq/M01/heartbeat', ... (208 bytes))
1785215359: Sending PUBLISH to hub-api-live-registry-1785215101795 (d0, q0, r0, m0, 'resq/M01/heartbeat', ... (208 bytes))
1785215359: Sending PUBLISH to auto-B2AF7759-684B-9E5C-601E-6C93EC72D63A (d0, q0, r0, m0, 'resq/M01/heartbeat', ... (208 bytes))
1785215360: Received PUBLISH from resq-firmware-sim-M01-ms471s3o (d0, q0, r0, m0, 'resq/M01/heartbeat', ... (208 bytes))
1785215360: Sending PUBLISH to hub-api-live-registry-1785215101795 (d0, q0, r0, m0, 'resq/M01/heartbeat', ... (208 bytes))
1785215360: Sending PUBLISH to auto-B2AF7759-684B-9E5C-601E-6C93EC72D63A (d0, q0, r0, m0, 'resq/M01/heartbeat', ... (208 bytes))
1785215361: Received PUBLISH from resq-firmware-sim-M01-ms471s3o (d0, q0, r0, m0, 'resq/M01/heartbeat', ... (208 bytes))
1785215361: Sending PUBLISH to hub-api-live-registry-1785215101795 (d0, q0, r0, m0, 'resq/M01/heartbeat', ... (208 bytes))
1785215361: Sending PUBLISH to auto-B2AF7759-684B-9E5C-601E-6C93EC72D63A (d0, q0, r0, m0, 'resq/M01/heartbeat', ... (208 bytes))
1785215362: Received PUBLISH from resq-firmware-sim-M01-ms471s3o (d0, q0, r0, m0, 'resq/M01/heartbeat', ... (208 bytes))
1785215362: Sending PUBLISH to hub-api-live-registry-1785215101795 (d0, q0, r0, m0, 'resq/M01/heartbeat', ... (208 bytes))
1785215362: Sending PUBLISH to auto-B2AF7759-684B-9E5C-601E-6C93EC72D63A (d0, q0, r0, m0, 'resq/M01/heartbeat', ... (208 bytes))
1785215363: Received PUBLISH from resq-firmware-sim-M01-ms471s3o (d0, q0, r0, m0, 'resq/M01/heartbeat', ... (208 bytes))
1785215363: Sending PUBLISH to hub-api-live-registry-1785215101795 (d0, q0, r0, m0, 'resq/M01/heartbeat', ... (208 bytes))
1785215363: Sending PUBLISH to auto-B2AF7759-684B-9E5C-601E-6C93EC72D63A (d0, q0, r0, m0, 'resq/M01/heartbeat', ... (208 bytes))
1785215364: Received PUBLISH from resq-firmware-sim-M01-ms471s3o (d0, q0, r0, m0, 'resq/M01/heartbeat', ... (208 bytes))
1785215364: Sending PUBLISH to hub-api-live-registry-1785215101795 (d0, q0, r0, m0, 'resq/M01/heartbeat', ... (208 bytes))
1785215364: Sending PUBLISH to auto-B2AF7759-684B-9E5C-601E-6C93EC72D63A (d0, q0, r0, m0, 'resq/M01/heartbeat', ... (208 bytes))
1785215365: Received PUBLISH from resq-firmware-sim-M01-ms471s3o (d0, q0, r0, m0, 'resq/M01/heartbeat', ... (208 bytes))
1785215365: Sending PUBLISH to hub-api-live-registry-1785215101795 (d0, q0, r0, m0, 'resq/M01/heartbeat', ... (208 bytes))
1785215365: Sending PUBLISH to auto-B2AF7759-684B-9E5C-601E-6C93EC72D63A (d0, q0, r0, m0, 'resq/M01/heartbeat', ... (208 bytes))
1785215366: Received PUBLISH from resq-firmware-sim-M01-ms471s3o (d0, q0, r0, m0, 'resq/M01/heartbeat', ... (208 bytes))
1785215366: Sending PUBLISH to hub-api-live-registry-1785215101795 (d0, q0, r0, m0, 'resq/M01/heartbeat', ... (208 bytes))
1785215366: Sending PUBLISH to auto-B2AF7759-684B-9E5C-601E-6C93EC72D63A (d0, q0, r0, m0, 'resq/M01/heartbeat', ... (208 bytes))
1785215367: Received PUBLISH from resq-firmware-sim-M01-ms471s3o (d0, q0, r0, m0, 'resq/M01/heartbeat', ... (208 bytes))
1785215367: Sending PUBLISH to hub-api-live-registry-1785215101795 (d0, q0, r0, m0, 'resq/M01/heartbeat', ... (208 bytes))
1785215367: Sending PUBLISH to auto-B2AF7759-684B-9E5C-601E-6C93EC72D63A (d0, q0, r0, m0, 'resq/M01/heartbeat', ... (208 bytes))
1785215368: Received PUBLISH from resq-firmware-sim-M01-ms471s3o (d0, q0, r0, m0, 'resq/M01/heartbeat', ... (208 bytes))
1785215368: Sending PUBLISH to hub-api-live-registry-1785215101795 (d0, q0, r0, m0, 'resq/M01/heartbeat', ... (208 bytes))
1785215368: Sending PUBLISH to auto-B2AF7759-684B-9E5C-601E-6C93EC72D63A (d0, q0, r0, m0, 'resq/M01/heartbeat', ... (208 bytes))
1785215369: Received PUBLISH from resq-firmware-sim-M01-ms471s3o (d0, q0, r0, m0, 'resq/M01/heartbeat', ... (208 bytes))
1785215369: Sending PUBLISH to hub-api-live-registry-1785215101795 (d0, q0, r0, m0, 'resq/M01/heartbeat', ... (208 bytes))
1785215369: Sending PUBLISH to auto-B2AF7759-684B-9E5C-601E-6C93EC72D63A (d0, q0, r0, m0, 'resq/M01/heartbeat', ... (208 bytes))
1785215370: Received PUBLISH from resq-firmware-sim-M01-ms471s3o (d0, q0, r0, m0, 'resq/M01/heartbeat', ... (208 bytes))
1785215370: Sending PUBLISH to hub-api-live-registry-1785215101795 (d0, q0, r0, m0, 'resq/M01/heartbeat', ... (208 bytes))
1785215370: Sending PUBLISH to auto-B2AF7759-684B-9E5C-601E-6C93EC72D63A (d0, q0, r0, m0, 'resq/M01/heartbeat', ... (208 bytes))
1785215371: Received PUBLISH from resq-firmware-sim-M01-ms471s3o (d0, q0, r0, m0, 'resq/M01/heartbeat', ... (208 bytes))
1785215371: Sending PUBLISH to hub-api-live-registry-1785215101795 (d0, q0, r0, m0, 'resq/M01/heartbeat', ... (208 bytes))
1785215371: Sending PUBLISH to auto-B2AF7759-684B-9E5C-601E-6C93EC72D63A (d0, q0, r0, m0, 'resq/M01/heartbeat', ... (208 bytes))
1785215372: Received PUBLISH from resq-firmware-sim-M01-ms471s3o (d0, q0, r0, m0, 'resq/M01/heartbeat', ... (208 bytes))
1785215372: Sending PUBLISH to hub-api-live-registry-1785215101795 (d0, q0, r0, m0, 'resq/M01/heartbeat', ... (208 bytes))
1785215372: Sending PUBLISH to auto-B2AF7759-684B-9E5C-601E-6C93EC72D63A (d0, q0, r0, m0, 'resq/M01/heartbeat', ... (208 bytes))
1785215373: Received PUBLISH from resq-firmware-sim-M01-ms471s3o (d0, q0, r0, m0, 'resq/M01/heartbeat', ... (208 bytes))
1785215373: Sending PUBLISH to hub-api-live-registry-1785215101795 (d0, q0, r0, m0, 'resq/M01/heartbeat', ... (208 bytes))
1785215373: Sending PUBLISH to auto-B2AF7759-684B-9E5C-601E-6C93EC72D63A (d0, q0, r0, m0, 'resq/M01/heartbeat', ... (208 bytes))
1785215374: Received PUBLISH from resq-firmware-sim-M01-ms471s3o (d0, q0, r0, m0, 'resq/M01/heartbeat', ... (208 bytes))
1785215374: Sending PUBLISH to hub-api-live-registry-1785215101795 (d0, q0, r0, m0, 'resq/M01/heartbeat', ... (208 bytes))
1785215374: Sending PUBLISH to auto-B2AF7759-684B-9E5C-601E-6C93EC72D63A (d0, q0, r0, m0, 'resq/M01/heartbeat', ... (208 bytes))
1785215375: Received PUBLISH from resq-firmware-sim-M01-ms471s3o (d0, q0, r0, m0, 'resq/M01/heartbeat', ... (208 bytes))
1785215375: Sending PUBLISH to hub-api-live-registry-1785215101795 (d0, q0, r0, m0, 'resq/M01/heartbeat', ... (208 bytes))
1785215375: Sending PUBLISH to auto-B2AF7759-684B-9E5C-601E-6C93EC72D63A (d0, q0, r0, m0, 'resq/M01/heartbeat', ... (208 bytes))
1785215376: Received PUBLISH from resq-firmware-sim-M01-ms471s3o (d0, q0, r0, m0, 'resq/M01/heartbeat', ... (208 bytes))
1785215376: Sending PUBLISH to hub-api-live-registry-1785215101795 (d0, q0, r0, m0, 'resq/M01/heartbeat', ... (208 bytes))
1785215376: Sending PUBLISH to auto-B2AF7759-684B-9E5C-601E-6C93EC72D63A (d0, q0, r0, m0, 'resq/M01/heartbeat', ... (208 bytes))
1785215377: Received PUBLISH from resq-firmware-sim-M01-ms471s3o (d0, q0, r0, m0, 'resq/M01/heartbeat', ... (208 bytes))
1785215377: Sending PUBLISH to hub-api-live-registry-1785215101795 (d0, q0, r0, m0, 'resq/M01/heartbeat', ... (208 bytes))
1785215377: Sending PUBLISH to auto-B2AF7759-684B-9E5C-601E-6C93EC72D63A (d0, q0, r0, m0, 'resq/M01/heartbeat', ... (208 bytes))
1785215378: Received PUBLISH from resq-firmware-sim-M01-ms471s3o (d0, q0, r0, m0, 'resq/M01/heartbeat', ... (208 bytes))
1785215378: Sending PUBLISH to hub-api-live-registry-1785215101795 (d0, q0, r0, m0, 'resq/M01/heartbeat', ... (208 bytes))
1785215378: Sending PUBLISH to auto-B2AF7759-684B-9E5C-601E-6C93EC72D63A (d0, q0, r0, m0, 'resq/M01/heartbeat', ... (208 bytes))
1785215379: Received PUBLISH from resq-firmware-sim-M01-ms471s3o (d0, q0, r0, m0, 'resq/M01/heartbeat', ... (208 bytes))
1785215379: Sending PUBLISH to hub-api-live-registry-1785215101795 (d0, q0, r0, m0, 'resq/M01/heartbeat', ... (208 bytes))
1785215379: Sending PUBLISH to auto-B2AF7759-684B-9E5C-601E-6C93EC72D63A (d0, q0, r0, m0, 'resq/M01/heartbeat', ... (208 bytes))
1785215380: Received PUBLISH from resq-firmware-sim-M01-ms471s3o (d0, q0, r0, m0, 'resq/M01/heartbeat', ... (208 bytes))
1785215380: Sending PUBLISH to hub-api-live-registry-1785215101795 (d0, q0, r0, m0, 'resq/M01/heartbeat', ... (208 bytes))
1785215380: Sending PUBLISH to auto-B2AF7759-684B-9E5C-601E-6C93EC72D63A (d0, q0, r0, m0, 'resq/M01/heartbeat', ... (208 bytes))
1785215381: Received PUBLISH from resq-firmware-sim-M01-ms471s3o (d0, q0, r0, m0, 'resq/M01/heartbeat', ... (208 bytes))
1785215381: Sending PUBLISH to hub-api-live-registry-1785215101795 (d0, q0, r0, m0, 'resq/M01/heartbeat', ... (208 bytes))
1785215381: Sending PUBLISH to auto-B2AF7759-684B-9E5C-601E-6C93EC72D63A (d0, q0, r0, m0, 'resq/M01/heartbeat', ... (208 bytes))
1785215382: Received PUBLISH from resq-firmware-sim-M01-ms471s3o (d0, q0, r0, m0, 'resq/M01/heartbeat', ... (208 bytes))
1785215382: Sending PUBLISH to hub-api-live-registry-1785215101795 (d0, q0, r0, m0, 'resq/M01/heartbeat', ... (208 bytes))
1785215382: Sending PUBLISH to auto-B2AF7759-684B-9E5C-601E-6C93EC72D63A (d0, q0, r0, m0, 'resq/M01/heartbeat', ... (208 bytes))
1785215383: Received PUBLISH from resq-firmware-sim-M01-ms471s3o (d0, q0, r0, m0, 'resq/M01/heartbeat', ... (208 bytes))
1785215383: Sending PUBLISH to hub-api-live-registry-1785215101795 (d0, q0, r0, m0, 'resq/M01/heartbeat', ... (208 bytes))
1785215383: Sending PUBLISH to auto-B2AF7759-684B-9E5C-601E-6C93EC72D63A (d0, q0, r0, m0, 'resq/M01/heartbeat', ... (208 bytes))
1785215384: Received PUBLISH from resq-firmware-sim-M01-ms471s3o (d0, q0, r0, m0, 'resq/M01/heartbeat', ... (208 bytes))
1785215384: Sending PUBLISH to hub-api-live-registry-1785215101795 (d0, q0, r0, m0, 'resq/M01/heartbeat', ... (208 bytes))
1785215384: Sending PUBLISH to auto-B2AF7759-684B-9E5C-601E-6C93EC72D63A (d0, q0, r0, m0, 'resq/M01/heartbeat', ... (208 bytes))
1785215385: Received PUBLISH from resq-firmware-sim-M01-ms471s3o (d0, q0, r0, m0, 'resq/M01/heartbeat', ... (208 bytes))
1785215385: Sending PUBLISH to hub-api-live-registry-1785215101795 (d0, q0, r0, m0, 'resq/M01/heartbeat', ... (208 bytes))
1785215385: Sending PUBLISH to auto-B2AF7759-684B-9E5C-601E-6C93EC72D63A (d0, q0, r0, m0, 'resq/M01/heartbeat', ... (208 bytes))
1785215386: Received PUBLISH from resq-firmware-sim-M01-ms471s3o (d0, q0, r0, m0, 'resq/M01/heartbeat', ... (208 bytes))
1785215386: Sending PUBLISH to hub-api-live-registry-1785215101795 (d0, q0, r0, m0, 'resq/M01/heartbeat', ... (208 bytes))
1785215386: Sending PUBLISH to auto-B2AF7759-684B-9E5C-601E-6C93EC72D63A (d0, q0, r0, m0, 'resq/M01/heartbeat', ... (208 bytes))
1785215387: Received PUBLISH from resq-firmware-sim-M01-ms471s3o (d0, q0, r0, m0, 'resq/M01/heartbeat', ... (208 bytes))
1785215387: Sending PUBLISH to hub-api-live-registry-1785215101795 (d0, q0, r0, m0, 'resq/M01/heartbeat', ... (208 bytes))
1785215387: Sending PUBLISH to auto-B2AF7759-684B-9E5C-601E-6C93EC72D63A (d0, q0, r0, m0, 'resq/M01/heartbeat', ... (208 bytes))
1785215388: Received PUBLISH from resq-firmware-sim-M01-ms471s3o (d0, q0, r0, m0, 'resq/M01/heartbeat', ... (208 bytes))
1785215388: Sending PUBLISH to hub-api-live-registry-1785215101795 (d0, q0, r0, m0, 'resq/M01/heartbeat', ... (208 bytes))
1785215388: Sending PUBLISH to auto-B2AF7759-684B-9E5C-601E-6C93EC72D63A (d0, q0, r0, m0, 'resq/M01/heartbeat', ... (208 bytes))
1785215389: Received PUBLISH from resq-firmware-sim-M01-ms471s3o (d0, q0, r0, m0, 'resq/M01/heartbeat', ... (208 bytes))
1785215389: Sending PUBLISH to hub-api-live-registry-1785215101795 (d0, q0, r0, m0, 'resq/M01/heartbeat', ... (208 bytes))
1785215389: Sending PUBLISH to auto-B2AF7759-684B-9E5C-601E-6C93EC72D63A (d0, q0, r0, m0, 'resq/M01/heartbeat', ... (208 bytes))
1785215390: Received PUBLISH from resq-firmware-sim-M01-ms471s3o (d0, q0, r0, m0, 'resq/M01/heartbeat', ... (208 bytes))
1785215390: Sending PUBLISH to hub-api-live-registry-1785215101795 (d0, q0, r0, m0, 'resq/M01/heartbeat', ... (208 bytes))
1785215390: Sending PUBLISH to auto-B2AF7759-684B-9E5C-601E-6C93EC72D63A (d0, q0, r0, m0, 'resq/M01/heartbeat', ... (208 bytes))
1785215391: Received PUBLISH from resq-firmware-sim-M01-ms471s3o (d0, q0, r0, m0, 'resq/M01/heartbeat', ... (208 bytes))
1785215391: Sending PUBLISH to hub-api-live-registry-1785215101795 (d0, q0, r0, m0, 'resq/M01/heartbeat', ... (208 bytes))
1785215391: Sending PUBLISH to auto-B2AF7759-684B-9E5C-601E-6C93EC72D63A (d0, q0, r0, m0, 'resq/M01/heartbeat', ... (208 bytes))
1785215392: Received PUBLISH from resq-firmware-sim-M01-ms471s3o (d0, q0, r0, m0, 'resq/M01/heartbeat', ... (208 bytes))
1785215392: Sending PUBLISH to hub-api-live-registry-1785215101795 (d0, q0, r0, m0, 'resq/M01/heartbeat', ... (208 bytes))
1785215392: Sending PUBLISH to auto-B2AF7759-684B-9E5C-601E-6C93EC72D63A (d0, q0, r0, m0, 'resq/M01/heartbeat', ... (208 bytes))
1785215393: Received PUBLISH from resq-firmware-sim-M01-ms471s3o (d0, q0, r0, m0, 'resq/M01/heartbeat', ... (208 bytes))
1785215393: Sending PUBLISH to hub-api-live-registry-1785215101795 (d0, q0, r0, m0, 'resq/M01/heartbeat', ... (208 bytes))
1785215393: Sending PUBLISH to auto-B2AF7759-684B-9E5C-601E-6C93EC72D63A (d0, q0, r0, m0, 'resq/M01/heartbeat', ... (208 bytes))
1785215394: Received PUBLISH from resq-firmware-sim-M01-ms471s3o (d0, q0, r0, m0, 'resq/M01/heartbeat', ... (208 bytes))
1785215394: Sending PUBLISH to hub-api-live-registry-1785215101795 (d0, q0, r0, m0, 'resq/M01/heartbeat', ... (208 bytes))
1785215394: Sending PUBLISH to auto-B2AF7759-684B-9E5C-601E-6C93EC72D63A (d0, q0, r0, m0, 'resq/M01/heartbeat', ... (208 bytes))
1785215395: Received PUBLISH from resq-firmware-sim-M01-ms471s3o (d0, q0, r0, m0, 'resq/M01/heartbeat', ... (208 bytes))
1785215395: Sending PUBLISH to hub-api-live-registry-1785215101795 (d0, q0, r0, m0, 'resq/M01/heartbeat', ... (208 bytes))
1785215395: Sending PUBLISH to auto-B2AF7759-684B-9E5C-601E-6C93EC72D63A (d0, q0, r0, m0, 'resq/M01/heartbeat', ... (208 bytes))
1785215396: Received PUBLISH from resq-firmware-sim-M01-ms471s3o (d0, q0, r0, m0, 'resq/M01/heartbeat', ... (208 bytes))
1785215396: Sending PUBLISH to hub-api-live-registry-1785215101795 (d0, q0, r0, m0, 'resq/M01/heartbeat', ... (208 bytes))
1785215396: Sending PUBLISH to auto-B2AF7759-684B-9E5C-601E-6C93EC72D63A (d0, q0, r0, m0, 'resq/M01/heartbeat', ... (208 bytes))
1785215397: Received PUBLISH from resq-firmware-sim-M01-ms471s3o (d0, q0, r0, m0, 'resq/M01/heartbeat', ... (208 bytes))
1785215397: Sending PUBLISH to hub-api-live-registry-1785215101795 (d0, q0, r0, m0, 'resq/M01/heartbeat', ... (208 bytes))
1785215397: Sending PUBLISH to auto-B2AF7759-684B-9E5C-601E-6C93EC72D63A (d0, q0, r0, m0, 'resq/M01/heartbeat', ... (208 bytes))
1785215398: Received PUBLISH from resq-firmware-sim-M01-ms471s3o (d0, q0, r0, m0, 'resq/M01/heartbeat', ... (208 bytes))
1785215398: Sending PUBLISH to hub-api-live-registry-1785215101795 (d0, q0, r0, m0, 'resq/M01/heartbeat', ... (208 bytes))
1785215398: Sending PUBLISH to auto-B2AF7759-684B-9E5C-601E-6C93EC72D63A (d0, q0, r0, m0, 'resq/M01/heartbeat', ... (208 bytes))
1785215399: Received PUBLISH from resq-firmware-sim-M01-ms471s3o (d0, q0, r0, m0, 'resq/M01/heartbeat', ... (208 bytes))
1785215399: Sending PUBLISH to hub-api-live-registry-1785215101795 (d0, q0, r0, m0, 'resq/M01/heartbeat', ... (208 bytes))
1785215399: Sending PUBLISH to auto-B2AF7759-684B-9E5C-601E-6C93EC72D63A (d0, q0, r0, m0, 'resq/M01/heartbeat', ... (208 bytes))
1785215400: Received PUBLISH from resq-firmware-sim-M01-ms471s3o (d0, q0, r0, m0, 'resq/M01/heartbeat', ... (208 bytes))
1785215400: Sending PUBLISH to hub-api-live-registry-1785215101795 (d0, q0, r0, m0, 'resq/M01/heartbeat', ... (208 bytes))
1785215400: Sending PUBLISH to auto-B2AF7759-684B-9E5C-601E-6C93EC72D63A (d0, q0, r0, m0, 'resq/M01/heartbeat', ... (208 bytes))
1785215401: Received PINGREQ from resq-firmware-sim-M01-ms471s3o
1785215401: Sending PINGRESP to resq-firmware-sim-M01-ms471s3o
1785215401: Received PUBLISH from resq-firmware-sim-M01-ms471s3o (d0, q0, r0, m0, 'resq/M01/heartbeat', ... (208 bytes))
1785215401: Sending PUBLISH to hub-api-live-registry-1785215101795 (d0, q0, r0, m0, 'resq/M01/heartbeat', ... (208 bytes))
1785215401: Sending PUBLISH to auto-B2AF7759-684B-9E5C-601E-6C93EC72D63A (d0, q0, r0, m0, 'resq/M01/heartbeat', ... (208 bytes))
1785215401: Received PINGREQ from hub-api-session-commands-1785215101465
1785215401: Sending PINGRESP to hub-api-session-commands-1785215101465
1785215402: Received PINGREQ from hub-api-live-registry-1785215101795
1785215402: Sending PINGRESP to hub-api-live-registry-1785215101795
1785215402: Received PUBLISH from resq-firmware-sim-M01-ms471s3o (d0, q0, r0, m0, 'resq/M01/heartbeat', ... (208 bytes))
1785215402: Sending PUBLISH to hub-api-live-registry-1785215101795 (d0, q0, r0, m0, 'resq/M01/heartbeat', ... (208 bytes))
1785215402: Sending PUBLISH to auto-B2AF7759-684B-9E5C-601E-6C93EC72D63A (d0, q0, r0, m0, 'resq/M01/heartbeat', ... (208 bytes))
1785215403: Received PUBLISH from resq-firmware-sim-M01-ms471s3o (d0, q0, r0, m0, 'resq/M01/heartbeat', ... (208 bytes))
1785215403: Sending PUBLISH to hub-api-live-registry-1785215101795 (d0, q0, r0, m0, 'resq/M01/heartbeat', ... (208 bytes))
1785215403: Sending PUBLISH to auto-B2AF7759-684B-9E5C-601E-6C93EC72D63A (d0, q0, r0, m0, 'resq/M01/heartbeat', ... (208 bytes))
1785215404: Received PINGREQ from auto-B2AF7759-684B-9E5C-601E-6C93EC72D63A
1785215404: Sending PINGRESP to auto-B2AF7759-684B-9E5C-601E-6C93EC72D63A
1785215404: Received PUBLISH from resq-firmware-sim-M01-ms471s3o (d0, q0, r0, m0, 'resq/M01/heartbeat', ... (208 bytes))
1785215404: Sending PUBLISH to hub-api-live-registry-1785215101795 (d0, q0, r0, m0, 'resq/M01/heartbeat', ... (208 bytes))
1785215404: Sending PUBLISH to auto-B2AF7759-684B-9E5C-601E-6C93EC72D63A (d0, q0, r0, m0, 'resq/M01/heartbeat', ... (208 bytes))
1785215404: Client auto-B2AF7759-684B-9E5C-601E-6C93EC72D63A [127.0.0.1:59515] disconnected: connection closed by client.
1785215404: New connection from 127.0.0.1:53177 on port 1883.
1785215404: New client connected from 127.0.0.1:53177 as auto-C7D7ADF7-790E-BC25-F2FE-8B32E250E406 (p4, c1, k60).
1785215404: No will message specified.
1785215404: Sending CONNACK to auto-C7D7ADF7-790E-BC25-F2FE-8B32E250E406 (0, 0)
1785215404: Received PUBLISH from auto-C7D7ADF7-790E-BC25-F2FE-8B32E250E406 (d0, q1, r0, m1, 'resq/M01/cmd/telemetry', ... (74 bytes))
1785215404: Sending PUBLISH to resq-firmware-sim-M01-ms471s3o (d0, q0, r0, m0, 'resq/M01/cmd/telemetry', ... (74 bytes))
1785215404: Sending PUBACK to auto-C7D7ADF7-790E-BC25-F2FE-8B32E250E406 (m1, rc0)
1785215404: Client auto-C7D7ADF7-790E-BC25-F2FE-8B32E250E406 [127.0.0.1:53177] disconnected: connection closed by client.
1785215404: Received PUBLISH from resq-firmware-sim-M01-ms471s3o (d0, q0, r0, m0, 'resq/M01/events', ... (104 bytes))
1785215404: Sending PUBLISH to hub-api-live-registry-1785215101795 (d0, q0, r0, m0, 'resq/M01/events', ... (104 bytes))
1785215404: New connection from 127.0.0.1:53180 on port 1883.
1785215404: New client connected from 127.0.0.1:53180 as auto-854BDFB3-9F09-909B-6F73-4F799927A5AA (p4, c1, k60).
1785215404: No will message specified.
1785215404: Sending CONNACK to auto-854BDFB3-9F09-909B-6F73-4F799927A5AA (0, 0)
1785215404: Received SUBSCRIBE from auto-854BDFB3-9F09-909B-6F73-4F799927A5AA
1785215404: 	resq/# (QoS 0)
1785215404: auto-854BDFB3-9F09-909B-6F73-4F799927A5AA 0 resq/#
1785215404: Sending SUBACK to auto-854BDFB3-9F09-909B-6F73-4F799927A5AA
1785215404: Sending PUBLISH to auto-854BDFB3-9F09-909B-6F73-4F799927A5AA (d0, q0, r1, m0, 'resq/M01/status', ... (138 bytes))
1785215405: New connection from 127.0.0.1:53183 on port 1883.
1785215405: New client connected from 127.0.0.1:53183 as auto-6819FF32-623F-DEB7-4245-A6B0E9256D36 (p4, c1, k60).
1785215405: No will message specified.
1785215405: Sending CONNACK to auto-6819FF32-623F-DEB7-4245-A6B0E9256D36 (0, 0)
1785215405: Received PUBLISH from auto-6819FF32-623F-DEB7-4245-A6B0E9256D36 (d0, q1, r0, m1, 'resq/M01/cmd/calibration/start', ... (167 bytes))
1785215405: Sending PUBLISH to resq-firmware-sim-M01-ms471s3o (d0, q0, r0, m0, 'resq/M01/cmd/calibration/start', ... (167 bytes))
1785215405: Sending PUBLISH to auto-854BDFB3-9F09-909B-6F73-4F799927A5AA (d0, q0, r0, m0, 'resq/M01/cmd/calibration/start', ... (167 bytes))
1785215405: Sending PUBACK to auto-6819FF32-623F-DEB7-4245-A6B0E9256D36 (m1, rc0)
1785215405: Client auto-6819FF32-623F-DEB7-4245-A6B0E9256D36 [127.0.0.1:53183] disconnected: connection closed by client.
1785215405: Received PUBLISH from resq-firmware-sim-M01-ms471s3o (d0, q0, r0, m0, 'resq/M01/status', ... (141 bytes))
1785215405: Sending PUBLISH to hub-api-live-registry-1785215101795 (d0, q0, r0, m0, 'resq/M01/status', ... (141 bytes))
1785215405: Sending PUBLISH to auto-854BDFB3-9F09-909B-6F73-4F799927A5AA (d0, q0, r0, m0, 'resq/M01/status', ... (141 bytes))
1785215405: Received PUBLISH from resq-firmware-sim-M01-ms471s3o (d0, q0, r1, m0, 'resq/M01/status', ... (141 bytes))
1785215405: Sending PUBLISH to hub-api-live-registry-1785215101795 (d0, q0, r0, m0, 'resq/M01/status', ... (141 bytes))
1785215405: Sending PUBLISH to auto-854BDFB3-9F09-909B-6F73-4F799927A5AA (d0, q0, r0, m0, 'resq/M01/status', ... (141 bytes))
1785215405: Received PUBLISH from resq-firmware-sim-M01-ms471s3o (d0, q0, r0, m0, 'resq/M01/events/calibration', ... (103 bytes))
1785215405: Sending PUBLISH to hub-api-live-registry-1785215101795 (d0, q0, r0, m0, 'resq/M01/events/calibration', ... (103 bytes))
1785215405: Sending PUBLISH to auto-854BDFB3-9F09-909B-6F73-4F799927A5AA (d0, q0, r0, m0, 'resq/M01/events/calibration', ... (103 bytes))
1785215405: Received PUBLISH from resq-firmware-sim-M01-ms471s3o (d0, q0, r0, m0, 'resq/M01/events/calibration', ... (104 bytes))
1785215405: Sending PUBLISH to hub-api-live-registry-1785215101795 (d0, q0, r0, m0, 'resq/M01/events/calibration', ... (104 bytes))
1785215405: Sending PUBLISH to auto-854BDFB3-9F09-909B-6F73-4F799927A5AA (d0, q0, r0, m0, 'resq/M01/events/calibration', ... (104 bytes))
1785215405: Received PUBLISH from resq-firmware-sim-M01-ms471s3o (d0, q0, r0, m0, 'resq/M01/heartbeat', ... (208 bytes))
1785215405: Sending PUBLISH to hub-api-live-registry-1785215101795 (d0, q0, r0, m0, 'resq/M01/heartbeat', ... (208 bytes))
1785215405: Sending PUBLISH to auto-854BDFB3-9F09-909B-6F73-4F799927A5AA (d0, q0, r0, m0, 'resq/M01/heartbeat', ... (208 bytes))
1785215405: Received PUBLISH from resq-firmware-sim-M01-ms471s3o (d0, q0, r0, m0, 'resq/M01/events/calibration', ... (104 bytes))
1785215405: Sending PUBLISH to hub-api-live-registry-1785215101795 (d0, q0, r0, m0, 'resq/M01/events/calibration', ... (104 bytes))
1785215405: Sending PUBLISH to auto-854BDFB3-9F09-909B-6F73-4F799927A5AA (d0, q0, r0, m0, 'resq/M01/events/calibration', ... (104 bytes))
1785215405: Received PUBLISH from resq-firmware-sim-M01-ms471s3o (d0, q0, r0, m0, 'resq/M01/events/calibration', ... (104 bytes))
1785215405: Sending PUBLISH to hub-api-live-registry-1785215101795 (d0, q0, r0, m0, 'resq/M01/events/calibration', ... (104 bytes))
1785215405: Sending PUBLISH to auto-854BDFB3-9F09-909B-6F73-4F799927A5AA (d0, q0, r0, m0, 'resq/M01/events/calibration', ... (104 bytes))
1785215405: Received PUBLISH from resq-firmware-sim-M01-ms471s3o (d0, q0, r0, m0, 'resq/M01/events/calibration', ... (104 bytes))
1785215405: Sending PUBLISH to hub-api-live-registry-1785215101795 (d0, q0, r0, m0, 'resq/M01/events/calibration', ... (104 bytes))
1785215405: Sending PUBLISH to auto-854BDFB3-9F09-909B-6F73-4F799927A5AA (d0, q0, r0, m0, 'resq/M01/events/calibration', ... (104 bytes))
1785215406: Received PUBLISH from resq-firmware-sim-M01-ms471s3o (d0, q0, r0, m0, 'resq/M01/events/calibration', ... (104 bytes))
1785215406: Sending PUBLISH to hub-api-live-registry-1785215101795 (d0, q0, r0, m0, 'resq/M01/events/calibration', ... (104 bytes))
1785215406: Sending PUBLISH to auto-854BDFB3-9F09-909B-6F73-4F799927A5AA (d0, q0, r0, m0, 'resq/M01/events/calibration', ... (104 bytes))
1785215406: Received PUBLISH from resq-firmware-sim-M01-ms471s3o (d0, q0, r0, m0, 'resq/M01/events/calibration', ... (104 bytes))
1785215406: Sending PUBLISH to hub-api-live-registry-1785215101795 (d0, q0, r0, m0, 'resq/M01/events/calibration', ... (104 bytes))
1785215406: Sending PUBLISH to auto-854BDFB3-9F09-909B-6F73-4F799927A5AA (d0, q0, r0, m0, 'resq/M01/events/calibration', ... (104 bytes))
1785215406: Received PUBLISH from resq-firmware-sim-M01-ms471s3o (d0, q0, r0, m0, 'resq/M01/events/calibration', ... (104 bytes))
1785215406: Sending PUBLISH to hub-api-live-registry-1785215101795 (d0, q0, r0, m0, 'resq/M01/events/calibration', ... (104 bytes))
1785215406: Sending PUBLISH to auto-854BDFB3-9F09-909B-6F73-4F799927A5AA (d0, q0, r0, m0, 'resq/M01/events/calibration', ... (104 bytes))
1785215406: Received PUBLISH from resq-firmware-sim-M01-ms471s3o (d0, q0, r0, m0, 'resq/M01/events/calibration', ... (104 bytes))
1785215406: Sending PUBLISH to hub-api-live-registry-1785215101795 (d0, q0, r0, m0, 'resq/M01/events/calibration', ... (104 bytes))
1785215406: Sending PUBLISH to auto-854BDFB3-9F09-909B-6F73-4F799927A5AA (d0, q0, r0, m0, 'resq/M01/events/calibration', ... (104 bytes))
1785215406: Received PUBLISH from resq-firmware-sim-M01-ms471s3o (d0, q0, r0, m0, 'resq/M01/events/calibration', ... (104 bytes))
1785215406: Sending PUBLISH to hub-api-live-registry-1785215101795 (d0, q0, r0, m0, 'resq/M01/events/calibration', ... (104 bytes))
1785215406: Sending PUBLISH to auto-854BDFB3-9F09-909B-6F73-4F799927A5AA (d0, q0, r0, m0, 'resq/M01/events/calibration', ... (104 bytes))
1785215406: Received PUBLISH from resq-firmware-sim-M01-ms471s3o (d0, q0, r0, m0, 'resq/M01/events/calibration', ... (105 bytes))
1785215406: Sending PUBLISH to hub-api-live-registry-1785215101795 (d0, q0, r0, m0, 'resq/M01/events/calibration', ... (105 bytes))
1785215406: Sending PUBLISH to auto-854BDFB3-9F09-909B-6F73-4F799927A5AA (d0, q0, r0, m0, 'resq/M01/events/calibration', ... (105 bytes))
1785215406: Received PUBLISH from resq-firmware-sim-M01-ms471s3o (d0, q0, r0, m0, 'resq/M01/heartbeat', ... (208 bytes))
1785215406: Sending PUBLISH to hub-api-live-registry-1785215101795 (d0, q0, r0, m0, 'resq/M01/heartbeat', ... (208 bytes))
1785215406: Sending PUBLISH to auto-854BDFB3-9F09-909B-6F73-4F799927A5AA (d0, q0, r0, m0, 'resq/M01/heartbeat', ... (208 bytes))
1785215406: Received PUBLISH from resq-firmware-sim-M01-ms471s3o (d0, q0, r0, m0, 'resq/M01/events/calibration', ... (142 bytes))
1785215406: Sending PUBLISH to hub-api-live-registry-1785215101795 (d0, q0, r0, m0, 'resq/M01/events/calibration', ... (142 bytes))
1785215406: Sending PUBLISH to auto-854BDFB3-9F09-909B-6F73-4F799927A5AA (d0, q0, r0, m0, 'resq/M01/events/calibration', ... (142 bytes))
1785215406: Received PUBLISH from resq-firmware-sim-M01-ms471s3o (d0, q0, r1, m0, 'resq/M01/status', ... (146 bytes))
1785215406: Sending PUBLISH to hub-api-live-registry-1785215101795 (d0, q0, r0, m0, 'resq/M01/status', ... (146 bytes))
1785215406: Sending PUBLISH to auto-854BDFB3-9F09-909B-6F73-4F799927A5AA (d0, q0, r0, m0, 'resq/M01/status', ... (146 bytes))
1785215407: Received PUBLISH from resq-firmware-sim-M01-ms471s3o (d0, q0, r0, m0, 'resq/M01/heartbeat', ... (213 bytes))
1785215407: Sending PUBLISH to hub-api-live-registry-1785215101795 (d0, q0, r0, m0, 'resq/M01/heartbeat', ... (213 bytes))
1785215407: Sending PUBLISH to auto-854BDFB3-9F09-909B-6F73-4F799927A5AA (d0, q0, r0, m0, 'resq/M01/heartbeat', ... (213 bytes))
1785215408: Received PUBLISH from resq-firmware-sim-M01-ms471s3o (d0, q0, r0, m0, 'resq/M01/heartbeat', ... (213 bytes))
1785215408: Sending PUBLISH to hub-api-live-registry-1785215101795 (d0, q0, r0, m0, 'resq/M01/heartbeat', ... (213 bytes))
1785215408: Sending PUBLISH to auto-854BDFB3-9F09-909B-6F73-4F799927A5AA (d0, q0, r0, m0, 'resq/M01/heartbeat', ... (213 bytes))
1785215409: Received PUBLISH from resq-firmware-sim-M01-ms471s3o (d0, q0, r0, m0, 'resq/M01/heartbeat', ... (213 bytes))
1785215409: Sending PUBLISH to hub-api-live-registry-1785215101795 (d0, q0, r0, m0, 'resq/M01/heartbeat', ... (213 bytes))
1785215409: Sending PUBLISH to auto-854BDFB3-9F09-909B-6F73-4F799927A5AA (d0, q0, r0, m0, 'resq/M01/heartbeat', ... (213 bytes))
1785215410: Received PUBLISH from resq-firmware-sim-M01-ms471s3o (d0, q0, r0, m0, 'resq/M01/heartbeat', ... (213 bytes))
1785215410: Sending PUBLISH to hub-api-live-registry-1785215101795 (d0, q0, r0, m0, 'resq/M01/heartbeat', ... (213 bytes))
1785215410: Sending PUBLISH to auto-854BDFB3-9F09-909B-6F73-4F799927A5AA (d0, q0, r0, m0, 'resq/M01/heartbeat', ... (213 bytes))
1785215411: Received PUBLISH from resq-firmware-sim-M01-ms471s3o (d0, q0, r0, m0, 'resq/M01/heartbeat', ... (213 bytes))
1785215411: Sending PUBLISH to hub-api-live-registry-1785215101795 (d0, q0, r0, m0, 'resq/M01/heartbeat', ... (213 bytes))
1785215411: Sending PUBLISH to auto-854BDFB3-9F09-909B-6F73-4F799927A5AA (d0, q0, r0, m0, 'resq/M01/heartbeat', ... (213 bytes))
1785215412: Received PUBLISH from resq-firmware-sim-M01-ms471s3o (d0, q0, r0, m0, 'resq/M01/heartbeat', ... (213 bytes))
1785215412: Sending PUBLISH to hub-api-live-registry-1785215101795 (d0, q0, r0, m0, 'resq/M01/heartbeat', ... (213 bytes))
1785215412: Sending PUBLISH to auto-854BDFB3-9F09-909B-6F73-4F799927A5AA (d0, q0, r0, m0, 'resq/M01/heartbeat', ... (213 bytes))
1785215413: Received PUBLISH from resq-firmware-sim-M01-ms471s3o (d0, q0, r0, m0, 'resq/M01/heartbeat', ... (213 bytes))
1785215413: Sending PUBLISH to hub-api-live-registry-1785215101795 (d0, q0, r0, m0, 'resq/M01/heartbeat', ... (213 bytes))
1785215413: Sending PUBLISH to auto-854BDFB3-9F09-909B-6F73-4F799927A5AA (d0, q0, r0, m0, 'resq/M01/heartbeat', ... (213 bytes))
1785215414: Received PUBLISH from resq-firmware-sim-M01-ms471s3o (d0, q0, r0, m0, 'resq/M01/heartbeat', ... (213 bytes))
1785215414: Sending PUBLISH to hub-api-live-registry-1785215101795 (d0, q0, r0, m0, 'resq/M01/heartbeat', ... (213 bytes))
1785215414: Sending PUBLISH to auto-854BDFB3-9F09-909B-6F73-4F799927A5AA (d0, q0, r0, m0, 'resq/M01/heartbeat', ... (213 bytes))
1785215415: Received PUBLISH from resq-firmware-sim-M01-ms471s3o (d0, q0, r0, m0, 'resq/M01/heartbeat', ... (213 bytes))
1785215415: Sending PUBLISH to hub-api-live-registry-1785215101795 (d0, q0, r0, m0, 'resq/M01/heartbeat', ... (213 bytes))
1785215415: Sending PUBLISH to auto-854BDFB3-9F09-909B-6F73-4F799927A5AA (d0, q0, r0, m0, 'resq/M01/heartbeat', ... (213 bytes))
1785215416: Received PUBLISH from resq-firmware-sim-M01-ms471s3o (d0, q0, r0, m0, 'resq/M01/heartbeat', ... (213 bytes))
1785215416: Sending PUBLISH to hub-api-live-registry-1785215101795 (d0, q0, r0, m0, 'resq/M01/heartbeat', ... (213 bytes))
1785215416: Sending PUBLISH to auto-854BDFB3-9F09-909B-6F73-4F799927A5AA (d0, q0, r0, m0, 'resq/M01/heartbeat', ... (213 bytes))
1785215417: Received PUBLISH from resq-firmware-sim-M01-ms471s3o (d0, q0, r0, m0, 'resq/M01/heartbeat', ... (213 bytes))
1785215417: Sending PUBLISH to hub-api-live-registry-1785215101795 (d0, q0, r0, m0, 'resq/M01/heartbeat', ... (213 bytes))
1785215417: Sending PUBLISH to auto-854BDFB3-9F09-909B-6F73-4F799927A5AA (d0, q0, r0, m0, 'resq/M01/heartbeat', ... (213 bytes))
1785215418: Received PUBLISH from resq-firmware-sim-M01-ms471s3o (d0, q0, r0, m0, 'resq/M01/heartbeat', ... (213 bytes))
1785215418: Sending PUBLISH to hub-api-live-registry-1785215101795 (d0, q0, r0, m0, 'resq/M01/heartbeat', ... (213 bytes))
1785215418: Sending PUBLISH to auto-854BDFB3-9F09-909B-6F73-4F799927A5AA (d0, q0, r0, m0, 'resq/M01/heartbeat', ... (213 bytes))
1785215419: Received PUBLISH from resq-firmware-sim-M01-ms471s3o (d0, q0, r0, m0, 'resq/M01/heartbeat', ... (213 bytes))
1785215419: Sending PUBLISH to hub-api-live-registry-1785215101795 (d0, q0, r0, m0, 'resq/M01/heartbeat', ... (213 bytes))
1785215419: Sending PUBLISH to auto-854BDFB3-9F09-909B-6F73-4F799927A5AA (d0, q0, r0, m0, 'resq/M01/heartbeat', ... (213 bytes))
1785215420: Received PUBLISH from resq-firmware-sim-M01-ms471s3o (d0, q0, r0, m0, 'resq/M01/heartbeat', ... (213 bytes))
1785215420: Sending PUBLISH to hub-api-live-registry-1785215101795 (d0, q0, r0, m0, 'resq/M01/heartbeat', ... (213 bytes))
1785215420: Sending PUBLISH to auto-854BDFB3-9F09-909B-6F73-4F799927A5AA (d0, q0, r0, m0, 'resq/M01/heartbeat', ... (213 bytes))
1785215421: Received PUBLISH from resq-firmware-sim-M01-ms471s3o (d0, q0, r0, m0, 'resq/M01/heartbeat', ... (213 bytes))
1785215421: Sending PUBLISH to hub-api-live-registry-1785215101795 (d0, q0, r0, m0, 'resq/M01/heartbeat', ... (213 bytes))
1785215421: Sending PUBLISH to auto-854BDFB3-9F09-909B-6F73-4F799927A5AA (d0, q0, r0, m0, 'resq/M01/heartbeat', ... (213 bytes))
1785215422: Received PUBLISH from resq-firmware-sim-M01-ms471s3o (d0, q0, r0, m0, 'resq/M01/heartbeat', ... (213 bytes))
1785215422: Sending PUBLISH to hub-api-live-registry-1785215101795 (d0, q0, r0, m0, 'resq/M01/heartbeat', ... (213 bytes))
1785215422: Sending PUBLISH to auto-854BDFB3-9F09-909B-6F73-4F799927A5AA (d0, q0, r0, m0, 'resq/M01/heartbeat', ... (213 bytes))
1785215423: Received PUBLISH from resq-firmware-sim-M01-ms471s3o (d0, q0, r0, m0, 'resq/M01/heartbeat', ... (213 bytes))
1785215423: Sending PUBLISH to hub-api-live-registry-1785215101795 (d0, q0, r0, m0, 'resq/M01/heartbeat', ... (213 bytes))
1785215423: Sending PUBLISH to auto-854BDFB3-9F09-909B-6F73-4F799927A5AA (d0, q0, r0, m0, 'resq/M01/heartbeat', ... (213 bytes))
1785215424: Received PUBLISH from resq-firmware-sim-M01-ms471s3o (d0, q0, r0, m0, 'resq/M01/heartbeat', ... (213 bytes))
1785215424: Sending PUBLISH to hub-api-live-registry-1785215101795 (d0, q0, r0, m0, 'resq/M01/heartbeat', ... (213 bytes))
1785215424: Sending PUBLISH to auto-854BDFB3-9F09-909B-6F73-4F799927A5AA (d0, q0, r0, m0, 'resq/M01/heartbeat', ... (213 bytes))
1785215425: Received PUBLISH from resq-firmware-sim-M01-ms471s3o (d0, q0, r0, m0, 'resq/M01/heartbeat', ... (213 bytes))
1785215425: Sending PUBLISH to hub-api-live-registry-1785215101795 (d0, q0, r0, m0, 'resq/M01/heartbeat', ... (213 bytes))
1785215425: Sending PUBLISH to auto-854BDFB3-9F09-909B-6F73-4F799927A5AA (d0, q0, r0, m0, 'resq/M01/heartbeat', ... (213 bytes))
1785215426: Received PUBLISH from resq-firmware-sim-M01-ms471s3o (d0, q0, r0, m0, 'resq/M01/heartbeat', ... (213 bytes))
1785215426: Sending PUBLISH to hub-api-live-registry-1785215101795 (d0, q0, r0, m0, 'resq/M01/heartbeat', ... (213 bytes))
1785215426: Sending PUBLISH to auto-854BDFB3-9F09-909B-6F73-4F799927A5AA (d0, q0, r0, m0, 'resq/M01/heartbeat', ... (213 bytes))
1785215427: Received PUBLISH from resq-firmware-sim-M01-ms471s3o (d0, q0, r0, m0, 'resq/M01/heartbeat', ... (213 bytes))
1785215427: Sending PUBLISH to hub-api-live-registry-1785215101795 (d0, q0, r0, m0, 'resq/M01/heartbeat', ... (213 bytes))
1785215427: Sending PUBLISH to auto-854BDFB3-9F09-909B-6F73-4F799927A5AA (d0, q0, r0, m0, 'resq/M01/heartbeat', ... (213 bytes))
1785215428: Received PUBLISH from resq-firmware-sim-M01-ms471s3o (d0, q0, r0, m0, 'resq/M01/heartbeat', ... (213 bytes))
1785215428: Sending PUBLISH to hub-api-live-registry-1785215101795 (d0, q0, r0, m0, 'resq/M01/heartbeat', ... (213 bytes))
1785215428: Sending PUBLISH to auto-854BDFB3-9F09-909B-6F73-4F799927A5AA (d0, q0, r0, m0, 'resq/M01/heartbeat', ... (213 bytes))
1785215429: Received PUBLISH from resq-firmware-sim-M01-ms471s3o (d0, q0, r0, m0, 'resq/M01/heartbeat', ... (213 bytes))
1785215429: Sending PUBLISH to hub-api-live-registry-1785215101795 (d0, q0, r0, m0, 'resq/M01/heartbeat', ... (213 bytes))
1785215429: Sending PUBLISH to auto-854BDFB3-9F09-909B-6F73-4F799927A5AA (d0, q0, r0, m0, 'resq/M01/heartbeat', ... (213 bytes))
1785215430: Received PUBLISH from resq-firmware-sim-M01-ms471s3o (d0, q0, r0, m0, 'resq/M01/heartbeat', ... (213 bytes))
1785215430: Sending PUBLISH to hub-api-live-registry-1785215101795 (d0, q0, r0, m0, 'resq/M01/heartbeat', ... (213 bytes))
1785215430: Sending PUBLISH to auto-854BDFB3-9F09-909B-6F73-4F799927A5AA (d0, q0, r0, m0, 'resq/M01/heartbeat', ... (213 bytes))
1785215431: Received PUBLISH from resq-firmware-sim-M01-ms471s3o (d0, q0, r0, m0, 'resq/M01/heartbeat', ... (213 bytes))
1785215431: Sending PUBLISH to hub-api-live-registry-1785215101795 (d0, q0, r0, m0, 'resq/M01/heartbeat', ... (213 bytes))
1785215431: Sending PUBLISH to auto-854BDFB3-9F09-909B-6F73-4F799927A5AA (d0, q0, r0, m0, 'resq/M01/heartbeat', ... (213 bytes))
1785215432: Received PUBLISH from resq-firmware-sim-M01-ms471s3o (d0, q0, r0, m0, 'resq/M01/heartbeat', ... (213 bytes))
1785215432: Sending PUBLISH to hub-api-live-registry-1785215101795 (d0, q0, r0, m0, 'resq/M01/heartbeat', ... (213 bytes))
1785215432: Sending PUBLISH to auto-854BDFB3-9F09-909B-6F73-4F799927A5AA (d0, q0, r0, m0, 'resq/M01/heartbeat', ... (213 bytes))
1785215433: Received PUBLISH from resq-firmware-sim-M01-ms471s3o (d0, q0, r0, m0, 'resq/M01/heartbeat', ... (213 bytes))
1785215433: Sending PUBLISH to hub-api-live-registry-1785215101795 (d0, q0, r0, m0, 'resq/M01/heartbeat', ... (213 bytes))
1785215433: Sending PUBLISH to auto-854BDFB3-9F09-909B-6F73-4F799927A5AA (d0, q0, r0, m0, 'resq/M01/heartbeat', ... (213 bytes))
1785215434: Received PUBLISH from resq-firmware-sim-M01-ms471s3o (d0, q0, r0, m0, 'resq/M01/heartbeat', ... (213 bytes))
1785215434: Sending PUBLISH to hub-api-live-registry-1785215101795 (d0, q0, r0, m0, 'resq/M01/heartbeat', ... (213 bytes))
1785215434: Sending PUBLISH to auto-854BDFB3-9F09-909B-6F73-4F799927A5AA (d0, q0, r0, m0, 'resq/M01/heartbeat', ... (213 bytes))
1785215435: Received PUBLISH from resq-firmware-sim-M01-ms471s3o (d0, q0, r0, m0, 'resq/M01/heartbeat', ... (213 bytes))
1785215435: Sending PUBLISH to hub-api-live-registry-1785215101795 (d0, q0, r0, m0, 'resq/M01/heartbeat', ... (213 bytes))
1785215435: Sending PUBLISH to auto-854BDFB3-9F09-909B-6F73-4F799927A5AA (d0, q0, r0, m0, 'resq/M01/heartbeat', ... (213 bytes))
1785215436: Received PUBLISH from resq-firmware-sim-M01-ms471s3o (d0, q0, r0, m0, 'resq/M01/heartbeat', ... (213 bytes))
1785215436: Sending PUBLISH to hub-api-live-registry-1785215101795 (d0, q0, r0, m0, 'resq/M01/heartbeat', ... (213 bytes))
1785215436: Sending PUBLISH to auto-854BDFB3-9F09-909B-6F73-4F799927A5AA (d0, q0, r0, m0, 'resq/M01/heartbeat', ... (213 bytes))
1785215437: Received PUBLISH from resq-firmware-sim-M01-ms471s3o (d0, q0, r0, m0, 'resq/M01/heartbeat', ... (213 bytes))
1785215437: Sending PUBLISH to hub-api-live-registry-1785215101795 (d0, q0, r0, m0, 'resq/M01/heartbeat', ... (213 bytes))
1785215437: Sending PUBLISH to auto-854BDFB3-9F09-909B-6F73-4F799927A5AA (d0, q0, r0, m0, 'resq/M01/heartbeat', ... (213 bytes))
1785215438: Received PUBLISH from resq-firmware-sim-M01-ms471s3o (d0, q0, r0, m0, 'resq/M01/heartbeat', ... (213 bytes))
1785215438: Sending PUBLISH to hub-api-live-registry-1785215101795 (d0, q0, r0, m0, 'resq/M01/heartbeat', ... (213 bytes))
1785215438: Sending PUBLISH to auto-854BDFB3-9F09-909B-6F73-4F799927A5AA (d0, q0, r0, m0, 'resq/M01/heartbeat', ... (213 bytes))
1785215439: Received PUBLISH from resq-firmware-sim-M01-ms471s3o (d0, q0, r0, m0, 'resq/M01/heartbeat', ... (213 bytes))
1785215439: Sending PUBLISH to hub-api-live-registry-1785215101795 (d0, q0, r0, m0, 'resq/M01/heartbeat', ... (213 bytes))
1785215439: Sending PUBLISH to auto-854BDFB3-9F09-909B-6F73-4F799927A5AA (d0, q0, r0, m0, 'resq/M01/heartbeat', ... (213 bytes))
1785215440: Received PUBLISH from resq-firmware-sim-M01-ms471s3o (d0, q0, r0, m0, 'resq/M01/heartbeat', ... (213 bytes))
1785215440: Sending PUBLISH to hub-api-live-registry-1785215101795 (d0, q0, r0, m0, 'resq/M01/heartbeat', ... (213 bytes))
1785215440: Sending PUBLISH to auto-854BDFB3-9F09-909B-6F73-4F799927A5AA (d0, q0, r0, m0, 'resq/M01/heartbeat', ... (213 bytes))
1785215441: Received PUBLISH from resq-firmware-sim-M01-ms471s3o (d0, q0, r0, m0, 'resq/M01/heartbeat', ... (213 bytes))
1785215441: Sending PUBLISH to hub-api-live-registry-1785215101795 (d0, q0, r0, m0, 'resq/M01/heartbeat', ... (213 bytes))
1785215441: Sending PUBLISH to auto-854BDFB3-9F09-909B-6F73-4F799927A5AA (d0, q0, r0, m0, 'resq/M01/heartbeat', ... (213 bytes))
1785215442: Received PUBLISH from resq-firmware-sim-M01-ms471s3o (d0, q0, r0, m0, 'resq/M01/heartbeat', ... (213 bytes))
1785215442: Sending PUBLISH to hub-api-live-registry-1785215101795 (d0, q0, r0, m0, 'resq/M01/heartbeat', ... (213 bytes))
1785215442: Sending PUBLISH to auto-854BDFB3-9F09-909B-6F73-4F799927A5AA (d0, q0, r0, m0, 'resq/M01/heartbeat', ... (213 bytes))
1785215443: Received PUBLISH from resq-firmware-sim-M01-ms471s3o (d0, q0, r0, m0, 'resq/M01/heartbeat', ... (213 bytes))
1785215443: Sending PUBLISH to hub-api-live-registry-1785215101795 (d0, q0, r0, m0, 'resq/M01/heartbeat', ... (213 bytes))
1785215443: Sending PUBLISH to auto-854BDFB3-9F09-909B-6F73-4F799927A5AA (d0, q0, r0, m0, 'resq/M01/heartbeat', ... (213 bytes))
1785215444: Received PUBLISH from resq-firmware-sim-M01-ms471s3o (d0, q0, r0, m0, 'resq/M01/heartbeat', ... (213 bytes))
1785215444: Sending PUBLISH to hub-api-live-registry-1785215101795 (d0, q0, r0, m0, 'resq/M01/heartbeat', ... (213 bytes))
1785215444: Sending PUBLISH to auto-854BDFB3-9F09-909B-6F73-4F799927A5AA (d0, q0, r0, m0, 'resq/M01/heartbeat', ... (213 bytes))
1785215445: Received PUBLISH from resq-firmware-sim-M01-ms471s3o (d0, q0, r0, m0, 'resq/M01/heartbeat', ... (213 bytes))
1785215445: Sending PUBLISH to hub-api-live-registry-1785215101795 (d0, q0, r0, m0, 'resq/M01/heartbeat', ... (213 bytes))
1785215445: Sending PUBLISH to auto-854BDFB3-9F09-909B-6F73-4F799927A5AA (d0, q0, r0, m0, 'resq/M01/heartbeat', ... (213 bytes))
1785215446: Received PUBLISH from resq-firmware-sim-M01-ms471s3o (d0, q0, r0, m0, 'resq/M01/heartbeat', ... (213 bytes))
1785215446: Sending PUBLISH to hub-api-live-registry-1785215101795 (d0, q0, r0, m0, 'resq/M01/heartbeat', ... (213 bytes))
1785215446: Sending PUBLISH to auto-854BDFB3-9F09-909B-6F73-4F799927A5AA (d0, q0, r0, m0, 'resq/M01/heartbeat', ... (213 bytes))
1785215447: Received PUBLISH from resq-firmware-sim-M01-ms471s3o (d0, q0, r0, m0, 'resq/M01/heartbeat', ... (213 bytes))
1785215447: Sending PUBLISH to hub-api-live-registry-1785215101795 (d0, q0, r0, m0, 'resq/M01/heartbeat', ... (213 bytes))
1785215447: Sending PUBLISH to auto-854BDFB3-9F09-909B-6F73-4F799927A5AA (d0, q0, r0, m0, 'resq/M01/heartbeat', ... (213 bytes))
1785215448: Received PUBLISH from resq-firmware-sim-M01-ms471s3o (d0, q0, r0, m0, 'resq/M01/heartbeat', ... (213 bytes))
1785215448: Sending PUBLISH to hub-api-live-registry-1785215101795 (d0, q0, r0, m0, 'resq/M01/heartbeat', ... (213 bytes))
1785215448: Sending PUBLISH to auto-854BDFB3-9F09-909B-6F73-4F799927A5AA (d0, q0, r0, m0, 'resq/M01/heartbeat', ... (213 bytes))
1785215449: Received PUBLISH from resq-firmware-sim-M01-ms471s3o (d0, q0, r0, m0, 'resq/M01/heartbeat', ... (213 bytes))
1785215449: Sending PUBLISH to hub-api-live-registry-1785215101795 (d0, q0, r0, m0, 'resq/M01/heartbeat', ... (213 bytes))
1785215449: Sending PUBLISH to auto-854BDFB3-9F09-909B-6F73-4F799927A5AA (d0, q0, r0, m0, 'resq/M01/heartbeat', ... (213 bytes))
1785215450: Received PUBLISH from resq-firmware-sim-M01-ms471s3o (d0, q0, r0, m0, 'resq/M01/heartbeat', ... (213 bytes))
1785215450: Sending PUBLISH to hub-api-live-registry-1785215101795 (d0, q0, r0, m0, 'resq/M01/heartbeat', ... (213 bytes))
1785215450: Sending PUBLISH to auto-854BDFB3-9F09-909B-6F73-4F799927A5AA (d0, q0, r0, m0, 'resq/M01/heartbeat', ... (213 bytes))
1785215451: Received PUBLISH from resq-firmware-sim-M01-ms471s3o (d0, q0, r0, m0, 'resq/M01/heartbeat', ... (213 bytes))
1785215451: Sending PUBLISH to hub-api-live-registry-1785215101795 (d0, q0, r0, m0, 'resq/M01/heartbeat', ... (213 bytes))
1785215451: Sending PUBLISH to auto-854BDFB3-9F09-909B-6F73-4F799927A5AA (d0, q0, r0, m0, 'resq/M01/heartbeat', ... (213 bytes))
1785215452: Received PUBLISH from resq-firmware-sim-M01-ms471s3o (d0, q0, r0, m0, 'resq/M01/heartbeat', ... (213 bytes))
1785215452: Sending PUBLISH to hub-api-live-registry-1785215101795 (d0, q0, r0, m0, 'resq/M01/heartbeat', ... (213 bytes))
1785215452: Sending PUBLISH to auto-854BDFB3-9F09-909B-6F73-4F799927A5AA (d0, q0, r0, m0, 'resq/M01/heartbeat', ... (213 bytes))
1785215453: Received PUBLISH from resq-firmware-sim-M01-ms471s3o (d0, q0, r0, m0, 'resq/M01/heartbeat', ... (213 bytes))
1785215453: Sending PUBLISH to hub-api-live-registry-1785215101795 (d0, q0, r0, m0, 'resq/M01/heartbeat', ... (213 bytes))
1785215453: Sending PUBLISH to auto-854BDFB3-9F09-909B-6F73-4F799927A5AA (d0, q0, r0, m0, 'resq/M01/heartbeat', ... (213 bytes))
1785215454: Received PUBLISH from resq-firmware-sim-M01-ms471s3o (d0, q0, r0, m0, 'resq/M01/heartbeat', ... (213 bytes))
1785215454: Sending PUBLISH to hub-api-live-registry-1785215101795 (d0, q0, r0, m0, 'resq/M01/heartbeat', ... (213 bytes))
1785215454: Sending PUBLISH to auto-854BDFB3-9F09-909B-6F73-4F799927A5AA (d0, q0, r0, m0, 'resq/M01/heartbeat', ... (213 bytes))
1785215455: Received PUBLISH from resq-firmware-sim-M01-ms471s3o (d0, q0, r0, m0, 'resq/M01/heartbeat', ... (213 bytes))
1785215455: Sending PUBLISH to hub-api-live-registry-1785215101795 (d0, q0, r0, m0, 'resq/M01/heartbeat', ... (213 bytes))
1785215455: Sending PUBLISH to auto-854BDFB3-9F09-909B-6F73-4F799927A5AA (d0, q0, r0, m0, 'resq/M01/heartbeat', ... (213 bytes))
1785215456: Received PUBLISH from resq-firmware-sim-M01-ms471s3o (d0, q0, r0, m0, 'resq/M01/heartbeat', ... (213 bytes))
1785215456: Sending PUBLISH to hub-api-live-registry-1785215101795 (d0, q0, r0, m0, 'resq/M01/heartbeat', ... (213 bytes))
1785215456: Sending PUBLISH to auto-854BDFB3-9F09-909B-6F73-4F799927A5AA (d0, q0, r0, m0, 'resq/M01/heartbeat', ... (213 bytes))
1785215457: Received PUBLISH from resq-firmware-sim-M01-ms471s3o (d0, q0, r0, m0, 'resq/M01/heartbeat', ... (213 bytes))
1785215457: Sending PUBLISH to hub-api-live-registry-1785215101795 (d0, q0, r0, m0, 'resq/M01/heartbeat', ... (213 bytes))
1785215457: Sending PUBLISH to auto-854BDFB3-9F09-909B-6F73-4F799927A5AA (d0, q0, r0, m0, 'resq/M01/heartbeat', ... (213 bytes))
1785215458: Received PUBLISH from resq-firmware-sim-M01-ms471s3o (d0, q0, r0, m0, 'resq/M01/heartbeat', ... (213 bytes))
1785215458: Sending PUBLISH to hub-api-live-registry-1785215101795 (d0, q0, r0, m0, 'resq/M01/heartbeat', ... (213 bytes))
1785215458: Sending PUBLISH to auto-854BDFB3-9F09-909B-6F73-4F799927A5AA (d0, q0, r0, m0, 'resq/M01/heartbeat', ... (213 bytes))
1785215459: Received PUBLISH from resq-firmware-sim-M01-ms471s3o (d0, q0, r0, m0, 'resq/M01/heartbeat', ... (213 bytes))
1785215459: Sending PUBLISH to hub-api-live-registry-1785215101795 (d0, q0, r0, m0, 'resq/M01/heartbeat', ... (213 bytes))
1785215459: Sending PUBLISH to auto-854BDFB3-9F09-909B-6F73-4F799927A5AA (d0, q0, r0, m0, 'resq/M01/heartbeat', ... (213 bytes))
1785215460: Received PUBLISH from resq-firmware-sim-M01-ms471s3o (d0, q0, r0, m0, 'resq/M01/heartbeat', ... (213 bytes))
1785215460: Sending PUBLISH to hub-api-live-registry-1785215101795 (d0, q0, r0, m0, 'resq/M01/heartbeat', ... (213 bytes))
1785215460: Sending PUBLISH to auto-854BDFB3-9F09-909B-6F73-4F799927A5AA (d0, q0, r0, m0, 'resq/M01/heartbeat', ... (213 bytes))
1785215461: Received PINGREQ from resq-firmware-sim-M01-ms471s3o
1785215461: Sending PINGRESP to resq-firmware-sim-M01-ms471s3o
1785215461: Received PINGREQ from hub-api-session-commands-1785215101465
1785215461: Sending PINGRESP to hub-api-session-commands-1785215101465
1785215461: Received PUBLISH from resq-firmware-sim-M01-ms471s3o (d0, q0, r0, m0, 'resq/M01/heartbeat', ... (213 bytes))
1785215461: Sending PUBLISH to hub-api-live-registry-1785215101795 (d0, q0, r0, m0, 'resq/M01/heartbeat', ... (213 bytes))
1785215461: Sending PUBLISH to auto-854BDFB3-9F09-909B-6F73-4F799927A5AA (d0, q0, r0, m0, 'resq/M01/heartbeat', ... (213 bytes))
1785215462: Received PINGREQ from hub-api-live-registry-1785215101795
1785215462: Sending PINGRESP to hub-api-live-registry-1785215101795
1785215462: Received PUBLISH from resq-firmware-sim-M01-ms471s3o (d0, q0, r0, m0, 'resq/M01/heartbeat', ... (213 bytes))
1785215462: Sending PUBLISH to hub-api-live-registry-1785215101795 (d0, q0, r0, m0, 'resq/M01/heartbeat', ... (213 bytes))
1785215462: Sending PUBLISH to auto-854BDFB3-9F09-909B-6F73-4F799927A5AA (d0, q0, r0, m0, 'resq/M01/heartbeat', ... (213 bytes))
1785215463: Received PUBLISH from resq-firmware-sim-M01-ms471s3o (d0, q0, r0, m0, 'resq/M01/heartbeat', ... (213 bytes))
1785215463: Sending PUBLISH to hub-api-live-registry-1785215101795 (d0, q0, r0, m0, 'resq/M01/heartbeat', ... (213 bytes))
1785215463: Sending PUBLISH to auto-854BDFB3-9F09-909B-6F73-4F799927A5AA (d0, q0, r0, m0, 'resq/M01/heartbeat', ... (213 bytes))
1785215464: Received PINGREQ from auto-854BDFB3-9F09-909B-6F73-4F799927A5AA
1785215464: Sending PINGRESP to auto-854BDFB3-9F09-909B-6F73-4F799927A5AA
1785215464: Received PUBLISH from resq-firmware-sim-M01-ms471s3o (d0, q0, r0, m0, 'resq/M01/heartbeat', ... (213 bytes))
1785215464: Sending PUBLISH to hub-api-live-registry-1785215101795 (d0, q0, r0, m0, 'resq/M01/heartbeat', ... (213 bytes))
1785215464: Sending PUBLISH to auto-854BDFB3-9F09-909B-6F73-4F799927A5AA (d0, q0, r0, m0, 'resq/M01/heartbeat', ... (213 bytes))
1785215465: Received PUBLISH from resq-firmware-sim-M01-ms471s3o (d0, q0, r0, m0, 'resq/M01/heartbeat', ... (213 bytes))
1785215465: Sending PUBLISH to hub-api-live-registry-1785215101795 (d0, q0, r0, m0, 'resq/M01/heartbeat', ... (213 bytes))
1785215465: Sending PUBLISH to auto-854BDFB3-9F09-909B-6F73-4F799927A5AA (d0, q0, r0, m0, 'resq/M01/heartbeat', ... (213 bytes))
1785215467: Received PUBLISH from resq-firmware-sim-M01-ms471s3o (d0, q0, r0, m0, 'resq/M01/heartbeat', ... (213 bytes))
1785215467: Sending PUBLISH to hub-api-live-registry-1785215101795 (d0, q0, r0, m0, 'resq/M01/heartbeat', ... (213 bytes))
1785215467: Sending PUBLISH to auto-854BDFB3-9F09-909B-6F73-4F799927A5AA (d0, q0, r0, m0, 'resq/M01/heartbeat', ... (213 bytes))
1785215468: Received PUBLISH from resq-firmware-sim-M01-ms471s3o (d0, q0, r0, m0, 'resq/M01/heartbeat', ... (213 bytes))
1785215468: Sending PUBLISH to hub-api-live-registry-1785215101795 (d0, q0, r0, m0, 'resq/M01/heartbeat', ... (213 bytes))
1785215468: Sending PUBLISH to auto-854BDFB3-9F09-909B-6F73-4F799927A5AA (d0, q0, r0, m0, 'resq/M01/heartbeat', ... (213 bytes))
1785215469: Received PUBLISH from resq-firmware-sim-M01-ms471s3o (d0, q0, r0, m0, 'resq/M01/heartbeat', ... (213 bytes))
1785215469: Sending PUBLISH to hub-api-live-registry-1785215101795 (d0, q0, r0, m0, 'resq/M01/heartbeat', ... (213 bytes))
1785215469: Sending PUBLISH to auto-854BDFB3-9F09-909B-6F73-4F799927A5AA (d0, q0, r0, m0, 'resq/M01/heartbeat', ... (213 bytes))
1785215470: Received PUBLISH from resq-firmware-sim-M01-ms471s3o (d0, q0, r0, m0, 'resq/M01/heartbeat', ... (213 bytes))
1785215470: Sending PUBLISH to hub-api-live-registry-1785215101795 (d0, q0, r0, m0, 'resq/M01/heartbeat', ... (213 bytes))
1785215470: Sending PUBLISH to auto-854BDFB3-9F09-909B-6F73-4F799927A5AA (d0, q0, r0, m0, 'resq/M01/heartbeat', ... (213 bytes))
1785215471: Received PUBLISH from resq-firmware-sim-M01-ms471s3o (d0, q0, r0, m0, 'resq/M01/heartbeat', ... (213 bytes))
1785215471: Sending PUBLISH to hub-api-live-registry-1785215101795 (d0, q0, r0, m0, 'resq/M01/heartbeat', ... (213 bytes))
1785215471: Sending PUBLISH to auto-854BDFB3-9F09-909B-6F73-4F799927A5AA (d0, q0, r0, m0, 'resq/M01/heartbeat', ... (213 bytes))
1785215472: Received PUBLISH from resq-firmware-sim-M01-ms471s3o (d0, q0, r0, m0, 'resq/M01/heartbeat', ... (213 bytes))
1785215472: Sending PUBLISH to hub-api-live-registry-1785215101795 (d0, q0, r0, m0, 'resq/M01/heartbeat', ... (213 bytes))
1785215472: Sending PUBLISH to auto-854BDFB3-9F09-909B-6F73-4F799927A5AA (d0, q0, r0, m0, 'resq/M01/heartbeat', ... (213 bytes))
1785215473: Received PUBLISH from resq-firmware-sim-M01-ms471s3o (d0, q0, r0, m0, 'resq/M01/heartbeat', ... (213 bytes))
1785215473: Sending PUBLISH to hub-api-live-registry-1785215101795 (d0, q0, r0, m0, 'resq/M01/heartbeat', ... (213 bytes))
1785215473: Sending PUBLISH to auto-854BDFB3-9F09-909B-6F73-4F799927A5AA (d0, q0, r0, m0, 'resq/M01/heartbeat', ... (213 bytes))
1785215474: Received PUBLISH from resq-firmware-sim-M01-ms471s3o (d0, q0, r0, m0, 'resq/M01/heartbeat', ... (213 bytes))
1785215474: Sending PUBLISH to hub-api-live-registry-1785215101795 (d0, q0, r0, m0, 'resq/M01/heartbeat', ... (213 bytes))
1785215474: Sending PUBLISH to auto-854BDFB3-9F09-909B-6F73-4F799927A5AA (d0, q0, r0, m0, 'resq/M01/heartbeat', ... (213 bytes))
1785215475: Received PUBLISH from resq-firmware-sim-M01-ms471s3o (d0, q0, r0, m0, 'resq/M01/heartbeat', ... (213 bytes))
1785215475: Sending PUBLISH to hub-api-live-registry-1785215101795 (d0, q0, r0, m0, 'resq/M01/heartbeat', ... (213 bytes))
1785215475: Sending PUBLISH to auto-854BDFB3-9F09-909B-6F73-4F799927A5AA (d0, q0, r0, m0, 'resq/M01/heartbeat', ... (213 bytes))
1785215476: Received PUBLISH from resq-firmware-sim-M01-ms471s3o (d0, q0, r0, m0, 'resq/M01/heartbeat', ... (213 bytes))
1785215476: Sending PUBLISH to hub-api-live-registry-1785215101795 (d0, q0, r0, m0, 'resq/M01/heartbeat', ... (213 bytes))
1785215476: Sending PUBLISH to auto-854BDFB3-9F09-909B-6F73-4F799927A5AA (d0, q0, r0, m0, 'resq/M01/heartbeat', ... (213 bytes))
1785215477: Received PUBLISH from resq-firmware-sim-M01-ms471s3o (d0, q0, r0, m0, 'resq/M01/heartbeat', ... (213 bytes))
1785215477: Sending PUBLISH to hub-api-live-registry-1785215101795 (d0, q0, r0, m0, 'resq/M01/heartbeat', ... (213 bytes))
1785215477: Sending PUBLISH to auto-854BDFB3-9F09-909B-6F73-4F799927A5AA (d0, q0, r0, m0, 'resq/M01/heartbeat', ... (213 bytes))
1785215478: Received PUBLISH from resq-firmware-sim-M01-ms471s3o (d0, q0, r0, m0, 'resq/M01/heartbeat', ... (213 bytes))
1785215478: Sending PUBLISH to hub-api-live-registry-1785215101795 (d0, q0, r0, m0, 'resq/M01/heartbeat', ... (213 bytes))
1785215478: Sending PUBLISH to auto-854BDFB3-9F09-909B-6F73-4F799927A5AA (d0, q0, r0, m0, 'resq/M01/heartbeat', ... (213 bytes))
1785215479: Received PUBLISH from resq-firmware-sim-M01-ms471s3o (d0, q0, r0, m0, 'resq/M01/heartbeat', ... (213 bytes))
1785215479: Sending PUBLISH to hub-api-live-registry-1785215101795 (d0, q0, r0, m0, 'resq/M01/heartbeat', ... (213 bytes))
1785215479: Sending PUBLISH to auto-854BDFB3-9F09-909B-6F73-4F799927A5AA (d0, q0, r0, m0, 'resq/M01/heartbeat', ... (213 bytes))
1785215480: Received PUBLISH from resq-firmware-sim-M01-ms471s3o (d0, q0, r0, m0, 'resq/M01/heartbeat', ... (213 bytes))
1785215480: Sending PUBLISH to hub-api-live-registry-1785215101795 (d0, q0, r0, m0, 'resq/M01/heartbeat', ... (213 bytes))
1785215480: Sending PUBLISH to auto-854BDFB3-9F09-909B-6F73-4F799927A5AA (d0, q0, r0, m0, 'resq/M01/heartbeat', ... (213 bytes))
1785215481: Received PUBLISH from resq-firmware-sim-M01-ms471s3o (d0, q0, r0, m0, 'resq/M01/heartbeat', ... (213 bytes))
1785215481: Sending PUBLISH to hub-api-live-registry-1785215101795 (d0, q0, r0, m0, 'resq/M01/heartbeat', ... (213 bytes))
1785215481: Sending PUBLISH to auto-854BDFB3-9F09-909B-6F73-4F799927A5AA (d0, q0, r0, m0, 'resq/M01/heartbeat', ... (213 bytes))
1785215482: Received PUBLISH from resq-firmware-sim-M01-ms471s3o (d0, q0, r0, m0, 'resq/M01/heartbeat', ... (213 bytes))
1785215482: Sending PUBLISH to hub-api-live-registry-1785215101795 (d0, q0, r0, m0, 'resq/M01/heartbeat', ... (213 bytes))
1785215482: Sending PUBLISH to auto-854BDFB3-9F09-909B-6F73-4F799927A5AA (d0, q0, r0, m0, 'resq/M01/heartbeat', ... (213 bytes))
1785215483: Received PUBLISH from resq-firmware-sim-M01-ms471s3o (d0, q0, r0, m0, 'resq/M01/heartbeat', ... (213 bytes))
1785215483: Sending PUBLISH to hub-api-live-registry-1785215101795 (d0, q0, r0, m0, 'resq/M01/heartbeat', ... (213 bytes))
1785215483: Sending PUBLISH to auto-854BDFB3-9F09-909B-6F73-4F799927A5AA (d0, q0, r0, m0, 'resq/M01/heartbeat', ... (213 bytes))
1785215484: Received PUBLISH from resq-firmware-sim-M01-ms471s3o (d0, q0, r0, m0, 'resq/M01/heartbeat', ... (213 bytes))
1785215484: Sending PUBLISH to hub-api-live-registry-1785215101795 (d0, q0, r0, m0, 'resq/M01/heartbeat', ... (213 bytes))
1785215484: Sending PUBLISH to auto-854BDFB3-9F09-909B-6F73-4F799927A5AA (d0, q0, r0, m0, 'resq/M01/heartbeat', ... (213 bytes))
1785215485: Received PUBLISH from resq-firmware-sim-M01-ms471s3o (d0, q0, r0, m0, 'resq/M01/heartbeat', ... (213 bytes))
1785215485: Sending PUBLISH to hub-api-live-registry-1785215101795 (d0, q0, r0, m0, 'resq/M01/heartbeat', ... (213 bytes))
1785215485: Sending PUBLISH to auto-854BDFB3-9F09-909B-6F73-4F799927A5AA (d0, q0, r0, m0, 'resq/M01/heartbeat', ... (213 bytes))
1785215486: Received PUBLISH from resq-firmware-sim-M01-ms471s3o (d0, q0, r0, m0, 'resq/M01/heartbeat', ... (213 bytes))
1785215486: Sending PUBLISH to hub-api-live-registry-1785215101795 (d0, q0, r0, m0, 'resq/M01/heartbeat', ... (213 bytes))
1785215486: Sending PUBLISH to auto-854BDFB3-9F09-909B-6F73-4F799927A5AA (d0, q0, r0, m0, 'resq/M01/heartbeat', ... (213 bytes))
1785215487: Received PUBLISH from resq-firmware-sim-M01-ms471s3o (d0, q0, r0, m0, 'resq/M01/heartbeat', ... (213 bytes))
1785215487: Sending PUBLISH to hub-api-live-registry-1785215101795 (d0, q0, r0, m0, 'resq/M01/heartbeat', ... (213 bytes))
1785215487: Sending PUBLISH to auto-854BDFB3-9F09-909B-6F73-4F799927A5AA (d0, q0, r0, m0, 'resq/M01/heartbeat', ... (213 bytes))
1785215488: Received PUBLISH from resq-firmware-sim-M01-ms471s3o (d0, q0, r0, m0, 'resq/M01/heartbeat', ... (213 bytes))
1785215488: Sending PUBLISH to hub-api-live-registry-1785215101795 (d0, q0, r0, m0, 'resq/M01/heartbeat', ... (213 bytes))
1785215488: Sending PUBLISH to auto-854BDFB3-9F09-909B-6F73-4F799927A5AA (d0, q0, r0, m0, 'resq/M01/heartbeat', ... (213 bytes))
1785215489: Received PUBLISH from resq-firmware-sim-M01-ms471s3o (d0, q0, r0, m0, 'resq/M01/heartbeat', ... (213 bytes))
1785215489: Sending PUBLISH to hub-api-live-registry-1785215101795 (d0, q0, r0, m0, 'resq/M01/heartbeat', ... (213 bytes))
1785215489: Sending PUBLISH to auto-854BDFB3-9F09-909B-6F73-4F799927A5AA (d0, q0, r0, m0, 'resq/M01/heartbeat', ... (213 bytes))
1785215490: Received PUBLISH from resq-firmware-sim-M01-ms471s3o (d0, q0, r0, m0, 'resq/M01/heartbeat', ... (213 bytes))
1785215490: Sending PUBLISH to hub-api-live-registry-1785215101795 (d0, q0, r0, m0, 'resq/M01/heartbeat', ... (213 bytes))
1785215490: Sending PUBLISH to auto-854BDFB3-9F09-909B-6F73-4F799927A5AA (d0, q0, r0, m0, 'resq/M01/heartbeat', ... (213 bytes))
1785215491: Received PUBLISH from resq-firmware-sim-M01-ms471s3o (d0, q0, r0, m0, 'resq/M01/heartbeat', ... (213 bytes))
1785215491: Sending PUBLISH to hub-api-live-registry-1785215101795 (d0, q0, r0, m0, 'resq/M01/heartbeat', ... (213 bytes))
1785215491: Sending PUBLISH to auto-854BDFB3-9F09-909B-6F73-4F799927A5AA (d0, q0, r0, m0, 'resq/M01/heartbeat', ... (213 bytes))
1785215492: Received PUBLISH from resq-firmware-sim-M01-ms471s3o (d0, q0, r0, m0, 'resq/M01/heartbeat', ... (213 bytes))
1785215492: Sending PUBLISH to hub-api-live-registry-1785215101795 (d0, q0, r0, m0, 'resq/M01/heartbeat', ... (213 bytes))
1785215492: Sending PUBLISH to auto-854BDFB3-9F09-909B-6F73-4F799927A5AA (d0, q0, r0, m0, 'resq/M01/heartbeat', ... (213 bytes))
1785215493: Received PUBLISH from resq-firmware-sim-M01-ms471s3o (d0, q0, r0, m0, 'resq/M01/heartbeat', ... (213 bytes))
1785215493: Sending PUBLISH to hub-api-live-registry-1785215101795 (d0, q0, r0, m0, 'resq/M01/heartbeat', ... (213 bytes))
1785215493: Sending PUBLISH to auto-854BDFB3-9F09-909B-6F73-4F799927A5AA (d0, q0, r0, m0, 'resq/M01/heartbeat', ... (213 bytes))
1785215494: Received PUBLISH from resq-firmware-sim-M01-ms471s3o (d0, q0, r0, m0, 'resq/M01/heartbeat', ... (213 bytes))
1785215494: Sending PUBLISH to hub-api-live-registry-1785215101795 (d0, q0, r0, m0, 'resq/M01/heartbeat', ... (213 bytes))
1785215494: Sending PUBLISH to auto-854BDFB3-9F09-909B-6F73-4F799927A5AA (d0, q0, r0, m0, 'resq/M01/heartbeat', ... (213 bytes))
1785215495: Received PUBLISH from resq-firmware-sim-M01-ms471s3o (d0, q0, r0, m0, 'resq/M01/heartbeat', ... (213 bytes))
1785215495: Sending PUBLISH to hub-api-live-registry-1785215101795 (d0, q0, r0, m0, 'resq/M01/heartbeat', ... (213 bytes))
1785215495: Sending PUBLISH to auto-854BDFB3-9F09-909B-6F73-4F799927A5AA (d0, q0, r0, m0, 'resq/M01/heartbeat', ... (213 bytes))
1785215496: Received PUBLISH from resq-firmware-sim-M01-ms471s3o (d0, q0, r0, m0, 'resq/M01/heartbeat', ... (213 bytes))
1785215496: Sending PUBLISH to hub-api-live-registry-1785215101795 (d0, q0, r0, m0, 'resq/M01/heartbeat', ... (213 bytes))
1785215496: Sending PUBLISH to auto-854BDFB3-9F09-909B-6F73-4F799927A5AA (d0, q0, r0, m0, 'resq/M01/heartbeat', ... (213 bytes))
1785215497: Received PUBLISH from resq-firmware-sim-M01-ms471s3o (d0, q0, r0, m0, 'resq/M01/heartbeat', ... (213 bytes))
1785215497: Sending PUBLISH to hub-api-live-registry-1785215101795 (d0, q0, r0, m0, 'resq/M01/heartbeat', ... (213 bytes))
1785215497: Sending PUBLISH to auto-854BDFB3-9F09-909B-6F73-4F799927A5AA (d0, q0, r0, m0, 'resq/M01/heartbeat', ... (213 bytes))
1785215498: Received PUBLISH from resq-firmware-sim-M01-ms471s3o (d0, q0, r0, m0, 'resq/M01/heartbeat', ... (213 bytes))
1785215498: Sending PUBLISH to hub-api-live-registry-1785215101795 (d0, q0, r0, m0, 'resq/M01/heartbeat', ... (213 bytes))
1785215498: Sending PUBLISH to auto-854BDFB3-9F09-909B-6F73-4F799927A5AA (d0, q0, r0, m0, 'resq/M01/heartbeat', ... (213 bytes))
1785215499: Received PUBLISH from resq-firmware-sim-M01-ms471s3o (d0, q0, r0, m0, 'resq/M01/heartbeat', ... (213 bytes))
1785215499: Sending PUBLISH to hub-api-live-registry-1785215101795 (d0, q0, r0, m0, 'resq/M01/heartbeat', ... (213 bytes))
1785215499: Sending PUBLISH to auto-854BDFB3-9F09-909B-6F73-4F799927A5AA (d0, q0, r0, m0, 'resq/M01/heartbeat', ... (213 bytes))
1785215500: Received PUBLISH from resq-firmware-sim-M01-ms471s3o (d0, q0, r0, m0, 'resq/M01/heartbeat', ... (213 bytes))
1785215500: Sending PUBLISH to hub-api-live-registry-1785215101795 (d0, q0, r0, m0, 'resq/M01/heartbeat', ... (213 bytes))
1785215500: Sending PUBLISH to auto-854BDFB3-9F09-909B-6F73-4F799927A5AA (d0, q0, r0, m0, 'resq/M01/heartbeat', ... (213 bytes))
1785215501: Received PUBLISH from resq-firmware-sim-M01-ms471s3o (d0, q0, r0, m0, 'resq/M01/heartbeat', ... (213 bytes))
1785215501: Sending PUBLISH to hub-api-live-registry-1785215101795 (d0, q0, r0, m0, 'resq/M01/heartbeat', ... (213 bytes))
1785215501: Sending PUBLISH to auto-854BDFB3-9F09-909B-6F73-4F799927A5AA (d0, q0, r0, m0, 'resq/M01/heartbeat', ... (213 bytes))
1785215502: Received PUBLISH from resq-firmware-sim-M01-ms471s3o (d0, q0, r0, m0, 'resq/M01/heartbeat', ... (213 bytes))
1785215502: Sending PUBLISH to hub-api-live-registry-1785215101795 (d0, q0, r0, m0, 'resq/M01/heartbeat', ... (213 bytes))
1785215502: Sending PUBLISH to auto-854BDFB3-9F09-909B-6F73-4F799927A5AA (d0, q0, r0, m0, 'resq/M01/heartbeat', ... (213 bytes))
1785215503: Received PUBLISH from resq-firmware-sim-M01-ms471s3o (d0, q0, r0, m0, 'resq/M01/heartbeat', ... (213 bytes))
1785215503: Sending PUBLISH to hub-api-live-registry-1785215101795 (d0, q0, r0, m0, 'resq/M01/heartbeat', ... (213 bytes))
1785215503: Sending PUBLISH to auto-854BDFB3-9F09-909B-6F73-4F799927A5AA (d0, q0, r0, m0, 'resq/M01/heartbeat', ... (213 bytes))
1785215504: Received PUBLISH from resq-firmware-sim-M01-ms471s3o (d0, q0, r0, m0, 'resq/M01/heartbeat', ... (213 bytes))
1785215504: Sending PUBLISH to hub-api-live-registry-1785215101795 (d0, q0, r0, m0, 'resq/M01/heartbeat', ... (213 bytes))
1785215504: Sending PUBLISH to auto-854BDFB3-9F09-909B-6F73-4F799927A5AA (d0, q0, r0, m0, 'resq/M01/heartbeat', ... (213 bytes))
1785215505: Received PUBLISH from resq-firmware-sim-M01-ms471s3o (d0, q0, r0, m0, 'resq/M01/heartbeat', ... (213 bytes))
1785215505: Sending PUBLISH to hub-api-live-registry-1785215101795 (d0, q0, r0, m0, 'resq/M01/heartbeat', ... (213 bytes))
1785215505: Sending PUBLISH to auto-854BDFB3-9F09-909B-6F73-4F799927A5AA (d0, q0, r0, m0, 'resq/M01/heartbeat', ... (213 bytes))
1785215506: Received PUBLISH from resq-firmware-sim-M01-ms471s3o (d0, q0, r0, m0, 'resq/M01/heartbeat', ... (213 bytes))
1785215506: Sending PUBLISH to hub-api-live-registry-1785215101795 (d0, q0, r0, m0, 'resq/M01/heartbeat', ... (213 bytes))
1785215506: Sending PUBLISH to auto-854BDFB3-9F09-909B-6F73-4F799927A5AA (d0, q0, r0, m0, 'resq/M01/heartbeat', ... (213 bytes))
1785215507: Received PUBLISH from resq-firmware-sim-M01-ms471s3o (d0, q0, r0, m0, 'resq/M01/heartbeat', ... (213 bytes))
1785215507: Sending PUBLISH to hub-api-live-registry-1785215101795 (d0, q0, r0, m0, 'resq/M01/heartbeat', ... (213 bytes))
1785215507: Sending PUBLISH to auto-854BDFB3-9F09-909B-6F73-4F799927A5AA (d0, q0, r0, m0, 'resq/M01/heartbeat', ... (213 bytes))
1785215508: Received PUBLISH from resq-firmware-sim-M01-ms471s3o (d0, q0, r0, m0, 'resq/M01/heartbeat', ... (213 bytes))
1785215508: Sending PUBLISH to hub-api-live-registry-1785215101795 (d0, q0, r0, m0, 'resq/M01/heartbeat', ... (213 bytes))
1785215508: Sending PUBLISH to auto-854BDFB3-9F09-909B-6F73-4F799927A5AA (d0, q0, r0, m0, 'resq/M01/heartbeat', ... (213 bytes))
1785215509: Received PUBLISH from resq-firmware-sim-M01-ms471s3o (d0, q0, r0, m0, 'resq/M01/heartbeat', ... (213 bytes))
1785215509: Sending PUBLISH to hub-api-live-registry-1785215101795 (d0, q0, r0, m0, 'resq/M01/heartbeat', ... (213 bytes))
1785215509: Sending PUBLISH to auto-854BDFB3-9F09-909B-6F73-4F799927A5AA (d0, q0, r0, m0, 'resq/M01/heartbeat', ... (213 bytes))
1785215510: Received PUBLISH from resq-firmware-sim-M01-ms471s3o (d0, q0, r0, m0, 'resq/M01/heartbeat', ... (213 bytes))
1785215510: Sending PUBLISH to hub-api-live-registry-1785215101795 (d0, q0, r0, m0, 'resq/M01/heartbeat', ... (213 bytes))
1785215510: Sending PUBLISH to auto-854BDFB3-9F09-909B-6F73-4F799927A5AA (d0, q0, r0, m0, 'resq/M01/heartbeat', ... (213 bytes))
1785215511: Received PUBLISH from resq-firmware-sim-M01-ms471s3o (d0, q0, r0, m0, 'resq/M01/heartbeat', ... (213 bytes))
1785215511: Sending PUBLISH to hub-api-live-registry-1785215101795 (d0, q0, r0, m0, 'resq/M01/heartbeat', ... (213 bytes))
1785215511: Sending PUBLISH to auto-854BDFB3-9F09-909B-6F73-4F799927A5AA (d0, q0, r0, m0, 'resq/M01/heartbeat', ... (213 bytes))
1785215512: Received PUBLISH from resq-firmware-sim-M01-ms471s3o (d0, q0, r0, m0, 'resq/M01/heartbeat', ... (213 bytes))
1785215512: Sending PUBLISH to hub-api-live-registry-1785215101795 (d0, q0, r0, m0, 'resq/M01/heartbeat', ... (213 bytes))
1785215512: Sending PUBLISH to auto-854BDFB3-9F09-909B-6F73-4F799927A5AA (d0, q0, r0, m0, 'resq/M01/heartbeat', ... (213 bytes))
1785215513: Received PUBLISH from resq-firmware-sim-M01-ms471s3o (d0, q0, r0, m0, 'resq/M01/heartbeat', ... (213 bytes))
1785215513: Sending PUBLISH to hub-api-live-registry-1785215101795 (d0, q0, r0, m0, 'resq/M01/heartbeat', ... (213 bytes))
1785215513: Sending PUBLISH to auto-854BDFB3-9F09-909B-6F73-4F799927A5AA (d0, q0, r0, m0, 'resq/M01/heartbeat', ... (213 bytes))
1785215514: Received PUBLISH from resq-firmware-sim-M01-ms471s3o (d0, q0, r0, m0, 'resq/M01/heartbeat', ... (213 bytes))
1785215514: Sending PUBLISH to hub-api-live-registry-1785215101795 (d0, q0, r0, m0, 'resq/M01/heartbeat', ... (213 bytes))
1785215514: Sending PUBLISH to auto-854BDFB3-9F09-909B-6F73-4F799927A5AA (d0, q0, r0, m0, 'resq/M01/heartbeat', ... (213 bytes))
1785215515: Received PUBLISH from resq-firmware-sim-M01-ms471s3o (d0, q0, r0, m0, 'resq/M01/heartbeat', ... (213 bytes))
1785215515: Sending PUBLISH to hub-api-live-registry-1785215101795 (d0, q0, r0, m0, 'resq/M01/heartbeat', ... (213 bytes))
1785215515: Sending PUBLISH to auto-854BDFB3-9F09-909B-6F73-4F799927A5AA (d0, q0, r0, m0, 'resq/M01/heartbeat', ... (213 bytes))
1785215516: Received PUBLISH from resq-firmware-sim-M01-ms471s3o (d0, q0, r0, m0, 'resq/M01/heartbeat', ... (213 bytes))
1785215516: Sending PUBLISH to hub-api-live-registry-1785215101795 (d0, q0, r0, m0, 'resq/M01/heartbeat', ... (213 bytes))
1785215516: Sending PUBLISH to auto-854BDFB3-9F09-909B-6F73-4F799927A5AA (d0, q0, r0, m0, 'resq/M01/heartbeat', ... (213 bytes))
1785215517: Received PUBLISH from resq-firmware-sim-M01-ms471s3o (d0, q0, r0, m0, 'resq/M01/heartbeat', ... (213 bytes))
1785215517: Sending PUBLISH to hub-api-live-registry-1785215101795 (d0, q0, r0, m0, 'resq/M01/heartbeat', ... (213 bytes))
1785215517: Sending PUBLISH to auto-854BDFB3-9F09-909B-6F73-4F799927A5AA (d0, q0, r0, m0, 'resq/M01/heartbeat', ... (213 bytes))
1785215518: Received PUBLISH from resq-firmware-sim-M01-ms471s3o (d0, q0, r0, m0, 'resq/M01/heartbeat', ... (213 bytes))
1785215518: Sending PUBLISH to hub-api-live-registry-1785215101795 (d0, q0, r0, m0, 'resq/M01/heartbeat', ... (213 bytes))
1785215518: Sending PUBLISH to auto-854BDFB3-9F09-909B-6F73-4F799927A5AA (d0, q0, r0, m0, 'resq/M01/heartbeat', ... (213 bytes))
1785215519: Received PUBLISH from resq-firmware-sim-M01-ms471s3o (d0, q0, r0, m0, 'resq/M01/heartbeat', ... (213 bytes))
1785215519: Sending PUBLISH to hub-api-live-registry-1785215101795 (d0, q0, r0, m0, 'resq/M01/heartbeat', ... (213 bytes))
1785215519: Sending PUBLISH to auto-854BDFB3-9F09-909B-6F73-4F799927A5AA (d0, q0, r0, m0, 'resq/M01/heartbeat', ... (213 bytes))
1785215520: Received PUBLISH from resq-firmware-sim-M01-ms471s3o (d0, q0, r0, m0, 'resq/M01/heartbeat', ... (213 bytes))
1785215520: Sending PUBLISH to hub-api-live-registry-1785215101795 (d0, q0, r0, m0, 'resq/M01/heartbeat', ... (213 bytes))
1785215520: Sending PUBLISH to auto-854BDFB3-9F09-909B-6F73-4F799927A5AA (d0, q0, r0, m0, 'resq/M01/heartbeat', ... (213 bytes))
1785215521: Received PINGREQ from resq-firmware-sim-M01-ms471s3o
1785215521: Sending PINGRESP to resq-firmware-sim-M01-ms471s3o
1785215521: Received PUBLISH from resq-firmware-sim-M01-ms471s3o (d0, q0, r0, m0, 'resq/M01/heartbeat', ... (213 bytes))
1785215521: Sending PUBLISH to hub-api-live-registry-1785215101795 (d0, q0, r0, m0, 'resq/M01/heartbeat', ... (213 bytes))
1785215521: Sending PUBLISH to auto-854BDFB3-9F09-909B-6F73-4F799927A5AA (d0, q0, r0, m0, 'resq/M01/heartbeat', ... (213 bytes))
1785215521: Received PINGREQ from hub-api-session-commands-1785215101465
1785215521: Sending PINGRESP to hub-api-session-commands-1785215101465
1785215522: Received PINGREQ from hub-api-live-registry-1785215101795
1785215522: Sending PINGRESP to hub-api-live-registry-1785215101795
1785215522: Received PUBLISH from resq-firmware-sim-M01-ms471s3o (d0, q0, r0, m0, 'resq/M01/heartbeat', ... (213 bytes))
1785215522: Sending PUBLISH to hub-api-live-registry-1785215101795 (d0, q0, r0, m0, 'resq/M01/heartbeat', ... (213 bytes))
1785215522: Sending PUBLISH to auto-854BDFB3-9F09-909B-6F73-4F799927A5AA (d0, q0, r0, m0, 'resq/M01/heartbeat', ... (213 bytes))
1785215523: Received PUBLISH from resq-firmware-sim-M01-ms471s3o (d0, q0, r0, m0, 'resq/M01/heartbeat', ... (213 bytes))
1785215523: Sending PUBLISH to hub-api-live-registry-1785215101795 (d0, q0, r0, m0, 'resq/M01/heartbeat', ... (213 bytes))
1785215523: Sending PUBLISH to auto-854BDFB3-9F09-909B-6F73-4F799927A5AA (d0, q0, r0, m0, 'resq/M01/heartbeat', ... (213 bytes))
1785215524: Received PUBLISH from resq-firmware-sim-M01-ms471s3o (d0, q0, r0, m0, 'resq/M01/heartbeat', ... (213 bytes))
1785215524: Sending PUBLISH to hub-api-live-registry-1785215101795 (d0, q0, r0, m0, 'resq/M01/heartbeat', ... (213 bytes))
1785215524: Sending PUBLISH to auto-854BDFB3-9F09-909B-6F73-4F799927A5AA (d0, q0, r0, m0, 'resq/M01/heartbeat', ... (213 bytes))
1785215525: Client auto-854BDFB3-9F09-909B-6F73-4F799927A5AA [127.0.0.1:53180] disconnected: connection closed by client.
1785215525: Received PUBLISH from resq-firmware-sim-M01-ms471s3o (d0, q0, r0, m0, 'resq/M01/heartbeat', ... (213 bytes))
1785215525: Sending PUBLISH to hub-api-live-registry-1785215101795 (d0, q0, r0, m0, 'resq/M01/heartbeat', ... (213 bytes))
1785215525: New connection from 127.0.0.1:52833 on port 1883.
1785215525: New client connected from 127.0.0.1:52833 as auto-458E2A0E-A54A-09C7-325B-4DCD32FF54A7 (p4, c1, k60).
1785215525: No will message specified.
1785215525: Sending CONNACK to auto-458E2A0E-A54A-09C7-325B-4DCD32FF54A7 (0, 0)
1785215525: Received SUBSCRIBE from auto-458E2A0E-A54A-09C7-325B-4DCD32FF54A7
1785215525: 	resq/# (QoS 0)
1785215525: auto-458E2A0E-A54A-09C7-325B-4DCD32FF54A7 0 resq/#
1785215525: Sending SUBACK to auto-458E2A0E-A54A-09C7-325B-4DCD32FF54A7
1785215525: Sending PUBLISH to auto-458E2A0E-A54A-09C7-325B-4DCD32FF54A7 (d0, q0, r1, m0, 'resq/M01/status', ... (146 bytes))
1785215525: New connection from 127.0.0.1:52836 on port 1883.
1785215525: New client connected from 127.0.0.1:52836 as auto-A3AB0CDA-6D06-AE07-206F-F2C06E3715D2 (p4, c1, k60).
1785215525: No will message specified.
1785215525: Sending CONNACK to auto-A3AB0CDA-6D06-AE07-206F-F2C06E3715D2 (0, 0)
1785215525: Received PUBLISH from auto-A3AB0CDA-6D06-AE07-206F-F2C06E3715D2 (d0, q1, r0, m1, 'resq/M01/cmd/session/start', ... (109 bytes))
1785215525: Sending PUBLISH to resq-firmware-sim-M01-ms471s3o (d0, q0, r0, m0, 'resq/M01/cmd/session/start', ... (109 bytes))
1785215525: Sending PUBLISH to auto-458E2A0E-A54A-09C7-325B-4DCD32FF54A7 (d0, q0, r0, m0, 'resq/M01/cmd/session/start', ... (109 bytes))
1785215525: Sending PUBACK to auto-A3AB0CDA-6D06-AE07-206F-F2C06E3715D2 (m1, rc0)
1785215525: Client auto-A3AB0CDA-6D06-AE07-206F-F2C06E3715D2 [127.0.0.1:52836] disconnected: connection closed by client.
1785215525: Received PUBLISH from resq-firmware-sim-M01-ms471s3o (d0, q0, r0, m0, 'resq/M01/status', ... (146 bytes))
1785215525: Sending PUBLISH to hub-api-live-registry-1785215101795 (d0, q0, r0, m0, 'resq/M01/status', ... (146 bytes))
1785215525: Sending PUBLISH to auto-458E2A0E-A54A-09C7-325B-4DCD32FF54A7 (d0, q0, r0, m0, 'resq/M01/status', ... (146 bytes))
1785215525: Received PUBLISH from resq-firmware-sim-M01-ms471s3o (d0, q0, r0, m0, 'resq/M01/events', ... (135 bytes))
1785215525: Sending PUBLISH to hub-api-live-registry-1785215101795 (d0, q0, r0, m0, 'resq/M01/events', ... (135 bytes))
1785215525: Sending PUBLISH to auto-458E2A0E-A54A-09C7-325B-4DCD32FF54A7 (d0, q0, r0, m0, 'resq/M01/events', ... (135 bytes))
1785215525: Received PUBLISH from resq-firmware-sim-M01-ms471s3o (d0, q0, r1, m0, 'resq/M01/status', ... (155 bytes))
1785215525: Sending PUBLISH to hub-api-live-registry-1785215101795 (d0, q0, r0, m0, 'resq/M01/status', ... (155 bytes))
1785215525: Sending PUBLISH to auto-458E2A0E-A54A-09C7-325B-4DCD32FF54A7 (d0, q0, r0, m0, 'resq/M01/status', ... (155 bytes))
1785215525: Received PUBLISH from resq-firmware-sim-M01-ms471s3o (d0, q0, r0, m0, 'resq/M01/telemetry', ... (353 bytes))
1785215525: Sending PUBLISH to hub-api-live-registry-1785215101795 (d0, q0, r0, m0, 'resq/M01/telemetry', ... (353 bytes))
1785215525: Sending PUBLISH to auto-458E2A0E-A54A-09C7-325B-4DCD32FF54A7 (d0, q0, r0, m0, 'resq/M01/telemetry', ... (353 bytes))
1785215526: Received PUBLISH from resq-firmware-sim-M01-ms471s3o (d0, q0, r0, m0, 'resq/M01/telemetry', ... (352 bytes))
1785215526: Sending PUBLISH to hub-api-live-registry-1785215101795 (d0, q0, r0, m0, 'resq/M01/telemetry', ... (352 bytes))
1785215526: Sending PUBLISH to auto-458E2A0E-A54A-09C7-325B-4DCD32FF54A7 (d0, q0, r0, m0, 'resq/M01/telemetry', ... (352 bytes))
1785215526: Received PUBLISH from resq-firmware-sim-M01-ms471s3o (d0, q0, r0, m0, 'resq/M01/telemetry', ... (352 bytes))
1785215526: Sending PUBLISH to hub-api-live-registry-1785215101795 (d0, q0, r0, m0, 'resq/M01/telemetry', ... (352 bytes))
1785215526: Sending PUBLISH to auto-458E2A0E-A54A-09C7-325B-4DCD32FF54A7 (d0, q0, r0, m0, 'resq/M01/telemetry', ... (352 bytes))
1785215526: Received PUBLISH from resq-firmware-sim-M01-ms471s3o (d0, q0, r0, m0, 'resq/M01/heartbeat', ... (221 bytes))
1785215526: Sending PUBLISH to hub-api-live-registry-1785215101795 (d0, q0, r0, m0, 'resq/M01/heartbeat', ... (221 bytes))
1785215526: Sending PUBLISH to auto-458E2A0E-A54A-09C7-325B-4DCD32FF54A7 (d0, q0, r0, m0, 'resq/M01/heartbeat', ... (221 bytes))
1785215526: Received PUBLISH from resq-firmware-sim-M01-ms471s3o (d0, q0, r0, m0, 'resq/M01/telemetry', ... (354 bytes))
1785215526: Sending PUBLISH to hub-api-live-registry-1785215101795 (d0, q0, r0, m0, 'resq/M01/telemetry', ... (354 bytes))
1785215526: Sending PUBLISH to auto-458E2A0E-A54A-09C7-325B-4DCD32FF54A7 (d0, q0, r0, m0, 'resq/M01/telemetry', ... (354 bytes))
1785215526: Received PUBLISH from resq-firmware-sim-M01-ms471s3o (d0, q0, r0, m0, 'resq/M01/telemetry', ... (353 bytes))
1785215526: Sending PUBLISH to hub-api-live-registry-1785215101795 (d0, q0, r0, m0, 'resq/M01/telemetry', ... (353 bytes))
1785215526: Sending PUBLISH to auto-458E2A0E-A54A-09C7-325B-4DCD32FF54A7 (d0, q0, r0, m0, 'resq/M01/telemetry', ... (353 bytes))
1785215526: Received PUBLISH from resq-firmware-sim-M01-ms471s3o (d0, q0, r0, m0, 'resq/M01/telemetry', ... (354 bytes))
1785215526: Sending PUBLISH to hub-api-live-registry-1785215101795 (d0, q0, r0, m0, 'resq/M01/telemetry', ... (354 bytes))
1785215526: Sending PUBLISH to auto-458E2A0E-A54A-09C7-325B-4DCD32FF54A7 (d0, q0, r0, m0, 'resq/M01/telemetry', ... (354 bytes))
1785215527: Received PUBLISH from resq-firmware-sim-M01-ms471s3o (d0, q0, r0, m0, 'resq/M01/telemetry', ... (353 bytes))
1785215527: Sending PUBLISH to hub-api-live-registry-1785215101795 (d0, q0, r0, m0, 'resq/M01/telemetry', ... (353 bytes))
1785215527: Sending PUBLISH to auto-458E2A0E-A54A-09C7-325B-4DCD32FF54A7 (d0, q0, r0, m0, 'resq/M01/telemetry', ... (353 bytes))
1785215527: Received PUBLISH from resq-firmware-sim-M01-ms471s3o (d0, q0, r0, m0, 'resq/M01/telemetry', ... (353 bytes))
1785215527: Sending PUBLISH to hub-api-live-registry-1785215101795 (d0, q0, r0, m0, 'resq/M01/telemetry', ... (353 bytes))
1785215527: Sending PUBLISH to auto-458E2A0E-A54A-09C7-325B-4DCD32FF54A7 (d0, q0, r0, m0, 'resq/M01/telemetry', ... (353 bytes))
1785215527: Received PUBLISH from resq-firmware-sim-M01-ms471s3o (d0, q0, r0, m0, 'resq/M01/heartbeat', ... (221 bytes))
1785215527: Sending PUBLISH to hub-api-live-registry-1785215101795 (d0, q0, r0, m0, 'resq/M01/heartbeat', ... (221 bytes))
1785215527: Sending PUBLISH to auto-458E2A0E-A54A-09C7-325B-4DCD32FF54A7 (d0, q0, r0, m0, 'resq/M01/heartbeat', ... (221 bytes))
1785215527: Received PUBLISH from resq-firmware-sim-M01-ms471s3o (d0, q0, r0, m0, 'resq/M01/telemetry', ... (351 bytes))
1785215527: Sending PUBLISH to hub-api-live-registry-1785215101795 (d0, q0, r0, m0, 'resq/M01/telemetry', ... (351 bytes))
1785215527: Sending PUBLISH to auto-458E2A0E-A54A-09C7-325B-4DCD32FF54A7 (d0, q0, r0, m0, 'resq/M01/telemetry', ... (351 bytes))
1785215527: Received PUBLISH from resq-firmware-sim-M01-ms471s3o (d0, q0, r0, m0, 'resq/M01/telemetry', ... (354 bytes))
1785215527: Sending PUBLISH to hub-api-live-registry-1785215101795 (d0, q0, r0, m0, 'resq/M01/telemetry', ... (354 bytes))
1785215527: Sending PUBLISH to auto-458E2A0E-A54A-09C7-325B-4DCD32FF54A7 (d0, q0, r0, m0, 'resq/M01/telemetry', ... (354 bytes))
1785215528: Received PUBLISH from resq-firmware-sim-M01-ms471s3o (d0, q0, r0, m0, 'resq/M01/telemetry', ... (356 bytes))
1785215528: Sending PUBLISH to hub-api-live-registry-1785215101795 (d0, q0, r0, m0, 'resq/M01/telemetry', ... (356 bytes))
1785215528: Sending PUBLISH to auto-458E2A0E-A54A-09C7-325B-4DCD32FF54A7 (d0, q0, r0, m0, 'resq/M01/telemetry', ... (356 bytes))
1785215528: Received PUBLISH from resq-firmware-sim-M01-ms471s3o (d0, q0, r0, m0, 'resq/M01/telemetry', ... (356 bytes))
1785215528: Sending PUBLISH to hub-api-live-registry-1785215101795 (d0, q0, r0, m0, 'resq/M01/telemetry', ... (356 bytes))
1785215528: Sending PUBLISH to auto-458E2A0E-A54A-09C7-325B-4DCD32FF54A7 (d0, q0, r0, m0, 'resq/M01/telemetry', ... (356 bytes))
1785215528: Received PUBLISH from resq-firmware-sim-M01-ms471s3o (d0, q0, r0, m0, 'resq/M01/telemetry', ... (357 bytes))
1785215528: Sending PUBLISH to hub-api-live-registry-1785215101795 (d0, q0, r0, m0, 'resq/M01/telemetry', ... (357 bytes))
1785215528: Sending PUBLISH to auto-458E2A0E-A54A-09C7-325B-4DCD32FF54A7 (d0, q0, r0, m0, 'resq/M01/telemetry', ... (357 bytes))
1785215528: Received PUBLISH from resq-firmware-sim-M01-ms471s3o (d0, q0, r0, m0, 'resq/M01/heartbeat', ... (221 bytes))
1785215528: Sending PUBLISH to hub-api-live-registry-1785215101795 (d0, q0, r0, m0, 'resq/M01/heartbeat', ... (221 bytes))
1785215528: Sending PUBLISH to auto-458E2A0E-A54A-09C7-325B-4DCD32FF54A7 (d0, q0, r0, m0, 'resq/M01/heartbeat', ... (221 bytes))
1785215528: Received PUBLISH from resq-firmware-sim-M01-ms471s3o (d0, q0, r0, m0, 'resq/M01/telemetry', ... (357 bytes))
1785215528: Sending PUBLISH to hub-api-live-registry-1785215101795 (d0, q0, r0, m0, 'resq/M01/telemetry', ... (357 bytes))
1785215528: Sending PUBLISH to auto-458E2A0E-A54A-09C7-325B-4DCD32FF54A7 (d0, q0, r0, m0, 'resq/M01/telemetry', ... (357 bytes))
1785215528: Received PUBLISH from resq-firmware-sim-M01-ms471s3o (d0, q0, r0, m0, 'resq/M01/telemetry', ... (357 bytes))
1785215528: Sending PUBLISH to hub-api-live-registry-1785215101795 (d0, q0, r0, m0, 'resq/M01/telemetry', ... (357 bytes))
1785215528: Sending PUBLISH to auto-458E2A0E-A54A-09C7-325B-4DCD32FF54A7 (d0, q0, r0, m0, 'resq/M01/telemetry', ... (357 bytes))
1785215529: Received PUBLISH from resq-firmware-sim-M01-ms471s3o (d0, q0, r0, m0, 'resq/M01/telemetry', ... (356 bytes))
1785215529: Sending PUBLISH to hub-api-live-registry-1785215101795 (d0, q0, r0, m0, 'resq/M01/telemetry', ... (356 bytes))
1785215529: Sending PUBLISH to auto-458E2A0E-A54A-09C7-325B-4DCD32FF54A7 (d0, q0, r0, m0, 'resq/M01/telemetry', ... (356 bytes))
1785215529: Received PUBLISH from resq-firmware-sim-M01-ms471s3o (d0, q0, r0, m0, 'resq/M01/telemetry', ... (356 bytes))
1785215529: Sending PUBLISH to hub-api-live-registry-1785215101795 (d0, q0, r0, m0, 'resq/M01/telemetry', ... (356 bytes))
1785215529: Sending PUBLISH to auto-458E2A0E-A54A-09C7-325B-4DCD32FF54A7 (d0, q0, r0, m0, 'resq/M01/telemetry', ... (356 bytes))
1785215529: Received PUBLISH from resq-firmware-sim-M01-ms471s3o (d0, q0, r0, m0, 'resq/M01/telemetry', ... (356 bytes))
1785215529: Sending PUBLISH to hub-api-live-registry-1785215101795 (d0, q0, r0, m0, 'resq/M01/telemetry', ... (356 bytes))
1785215529: Sending PUBLISH to auto-458E2A0E-A54A-09C7-325B-4DCD32FF54A7 (d0, q0, r0, m0, 'resq/M01/telemetry', ... (356 bytes))
1785215529: Received PUBLISH from resq-firmware-sim-M01-ms471s3o (d0, q0, r0, m0, 'resq/M01/heartbeat', ... (221 bytes))
1785215529: Sending PUBLISH to hub-api-live-registry-1785215101795 (d0, q0, r0, m0, 'resq/M01/heartbeat', ... (221 bytes))
1785215529: Sending PUBLISH to auto-458E2A0E-A54A-09C7-325B-4DCD32FF54A7 (d0, q0, r0, m0, 'resq/M01/heartbeat', ... (221 bytes))
1785215529: Received PUBLISH from resq-firmware-sim-M01-ms471s3o (d0, q0, r0, m0, 'resq/M01/telemetry', ... (356 bytes))
1785215529: Sending PUBLISH to hub-api-live-registry-1785215101795 (d0, q0, r0, m0, 'resq/M01/telemetry', ... (356 bytes))
1785215529: Sending PUBLISH to auto-458E2A0E-A54A-09C7-325B-4DCD32FF54A7 (d0, q0, r0, m0, 'resq/M01/telemetry', ... (356 bytes))
1785215529: Received PUBLISH from resq-firmware-sim-M01-ms471s3o (d0, q0, r0, m0, 'resq/M01/telemetry', ... (356 bytes))
1785215529: Sending PUBLISH to hub-api-live-registry-1785215101795 (d0, q0, r0, m0, 'resq/M01/telemetry', ... (356 bytes))
1785215529: Sending PUBLISH to auto-458E2A0E-A54A-09C7-325B-4DCD32FF54A7 (d0, q0, r0, m0, 'resq/M01/telemetry', ... (356 bytes))
1785215530: Received PUBLISH from resq-firmware-sim-M01-ms471s3o (d0, q0, r0, m0, 'resq/M01/telemetry', ... (356 bytes))
1785215530: Sending PUBLISH to hub-api-live-registry-1785215101795 (d0, q0, r0, m0, 'resq/M01/telemetry', ... (356 bytes))
1785215530: Sending PUBLISH to auto-458E2A0E-A54A-09C7-325B-4DCD32FF54A7 (d0, q0, r0, m0, 'resq/M01/telemetry', ... (356 bytes))
1785215530: Received PUBLISH from resq-firmware-sim-M01-ms471s3o (d0, q0, r0, m0, 'resq/M01/telemetry', ... (357 bytes))
1785215530: Sending PUBLISH to hub-api-live-registry-1785215101795 (d0, q0, r0, m0, 'resq/M01/telemetry', ... (357 bytes))
1785215530: Sending PUBLISH to auto-458E2A0E-A54A-09C7-325B-4DCD32FF54A7 (d0, q0, r0, m0, 'resq/M01/telemetry', ... (357 bytes))
1785215530: Received PUBLISH from resq-firmware-sim-M01-ms471s3o (d0, q0, r0, m0, 'resq/M01/heartbeat', ... (221 bytes))
1785215530: Sending PUBLISH to hub-api-live-registry-1785215101795 (d0, q0, r0, m0, 'resq/M01/heartbeat', ... (221 bytes))
1785215530: Sending PUBLISH to auto-458E2A0E-A54A-09C7-325B-4DCD32FF54A7 (d0, q0, r0, m0, 'resq/M01/heartbeat', ... (221 bytes))
1785215530: Received PUBLISH from resq-firmware-sim-M01-ms471s3o (d0, q0, r0, m0, 'resq/M01/telemetry', ... (357 bytes))
1785215530: Sending PUBLISH to hub-api-live-registry-1785215101795 (d0, q0, r0, m0, 'resq/M01/telemetry', ... (357 bytes))
1785215530: Sending PUBLISH to auto-458E2A0E-A54A-09C7-325B-4DCD32FF54A7 (d0, q0, r0, m0, 'resq/M01/telemetry', ... (357 bytes))
1785215530: Received PUBLISH from resq-firmware-sim-M01-ms471s3o (d0, q0, r0, m0, 'resq/M01/telemetry', ... (357 bytes))
1785215530: Sending PUBLISH to hub-api-live-registry-1785215101795 (d0, q0, r0, m0, 'resq/M01/telemetry', ... (357 bytes))
1785215530: Sending PUBLISH to auto-458E2A0E-A54A-09C7-325B-4DCD32FF54A7 (d0, q0, r0, m0, 'resq/M01/telemetry', ... (357 bytes))
1785215530: Received PUBLISH from resq-firmware-sim-M01-ms471s3o (d0, q0, r0, m0, 'resq/M01/telemetry', ... (357 bytes))
1785215530: Sending PUBLISH to hub-api-live-registry-1785215101795 (d0, q0, r0, m0, 'resq/M01/telemetry', ... (357 bytes))
1785215530: Sending PUBLISH to auto-458E2A0E-A54A-09C7-325B-4DCD32FF54A7 (d0, q0, r0, m0, 'resq/M01/telemetry', ... (357 bytes))
1785215531: Received PUBLISH from resq-firmware-sim-M01-ms471s3o (d0, q0, r0, m0, 'resq/M01/telemetry', ... (356 bytes))
1785215531: Sending PUBLISH to hub-api-live-registry-1785215101795 (d0, q0, r0, m0, 'resq/M01/telemetry', ... (356 bytes))
1785215531: Sending PUBLISH to auto-458E2A0E-A54A-09C7-325B-4DCD32FF54A7 (d0, q0, r0, m0, 'resq/M01/telemetry', ... (356 bytes))
1785215531: Received PUBLISH from resq-firmware-sim-M01-ms471s3o (d0, q0, r0, m0, 'resq/M01/telemetry', ... (356 bytes))
1785215531: Sending PUBLISH to hub-api-live-registry-1785215101795 (d0, q0, r0, m0, 'resq/M01/telemetry', ... (356 bytes))
1785215531: Sending PUBLISH to auto-458E2A0E-A54A-09C7-325B-4DCD32FF54A7 (d0, q0, r0, m0, 'resq/M01/telemetry', ... (356 bytes))
1785215531: Received PUBLISH from resq-firmware-sim-M01-ms471s3o (d0, q0, r0, m0, 'resq/M01/heartbeat', ... (221 bytes))
1785215531: Sending PUBLISH to hub-api-live-registry-1785215101795 (d0, q0, r0, m0, 'resq/M01/heartbeat', ... (221 bytes))
1785215531: Sending PUBLISH to auto-458E2A0E-A54A-09C7-325B-4DCD32FF54A7 (d0, q0, r0, m0, 'resq/M01/heartbeat', ... (221 bytes))
1785215531: Received PUBLISH from resq-firmware-sim-M01-ms471s3o (d0, q0, r0, m0, 'resq/M01/telemetry', ... (356 bytes))
1785215531: Sending PUBLISH to hub-api-live-registry-1785215101795 (d0, q0, r0, m0, 'resq/M01/telemetry', ... (356 bytes))
1785215531: Sending PUBLISH to auto-458E2A0E-A54A-09C7-325B-4DCD32FF54A7 (d0, q0, r0, m0, 'resq/M01/telemetry', ... (356 bytes))
1785215531: Received PUBLISH from resq-firmware-sim-M01-ms471s3o (d0, q0, r0, m0, 'resq/M01/telemetry', ... (356 bytes))
1785215531: Sending PUBLISH to hub-api-live-registry-1785215101795 (d0, q0, r0, m0, 'resq/M01/telemetry', ... (356 bytes))
1785215531: Sending PUBLISH to auto-458E2A0E-A54A-09C7-325B-4DCD32FF54A7 (d0, q0, r0, m0, 'resq/M01/telemetry', ... (356 bytes))
1785215531: Received PUBLISH from resq-firmware-sim-M01-ms471s3o (d0, q0, r0, m0, 'resq/M01/telemetry', ... (356 bytes))
1785215531: Sending PUBLISH to hub-api-live-registry-1785215101795 (d0, q0, r0, m0, 'resq/M01/telemetry', ... (356 bytes))
1785215531: Sending PUBLISH to auto-458E2A0E-A54A-09C7-325B-4DCD32FF54A7 (d0, q0, r0, m0, 'resq/M01/telemetry', ... (356 bytes))
1785215532: Received PUBLISH from resq-firmware-sim-M01-ms471s3o (d0, q0, r0, m0, 'resq/M01/telemetry', ... (356 bytes))
1785215532: Sending PUBLISH to hub-api-live-registry-1785215101795 (d0, q0, r0, m0, 'resq/M01/telemetry', ... (356 bytes))
1785215532: Sending PUBLISH to auto-458E2A0E-A54A-09C7-325B-4DCD32FF54A7 (d0, q0, r0, m0, 'resq/M01/telemetry', ... (356 bytes))
1785215532: Received PUBLISH from resq-firmware-sim-M01-ms471s3o (d0, q0, r0, m0, 'resq/M01/telemetry', ... (357 bytes))
1785215532: Sending PUBLISH to hub-api-live-registry-1785215101795 (d0, q0, r0, m0, 'resq/M01/telemetry', ... (357 bytes))
1785215532: Sending PUBLISH to auto-458E2A0E-A54A-09C7-325B-4DCD32FF54A7 (d0, q0, r0, m0, 'resq/M01/telemetry', ... (357 bytes))
1785215532: Received PUBLISH from resq-firmware-sim-M01-ms471s3o (d0, q0, r0, m0, 'resq/M01/heartbeat', ... (221 bytes))
1785215532: Sending PUBLISH to hub-api-live-registry-1785215101795 (d0, q0, r0, m0, 'resq/M01/heartbeat', ... (221 bytes))
1785215532: Sending PUBLISH to auto-458E2A0E-A54A-09C7-325B-4DCD32FF54A7 (d0, q0, r0, m0, 'resq/M01/heartbeat', ... (221 bytes))
1785215532: Received PUBLISH from resq-firmware-sim-M01-ms471s3o (d0, q0, r0, m0, 'resq/M01/telemetry', ... (357 bytes))
1785215532: Sending PUBLISH to hub-api-live-registry-1785215101795 (d0, q0, r0, m0, 'resq/M01/telemetry', ... (357 bytes))
1785215532: Sending PUBLISH to auto-458E2A0E-A54A-09C7-325B-4DCD32FF54A7 (d0, q0, r0, m0, 'resq/M01/telemetry', ... (357 bytes))
1785215532: Received PUBLISH from resq-firmware-sim-M01-ms471s3o (d0, q0, r0, m0, 'resq/M01/telemetry', ... (357 bytes))
1785215532: Sending PUBLISH to hub-api-live-registry-1785215101795 (d0, q0, r0, m0, 'resq/M01/telemetry', ... (357 bytes))
1785215532: Sending PUBLISH to auto-458E2A0E-A54A-09C7-325B-4DCD32FF54A7 (d0, q0, r0, m0, 'resq/M01/telemetry', ... (357 bytes))
1785215533: Received PUBLISH from resq-firmware-sim-M01-ms471s3o (d0, q0, r0, m0, 'resq/M01/telemetry', ... (356 bytes))
1785215533: Sending PUBLISH to hub-api-live-registry-1785215101795 (d0, q0, r0, m0, 'resq/M01/telemetry', ... (356 bytes))
1785215533: Sending PUBLISH to auto-458E2A0E-A54A-09C7-325B-4DCD32FF54A7 (d0, q0, r0, m0, 'resq/M01/telemetry', ... (356 bytes))
1785215533: Received PUBLISH from resq-firmware-sim-M01-ms471s3o (d0, q0, r0, m0, 'resq/M01/telemetry', ... (355 bytes))
1785215533: Sending PUBLISH to hub-api-live-registry-1785215101795 (d0, q0, r0, m0, 'resq/M01/telemetry', ... (355 bytes))
1785215533: Sending PUBLISH to auto-458E2A0E-A54A-09C7-325B-4DCD32FF54A7 (d0, q0, r0, m0, 'resq/M01/telemetry', ... (355 bytes))
1785215533: Received PUBLISH from resq-firmware-sim-M01-ms471s3o (d0, q0, r0, m0, 'resq/M01/telemetry', ... (356 bytes))
1785215533: Sending PUBLISH to hub-api-live-registry-1785215101795 (d0, q0, r0, m0, 'resq/M01/telemetry', ... (356 bytes))
1785215533: Sending PUBLISH to auto-458E2A0E-A54A-09C7-325B-4DCD32FF54A7 (d0, q0, r0, m0, 'resq/M01/telemetry', ... (356 bytes))
1785215533: Received PUBLISH from resq-firmware-sim-M01-ms471s3o (d0, q0, r0, m0, 'resq/M01/heartbeat', ... (221 bytes))
1785215533: Sending PUBLISH to hub-api-live-registry-1785215101795 (d0, q0, r0, m0, 'resq/M01/heartbeat', ... (221 bytes))
1785215533: Sending PUBLISH to auto-458E2A0E-A54A-09C7-325B-4DCD32FF54A7 (d0, q0, r0, m0, 'resq/M01/heartbeat', ... (221 bytes))
1785215533: Received PUBLISH from resq-firmware-sim-M01-ms471s3o (d0, q0, r0, m0, 'resq/M01/telemetry', ... (356 bytes))
1785215533: Sending PUBLISH to hub-api-live-registry-1785215101795 (d0, q0, r0, m0, 'resq/M01/telemetry', ... (356 bytes))
1785215533: Sending PUBLISH to auto-458E2A0E-A54A-09C7-325B-4DCD32FF54A7 (d0, q0, r0, m0, 'resq/M01/telemetry', ... (356 bytes))
1785215533: Received PUBLISH from resq-firmware-sim-M01-ms471s3o (d0, q0, r0, m0, 'resq/M01/telemetry', ... (356 bytes))
1785215533: Sending PUBLISH to hub-api-live-registry-1785215101795 (d0, q0, r0, m0, 'resq/M01/telemetry', ... (356 bytes))
1785215533: Sending PUBLISH to auto-458E2A0E-A54A-09C7-325B-4DCD32FF54A7 (d0, q0, r0, m0, 'resq/M01/telemetry', ... (356 bytes))
1785215534: Received PUBLISH from resq-firmware-sim-M01-ms471s3o (d0, q0, r0, m0, 'resq/M01/telemetry', ... (356 bytes))
1785215534: Sending PUBLISH to hub-api-live-registry-1785215101795 (d0, q0, r0, m0, 'resq/M01/telemetry', ... (356 bytes))
1785215534: Sending PUBLISH to auto-458E2A0E-A54A-09C7-325B-4DCD32FF54A7 (d0, q0, r0, m0, 'resq/M01/telemetry', ... (356 bytes))
1785215534: Received PUBLISH from resq-firmware-sim-M01-ms471s3o (d0, q0, r0, m0, 'resq/M01/telemetry', ... (357 bytes))
1785215534: Sending PUBLISH to hub-api-live-registry-1785215101795 (d0, q0, r0, m0, 'resq/M01/telemetry', ... (357 bytes))
1785215534: Sending PUBLISH to auto-458E2A0E-A54A-09C7-325B-4DCD32FF54A7 (d0, q0, r0, m0, 'resq/M01/telemetry', ... (357 bytes))
1785215534: Received PUBLISH from resq-firmware-sim-M01-ms471s3o (d0, q0, r0, m0, 'resq/M01/telemetry', ... (357 bytes))
1785215534: Sending PUBLISH to hub-api-live-registry-1785215101795 (d0, q0, r0, m0, 'resq/M01/telemetry', ... (357 bytes))
1785215534: Sending PUBLISH to auto-458E2A0E-A54A-09C7-325B-4DCD32FF54A7 (d0, q0, r0, m0, 'resq/M01/telemetry', ... (357 bytes))
1785215534: Received PUBLISH from resq-firmware-sim-M01-ms471s3o (d0, q0, r0, m0, 'resq/M01/heartbeat', ... (221 bytes))
1785215534: Sending PUBLISH to hub-api-live-registry-1785215101795 (d0, q0, r0, m0, 'resq/M01/heartbeat', ... (221 bytes))
1785215534: Sending PUBLISH to auto-458E2A0E-A54A-09C7-325B-4DCD32FF54A7 (d0, q0, r0, m0, 'resq/M01/heartbeat', ... (221 bytes))
1785215534: Received PUBLISH from resq-firmware-sim-M01-ms471s3o (d0, q0, r0, m0, 'resq/M01/telemetry', ... (356 bytes))
1785215534: Sending PUBLISH to hub-api-live-registry-1785215101795 (d0, q0, r0, m0, 'resq/M01/telemetry', ... (356 bytes))
1785215534: Sending PUBLISH to auto-458E2A0E-A54A-09C7-325B-4DCD32FF54A7 (d0, q0, r0, m0, 'resq/M01/telemetry', ... (356 bytes))
1785215534: Received PUBLISH from resq-firmware-sim-M01-ms471s3o (d0, q0, r0, m0, 'resq/M01/telemetry', ... (357 bytes))
1785215534: Sending PUBLISH to hub-api-live-registry-1785215101795 (d0, q0, r0, m0, 'resq/M01/telemetry', ... (357 bytes))
1785215534: Sending PUBLISH to auto-458E2A0E-A54A-09C7-325B-4DCD32FF54A7 (d0, q0, r0, m0, 'resq/M01/telemetry', ... (357 bytes))
1785215535: Received PUBLISH from resq-firmware-sim-M01-ms471s3o (d0, q0, r0, m0, 'resq/M01/telemetry', ... (355 bytes))
1785215535: Sending PUBLISH to hub-api-live-registry-1785215101795 (d0, q0, r0, m0, 'resq/M01/telemetry', ... (355 bytes))
1785215535: Sending PUBLISH to auto-458E2A0E-A54A-09C7-325B-4DCD32FF54A7 (d0, q0, r0, m0, 'resq/M01/telemetry', ... (355 bytes))
1785215535: Received PUBLISH from resq-firmware-sim-M01-ms471s3o (d0, q0, r0, m0, 'resq/M01/telemetry', ... (355 bytes))
1785215535: Sending PUBLISH to hub-api-live-registry-1785215101795 (d0, q0, r0, m0, 'resq/M01/telemetry', ... (355 bytes))
1785215535: Sending PUBLISH to auto-458E2A0E-A54A-09C7-325B-4DCD32FF54A7 (d0, q0, r0, m0, 'resq/M01/telemetry', ... (355 bytes))
1785215535: Received PUBLISH from resq-firmware-sim-M01-ms471s3o (d0, q0, r0, m0, 'resq/M01/telemetry', ... (352 bytes))
1785215535: Sending PUBLISH to hub-api-live-registry-1785215101795 (d0, q0, r0, m0, 'resq/M01/telemetry', ... (352 bytes))
1785215535: Sending PUBLISH to auto-458E2A0E-A54A-09C7-325B-4DCD32FF54A7 (d0, q0, r0, m0, 'resq/M01/telemetry', ... (352 bytes))
1785215535: Received PUBLISH from resq-firmware-sim-M01-ms471s3o (d0, q0, r0, m0, 'resq/M01/heartbeat', ... (221 bytes))
1785215535: Sending PUBLISH to hub-api-live-registry-1785215101795 (d0, q0, r0, m0, 'resq/M01/heartbeat', ... (221 bytes))
1785215535: Sending PUBLISH to auto-458E2A0E-A54A-09C7-325B-4DCD32FF54A7 (d0, q0, r0, m0, 'resq/M01/heartbeat', ... (221 bytes))
1785215535: Received PUBLISH from resq-firmware-sim-M01-ms471s3o (d0, q0, r0, m0, 'resq/M01/telemetry', ... (355 bytes))
1785215535: Sending PUBLISH to hub-api-live-registry-1785215101795 (d0, q0, r0, m0, 'resq/M01/telemetry', ... (355 bytes))
1785215535: Sending PUBLISH to auto-458E2A0E-A54A-09C7-325B-4DCD32FF54A7 (d0, q0, r0, m0, 'resq/M01/telemetry', ... (355 bytes))
1785215535: Received PUBLISH from resq-firmware-sim-M01-ms471s3o (d0, q0, r0, m0, 'resq/M01/telemetry', ... (355 bytes))
1785215535: Sending PUBLISH to hub-api-live-registry-1785215101795 (d0, q0, r0, m0, 'resq/M01/telemetry', ... (355 bytes))
1785215535: Sending PUBLISH to auto-458E2A0E-A54A-09C7-325B-4DCD32FF54A7 (d0, q0, r0, m0, 'resq/M01/telemetry', ... (355 bytes))
1785215536: Received PUBLISH from resq-firmware-sim-M01-ms471s3o (d0, q0, r0, m0, 'resq/M01/telemetry', ... (356 bytes))
1785215536: Sending PUBLISH to hub-api-live-registry-1785215101795 (d0, q0, r0, m0, 'resq/M01/telemetry', ... (356 bytes))
1785215536: Sending PUBLISH to auto-458E2A0E-A54A-09C7-325B-4DCD32FF54A7 (d0, q0, r0, m0, 'resq/M01/telemetry', ... (356 bytes))
1785215536: Received PUBLISH from resq-firmware-sim-M01-ms471s3o (d0, q0, r0, m0, 'resq/M01/telemetry', ... (357 bytes))
1785215536: Sending PUBLISH to hub-api-live-registry-1785215101795 (d0, q0, r0, m0, 'resq/M01/telemetry', ... (357 bytes))
1785215536: Sending PUBLISH to auto-458E2A0E-A54A-09C7-325B-4DCD32FF54A7 (d0, q0, r0, m0, 'resq/M01/telemetry', ... (357 bytes))
1785215536: Received PUBLISH from resq-firmware-sim-M01-ms471s3o (d0, q0, r0, m0, 'resq/M01/heartbeat', ... (221 bytes))
1785215536: Sending PUBLISH to hub-api-live-registry-1785215101795 (d0, q0, r0, m0, 'resq/M01/heartbeat', ... (221 bytes))
1785215536: Sending PUBLISH to auto-458E2A0E-A54A-09C7-325B-4DCD32FF54A7 (d0, q0, r0, m0, 'resq/M01/heartbeat', ... (221 bytes))
1785215536: Received PUBLISH from resq-firmware-sim-M01-ms471s3o (d0, q0, r0, m0, 'resq/M01/telemetry', ... (357 bytes))
1785215536: Sending PUBLISH to hub-api-live-registry-1785215101795 (d0, q0, r0, m0, 'resq/M01/telemetry', ... (357 bytes))
1785215536: Sending PUBLISH to auto-458E2A0E-A54A-09C7-325B-4DCD32FF54A7 (d0, q0, r0, m0, 'resq/M01/telemetry', ... (357 bytes))
1785215536: Received PUBLISH from resq-firmware-sim-M01-ms471s3o (d0, q0, r0, m0, 'resq/M01/telemetry', ... (357 bytes))
1785215536: Sending PUBLISH to hub-api-live-registry-1785215101795 (d0, q0, r0, m0, 'resq/M01/telemetry', ... (357 bytes))
1785215536: Sending PUBLISH to auto-458E2A0E-A54A-09C7-325B-4DCD32FF54A7 (d0, q0, r0, m0, 'resq/M01/telemetry', ... (357 bytes))
1785215536: Received PUBLISH from resq-firmware-sim-M01-ms471s3o (d0, q0, r0, m0, 'resq/M01/telemetry', ... (356 bytes))
1785215536: Sending PUBLISH to hub-api-live-registry-1785215101795 (d0, q0, r0, m0, 'resq/M01/telemetry', ... (356 bytes))
1785215536: Sending PUBLISH to auto-458E2A0E-A54A-09C7-325B-4DCD32FF54A7 (d0, q0, r0, m0, 'resq/M01/telemetry', ... (356 bytes))
1785215537: Received PUBLISH from resq-firmware-sim-M01-ms471s3o (d0, q0, r0, m0, 'resq/M01/telemetry', ... (356 bytes))
1785215537: Sending PUBLISH to hub-api-live-registry-1785215101795 (d0, q0, r0, m0, 'resq/M01/telemetry', ... (356 bytes))
1785215537: Sending PUBLISH to auto-458E2A0E-A54A-09C7-325B-4DCD32FF54A7 (d0, q0, r0, m0, 'resq/M01/telemetry', ... (356 bytes))
1785215537: Received PUBLISH from resq-firmware-sim-M01-ms471s3o (d0, q0, r0, m0, 'resq/M01/telemetry', ... (355 bytes))
1785215537: Sending PUBLISH to hub-api-live-registry-1785215101795 (d0, q0, r0, m0, 'resq/M01/telemetry', ... (355 bytes))
1785215537: Sending PUBLISH to auto-458E2A0E-A54A-09C7-325B-4DCD32FF54A7 (d0, q0, r0, m0, 'resq/M01/telemetry', ... (355 bytes))
1785215537: Received PUBLISH from resq-firmware-sim-M01-ms471s3o (d0, q0, r0, m0, 'resq/M01/heartbeat', ... (221 bytes))
1785215537: Sending PUBLISH to hub-api-live-registry-1785215101795 (d0, q0, r0, m0, 'resq/M01/heartbeat', ... (221 bytes))
1785215537: Sending PUBLISH to auto-458E2A0E-A54A-09C7-325B-4DCD32FF54A7 (d0, q0, r0, m0, 'resq/M01/heartbeat', ... (221 bytes))
1785215537: Received PUBLISH from resq-firmware-sim-M01-ms471s3o (d0, q0, r0, m0, 'resq/M01/telemetry', ... (356 bytes))
1785215537: Sending PUBLISH to hub-api-live-registry-1785215101795 (d0, q0, r0, m0, 'resq/M01/telemetry', ... (356 bytes))
1785215537: Sending PUBLISH to auto-458E2A0E-A54A-09C7-325B-4DCD32FF54A7 (d0, q0, r0, m0, 'resq/M01/telemetry', ... (356 bytes))
1785215537: Received PUBLISH from resq-firmware-sim-M01-ms471s3o (d0, q0, r0, m0, 'resq/M01/telemetry', ... (356 bytes))
1785215537: Sending PUBLISH to hub-api-live-registry-1785215101795 (d0, q0, r0, m0, 'resq/M01/telemetry', ... (356 bytes))
1785215537: Sending PUBLISH to auto-458E2A0E-A54A-09C7-325B-4DCD32FF54A7 (d0, q0, r0, m0, 'resq/M01/telemetry', ... (356 bytes))
1785215537: Received PUBLISH from resq-firmware-sim-M01-ms471s3o (d0, q0, r0, m0, 'resq/M01/telemetry', ... (356 bytes))
1785215537: Sending PUBLISH to hub-api-live-registry-1785215101795 (d0, q0, r0, m0, 'resq/M01/telemetry', ... (356 bytes))
1785215537: Sending PUBLISH to auto-458E2A0E-A54A-09C7-325B-4DCD32FF54A7 (d0, q0, r0, m0, 'resq/M01/telemetry', ... (356 bytes))
1785215538: Received PUBLISH from resq-firmware-sim-M01-ms471s3o (d0, q0, r0, m0, 'resq/M01/telemetry', ... (357 bytes))
1785215538: Sending PUBLISH to hub-api-live-registry-1785215101795 (d0, q0, r0, m0, 'resq/M01/telemetry', ... (357 bytes))
1785215538: Sending PUBLISH to auto-458E2A0E-A54A-09C7-325B-4DCD32FF54A7 (d0, q0, r0, m0, 'resq/M01/telemetry', ... (357 bytes))
1785215538: Received PUBLISH from resq-firmware-sim-M01-ms471s3o (d0, q0, r0, m0, 'resq/M01/telemetry', ... (356 bytes))
1785215538: Sending PUBLISH to hub-api-live-registry-1785215101795 (d0, q0, r0, m0, 'resq/M01/telemetry', ... (356 bytes))
1785215538: Sending PUBLISH to auto-458E2A0E-A54A-09C7-325B-4DCD32FF54A7 (d0, q0, r0, m0, 'resq/M01/telemetry', ... (356 bytes))
1785215538: Received PUBLISH from resq-firmware-sim-M01-ms471s3o (d0, q0, r0, m0, 'resq/M01/heartbeat', ... (221 bytes))
1785215538: Sending PUBLISH to hub-api-live-registry-1785215101795 (d0, q0, r0, m0, 'resq/M01/heartbeat', ... (221 bytes))
1785215538: Sending PUBLISH to auto-458E2A0E-A54A-09C7-325B-4DCD32FF54A7 (d0, q0, r0, m0, 'resq/M01/heartbeat', ... (221 bytes))
1785215538: Received PUBLISH from resq-firmware-sim-M01-ms471s3o (d0, q0, r0, m0, 'resq/M01/telemetry', ... (357 bytes))
1785215538: Sending PUBLISH to hub-api-live-registry-1785215101795 (d0, q0, r0, m0, 'resq/M01/telemetry', ... (357 bytes))
1785215538: Sending PUBLISH to auto-458E2A0E-A54A-09C7-325B-4DCD32FF54A7 (d0, q0, r0, m0, 'resq/M01/telemetry', ... (357 bytes))
1785215538: Received PUBLISH from resq-firmware-sim-M01-ms471s3o (d0, q0, r0, m0, 'resq/M01/telemetry', ... (356 bytes))
1785215538: Sending PUBLISH to hub-api-live-registry-1785215101795 (d0, q0, r0, m0, 'resq/M01/telemetry', ... (356 bytes))
1785215538: Sending PUBLISH to auto-458E2A0E-A54A-09C7-325B-4DCD32FF54A7 (d0, q0, r0, m0, 'resq/M01/telemetry', ... (356 bytes))
1785215539: Received PUBLISH from resq-firmware-sim-M01-ms471s3o (d0, q0, r0, m0, 'resq/M01/telemetry', ... (356 bytes))
1785215539: Sending PUBLISH to hub-api-live-registry-1785215101795 (d0, q0, r0, m0, 'resq/M01/telemetry', ... (356 bytes))
1785215539: Sending PUBLISH to auto-458E2A0E-A54A-09C7-325B-4DCD32FF54A7 (d0, q0, r0, m0, 'resq/M01/telemetry', ... (356 bytes))
1785215539: Received PUBLISH from resq-firmware-sim-M01-ms471s3o (d0, q0, r0, m0, 'resq/M01/telemetry', ... (356 bytes))
1785215539: Sending PUBLISH to hub-api-live-registry-1785215101795 (d0, q0, r0, m0, 'resq/M01/telemetry', ... (356 bytes))
1785215539: Sending PUBLISH to auto-458E2A0E-A54A-09C7-325B-4DCD32FF54A7 (d0, q0, r0, m0, 'resq/M01/telemetry', ... (356 bytes))
1785215539: Received PUBLISH from resq-firmware-sim-M01-ms471s3o (d0, q0, r0, m0, 'resq/M01/telemetry', ... (355 bytes))
1785215539: Sending PUBLISH to hub-api-live-registry-1785215101795 (d0, q0, r0, m0, 'resq/M01/telemetry', ... (355 bytes))
1785215539: Sending PUBLISH to auto-458E2A0E-A54A-09C7-325B-4DCD32FF54A7 (d0, q0, r0, m0, 'resq/M01/telemetry', ... (355 bytes))
1785215539: Received PUBLISH from resq-firmware-sim-M01-ms471s3o (d0, q0, r0, m0, 'resq/M01/heartbeat', ... (221 bytes))
1785215539: Sending PUBLISH to hub-api-live-registry-1785215101795 (d0, q0, r0, m0, 'resq/M01/heartbeat', ... (221 bytes))
1785215539: Sending PUBLISH to auto-458E2A0E-A54A-09C7-325B-4DCD32FF54A7 (d0, q0, r0, m0, 'resq/M01/heartbeat', ... (221 bytes))
1785215539: Received PUBLISH from resq-firmware-sim-M01-ms471s3o (d0, q0, r0, m0, 'resq/M01/telemetry', ... (355 bytes))
1785215539: Sending PUBLISH to hub-api-live-registry-1785215101795 (d0, q0, r0, m0, 'resq/M01/telemetry', ... (355 bytes))
1785215539: Sending PUBLISH to auto-458E2A0E-A54A-09C7-325B-4DCD32FF54A7 (d0, q0, r0, m0, 'resq/M01/telemetry', ... (355 bytes))
1785215539: Received PUBLISH from resq-firmware-sim-M01-ms471s3o (d0, q0, r0, m0, 'resq/M01/telemetry', ... (356 bytes))
1785215539: Sending PUBLISH to hub-api-live-registry-1785215101795 (d0, q0, r0, m0, 'resq/M01/telemetry', ... (356 bytes))
1785215539: Sending PUBLISH to auto-458E2A0E-A54A-09C7-325B-4DCD32FF54A7 (d0, q0, r0, m0, 'resq/M01/telemetry', ... (356 bytes))
1785215540: Received PUBLISH from resq-firmware-sim-M01-ms471s3o (d0, q0, r0, m0, 'resq/M01/telemetry', ... (356 bytes))
1785215540: Sending PUBLISH to hub-api-live-registry-1785215101795 (d0, q0, r0, m0, 'resq/M01/telemetry', ... (356 bytes))
1785215540: Sending PUBLISH to auto-458E2A0E-A54A-09C7-325B-4DCD32FF54A7 (d0, q0, r0, m0, 'resq/M01/telemetry', ... (356 bytes))
1785215540: Received PUBLISH from resq-firmware-sim-M01-ms471s3o (d0, q0, r0, m0, 'resq/M01/telemetry', ... (357 bytes))
1785215540: Sending PUBLISH to hub-api-live-registry-1785215101795 (d0, q0, r0, m0, 'resq/M01/telemetry', ... (357 bytes))
1785215540: Sending PUBLISH to auto-458E2A0E-A54A-09C7-325B-4DCD32FF54A7 (d0, q0, r0, m0, 'resq/M01/telemetry', ... (357 bytes))
1785215540: Received PUBLISH from resq-firmware-sim-M01-ms471s3o (d0, q0, r0, m0, 'resq/M01/telemetry', ... (356 bytes))
1785215540: Sending PUBLISH to hub-api-live-registry-1785215101795 (d0, q0, r0, m0, 'resq/M01/telemetry', ... (356 bytes))
1785215540: Sending PUBLISH to auto-458E2A0E-A54A-09C7-325B-4DCD32FF54A7 (d0, q0, r0, m0, 'resq/M01/telemetry', ... (356 bytes))
1785215540: Received PUBLISH from resq-firmware-sim-M01-ms471s3o (d0, q0, r0, m0, 'resq/M01/heartbeat', ... (221 bytes))
1785215540: Sending PUBLISH to hub-api-live-registry-1785215101795 (d0, q0, r0, m0, 'resq/M01/heartbeat', ... (221 bytes))
1785215540: Sending PUBLISH to auto-458E2A0E-A54A-09C7-325B-4DCD32FF54A7 (d0, q0, r0, m0, 'resq/M01/heartbeat', ... (221 bytes))
1785215540: Received PUBLISH from resq-firmware-sim-M01-ms471s3o (d0, q0, r0, m0, 'resq/M01/telemetry', ... (357 bytes))
1785215540: Sending PUBLISH to hub-api-live-registry-1785215101795 (d0, q0, r0, m0, 'resq/M01/telemetry', ... (357 bytes))
1785215540: Sending PUBLISH to auto-458E2A0E-A54A-09C7-325B-4DCD32FF54A7 (d0, q0, r0, m0, 'resq/M01/telemetry', ... (357 bytes))
1785215540: Received PUBLISH from resq-firmware-sim-M01-ms471s3o (d0, q0, r0, m0, 'resq/M01/telemetry', ... (356 bytes))
1785215540: Sending PUBLISH to hub-api-live-registry-1785215101795 (d0, q0, r0, m0, 'resq/M01/telemetry', ... (356 bytes))
1785215540: Sending PUBLISH to auto-458E2A0E-A54A-09C7-325B-4DCD32FF54A7 (d0, q0, r0, m0, 'resq/M01/telemetry', ... (356 bytes))
1785215541: Received PUBLISH from resq-firmware-sim-M01-ms471s3o (d0, q0, r0, m0, 'resq/M01/telemetry', ... (356 bytes))
1785215541: Sending PUBLISH to hub-api-live-registry-1785215101795 (d0, q0, r0, m0, 'resq/M01/telemetry', ... (356 bytes))
1785215541: Sending PUBLISH to auto-458E2A0E-A54A-09C7-325B-4DCD32FF54A7 (d0, q0, r0, m0, 'resq/M01/telemetry', ... (356 bytes))
1785215541: Received PUBLISH from resq-firmware-sim-M01-ms471s3o (d0, q0, r0, m0, 'resq/M01/telemetry', ... (356 bytes))
1785215541: Sending PUBLISH to hub-api-live-registry-1785215101795 (d0, q0, r0, m0, 'resq/M01/telemetry', ... (356 bytes))
1785215541: Sending PUBLISH to auto-458E2A0E-A54A-09C7-325B-4DCD32FF54A7 (d0, q0, r0, m0, 'resq/M01/telemetry', ... (356 bytes))
1785215541: Received PUBLISH from resq-firmware-sim-M01-ms471s3o (d0, q0, r0, m0, 'resq/M01/telemetry', ... (355 bytes))
1785215541: Sending PUBLISH to hub-api-live-registry-1785215101795 (d0, q0, r0, m0, 'resq/M01/telemetry', ... (355 bytes))
1785215541: Sending PUBLISH to auto-458E2A0E-A54A-09C7-325B-4DCD32FF54A7 (d0, q0, r0, m0, 'resq/M01/telemetry', ... (355 bytes))
1785215541: Received PUBLISH from resq-firmware-sim-M01-ms471s3o (d0, q0, r0, m0, 'resq/M01/heartbeat', ... (221 bytes))
1785215541: Sending PUBLISH to hub-api-live-registry-1785215101795 (d0, q0, r0, m0, 'resq/M01/heartbeat', ... (221 bytes))
1785215541: Sending PUBLISH to auto-458E2A0E-A54A-09C7-325B-4DCD32FF54A7 (d0, q0, r0, m0, 'resq/M01/heartbeat', ... (221 bytes))
1785215541: Received PUBLISH from resq-firmware-sim-M01-ms471s3o (d0, q0, r0, m0, 'resq/M01/telemetry', ... (356 bytes))
1785215541: Sending PUBLISH to hub-api-live-registry-1785215101795 (d0, q0, r0, m0, 'resq/M01/telemetry', ... (356 bytes))
1785215541: Sending PUBLISH to auto-458E2A0E-A54A-09C7-325B-4DCD32FF54A7 (d0, q0, r0, m0, 'resq/M01/telemetry', ... (356 bytes))
1785215541: Received PUBLISH from resq-firmware-sim-M01-ms471s3o (d0, q0, r0, m0, 'resq/M01/telemetry', ... (355 bytes))
1785215541: Sending PUBLISH to hub-api-live-registry-1785215101795 (d0, q0, r0, m0, 'resq/M01/telemetry', ... (355 bytes))
1785215541: Sending PUBLISH to auto-458E2A0E-A54A-09C7-325B-4DCD32FF54A7 (d0, q0, r0, m0, 'resq/M01/telemetry', ... (355 bytes))
1785215542: Received PUBLISH from resq-firmware-sim-M01-ms471s3o (d0, q0, r0, m0, 'resq/M01/telemetry', ... (357 bytes))
1785215542: Sending PUBLISH to hub-api-live-registry-1785215101795 (d0, q0, r0, m0, 'resq/M01/telemetry', ... (357 bytes))
1785215542: Sending PUBLISH to auto-458E2A0E-A54A-09C7-325B-4DCD32FF54A7 (d0, q0, r0, m0, 'resq/M01/telemetry', ... (357 bytes))
1785215542: Received PUBLISH from resq-firmware-sim-M01-ms471s3o (d0, q0, r0, m0, 'resq/M01/telemetry', ... (357 bytes))
1785215542: Sending PUBLISH to hub-api-live-registry-1785215101795 (d0, q0, r0, m0, 'resq/M01/telemetry', ... (357 bytes))
1785215542: Sending PUBLISH to auto-458E2A0E-A54A-09C7-325B-4DCD32FF54A7 (d0, q0, r0, m0, 'resq/M01/telemetry', ... (357 bytes))
1785215542: Received PUBLISH from resq-firmware-sim-M01-ms471s3o (d0, q0, r0, m0, 'resq/M01/telemetry', ... (357 bytes))
1785215542: Sending PUBLISH to hub-api-live-registry-1785215101795 (d0, q0, r0, m0, 'resq/M01/telemetry', ... (357 bytes))
1785215542: Sending PUBLISH to auto-458E2A0E-A54A-09C7-325B-4DCD32FF54A7 (d0, q0, r0, m0, 'resq/M01/telemetry', ... (357 bytes))
1785215542: Received PUBLISH from resq-firmware-sim-M01-ms471s3o (d0, q0, r0, m0, 'resq/M01/heartbeat', ... (221 bytes))
1785215542: Sending PUBLISH to hub-api-live-registry-1785215101795 (d0, q0, r0, m0, 'resq/M01/heartbeat', ... (221 bytes))
1785215542: Sending PUBLISH to auto-458E2A0E-A54A-09C7-325B-4DCD32FF54A7 (d0, q0, r0, m0, 'resq/M01/heartbeat', ... (221 bytes))
1785215542: Received PUBLISH from resq-firmware-sim-M01-ms471s3o (d0, q0, r0, m0, 'resq/M01/telemetry', ... (356 bytes))
1785215542: Sending PUBLISH to hub-api-live-registry-1785215101795 (d0, q0, r0, m0, 'resq/M01/telemetry', ... (356 bytes))
1785215542: Sending PUBLISH to auto-458E2A0E-A54A-09C7-325B-4DCD32FF54A7 (d0, q0, r0, m0, 'resq/M01/telemetry', ... (356 bytes))
1785215542: Received PUBLISH from resq-firmware-sim-M01-ms471s3o (d0, q0, r0, m0, 'resq/M01/telemetry', ... (356 bytes))
1785215542: Sending PUBLISH to hub-api-live-registry-1785215101795 (d0, q0, r0, m0, 'resq/M01/telemetry', ... (356 bytes))
1785215542: Sending PUBLISH to auto-458E2A0E-A54A-09C7-325B-4DCD32FF54A7 (d0, q0, r0, m0, 'resq/M01/telemetry', ... (356 bytes))
1785215543: Received PUBLISH from resq-firmware-sim-M01-ms471s3o (d0, q0, r0, m0, 'resq/M01/telemetry', ... (356 bytes))
1785215543: Sending PUBLISH to hub-api-live-registry-1785215101795 (d0, q0, r0, m0, 'resq/M01/telemetry', ... (356 bytes))
1785215543: Sending PUBLISH to auto-458E2A0E-A54A-09C7-325B-4DCD32FF54A7 (d0, q0, r0, m0, 'resq/M01/telemetry', ... (356 bytes))
1785215543: Received PUBLISH from resq-firmware-sim-M01-ms471s3o (d0, q0, r0, m0, 'resq/M01/telemetry', ... (356 bytes))
1785215543: Sending PUBLISH to hub-api-live-registry-1785215101795 (d0, q0, r0, m0, 'resq/M01/telemetry', ... (356 bytes))
1785215543: Sending PUBLISH to auto-458E2A0E-A54A-09C7-325B-4DCD32FF54A7 (d0, q0, r0, m0, 'resq/M01/telemetry', ... (356 bytes))
1785215543: Received PUBLISH from resq-firmware-sim-M01-ms471s3o (d0, q0, r0, m0, 'resq/M01/telemetry', ... (356 bytes))
1785215543: Sending PUBLISH to hub-api-live-registry-1785215101795 (d0, q0, r0, m0, 'resq/M01/telemetry', ... (356 bytes))
1785215543: Sending PUBLISH to auto-458E2A0E-A54A-09C7-325B-4DCD32FF54A7 (d0, q0, r0, m0, 'resq/M01/telemetry', ... (356 bytes))
1785215543: Received PUBLISH from resq-firmware-sim-M01-ms471s3o (d0, q0, r0, m0, 'resq/M01/heartbeat', ... (221 bytes))
1785215543: Sending PUBLISH to hub-api-live-registry-1785215101795 (d0, q0, r0, m0, 'resq/M01/heartbeat', ... (221 bytes))
1785215543: Sending PUBLISH to auto-458E2A0E-A54A-09C7-325B-4DCD32FF54A7 (d0, q0, r0, m0, 'resq/M01/heartbeat', ... (221 bytes))
1785215543: Received PUBLISH from resq-firmware-sim-M01-ms471s3o (d0, q0, r0, m0, 'resq/M01/telemetry', ... (355 bytes))
1785215543: Sending PUBLISH to hub-api-live-registry-1785215101795 (d0, q0, r0, m0, 'resq/M01/telemetry', ... (355 bytes))
1785215543: Sending PUBLISH to auto-458E2A0E-A54A-09C7-325B-4DCD32FF54A7 (d0, q0, r0, m0, 'resq/M01/telemetry', ... (355 bytes))
1785215543: Received PUBLISH from resq-firmware-sim-M01-ms471s3o (d0, q0, r0, m0, 'resq/M01/telemetry', ... (357 bytes))
1785215543: Sending PUBLISH to hub-api-live-registry-1785215101795 (d0, q0, r0, m0, 'resq/M01/telemetry', ... (357 bytes))
1785215543: Sending PUBLISH to auto-458E2A0E-A54A-09C7-325B-4DCD32FF54A7 (d0, q0, r0, m0, 'resq/M01/telemetry', ... (357 bytes))
1785215544: Received PUBLISH from resq-firmware-sim-M01-ms471s3o (d0, q0, r0, m0, 'resq/M01/telemetry', ... (356 bytes))
1785215544: Sending PUBLISH to hub-api-live-registry-1785215101795 (d0, q0, r0, m0, 'resq/M01/telemetry', ... (356 bytes))
1785215544: Sending PUBLISH to auto-458E2A0E-A54A-09C7-325B-4DCD32FF54A7 (d0, q0, r0, m0, 'resq/M01/telemetry', ... (356 bytes))
1785215544: Received PUBLISH from resq-firmware-sim-M01-ms471s3o (d0, q0, r0, m0, 'resq/M01/telemetry', ... (357 bytes))
1785215544: Sending PUBLISH to hub-api-live-registry-1785215101795 (d0, q0, r0, m0, 'resq/M01/telemetry', ... (357 bytes))
1785215544: Sending PUBLISH to auto-458E2A0E-A54A-09C7-325B-4DCD32FF54A7 (d0, q0, r0, m0, 'resq/M01/telemetry', ... (357 bytes))
1785215544: Received PUBLISH from resq-firmware-sim-M01-ms471s3o (d0, q0, r0, m0, 'resq/M01/telemetry', ... (357 bytes))
1785215544: Sending PUBLISH to hub-api-live-registry-1785215101795 (d0, q0, r0, m0, 'resq/M01/telemetry', ... (357 bytes))
1785215544: Sending PUBLISH to auto-458E2A0E-A54A-09C7-325B-4DCD32FF54A7 (d0, q0, r0, m0, 'resq/M01/telemetry', ... (357 bytes))
1785215544: Received PUBLISH from resq-firmware-sim-M01-ms471s3o (d0, q0, r0, m0, 'resq/M01/heartbeat', ... (221 bytes))
1785215544: Sending PUBLISH to hub-api-live-registry-1785215101795 (d0, q0, r0, m0, 'resq/M01/heartbeat', ... (221 bytes))
1785215544: Sending PUBLISH to auto-458E2A0E-A54A-09C7-325B-4DCD32FF54A7 (d0, q0, r0, m0, 'resq/M01/heartbeat', ... (221 bytes))
1785215544: Received PUBLISH from resq-firmware-sim-M01-ms471s3o (d0, q0, r0, m0, 'resq/M01/telemetry', ... (355 bytes))
1785215544: Sending PUBLISH to hub-api-live-registry-1785215101795 (d0, q0, r0, m0, 'resq/M01/telemetry', ... (355 bytes))
1785215544: Sending PUBLISH to auto-458E2A0E-A54A-09C7-325B-4DCD32FF54A7 (d0, q0, r0, m0, 'resq/M01/telemetry', ... (355 bytes))
1785215545: Received PUBLISH from resq-firmware-sim-M01-ms471s3o (d0, q0, r0, m0, 'resq/M01/telemetry', ... (355 bytes))
1785215545: Sending PUBLISH to hub-api-live-registry-1785215101795 (d0, q0, r0, m0, 'resq/M01/telemetry', ... (355 bytes))
1785215545: Sending PUBLISH to auto-458E2A0E-A54A-09C7-325B-4DCD32FF54A7 (d0, q0, r0, m0, 'resq/M01/telemetry', ... (355 bytes))
1785215545: Received PUBLISH from resq-firmware-sim-M01-ms471s3o (d0, q0, r0, m0, 'resq/M01/telemetry', ... (355 bytes))
1785215545: Sending PUBLISH to hub-api-live-registry-1785215101795 (d0, q0, r0, m0, 'resq/M01/telemetry', ... (355 bytes))
1785215545: Sending PUBLISH to auto-458E2A0E-A54A-09C7-325B-4DCD32FF54A7 (d0, q0, r0, m0, 'resq/M01/telemetry', ... (355 bytes))
1785215545: Received PUBLISH from resq-firmware-sim-M01-ms471s3o (d0, q0, r0, m0, 'resq/M01/telemetry', ... (355 bytes))
1785215545: Sending PUBLISH to hub-api-live-registry-1785215101795 (d0, q0, r0, m0, 'resq/M01/telemetry', ... (355 bytes))
1785215545: Sending PUBLISH to auto-458E2A0E-A54A-09C7-325B-4DCD32FF54A7 (d0, q0, r0, m0, 'resq/M01/telemetry', ... (355 bytes))
1785215545: Received PUBLISH from resq-firmware-sim-M01-ms471s3o (d0, q0, r0, m0, 'resq/M01/heartbeat', ... (221 bytes))
1785215545: Sending PUBLISH to hub-api-live-registry-1785215101795 (d0, q0, r0, m0, 'resq/M01/heartbeat', ... (221 bytes))
1785215545: Sending PUBLISH to auto-458E2A0E-A54A-09C7-325B-4DCD32FF54A7 (d0, q0, r0, m0, 'resq/M01/heartbeat', ... (221 bytes))
1785215545: Received PUBLISH from resq-firmware-sim-M01-ms471s3o (d0, q0, r0, m0, 'resq/M01/telemetry', ... (356 bytes))
1785215545: Sending PUBLISH to hub-api-live-registry-1785215101795 (d0, q0, r0, m0, 'resq/M01/telemetry', ... (356 bytes))
1785215545: Sending PUBLISH to auto-458E2A0E-A54A-09C7-325B-4DCD32FF54A7 (d0, q0, r0, m0, 'resq/M01/telemetry', ... (356 bytes))
1785215545: Received PUBLISH from resq-firmware-sim-M01-ms471s3o (d0, q0, r0, m0, 'resq/M01/telemetry', ... (356 bytes))
1785215545: Sending PUBLISH to hub-api-live-registry-1785215101795 (d0, q0, r0, m0, 'resq/M01/telemetry', ... (356 bytes))
1785215545: Sending PUBLISH to auto-458E2A0E-A54A-09C7-325B-4DCD32FF54A7 (d0, q0, r0, m0, 'resq/M01/telemetry', ... (356 bytes))
1785215546: Received PUBLISH from resq-firmware-sim-M01-ms471s3o (d0, q0, r0, m0, 'resq/M01/telemetry', ... (357 bytes))
1785215546: Sending PUBLISH to hub-api-live-registry-1785215101795 (d0, q0, r0, m0, 'resq/M01/telemetry', ... (357 bytes))
1785215546: Sending PUBLISH to auto-458E2A0E-A54A-09C7-325B-4DCD32FF54A7 (d0, q0, r0, m0, 'resq/M01/telemetry', ... (357 bytes))
1785215546: Received PUBLISH from resq-firmware-sim-M01-ms471s3o (d0, q0, r0, m0, 'resq/M01/telemetry', ... (356 bytes))
1785215546: Sending PUBLISH to hub-api-live-registry-1785215101795 (d0, q0, r0, m0, 'resq/M01/telemetry', ... (356 bytes))
1785215546: Sending PUBLISH to auto-458E2A0E-A54A-09C7-325B-4DCD32FF54A7 (d0, q0, r0, m0, 'resq/M01/telemetry', ... (356 bytes))
1785215546: Received PUBLISH from resq-firmware-sim-M01-ms471s3o (d0, q0, r0, m0, 'resq/M01/telemetry', ... (358 bytes))
1785215546: Sending PUBLISH to hub-api-live-registry-1785215101795 (d0, q0, r0, m0, 'resq/M01/telemetry', ... (358 bytes))
1785215546: Sending PUBLISH to auto-458E2A0E-A54A-09C7-325B-4DCD32FF54A7 (d0, q0, r0, m0, 'resq/M01/telemetry', ... (358 bytes))
1785215546: Received PUBLISH from resq-firmware-sim-M01-ms471s3o (d0, q0, r0, m0, 'resq/M01/heartbeat', ... (221 bytes))
1785215546: Sending PUBLISH to hub-api-live-registry-1785215101795 (d0, q0, r0, m0, 'resq/M01/heartbeat', ... (221 bytes))
1785215546: Sending PUBLISH to auto-458E2A0E-A54A-09C7-325B-4DCD32FF54A7 (d0, q0, r0, m0, 'resq/M01/heartbeat', ... (221 bytes))
1785215546: Received PUBLISH from resq-firmware-sim-M01-ms471s3o (d0, q0, r0, m0, 'resq/M01/telemetry', ... (359 bytes))
1785215546: Sending PUBLISH to hub-api-live-registry-1785215101795 (d0, q0, r0, m0, 'resq/M01/telemetry', ... (359 bytes))
1785215546: Sending PUBLISH to auto-458E2A0E-A54A-09C7-325B-4DCD32FF54A7 (d0, q0, r0, m0, 'resq/M01/telemetry', ... (359 bytes))
1785215546: Received PUBLISH from resq-firmware-sim-M01-ms471s3o (d0, q0, r0, m0, 'resq/M01/telemetry', ... (359 bytes))
1785215546: Sending PUBLISH to hub-api-live-registry-1785215101795 (d0, q0, r0, m0, 'resq/M01/telemetry', ... (359 bytes))
1785215546: Sending PUBLISH to auto-458E2A0E-A54A-09C7-325B-4DCD32FF54A7 (d0, q0, r0, m0, 'resq/M01/telemetry', ... (359 bytes))
1785215547: Received PUBLISH from resq-firmware-sim-M01-ms471s3o (d0, q0, r0, m0, 'resq/M01/telemetry', ... (358 bytes))
1785215547: Sending PUBLISH to hub-api-live-registry-1785215101795 (d0, q0, r0, m0, 'resq/M01/telemetry', ... (358 bytes))
1785215547: Sending PUBLISH to auto-458E2A0E-A54A-09C7-325B-4DCD32FF54A7 (d0, q0, r0, m0, 'resq/M01/telemetry', ... (358 bytes))
1785215547: Received PUBLISH from resq-firmware-sim-M01-ms471s3o (d0, q0, r0, m0, 'resq/M01/telemetry', ... (359 bytes))
1785215547: Sending PUBLISH to hub-api-live-registry-1785215101795 (d0, q0, r0, m0, 'resq/M01/telemetry', ... (359 bytes))
1785215547: Sending PUBLISH to auto-458E2A0E-A54A-09C7-325B-4DCD32FF54A7 (d0, q0, r0, m0, 'resq/M01/telemetry', ... (359 bytes))
1785215547: Received PUBLISH from resq-firmware-sim-M01-ms471s3o (d0, q0, r0, m0, 'resq/M01/telemetry', ... (359 bytes))
1785215547: Sending PUBLISH to hub-api-live-registry-1785215101795 (d0, q0, r0, m0, 'resq/M01/telemetry', ... (359 bytes))
1785215547: Sending PUBLISH to auto-458E2A0E-A54A-09C7-325B-4DCD32FF54A7 (d0, q0, r0, m0, 'resq/M01/telemetry', ... (359 bytes))
1785215547: Received PUBLISH from resq-firmware-sim-M01-ms471s3o (d0, q0, r0, m0, 'resq/M01/heartbeat', ... (221 bytes))
1785215547: Sending PUBLISH to hub-api-live-registry-1785215101795 (d0, q0, r0, m0, 'resq/M01/heartbeat', ... (221 bytes))
1785215547: Sending PUBLISH to auto-458E2A0E-A54A-09C7-325B-4DCD32FF54A7 (d0, q0, r0, m0, 'resq/M01/heartbeat', ... (221 bytes))
1785215547: Received PUBLISH from resq-firmware-sim-M01-ms471s3o (d0, q0, r0, m0, 'resq/M01/telemetry', ... (359 bytes))
1785215547: Sending PUBLISH to hub-api-live-registry-1785215101795 (d0, q0, r0, m0, 'resq/M01/telemetry', ... (359 bytes))
1785215547: Sending PUBLISH to auto-458E2A0E-A54A-09C7-325B-4DCD32FF54A7 (d0, q0, r0, m0, 'resq/M01/telemetry', ... (359 bytes))
1785215547: Received PUBLISH from resq-firmware-sim-M01-ms471s3o (d0, q0, r0, m0, 'resq/M01/telemetry', ... (360 bytes))
1785215547: Sending PUBLISH to hub-api-live-registry-1785215101795 (d0, q0, r0, m0, 'resq/M01/telemetry', ... (360 bytes))
1785215547: Sending PUBLISH to auto-458E2A0E-A54A-09C7-325B-4DCD32FF54A7 (d0, q0, r0, m0, 'resq/M01/telemetry', ... (360 bytes))
1785215548: Received PUBLISH from resq-firmware-sim-M01-ms471s3o (d0, q0, r0, m0, 'resq/M01/telemetry', ... (360 bytes))
1785215548: Sending PUBLISH to hub-api-live-registry-1785215101795 (d0, q0, r0, m0, 'resq/M01/telemetry', ... (360 bytes))
1785215548: Sending PUBLISH to auto-458E2A0E-A54A-09C7-325B-4DCD32FF54A7 (d0, q0, r0, m0, 'resq/M01/telemetry', ... (360 bytes))
1785215548: Received PUBLISH from resq-firmware-sim-M01-ms471s3o (d0, q0, r0, m0, 'resq/M01/telemetry', ... (360 bytes))
1785215548: Sending PUBLISH to hub-api-live-registry-1785215101795 (d0, q0, r0, m0, 'resq/M01/telemetry', ... (360 bytes))
1785215548: Sending PUBLISH to auto-458E2A0E-A54A-09C7-325B-4DCD32FF54A7 (d0, q0, r0, m0, 'resq/M01/telemetry', ... (360 bytes))
1785215548: Received PUBLISH from resq-firmware-sim-M01-ms471s3o (d0, q0, r0, m0, 'resq/M01/telemetry', ... (360 bytes))
1785215548: Sending PUBLISH to hub-api-live-registry-1785215101795 (d0, q0, r0, m0, 'resq/M01/telemetry', ... (360 bytes))
1785215548: Sending PUBLISH to auto-458E2A0E-A54A-09C7-325B-4DCD32FF54A7 (d0, q0, r0, m0, 'resq/M01/telemetry', ... (360 bytes))
1785215548: Received PUBLISH from resq-firmware-sim-M01-ms471s3o (d0, q0, r0, m0, 'resq/M01/heartbeat', ... (221 bytes))
1785215548: Sending PUBLISH to hub-api-live-registry-1785215101795 (d0, q0, r0, m0, 'resq/M01/heartbeat', ... (221 bytes))
1785215548: Sending PUBLISH to auto-458E2A0E-A54A-09C7-325B-4DCD32FF54A7 (d0, q0, r0, m0, 'resq/M01/heartbeat', ... (221 bytes))
1785215548: Received PUBLISH from resq-firmware-sim-M01-ms471s3o (d0, q0, r0, m0, 'resq/M01/telemetry', ... (357 bytes))
1785215548: Sending PUBLISH to hub-api-live-registry-1785215101795 (d0, q0, r0, m0, 'resq/M01/telemetry', ... (357 bytes))
1785215548: Sending PUBLISH to auto-458E2A0E-A54A-09C7-325B-4DCD32FF54A7 (d0, q0, r0, m0, 'resq/M01/telemetry', ... (357 bytes))
1785215548: Received PUBLISH from resq-firmware-sim-M01-ms471s3o (d0, q0, r0, m0, 'resq/M01/telemetry', ... (359 bytes))
1785215548: Sending PUBLISH to hub-api-live-registry-1785215101795 (d0, q0, r0, m0, 'resq/M01/telemetry', ... (359 bytes))
1785215548: Sending PUBLISH to auto-458E2A0E-A54A-09C7-325B-4DCD32FF54A7 (d0, q0, r0, m0, 'resq/M01/telemetry', ... (359 bytes))
1785215549: Received PUBLISH from resq-firmware-sim-M01-ms471s3o (d0, q0, r0, m0, 'resq/M01/telemetry', ... (359 bytes))
1785215549: Sending PUBLISH to hub-api-live-registry-1785215101795 (d0, q0, r0, m0, 'resq/M01/telemetry', ... (359 bytes))
1785215549: Sending PUBLISH to auto-458E2A0E-A54A-09C7-325B-4DCD32FF54A7 (d0, q0, r0, m0, 'resq/M01/telemetry', ... (359 bytes))
1785215549: Received PUBLISH from resq-firmware-sim-M01-ms471s3o (d0, q0, r0, m0, 'resq/M01/telemetry', ... (359 bytes))
1785215549: Sending PUBLISH to hub-api-live-registry-1785215101795 (d0, q0, r0, m0, 'resq/M01/telemetry', ... (359 bytes))
1785215549: Sending PUBLISH to auto-458E2A0E-A54A-09C7-325B-4DCD32FF54A7 (d0, q0, r0, m0, 'resq/M01/telemetry', ... (359 bytes))
1785215549: Received PUBLISH from resq-firmware-sim-M01-ms471s3o (d0, q0, r0, m0, 'resq/M01/telemetry', ... (359 bytes))
1785215549: Sending PUBLISH to hub-api-live-registry-1785215101795 (d0, q0, r0, m0, 'resq/M01/telemetry', ... (359 bytes))
1785215549: Sending PUBLISH to auto-458E2A0E-A54A-09C7-325B-4DCD32FF54A7 (d0, q0, r0, m0, 'resq/M01/telemetry', ... (359 bytes))
1785215549: Received PUBLISH from resq-firmware-sim-M01-ms471s3o (d0, q0, r0, m0, 'resq/M01/heartbeat', ... (221 bytes))
1785215549: Sending PUBLISH to hub-api-live-registry-1785215101795 (d0, q0, r0, m0, 'resq/M01/heartbeat', ... (221 bytes))
1785215549: Sending PUBLISH to auto-458E2A0E-A54A-09C7-325B-4DCD32FF54A7 (d0, q0, r0, m0, 'resq/M01/heartbeat', ... (221 bytes))
1785215549: Received PUBLISH from resq-firmware-sim-M01-ms471s3o (d0, q0, r0, m0, 'resq/M01/telemetry', ... (358 bytes))
1785215549: Sending PUBLISH to hub-api-live-registry-1785215101795 (d0, q0, r0, m0, 'resq/M01/telemetry', ... (358 bytes))
1785215549: Sending PUBLISH to auto-458E2A0E-A54A-09C7-325B-4DCD32FF54A7 (d0, q0, r0, m0, 'resq/M01/telemetry', ... (358 bytes))
1785215549: Received PUBLISH from resq-firmware-sim-M01-ms471s3o (d0, q0, r0, m0, 'resq/M01/telemetry', ... (360 bytes))
1785215549: Sending PUBLISH to hub-api-live-registry-1785215101795 (d0, q0, r0, m0, 'resq/M01/telemetry', ... (360 bytes))
1785215549: Sending PUBLISH to auto-458E2A0E-A54A-09C7-325B-4DCD32FF54A7 (d0, q0, r0, m0, 'resq/M01/telemetry', ... (360 bytes))
1785215550: Received PUBLISH from resq-firmware-sim-M01-ms471s3o (d0, q0, r0, m0, 'resq/M01/telemetry', ... (360 bytes))
1785215550: Sending PUBLISH to hub-api-live-registry-1785215101795 (d0, q0, r0, m0, 'resq/M01/telemetry', ... (360 bytes))
1785215550: Sending PUBLISH to auto-458E2A0E-A54A-09C7-325B-4DCD32FF54A7 (d0, q0, r0, m0, 'resq/M01/telemetry', ... (360 bytes))
1785215550: Received PUBLISH from resq-firmware-sim-M01-ms471s3o (d0, q0, r0, m0, 'resq/M01/telemetry', ... (360 bytes))
1785215550: Sending PUBLISH to hub-api-live-registry-1785215101795 (d0, q0, r0, m0, 'resq/M01/telemetry', ... (360 bytes))
1785215550: Sending PUBLISH to auto-458E2A0E-A54A-09C7-325B-4DCD32FF54A7 (d0, q0, r0, m0, 'resq/M01/telemetry', ... (360 bytes))
1785215550: Received PUBLISH from resq-firmware-sim-M01-ms471s3o (d0, q0, r0, m0, 'resq/M01/telemetry', ... (359 bytes))
1785215550: Sending PUBLISH to hub-api-live-registry-1785215101795 (d0, q0, r0, m0, 'resq/M01/telemetry', ... (359 bytes))
1785215550: Sending PUBLISH to auto-458E2A0E-A54A-09C7-325B-4DCD32FF54A7 (d0, q0, r0, m0, 'resq/M01/telemetry', ... (359 bytes))
1785215550: Received PUBLISH from resq-firmware-sim-M01-ms471s3o (d0, q0, r0, m0, 'resq/M01/heartbeat', ... (221 bytes))
1785215550: Sending PUBLISH to hub-api-live-registry-1785215101795 (d0, q0, r0, m0, 'resq/M01/heartbeat', ... (221 bytes))
1785215550: Sending PUBLISH to auto-458E2A0E-A54A-09C7-325B-4DCD32FF54A7 (d0, q0, r0, m0, 'resq/M01/heartbeat', ... (221 bytes))
1785215550: Received PUBLISH from resq-firmware-sim-M01-ms471s3o (d0, q0, r0, m0, 'resq/M01/telemetry', ... (359 bytes))
1785215550: Sending PUBLISH to hub-api-live-registry-1785215101795 (d0, q0, r0, m0, 'resq/M01/telemetry', ... (359 bytes))
1785215550: Sending PUBLISH to auto-458E2A0E-A54A-09C7-325B-4DCD32FF54A7 (d0, q0, r0, m0, 'resq/M01/telemetry', ... (359 bytes))
1785215551: Received PUBLISH from resq-firmware-sim-M01-ms471s3o (d0, q0, r0, m0, 'resq/M01/telemetry', ... (359 bytes))
1785215551: Sending PUBLISH to hub-api-live-registry-1785215101795 (d0, q0, r0, m0, 'resq/M01/telemetry', ... (359 bytes))
1785215551: Sending PUBLISH to auto-458E2A0E-A54A-09C7-325B-4DCD32FF54A7 (d0, q0, r0, m0, 'resq/M01/telemetry', ... (359 bytes))
1785215551: Received PUBLISH from resq-firmware-sim-M01-ms471s3o (d0, q0, r0, m0, 'resq/M01/telemetry', ... (358 bytes))
1785215551: Sending PUBLISH to hub-api-live-registry-1785215101795 (d0, q0, r0, m0, 'resq/M01/telemetry', ... (358 bytes))
1785215551: Sending PUBLISH to auto-458E2A0E-A54A-09C7-325B-4DCD32FF54A7 (d0, q0, r0, m0, 'resq/M01/telemetry', ... (358 bytes))
1785215551: Received PUBLISH from resq-firmware-sim-M01-ms471s3o (d0, q0, r0, m0, 'resq/M01/telemetry', ... (357 bytes))
1785215551: Sending PUBLISH to hub-api-live-registry-1785215101795 (d0, q0, r0, m0, 'resq/M01/telemetry', ... (357 bytes))
1785215551: Sending PUBLISH to auto-458E2A0E-A54A-09C7-325B-4DCD32FF54A7 (d0, q0, r0, m0, 'resq/M01/telemetry', ... (357 bytes))
1785215551: Received PUBLISH from resq-firmware-sim-M01-ms471s3o (d0, q0, r0, m0, 'resq/M01/telemetry', ... (359 bytes))
1785215551: Sending PUBLISH to hub-api-live-registry-1785215101795 (d0, q0, r0, m0, 'resq/M01/telemetry', ... (359 bytes))
1785215551: Sending PUBLISH to auto-458E2A0E-A54A-09C7-325B-4DCD32FF54A7 (d0, q0, r0, m0, 'resq/M01/telemetry', ... (359 bytes))
1785215551: Received PUBLISH from resq-firmware-sim-M01-ms471s3o (d0, q0, r0, m0, 'resq/M01/heartbeat', ... (221 bytes))
1785215551: Sending PUBLISH to hub-api-live-registry-1785215101795 (d0, q0, r0, m0, 'resq/M01/heartbeat', ... (221 bytes))
1785215551: Sending PUBLISH to auto-458E2A0E-A54A-09C7-325B-4DCD32FF54A7 (d0, q0, r0, m0, 'resq/M01/heartbeat', ... (221 bytes))
1785215551: Received PUBLISH from resq-firmware-sim-M01-ms471s3o (d0, q0, r0, m0, 'resq/M01/telemetry', ... (360 bytes))
1785215551: Sending PUBLISH to hub-api-live-registry-1785215101795 (d0, q0, r0, m0, 'resq/M01/telemetry', ... (360 bytes))
1785215551: Sending PUBLISH to auto-458E2A0E-A54A-09C7-325B-4DCD32FF54A7 (d0, q0, r0, m0, 'resq/M01/telemetry', ... (360 bytes))
1785215552: Received PUBLISH from resq-firmware-sim-M01-ms471s3o (d0, q0, r0, m0, 'resq/M01/telemetry', ... (360 bytes))
1785215552: Sending PUBLISH to hub-api-live-registry-1785215101795 (d0, q0, r0, m0, 'resq/M01/telemetry', ... (360 bytes))
1785215552: Sending PUBLISH to auto-458E2A0E-A54A-09C7-325B-4DCD32FF54A7 (d0, q0, r0, m0, 'resq/M01/telemetry', ... (360 bytes))
1785215552: Received PUBLISH from resq-firmware-sim-M01-ms471s3o (d0, q0, r0, m0, 'resq/M01/telemetry', ... (358 bytes))
1785215552: Sending PUBLISH to hub-api-live-registry-1785215101795 (d0, q0, r0, m0, 'resq/M01/telemetry', ... (358 bytes))
1785215552: Sending PUBLISH to auto-458E2A0E-A54A-09C7-325B-4DCD32FF54A7 (d0, q0, r0, m0, 'resq/M01/telemetry', ... (358 bytes))
1785215552: Received PUBLISH from resq-firmware-sim-M01-ms471s3o (d0, q0, r0, m0, 'resq/M01/telemetry', ... (359 bytes))
1785215552: Sending PUBLISH to hub-api-live-registry-1785215101795 (d0, q0, r0, m0, 'resq/M01/telemetry', ... (359 bytes))
1785215552: Sending PUBLISH to auto-458E2A0E-A54A-09C7-325B-4DCD32FF54A7 (d0, q0, r0, m0, 'resq/M01/telemetry', ... (359 bytes))
1785215552: Received PUBLISH from resq-firmware-sim-M01-ms471s3o (d0, q0, r0, m0, 'resq/M01/heartbeat', ... (221 bytes))
1785215552: Sending PUBLISH to hub-api-live-registry-1785215101795 (d0, q0, r0, m0, 'resq/M01/heartbeat', ... (221 bytes))
1785215552: Sending PUBLISH to auto-458E2A0E-A54A-09C7-325B-4DCD32FF54A7 (d0, q0, r0, m0, 'resq/M01/heartbeat', ... (221 bytes))
1785215552: Received PUBLISH from resq-firmware-sim-M01-ms471s3o (d0, q0, r0, m0, 'resq/M01/telemetry', ... (359 bytes))
1785215552: Sending PUBLISH to hub-api-live-registry-1785215101795 (d0, q0, r0, m0, 'resq/M01/telemetry', ... (359 bytes))
1785215552: Sending PUBLISH to auto-458E2A0E-A54A-09C7-325B-4DCD32FF54A7 (d0, q0, r0, m0, 'resq/M01/telemetry', ... (359 bytes))
1785215552: Received PUBLISH from resq-firmware-sim-M01-ms471s3o (d0, q0, r0, m0, 'resq/M01/telemetry', ... (358 bytes))
1785215552: Sending PUBLISH to hub-api-live-registry-1785215101795 (d0, q0, r0, m0, 'resq/M01/telemetry', ... (358 bytes))
1785215552: Sending PUBLISH to auto-458E2A0E-A54A-09C7-325B-4DCD32FF54A7 (d0, q0, r0, m0, 'resq/M01/telemetry', ... (358 bytes))
1785215553: Received PUBLISH from resq-firmware-sim-M01-ms471s3o (d0, q0, r0, m0, 'resq/M01/telemetry', ... (359 bytes))
1785215553: Sending PUBLISH to hub-api-live-registry-1785215101795 (d0, q0, r0, m0, 'resq/M01/telemetry', ... (359 bytes))
1785215553: Sending PUBLISH to auto-458E2A0E-A54A-09C7-325B-4DCD32FF54A7 (d0, q0, r0, m0, 'resq/M01/telemetry', ... (359 bytes))
1785215553: Received PUBLISH from resq-firmware-sim-M01-ms471s3o (d0, q0, r0, m0, 'resq/M01/telemetry', ... (359 bytes))
1785215553: Sending PUBLISH to hub-api-live-registry-1785215101795 (d0, q0, r0, m0, 'resq/M01/telemetry', ... (359 bytes))
1785215553: Sending PUBLISH to auto-458E2A0E-A54A-09C7-325B-4DCD32FF54A7 (d0, q0, r0, m0, 'resq/M01/telemetry', ... (359 bytes))
1785215553: Received PUBLISH from resq-firmware-sim-M01-ms471s3o (d0, q0, r0, m0, 'resq/M01/telemetry', ... (359 bytes))
1785215553: Sending PUBLISH to hub-api-live-registry-1785215101795 (d0, q0, r0, m0, 'resq/M01/telemetry', ... (359 bytes))
1785215553: Sending PUBLISH to auto-458E2A0E-A54A-09C7-325B-4DCD32FF54A7 (d0, q0, r0, m0, 'resq/M01/telemetry', ... (359 bytes))
1785215553: Received PUBLISH from resq-firmware-sim-M01-ms471s3o (d0, q0, r0, m0, 'resq/M01/heartbeat', ... (221 bytes))
1785215553: Sending PUBLISH to hub-api-live-registry-1785215101795 (d0, q0, r0, m0, 'resq/M01/heartbeat', ... (221 bytes))
1785215553: Sending PUBLISH to auto-458E2A0E-A54A-09C7-325B-4DCD32FF54A7 (d0, q0, r0, m0, 'resq/M01/heartbeat', ... (221 bytes))
1785215553: Received PUBLISH from resq-firmware-sim-M01-ms471s3o (d0, q0, r0, m0, 'resq/M01/telemetry', ... (360 bytes))
1785215553: Sending PUBLISH to hub-api-live-registry-1785215101795 (d0, q0, r0, m0, 'resq/M01/telemetry', ... (360 bytes))
1785215553: Sending PUBLISH to auto-458E2A0E-A54A-09C7-325B-4DCD32FF54A7 (d0, q0, r0, m0, 'resq/M01/telemetry', ... (360 bytes))
1785215553: Received PUBLISH from resq-firmware-sim-M01-ms471s3o (d0, q0, r0, m0, 'resq/M01/telemetry', ... (360 bytes))
1785215553: Sending PUBLISH to hub-api-live-registry-1785215101795 (d0, q0, r0, m0, 'resq/M01/telemetry', ... (360 bytes))
1785215553: Sending PUBLISH to auto-458E2A0E-A54A-09C7-325B-4DCD32FF54A7 (d0, q0, r0, m0, 'resq/M01/telemetry', ... (360 bytes))
1785215554: Received PUBLISH from resq-firmware-sim-M01-ms471s3o (d0, q0, r0, m0, 'resq/M01/telemetry', ... (360 bytes))
1785215554: Sending PUBLISH to hub-api-live-registry-1785215101795 (d0, q0, r0, m0, 'resq/M01/telemetry', ... (360 bytes))
1785215554: Sending PUBLISH to auto-458E2A0E-A54A-09C7-325B-4DCD32FF54A7 (d0, q0, r0, m0, 'resq/M01/telemetry', ... (360 bytes))
1785215554: Received PUBLISH from resq-firmware-sim-M01-ms471s3o (d0, q0, r0, m0, 'resq/M01/telemetry', ... (360 bytes))
1785215554: Sending PUBLISH to hub-api-live-registry-1785215101795 (d0, q0, r0, m0, 'resq/M01/telemetry', ... (360 bytes))
1785215554: Sending PUBLISH to auto-458E2A0E-A54A-09C7-325B-4DCD32FF54A7 (d0, q0, r0, m0, 'resq/M01/telemetry', ... (360 bytes))
1785215554: Received PUBLISH from resq-firmware-sim-M01-ms471s3o (d0, q0, r0, m0, 'resq/M01/telemetry', ... (359 bytes))
1785215554: Sending PUBLISH to hub-api-live-registry-1785215101795 (d0, q0, r0, m0, 'resq/M01/telemetry', ... (359 bytes))
1785215554: Sending PUBLISH to auto-458E2A0E-A54A-09C7-325B-4DCD32FF54A7 (d0, q0, r0, m0, 'resq/M01/telemetry', ... (359 bytes))
1785215554: Received PUBLISH from resq-firmware-sim-M01-ms471s3o (d0, q0, r0, m0, 'resq/M01/heartbeat', ... (221 bytes))
1785215554: Sending PUBLISH to hub-api-live-registry-1785215101795 (d0, q0, r0, m0, 'resq/M01/heartbeat', ... (221 bytes))
1785215554: Sending PUBLISH to auto-458E2A0E-A54A-09C7-325B-4DCD32FF54A7 (d0, q0, r0, m0, 'resq/M01/heartbeat', ... (221 bytes))
1785215554: Received PUBLISH from resq-firmware-sim-M01-ms471s3o (d0, q0, r0, m0, 'resq/M01/telemetry', ... (359 bytes))
1785215554: Sending PUBLISH to hub-api-live-registry-1785215101795 (d0, q0, r0, m0, 'resq/M01/telemetry', ... (359 bytes))
1785215554: Sending PUBLISH to auto-458E2A0E-A54A-09C7-325B-4DCD32FF54A7 (d0, q0, r0, m0, 'resq/M01/telemetry', ... (359 bytes))
1785215554: Received PUBLISH from resq-firmware-sim-M01-ms471s3o (d0, q0, r0, m0, 'resq/M01/telemetry', ... (359 bytes))
1785215554: Sending PUBLISH to hub-api-live-registry-1785215101795 (d0, q0, r0, m0, 'resq/M01/telemetry', ... (359 bytes))
1785215554: Sending PUBLISH to auto-458E2A0E-A54A-09C7-325B-4DCD32FF54A7 (d0, q0, r0, m0, 'resq/M01/telemetry', ... (359 bytes))
1785215555: Received PUBLISH from resq-firmware-sim-M01-ms471s3o (d0, q0, r0, m0, 'resq/M01/telemetry', ... (359 bytes))
1785215555: Sending PUBLISH to hub-api-live-registry-1785215101795 (d0, q0, r0, m0, 'resq/M01/telemetry', ... (359 bytes))
1785215555: Sending PUBLISH to auto-458E2A0E-A54A-09C7-325B-4DCD32FF54A7 (d0, q0, r0, m0, 'resq/M01/telemetry', ... (359 bytes))
1785215555: Received PUBLISH from resq-firmware-sim-M01-ms471s3o (d0, q0, r0, m0, 'resq/M01/telemetry', ... (358 bytes))
1785215555: Sending PUBLISH to hub-api-live-registry-1785215101795 (d0, q0, r0, m0, 'resq/M01/telemetry', ... (358 bytes))
1785215555: Sending PUBLISH to auto-458E2A0E-A54A-09C7-325B-4DCD32FF54A7 (d0, q0, r0, m0, 'resq/M01/telemetry', ... (358 bytes))
1785215555: Received PUBLISH from resq-firmware-sim-M01-ms471s3o (d0, q0, r0, m0, 'resq/M01/telemetry', ... (355 bytes))
1785215555: Sending PUBLISH to hub-api-live-registry-1785215101795 (d0, q0, r0, m0, 'resq/M01/telemetry', ... (355 bytes))
1785215555: Sending PUBLISH to auto-458E2A0E-A54A-09C7-325B-4DCD32FF54A7 (d0, q0, r0, m0, 'resq/M01/telemetry', ... (355 bytes))
1785215555: Received PUBLISH from resq-firmware-sim-M01-ms471s3o (d0, q0, r0, m0, 'resq/M01/heartbeat', ... (221 bytes))
1785215555: Sending PUBLISH to hub-api-live-registry-1785215101795 (d0, q0, r0, m0, 'resq/M01/heartbeat', ... (221 bytes))
1785215555: Sending PUBLISH to auto-458E2A0E-A54A-09C7-325B-4DCD32FF54A7 (d0, q0, r0, m0, 'resq/M01/heartbeat', ... (221 bytes))
1785215555: Received PUBLISH from resq-firmware-sim-M01-ms471s3o (d0, q0, r0, m0, 'resq/M01/telemetry', ... (360 bytes))
1785215555: Sending PUBLISH to hub-api-live-registry-1785215101795 (d0, q0, r0, m0, 'resq/M01/telemetry', ... (360 bytes))
1785215555: Sending PUBLISH to auto-458E2A0E-A54A-09C7-325B-4DCD32FF54A7 (d0, q0, r0, m0, 'resq/M01/telemetry', ... (360 bytes))
1785215555: Received PUBLISH from resq-firmware-sim-M01-ms471s3o (d0, q0, r0, m0, 'resq/M01/telemetry', ... (360 bytes))
1785215555: Sending PUBLISH to hub-api-live-registry-1785215101795 (d0, q0, r0, m0, 'resq/M01/telemetry', ... (360 bytes))
1785215555: Sending PUBLISH to auto-458E2A0E-A54A-09C7-325B-4DCD32FF54A7 (d0, q0, r0, m0, 'resq/M01/telemetry', ... (360 bytes))
1785215556: Received PUBLISH from resq-firmware-sim-M01-ms471s3o (d0, q0, r0, m0, 'resq/M01/telemetry', ... (360 bytes))
1785215556: Sending PUBLISH to hub-api-live-registry-1785215101795 (d0, q0, r0, m0, 'resq/M01/telemetry', ... (360 bytes))
1785215556: Sending PUBLISH to auto-458E2A0E-A54A-09C7-325B-4DCD32FF54A7 (d0, q0, r0, m0, 'resq/M01/telemetry', ... (360 bytes))
1785215556: Received PUBLISH from resq-firmware-sim-M01-ms471s3o (d0, q0, r0, m0, 'resq/M01/telemetry', ... (359 bytes))
1785215556: Sending PUBLISH to hub-api-live-registry-1785215101795 (d0, q0, r0, m0, 'resq/M01/telemetry', ... (359 bytes))
1785215556: Sending PUBLISH to auto-458E2A0E-A54A-09C7-325B-4DCD32FF54A7 (d0, q0, r0, m0, 'resq/M01/telemetry', ... (359 bytes))
1785215556: Received PUBLISH from resq-firmware-sim-M01-ms471s3o (d0, q0, r0, m0, 'resq/M01/telemetry', ... (359 bytes))
1785215556: Sending PUBLISH to hub-api-live-registry-1785215101795 (d0, q0, r0, m0, 'resq/M01/telemetry', ... (359 bytes))
1785215556: Sending PUBLISH to auto-458E2A0E-A54A-09C7-325B-4DCD32FF54A7 (d0, q0, r0, m0, 'resq/M01/telemetry', ... (359 bytes))
1785215556: Received PUBLISH from resq-firmware-sim-M01-ms471s3o (d0, q0, r0, m0, 'resq/M01/heartbeat', ... (221 bytes))
1785215556: Sending PUBLISH to hub-api-live-registry-1785215101795 (d0, q0, r0, m0, 'resq/M01/heartbeat', ... (221 bytes))
1785215556: Sending PUBLISH to auto-458E2A0E-A54A-09C7-325B-4DCD32FF54A7 (d0, q0, r0, m0, 'resq/M01/heartbeat', ... (221 bytes))
1785215556: Received PUBLISH from resq-firmware-sim-M01-ms471s3o (d0, q0, r0, m0, 'resq/M01/telemetry', ... (359 bytes))
1785215556: Sending PUBLISH to hub-api-live-registry-1785215101795 (d0, q0, r0, m0, 'resq/M01/telemetry', ... (359 bytes))
1785215556: Sending PUBLISH to auto-458E2A0E-A54A-09C7-325B-4DCD32FF54A7 (d0, q0, r0, m0, 'resq/M01/telemetry', ... (359 bytes))
1785215557: Received PUBLISH from resq-firmware-sim-M01-ms471s3o (d0, q0, r0, m0, 'resq/M01/telemetry', ... (359 bytes))
1785215557: Sending PUBLISH to hub-api-live-registry-1785215101795 (d0, q0, r0, m0, 'resq/M01/telemetry', ... (359 bytes))
1785215557: Sending PUBLISH to auto-458E2A0E-A54A-09C7-325B-4DCD32FF54A7 (d0, q0, r0, m0, 'resq/M01/telemetry', ... (359 bytes))
1785215557: Received PUBLISH from resq-firmware-sim-M01-ms471s3o (d0, q0, r0, m0, 'resq/M01/telemetry', ... (359 bytes))
1785215557: Sending PUBLISH to hub-api-live-registry-1785215101795 (d0, q0, r0, m0, 'resq/M01/telemetry', ... (359 bytes))
1785215557: Sending PUBLISH to auto-458E2A0E-A54A-09C7-325B-4DCD32FF54A7 (d0, q0, r0, m0, 'resq/M01/telemetry', ... (359 bytes))
1785215557: Received PUBLISH from resq-firmware-sim-M01-ms471s3o (d0, q0, r0, m0, 'resq/M01/telemetry', ... (358 bytes))
1785215557: Sending PUBLISH to hub-api-live-registry-1785215101795 (d0, q0, r0, m0, 'resq/M01/telemetry', ... (358 bytes))
1785215557: Sending PUBLISH to auto-458E2A0E-A54A-09C7-325B-4DCD32FF54A7 (d0, q0, r0, m0, 'resq/M01/telemetry', ... (358 bytes))
1785215557: Received PUBLISH from resq-firmware-sim-M01-ms471s3o (d0, q0, r0, m0, 'resq/M01/telemetry', ... (360 bytes))
1785215557: Sending PUBLISH to hub-api-live-registry-1785215101795 (d0, q0, r0, m0, 'resq/M01/telemetry', ... (360 bytes))
1785215557: Sending PUBLISH to auto-458E2A0E-A54A-09C7-325B-4DCD32FF54A7 (d0, q0, r0, m0, 'resq/M01/telemetry', ... (360 bytes))
1785215557: Received PUBLISH from resq-firmware-sim-M01-ms471s3o (d0, q0, r0, m0, 'resq/M01/heartbeat', ... (221 bytes))
1785215557: Sending PUBLISH to hub-api-live-registry-1785215101795 (d0, q0, r0, m0, 'resq/M01/heartbeat', ... (221 bytes))
1785215557: Sending PUBLISH to auto-458E2A0E-A54A-09C7-325B-4DCD32FF54A7 (d0, q0, r0, m0, 'resq/M01/heartbeat', ... (221 bytes))
1785215557: Received PUBLISH from resq-firmware-sim-M01-ms471s3o (d0, q0, r0, m0, 'resq/M01/telemetry', ... (359 bytes))
1785215557: Sending PUBLISH to hub-api-live-registry-1785215101795 (d0, q0, r0, m0, 'resq/M01/telemetry', ... (359 bytes))
1785215557: Sending PUBLISH to auto-458E2A0E-A54A-09C7-325B-4DCD32FF54A7 (d0, q0, r0, m0, 'resq/M01/telemetry', ... (359 bytes))
1785215558: Received PUBLISH from resq-firmware-sim-M01-ms471s3o (d0, q0, r0, m0, 'resq/M01/telemetry', ... (360 bytes))
1785215558: Sending PUBLISH to hub-api-live-registry-1785215101795 (d0, q0, r0, m0, 'resq/M01/telemetry', ... (360 bytes))
1785215558: Sending PUBLISH to auto-458E2A0E-A54A-09C7-325B-4DCD32FF54A7 (d0, q0, r0, m0, 'resq/M01/telemetry', ... (360 bytes))
1785215558: Received PUBLISH from resq-firmware-sim-M01-ms471s3o (d0, q0, r0, m0, 'resq/M01/telemetry', ... (360 bytes))
1785215558: Sending PUBLISH to hub-api-live-registry-1785215101795 (d0, q0, r0, m0, 'resq/M01/telemetry', ... (360 bytes))
1785215558: Sending PUBLISH to auto-458E2A0E-A54A-09C7-325B-4DCD32FF54A7 (d0, q0, r0, m0, 'resq/M01/telemetry', ... (360 bytes))
1785215558: Received PUBLISH from resq-firmware-sim-M01-ms471s3o (d0, q0, r0, m0, 'resq/M01/telemetry', ... (358 bytes))
1785215558: Sending PUBLISH to hub-api-live-registry-1785215101795 (d0, q0, r0, m0, 'resq/M01/telemetry', ... (358 bytes))
1785215558: Sending PUBLISH to auto-458E2A0E-A54A-09C7-325B-4DCD32FF54A7 (d0, q0, r0, m0, 'resq/M01/telemetry', ... (358 bytes))
1785215558: Received PUBLISH from resq-firmware-sim-M01-ms471s3o (d0, q0, r0, m0, 'resq/M01/telemetry', ... (358 bytes))
1785215558: Sending PUBLISH to hub-api-live-registry-1785215101795 (d0, q0, r0, m0, 'resq/M01/telemetry', ... (358 bytes))
1785215558: Sending PUBLISH to auto-458E2A0E-A54A-09C7-325B-4DCD32FF54A7 (d0, q0, r0, m0, 'resq/M01/telemetry', ... (358 bytes))
1785215558: Received PUBLISH from resq-firmware-sim-M01-ms471s3o (d0, q0, r0, m0, 'resq/M01/heartbeat', ... (221 bytes))
1785215558: Sending PUBLISH to hub-api-live-registry-1785215101795 (d0, q0, r0, m0, 'resq/M01/heartbeat', ... (221 bytes))
1785215558: Sending PUBLISH to auto-458E2A0E-A54A-09C7-325B-4DCD32FF54A7 (d0, q0, r0, m0, 'resq/M01/heartbeat', ... (221 bytes))
1785215558: Received PUBLISH from resq-firmware-sim-M01-ms471s3o (d0, q0, r0, m0, 'resq/M01/telemetry', ... (359 bytes))
1785215558: Sending PUBLISH to hub-api-live-registry-1785215101795 (d0, q0, r0, m0, 'resq/M01/telemetry', ... (359 bytes))
1785215558: Sending PUBLISH to auto-458E2A0E-A54A-09C7-325B-4DCD32FF54A7 (d0, q0, r0, m0, 'resq/M01/telemetry', ... (359 bytes))
1785215559: Received PUBLISH from resq-firmware-sim-M01-ms471s3o (d0, q0, r0, m0, 'resq/M01/telemetry', ... (359 bytes))
1785215559: Sending PUBLISH to hub-api-live-registry-1785215101795 (d0, q0, r0, m0, 'resq/M01/telemetry', ... (359 bytes))
1785215559: Sending PUBLISH to auto-458E2A0E-A54A-09C7-325B-4DCD32FF54A7 (d0, q0, r0, m0, 'resq/M01/telemetry', ... (359 bytes))
1785215559: Received PUBLISH from resq-firmware-sim-M01-ms471s3o (d0, q0, r0, m0, 'resq/M01/telemetry', ... (358 bytes))
1785215559: Sending PUBLISH to hub-api-live-registry-1785215101795 (d0, q0, r0, m0, 'resq/M01/telemetry', ... (358 bytes))
1785215559: Sending PUBLISH to auto-458E2A0E-A54A-09C7-325B-4DCD32FF54A7 (d0, q0, r0, m0, 'resq/M01/telemetry', ... (358 bytes))
1785215559: Received PUBLISH from resq-firmware-sim-M01-ms471s3o (d0, q0, r0, m0, 'resq/M01/telemetry', ... (357 bytes))
1785215559: Sending PUBLISH to hub-api-live-registry-1785215101795 (d0, q0, r0, m0, 'resq/M01/telemetry', ... (357 bytes))
1785215559: Sending PUBLISH to auto-458E2A0E-A54A-09C7-325B-4DCD32FF54A7 (d0, q0, r0, m0, 'resq/M01/telemetry', ... (357 bytes))
1785215559: Received PUBLISH from resq-firmware-sim-M01-ms471s3o (d0, q0, r0, m0, 'resq/M01/heartbeat', ... (221 bytes))
1785215559: Sending PUBLISH to hub-api-live-registry-1785215101795 (d0, q0, r0, m0, 'resq/M01/heartbeat', ... (221 bytes))
1785215559: Sending PUBLISH to auto-458E2A0E-A54A-09C7-325B-4DCD32FF54A7 (d0, q0, r0, m0, 'resq/M01/heartbeat', ... (221 bytes))
1785215559: Received PUBLISH from resq-firmware-sim-M01-ms471s3o (d0, q0, r0, m0, 'resq/M01/telemetry', ... (359 bytes))
1785215559: Sending PUBLISH to hub-api-live-registry-1785215101795 (d0, q0, r0, m0, 'resq/M01/telemetry', ... (359 bytes))
1785215559: Sending PUBLISH to auto-458E2A0E-A54A-09C7-325B-4DCD32FF54A7 (d0, q0, r0, m0, 'resq/M01/telemetry', ... (359 bytes))
1785215559: Received PUBLISH from resq-firmware-sim-M01-ms471s3o (d0, q0, r0, m0, 'resq/M01/telemetry', ... (360 bytes))
1785215559: Sending PUBLISH to hub-api-live-registry-1785215101795 (d0, q0, r0, m0, 'resq/M01/telemetry', ... (360 bytes))
1785215559: Sending PUBLISH to auto-458E2A0E-A54A-09C7-325B-4DCD32FF54A7 (d0, q0, r0, m0, 'resq/M01/telemetry', ... (360 bytes))
1785215560: Received PUBLISH from resq-firmware-sim-M01-ms471s3o (d0, q0, r0, m0, 'resq/M01/telemetry', ... (360 bytes))
1785215560: Sending PUBLISH to hub-api-live-registry-1785215101795 (d0, q0, r0, m0, 'resq/M01/telemetry', ... (360 bytes))
1785215560: Sending PUBLISH to auto-458E2A0E-A54A-09C7-325B-4DCD32FF54A7 (d0, q0, r0, m0, 'resq/M01/telemetry', ... (360 bytes))
1785215560: Received PUBLISH from resq-firmware-sim-M01-ms471s3o (d0, q0, r0, m0, 'resq/M01/telemetry', ... (359 bytes))
1785215560: Sending PUBLISH to hub-api-live-registry-1785215101795 (d0, q0, r0, m0, 'resq/M01/telemetry', ... (359 bytes))
1785215560: Sending PUBLISH to auto-458E2A0E-A54A-09C7-325B-4DCD32FF54A7 (d0, q0, r0, m0, 'resq/M01/telemetry', ... (359 bytes))
1785215560: Received PUBLISH from resq-firmware-sim-M01-ms471s3o (d0, q0, r0, m0, 'resq/M01/telemetry', ... (359 bytes))
1785215560: Sending PUBLISH to hub-api-live-registry-1785215101795 (d0, q0, r0, m0, 'resq/M01/telemetry', ... (359 bytes))
1785215560: Sending PUBLISH to auto-458E2A0E-A54A-09C7-325B-4DCD32FF54A7 (d0, q0, r0, m0, 'resq/M01/telemetry', ... (359 bytes))
1785215560: Received PUBLISH from resq-firmware-sim-M01-ms471s3o (d0, q0, r0, m0, 'resq/M01/heartbeat', ... (221 bytes))
1785215560: Sending PUBLISH to hub-api-live-registry-1785215101795 (d0, q0, r0, m0, 'resq/M01/heartbeat', ... (221 bytes))
1785215560: Sending PUBLISH to auto-458E2A0E-A54A-09C7-325B-4DCD32FF54A7 (d0, q0, r0, m0, 'resq/M01/heartbeat', ... (221 bytes))
1785215560: Received PUBLISH from resq-firmware-sim-M01-ms471s3o (d0, q0, r0, m0, 'resq/M01/telemetry', ... (357 bytes))
1785215560: Sending PUBLISH to hub-api-live-registry-1785215101795 (d0, q0, r0, m0, 'resq/M01/telemetry', ... (357 bytes))
1785215560: Sending PUBLISH to auto-458E2A0E-A54A-09C7-325B-4DCD32FF54A7 (d0, q0, r0, m0, 'resq/M01/telemetry', ... (357 bytes))
1785215560: Received PUBLISH from resq-firmware-sim-M01-ms471s3o (d0, q0, r0, m0, 'resq/M01/telemetry', ... (359 bytes))
1785215560: Sending PUBLISH to hub-api-live-registry-1785215101795 (d0, q0, r0, m0, 'resq/M01/telemetry', ... (359 bytes))
1785215560: Sending PUBLISH to auto-458E2A0E-A54A-09C7-325B-4DCD32FF54A7 (d0, q0, r0, m0, 'resq/M01/telemetry', ... (359 bytes))
1785215561: Received PUBLISH from resq-firmware-sim-M01-ms471s3o (d0, q0, r0, m0, 'resq/M01/telemetry', ... (358 bytes))
1785215561: Sending PUBLISH to hub-api-live-registry-1785215101795 (d0, q0, r0, m0, 'resq/M01/telemetry', ... (358 bytes))
1785215561: Sending PUBLISH to auto-458E2A0E-A54A-09C7-325B-4DCD32FF54A7 (d0, q0, r0, m0, 'resq/M01/telemetry', ... (358 bytes))
1785215561: Received PUBLISH from resq-firmware-sim-M01-ms471s3o (d0, q0, r0, m0, 'resq/M01/telemetry', ... (358 bytes))
1785215561: Sending PUBLISH to hub-api-live-registry-1785215101795 (d0, q0, r0, m0, 'resq/M01/telemetry', ... (358 bytes))
1785215561: Sending PUBLISH to auto-458E2A0E-A54A-09C7-325B-4DCD32FF54A7 (d0, q0, r0, m0, 'resq/M01/telemetry', ... (358 bytes))
1785215561: Received PUBLISH from resq-firmware-sim-M01-ms471s3o (d0, q0, r0, m0, 'resq/M01/telemetry', ... (360 bytes))
1785215561: Sending PUBLISH to hub-api-live-registry-1785215101795 (d0, q0, r0, m0, 'resq/M01/telemetry', ... (360 bytes))
1785215561: Sending PUBLISH to auto-458E2A0E-A54A-09C7-325B-4DCD32FF54A7 (d0, q0, r0, m0, 'resq/M01/telemetry', ... (360 bytes))
1785215561: Received PUBLISH from resq-firmware-sim-M01-ms471s3o (d0, q0, r0, m0, 'resq/M01/heartbeat', ... (221 bytes))
1785215561: Sending PUBLISH to hub-api-live-registry-1785215101795 (d0, q0, r0, m0, 'resq/M01/heartbeat', ... (221 bytes))
1785215561: Sending PUBLISH to auto-458E2A0E-A54A-09C7-325B-4DCD32FF54A7 (d0, q0, r0, m0, 'resq/M01/heartbeat', ... (221 bytes))
1785215561: Received PUBLISH from resq-firmware-sim-M01-ms471s3o (d0, q0, r0, m0, 'resq/M01/telemetry', ... (360 bytes))
1785215561: Sending PUBLISH to hub-api-live-registry-1785215101795 (d0, q0, r0, m0, 'resq/M01/telemetry', ... (360 bytes))
1785215561: Sending PUBLISH to auto-458E2A0E-A54A-09C7-325B-4DCD32FF54A7 (d0, q0, r0, m0, 'resq/M01/telemetry', ... (360 bytes))
1785215561: Received PUBLISH from resq-firmware-sim-M01-ms471s3o (d0, q0, r0, m0, 'resq/M01/telemetry', ... (359 bytes))
1785215561: Sending PUBLISH to hub-api-live-registry-1785215101795 (d0, q0, r0, m0, 'resq/M01/telemetry', ... (359 bytes))
1785215561: Sending PUBLISH to auto-458E2A0E-A54A-09C7-325B-4DCD32FF54A7 (d0, q0, r0, m0, 'resq/M01/telemetry', ... (359 bytes))
1785215562: Received PUBLISH from resq-firmware-sim-M01-ms471s3o (d0, q0, r0, m0, 'resq/M01/telemetry', ... (360 bytes))
1785215562: Sending PUBLISH to hub-api-live-registry-1785215101795 (d0, q0, r0, m0, 'resq/M01/telemetry', ... (360 bytes))
1785215562: Sending PUBLISH to auto-458E2A0E-A54A-09C7-325B-4DCD32FF54A7 (d0, q0, r0, m0, 'resq/M01/telemetry', ... (360 bytes))
1785215562: Received PUBLISH from resq-firmware-sim-M01-ms471s3o (d0, q0, r0, m0, 'resq/M01/telemetry', ... (359 bytes))
1785215562: Sending PUBLISH to hub-api-live-registry-1785215101795 (d0, q0, r0, m0, 'resq/M01/telemetry', ... (359 bytes))
1785215562: Sending PUBLISH to auto-458E2A0E-A54A-09C7-325B-4DCD32FF54A7 (d0, q0, r0, m0, 'resq/M01/telemetry', ... (359 bytes))
1785215562: Received PUBLISH from resq-firmware-sim-M01-ms471s3o (d0, q0, r0, m0, 'resq/M01/telemetry', ... (358 bytes))
1785215562: Sending PUBLISH to hub-api-live-registry-1785215101795 (d0, q0, r0, m0, 'resq/M01/telemetry', ... (358 bytes))
1785215562: Sending PUBLISH to auto-458E2A0E-A54A-09C7-325B-4DCD32FF54A7 (d0, q0, r0, m0, 'resq/M01/telemetry', ... (358 bytes))
1785215562: Received PUBLISH from resq-firmware-sim-M01-ms471s3o (d0, q0, r0, m0, 'resq/M01/heartbeat', ... (221 bytes))
1785215562: Sending PUBLISH to hub-api-live-registry-1785215101795 (d0, q0, r0, m0, 'resq/M01/heartbeat', ... (221 bytes))
1785215562: Sending PUBLISH to auto-458E2A0E-A54A-09C7-325B-4DCD32FF54A7 (d0, q0, r0, m0, 'resq/M01/heartbeat', ... (221 bytes))
1785215562: Received PUBLISH from resq-firmware-sim-M01-ms471s3o (d0, q0, r0, m0, 'resq/M01/telemetry', ... (359 bytes))
1785215562: Sending PUBLISH to hub-api-live-registry-1785215101795 (d0, q0, r0, m0, 'resq/M01/telemetry', ... (359 bytes))
1785215562: Sending PUBLISH to auto-458E2A0E-A54A-09C7-325B-4DCD32FF54A7 (d0, q0, r0, m0, 'resq/M01/telemetry', ... (359 bytes))
1785215563: Received PUBLISH from resq-firmware-sim-M01-ms471s3o (d0, q0, r0, m0, 'resq/M01/telemetry', ... (358 bytes))
1785215563: Sending PUBLISH to hub-api-live-registry-1785215101795 (d0, q0, r0, m0, 'resq/M01/telemetry', ... (358 bytes))
1785215563: Sending PUBLISH to auto-458E2A0E-A54A-09C7-325B-4DCD32FF54A7 (d0, q0, r0, m0, 'resq/M01/telemetry', ... (358 bytes))
1785215563: Received PUBLISH from resq-firmware-sim-M01-ms471s3o (d0, q0, r0, m0, 'resq/M01/telemetry', ... (358 bytes))
1785215563: Sending PUBLISH to hub-api-live-registry-1785215101795 (d0, q0, r0, m0, 'resq/M01/telemetry', ... (358 bytes))
1785215563: Sending PUBLISH to auto-458E2A0E-A54A-09C7-325B-4DCD32FF54A7 (d0, q0, r0, m0, 'resq/M01/telemetry', ... (358 bytes))
1785215563: Received PUBLISH from resq-firmware-sim-M01-ms471s3o (d0, q0, r0, m0, 'resq/M01/telemetry', ... (359 bytes))
1785215563: Sending PUBLISH to hub-api-live-registry-1785215101795 (d0, q0, r0, m0, 'resq/M01/telemetry', ... (359 bytes))
1785215563: Sending PUBLISH to auto-458E2A0E-A54A-09C7-325B-4DCD32FF54A7 (d0, q0, r0, m0, 'resq/M01/telemetry', ... (359 bytes))
1785215563: Received PUBLISH from resq-firmware-sim-M01-ms471s3o (d0, q0, r0, m0, 'resq/M01/telemetry', ... (360 bytes))
1785215563: Sending PUBLISH to hub-api-live-registry-1785215101795 (d0, q0, r0, m0, 'resq/M01/telemetry', ... (360 bytes))
1785215563: Sending PUBLISH to auto-458E2A0E-A54A-09C7-325B-4DCD32FF54A7 (d0, q0, r0, m0, 'resq/M01/telemetry', ... (360 bytes))
1785215563: Received PUBLISH from resq-firmware-sim-M01-ms471s3o (d0, q0, r0, m0, 'resq/M01/heartbeat', ... (221 bytes))
1785215563: Sending PUBLISH to hub-api-live-registry-1785215101795 (d0, q0, r0, m0, 'resq/M01/heartbeat', ... (221 bytes))
1785215563: Sending PUBLISH to auto-458E2A0E-A54A-09C7-325B-4DCD32FF54A7 (d0, q0, r0, m0, 'resq/M01/heartbeat', ... (221 bytes))
1785215563: Received PUBLISH from resq-firmware-sim-M01-ms471s3o (d0, q0, r0, m0, 'resq/M01/telemetry', ... (360 bytes))
1785215563: Sending PUBLISH to hub-api-live-registry-1785215101795 (d0, q0, r0, m0, 'resq/M01/telemetry', ... (360 bytes))
1785215563: Sending PUBLISH to auto-458E2A0E-A54A-09C7-325B-4DCD32FF54A7 (d0, q0, r0, m0, 'resq/M01/telemetry', ... (360 bytes))
1785215564: Received PUBLISH from resq-firmware-sim-M01-ms471s3o (d0, q0, r0, m0, 'resq/M01/telemetry', ... (360 bytes))
1785215564: Sending PUBLISH to hub-api-live-registry-1785215101795 (d0, q0, r0, m0, 'resq/M01/telemetry', ... (360 bytes))
1785215564: Sending PUBLISH to auto-458E2A0E-A54A-09C7-325B-4DCD32FF54A7 (d0, q0, r0, m0, 'resq/M01/telemetry', ... (360 bytes))
1785215564: Received PUBLISH from resq-firmware-sim-M01-ms471s3o (d0, q0, r0, m0, 'resq/M01/telemetry', ... (359 bytes))
1785215564: Sending PUBLISH to hub-api-live-registry-1785215101795 (d0, q0, r0, m0, 'resq/M01/telemetry', ... (359 bytes))
1785215564: Sending PUBLISH to auto-458E2A0E-A54A-09C7-325B-4DCD32FF54A7 (d0, q0, r0, m0, 'resq/M01/telemetry', ... (359 bytes))
1785215564: Received PUBLISH from resq-firmware-sim-M01-ms471s3o (d0, q0, r0, m0, 'resq/M01/telemetry', ... (359 bytes))
1785215564: Sending PUBLISH to hub-api-live-registry-1785215101795 (d0, q0, r0, m0, 'resq/M01/telemetry', ... (359 bytes))
1785215564: Sending PUBLISH to auto-458E2A0E-A54A-09C7-325B-4DCD32FF54A7 (d0, q0, r0, m0, 'resq/M01/telemetry', ... (359 bytes))
1785215564: Received PUBLISH from resq-firmware-sim-M01-ms471s3o (d0, q0, r0, m0, 'resq/M01/telemetry', ... (359 bytes))
1785215564: Sending PUBLISH to hub-api-live-registry-1785215101795 (d0, q0, r0, m0, 'resq/M01/telemetry', ... (359 bytes))
1785215564: Sending PUBLISH to auto-458E2A0E-A54A-09C7-325B-4DCD32FF54A7 (d0, q0, r0, m0, 'resq/M01/telemetry', ... (359 bytes))
1785215564: Received PUBLISH from resq-firmware-sim-M01-ms471s3o (d0, q0, r0, m0, 'resq/M01/heartbeat', ... (221 bytes))
1785215564: Sending PUBLISH to hub-api-live-registry-1785215101795 (d0, q0, r0, m0, 'resq/M01/heartbeat', ... (221 bytes))
1785215564: Sending PUBLISH to auto-458E2A0E-A54A-09C7-325B-4DCD32FF54A7 (d0, q0, r0, m0, 'resq/M01/heartbeat', ... (221 bytes))
1785215564: Received PUBLISH from resq-firmware-sim-M01-ms471s3o (d0, q0, r0, m0, 'resq/M01/telemetry', ... (359 bytes))
1785215564: Sending PUBLISH to hub-api-live-registry-1785215101795 (d0, q0, r0, m0, 'resq/M01/telemetry', ... (359 bytes))
1785215564: Sending PUBLISH to auto-458E2A0E-A54A-09C7-325B-4DCD32FF54A7 (d0, q0, r0, m0, 'resq/M01/telemetry', ... (359 bytes))
1785215565: Received PUBLISH from resq-firmware-sim-M01-ms471s3o (d0, q0, r0, m0, 'resq/M01/telemetry', ... (359 bytes))
1785215565: Sending PUBLISH to hub-api-live-registry-1785215101795 (d0, q0, r0, m0, 'resq/M01/telemetry', ... (359 bytes))
1785215565: Sending PUBLISH to auto-458E2A0E-A54A-09C7-325B-4DCD32FF54A7 (d0, q0, r0, m0, 'resq/M01/telemetry', ... (359 bytes))
1785215565: Received PUBLISH from resq-firmware-sim-M01-ms471s3o (d0, q0, r0, m0, 'resq/M01/telemetry', ... (359 bytes))
1785215565: Sending PUBLISH to hub-api-live-registry-1785215101795 (d0, q0, r0, m0, 'resq/M01/telemetry', ... (359 bytes))
1785215565: Sending PUBLISH to auto-458E2A0E-A54A-09C7-325B-4DCD32FF54A7 (d0, q0, r0, m0, 'resq/M01/telemetry', ... (359 bytes))
1785215565: Received PUBLISH from resq-firmware-sim-M01-ms471s3o (d0, q0, r0, m0, 'resq/M01/telemetry', ... (360 bytes))
1785215565: Sending PUBLISH to hub-api-live-registry-1785215101795 (d0, q0, r0, m0, 'resq/M01/telemetry', ... (360 bytes))
1785215565: Sending PUBLISH to auto-458E2A0E-A54A-09C7-325B-4DCD32FF54A7 (d0, q0, r0, m0, 'resq/M01/telemetry', ... (360 bytes))
1785215565: Received PUBLISH from resq-firmware-sim-M01-ms471s3o (d0, q0, r0, m0, 'resq/M01/telemetry', ... (360 bytes))
1785215565: Sending PUBLISH to hub-api-live-registry-1785215101795 (d0, q0, r0, m0, 'resq/M01/telemetry', ... (360 bytes))
1785215565: Sending PUBLISH to auto-458E2A0E-A54A-09C7-325B-4DCD32FF54A7 (d0, q0, r0, m0, 'resq/M01/telemetry', ... (360 bytes))
1785215565: Received PUBLISH from resq-firmware-sim-M01-ms471s3o (d0, q0, r0, m0, 'resq/M01/heartbeat', ... (221 bytes))
1785215565: Sending PUBLISH to hub-api-live-registry-1785215101795 (d0, q0, r0, m0, 'resq/M01/heartbeat', ... (221 bytes))
1785215565: Sending PUBLISH to auto-458E2A0E-A54A-09C7-325B-4DCD32FF54A7 (d0, q0, r0, m0, 'resq/M01/heartbeat', ... (221 bytes))
1785215565: Received PUBLISH from resq-firmware-sim-M01-ms471s3o (d0, q0, r0, m0, 'resq/M01/telemetry', ... (360 bytes))
1785215565: Sending PUBLISH to hub-api-live-registry-1785215101795 (d0, q0, r0, m0, 'resq/M01/telemetry', ... (360 bytes))
1785215565: Sending PUBLISH to auto-458E2A0E-A54A-09C7-325B-4DCD32FF54A7 (d0, q0, r0, m0, 'resq/M01/telemetry', ... (360 bytes))
1785215566: Received PUBLISH from resq-firmware-sim-M01-ms471s3o (d0, q0, r0, m0, 'resq/M01/telemetry', ... (358 bytes))
1785215566: Sending PUBLISH to hub-api-live-registry-1785215101795 (d0, q0, r0, m0, 'resq/M01/telemetry', ... (358 bytes))
1785215566: Sending PUBLISH to auto-458E2A0E-A54A-09C7-325B-4DCD32FF54A7 (d0, q0, r0, m0, 'resq/M01/telemetry', ... (358 bytes))
1785215566: Received PUBLISH from resq-firmware-sim-M01-ms471s3o (d0, q0, r0, m0, 'resq/M01/telemetry', ... (359 bytes))
1785215566: Sending PUBLISH to hub-api-live-registry-1785215101795 (d0, q0, r0, m0, 'resq/M01/telemetry', ... (359 bytes))
1785215566: Sending PUBLISH to auto-458E2A0E-A54A-09C7-325B-4DCD32FF54A7 (d0, q0, r0, m0, 'resq/M01/telemetry', ... (359 bytes))
1785215566: Received PUBLISH from resq-firmware-sim-M01-ms471s3o (d0, q0, r0, m0, 'resq/M01/telemetry', ... (359 bytes))
1785215566: Sending PUBLISH to hub-api-live-registry-1785215101795 (d0, q0, r0, m0, 'resq/M01/telemetry', ... (359 bytes))
1785215566: Sending PUBLISH to auto-458E2A0E-A54A-09C7-325B-4DCD32FF54A7 (d0, q0, r0, m0, 'resq/M01/telemetry', ... (359 bytes))
1785215566: Received PUBLISH from resq-firmware-sim-M01-ms471s3o (d0, q0, r0, m0, 'resq/M01/heartbeat', ... (221 bytes))
1785215566: Sending PUBLISH to hub-api-live-registry-1785215101795 (d0, q0, r0, m0, 'resq/M01/heartbeat', ... (221 bytes))
1785215566: Sending PUBLISH to auto-458E2A0E-A54A-09C7-325B-4DCD32FF54A7 (d0, q0, r0, m0, 'resq/M01/heartbeat', ... (221 bytes))
1785215566: Received PUBLISH from resq-firmware-sim-M01-ms471s3o (d0, q0, r0, m0, 'resq/M01/telemetry', ... (357 bytes))
1785215566: Sending PUBLISH to hub-api-live-registry-1785215101795 (d0, q0, r0, m0, 'resq/M01/telemetry', ... (357 bytes))
1785215566: Sending PUBLISH to auto-458E2A0E-A54A-09C7-325B-4DCD32FF54A7 (d0, q0, r0, m0, 'resq/M01/telemetry', ... (357 bytes))
1785215566: Received PUBLISH from resq-firmware-sim-M01-ms471s3o (d0, q0, r0, m0, 'resq/M01/telemetry', ... (358 bytes))
1785215566: Sending PUBLISH to hub-api-live-registry-1785215101795 (d0, q0, r0, m0, 'resq/M01/telemetry', ... (358 bytes))
1785215566: Sending PUBLISH to auto-458E2A0E-A54A-09C7-325B-4DCD32FF54A7 (d0, q0, r0, m0, 'resq/M01/telemetry', ... (358 bytes))
1785215567: Received PUBLISH from resq-firmware-sim-M01-ms471s3o (d0, q0, r0, m0, 'resq/M01/telemetry', ... (359 bytes))
1785215567: Sending PUBLISH to hub-api-live-registry-1785215101795 (d0, q0, r0, m0, 'resq/M01/telemetry', ... (359 bytes))
1785215567: Sending PUBLISH to auto-458E2A0E-A54A-09C7-325B-4DCD32FF54A7 (d0, q0, r0, m0, 'resq/M01/telemetry', ... (359 bytes))
1785215567: Received PUBLISH from resq-firmware-sim-M01-ms471s3o (d0, q0, r0, m0, 'resq/M01/telemetry', ... (360 bytes))
1785215567: Sending PUBLISH to hub-api-live-registry-1785215101795 (d0, q0, r0, m0, 'resq/M01/telemetry', ... (360 bytes))
1785215567: Sending PUBLISH to auto-458E2A0E-A54A-09C7-325B-4DCD32FF54A7 (d0, q0, r0, m0, 'resq/M01/telemetry', ... (360 bytes))
1785215567: Received PUBLISH from resq-firmware-sim-M01-ms471s3o (d0, q0, r0, m0, 'resq/M01/telemetry', ... (358 bytes))
1785215567: Sending PUBLISH to hub-api-live-registry-1785215101795 (d0, q0, r0, m0, 'resq/M01/telemetry', ... (358 bytes))
1785215567: Sending PUBLISH to auto-458E2A0E-A54A-09C7-325B-4DCD32FF54A7 (d0, q0, r0, m0, 'resq/M01/telemetry', ... (358 bytes))
1785215567: Received PUBLISH from resq-firmware-sim-M01-ms471s3o (d0, q0, r0, m0, 'resq/M01/heartbeat', ... (221 bytes))
1785215567: Sending PUBLISH to hub-api-live-registry-1785215101795 (d0, q0, r0, m0, 'resq/M01/heartbeat', ... (221 bytes))
1785215567: Sending PUBLISH to auto-458E2A0E-A54A-09C7-325B-4DCD32FF54A7 (d0, q0, r0, m0, 'resq/M01/heartbeat', ... (221 bytes))
1785215567: Received PUBLISH from resq-firmware-sim-M01-ms471s3o (d0, q0, r0, m0, 'resq/M01/telemetry', ... (360 bytes))
1785215567: Sending PUBLISH to hub-api-live-registry-1785215101795 (d0, q0, r0, m0, 'resq/M01/telemetry', ... (360 bytes))
1785215567: Sending PUBLISH to auto-458E2A0E-A54A-09C7-325B-4DCD32FF54A7 (d0, q0, r0, m0, 'resq/M01/telemetry', ... (360 bytes))
1785215567: Received PUBLISH from resq-firmware-sim-M01-ms471s3o (d0, q0, r0, m0, 'resq/M01/telemetry', ... (359 bytes))
1785215567: Sending PUBLISH to hub-api-live-registry-1785215101795 (d0, q0, r0, m0, 'resq/M01/telemetry', ... (359 bytes))
1785215567: Sending PUBLISH to auto-458E2A0E-A54A-09C7-325B-4DCD32FF54A7 (d0, q0, r0, m0, 'resq/M01/telemetry', ... (359 bytes))
1785215568: Received PUBLISH from resq-firmware-sim-M01-ms471s3o (d0, q0, r0, m0, 'resq/M01/telemetry', ... (359 bytes))
1785215568: Sending PUBLISH to hub-api-live-registry-1785215101795 (d0, q0, r0, m0, 'resq/M01/telemetry', ... (359 bytes))
1785215568: Sending PUBLISH to auto-458E2A0E-A54A-09C7-325B-4DCD32FF54A7 (d0, q0, r0, m0, 'resq/M01/telemetry', ... (359 bytes))
1785215568: Received PUBLISH from resq-firmware-sim-M01-ms471s3o (d0, q0, r0, m0, 'resq/M01/telemetry', ... (359 bytes))
1785215568: Sending PUBLISH to hub-api-live-registry-1785215101795 (d0, q0, r0, m0, 'resq/M01/telemetry', ... (359 bytes))
1785215568: Sending PUBLISH to auto-458E2A0E-A54A-09C7-325B-4DCD32FF54A7 (d0, q0, r0, m0, 'resq/M01/telemetry', ... (359 bytes))
1785215568: Received PUBLISH from resq-firmware-sim-M01-ms471s3o (d0, q0, r0, m0, 'resq/M01/telemetry', ... (359 bytes))
1785215568: Sending PUBLISH to hub-api-live-registry-1785215101795 (d0, q0, r0, m0, 'resq/M01/telemetry', ... (359 bytes))
1785215568: Sending PUBLISH to auto-458E2A0E-A54A-09C7-325B-4DCD32FF54A7 (d0, q0, r0, m0, 'resq/M01/telemetry', ... (359 bytes))
1785215568: Received PUBLISH from resq-firmware-sim-M01-ms471s3o (d0, q0, r0, m0, 'resq/M01/heartbeat', ... (221 bytes))
1785215568: Sending PUBLISH to hub-api-live-registry-1785215101795 (d0, q0, r0, m0, 'resq/M01/heartbeat', ... (221 bytes))
1785215568: Sending PUBLISH to auto-458E2A0E-A54A-09C7-325B-4DCD32FF54A7 (d0, q0, r0, m0, 'resq/M01/heartbeat', ... (221 bytes))
1785215568: Received PUBLISH from resq-firmware-sim-M01-ms471s3o (d0, q0, r0, m0, 'resq/M01/telemetry', ... (359 bytes))
1785215568: Sending PUBLISH to hub-api-live-registry-1785215101795 (d0, q0, r0, m0, 'resq/M01/telemetry', ... (359 bytes))
1785215568: Sending PUBLISH to auto-458E2A0E-A54A-09C7-325B-4DCD32FF54A7 (d0, q0, r0, m0, 'resq/M01/telemetry', ... (359 bytes))
1785215569: Received PUBLISH from resq-firmware-sim-M01-ms471s3o (d0, q0, r0, m0, 'resq/M01/telemetry', ... (358 bytes))
1785215569: Sending PUBLISH to hub-api-live-registry-1785215101795 (d0, q0, r0, m0, 'resq/M01/telemetry', ... (358 bytes))
1785215569: Sending PUBLISH to auto-458E2A0E-A54A-09C7-325B-4DCD32FF54A7 (d0, q0, r0, m0, 'resq/M01/telemetry', ... (358 bytes))
1785215569: Received PUBLISH from resq-firmware-sim-M01-ms471s3o (d0, q0, r0, m0, 'resq/M01/telemetry', ... (359 bytes))
1785215569: Sending PUBLISH to hub-api-live-registry-1785215101795 (d0, q0, r0, m0, 'resq/M01/telemetry', ... (359 bytes))
1785215569: Sending PUBLISH to auto-458E2A0E-A54A-09C7-325B-4DCD32FF54A7 (d0, q0, r0, m0, 'resq/M01/telemetry', ... (359 bytes))
1785215569: Received PUBLISH from resq-firmware-sim-M01-ms471s3o (d0, q0, r0, m0, 'resq/M01/telemetry', ... (359 bytes))
1785215569: Sending PUBLISH to hub-api-live-registry-1785215101795 (d0, q0, r0, m0, 'resq/M01/telemetry', ... (359 bytes))
1785215569: Sending PUBLISH to auto-458E2A0E-A54A-09C7-325B-4DCD32FF54A7 (d0, q0, r0, m0, 'resq/M01/telemetry', ... (359 bytes))
1785215569: Received PUBLISH from resq-firmware-sim-M01-ms471s3o (d0, q0, r0, m0, 'resq/M01/telemetry', ... (360 bytes))
1785215569: Sending PUBLISH to hub-api-live-registry-1785215101795 (d0, q0, r0, m0, 'resq/M01/telemetry', ... (360 bytes))
1785215569: Sending PUBLISH to auto-458E2A0E-A54A-09C7-325B-4DCD32FF54A7 (d0, q0, r0, m0, 'resq/M01/telemetry', ... (360 bytes))
1785215569: Received PUBLISH from resq-firmware-sim-M01-ms471s3o (d0, q0, r0, m0, 'resq/M01/heartbeat', ... (221 bytes))
1785215569: Sending PUBLISH to hub-api-live-registry-1785215101795 (d0, q0, r0, m0, 'resq/M01/heartbeat', ... (221 bytes))
1785215569: Sending PUBLISH to auto-458E2A0E-A54A-09C7-325B-4DCD32FF54A7 (d0, q0, r0, m0, 'resq/M01/heartbeat', ... (221 bytes))
1785215569: Received PUBLISH from resq-firmware-sim-M01-ms471s3o (d0, q0, r0, m0, 'resq/M01/telemetry', ... (359 bytes))
1785215569: Sending PUBLISH to hub-api-live-registry-1785215101795 (d0, q0, r0, m0, 'resq/M01/telemetry', ... (359 bytes))
1785215569: Sending PUBLISH to auto-458E2A0E-A54A-09C7-325B-4DCD32FF54A7 (d0, q0, r0, m0, 'resq/M01/telemetry', ... (359 bytes))
1785215570: Received PUBLISH from resq-firmware-sim-M01-ms471s3o (d0, q0, r0, m0, 'resq/M01/telemetry', ... (359 bytes))
1785215570: Sending PUBLISH to hub-api-live-registry-1785215101795 (d0, q0, r0, m0, 'resq/M01/telemetry', ... (359 bytes))
1785215570: Sending PUBLISH to auto-458E2A0E-A54A-09C7-325B-4DCD32FF54A7 (d0, q0, r0, m0, 'resq/M01/telemetry', ... (359 bytes))
1785215570: Received PUBLISH from resq-firmware-sim-M01-ms471s3o (d0, q0, r0, m0, 'resq/M01/telemetry', ... (359 bytes))
1785215570: Sending PUBLISH to hub-api-live-registry-1785215101795 (d0, q0, r0, m0, 'resq/M01/telemetry', ... (359 bytes))
1785215570: Sending PUBLISH to auto-458E2A0E-A54A-09C7-325B-4DCD32FF54A7 (d0, q0, r0, m0, 'resq/M01/telemetry', ... (359 bytes))
1785215570: Received PUBLISH from resq-firmware-sim-M01-ms471s3o (d0, q0, r0, m0, 'resq/M01/telemetry', ... (358 bytes))
1785215570: Sending PUBLISH to hub-api-live-registry-1785215101795 (d0, q0, r0, m0, 'resq/M01/telemetry', ... (358 bytes))
1785215570: Sending PUBLISH to auto-458E2A0E-A54A-09C7-325B-4DCD32FF54A7 (d0, q0, r0, m0, 'resq/M01/telemetry', ... (358 bytes))
1785215570: Received PUBLISH from resq-firmware-sim-M01-ms471s3o (d0, q0, r0, m0, 'resq/M01/telemetry', ... (359 bytes))
1785215570: Sending PUBLISH to hub-api-live-registry-1785215101795 (d0, q0, r0, m0, 'resq/M01/telemetry', ... (359 bytes))
1785215570: Sending PUBLISH to auto-458E2A0E-A54A-09C7-325B-4DCD32FF54A7 (d0, q0, r0, m0, 'resq/M01/telemetry', ... (359 bytes))
1785215570: Received PUBLISH from resq-firmware-sim-M01-ms471s3o (d0, q0, r0, m0, 'resq/M01/heartbeat', ... (221 bytes))
1785215570: Sending PUBLISH to hub-api-live-registry-1785215101795 (d0, q0, r0, m0, 'resq/M01/heartbeat', ... (221 bytes))
1785215570: Sending PUBLISH to auto-458E2A0E-A54A-09C7-325B-4DCD32FF54A7 (d0, q0, r0, m0, 'resq/M01/heartbeat', ... (221 bytes))
1785215570: Received PUBLISH from resq-firmware-sim-M01-ms471s3o (d0, q0, r0, m0, 'resq/M01/telemetry', ... (359 bytes))
1785215570: Sending PUBLISH to hub-api-live-registry-1785215101795 (d0, q0, r0, m0, 'resq/M01/telemetry', ... (359 bytes))
1785215570: Sending PUBLISH to auto-458E2A0E-A54A-09C7-325B-4DCD32FF54A7 (d0, q0, r0, m0, 'resq/M01/telemetry', ... (359 bytes))
1785215571: Received PUBLISH from resq-firmware-sim-M01-ms471s3o (d0, q0, r0, m0, 'resq/M01/telemetry', ... (359 bytes))
1785215571: Sending PUBLISH to hub-api-live-registry-1785215101795 (d0, q0, r0, m0, 'resq/M01/telemetry', ... (359 bytes))
1785215571: Sending PUBLISH to auto-458E2A0E-A54A-09C7-325B-4DCD32FF54A7 (d0, q0, r0, m0, 'resq/M01/telemetry', ... (359 bytes))
1785215571: Received PUBLISH from resq-firmware-sim-M01-ms471s3o (d0, q0, r0, m0, 'resq/M01/telemetry', ... (359 bytes))
1785215571: Sending PUBLISH to hub-api-live-registry-1785215101795 (d0, q0, r0, m0, 'resq/M01/telemetry', ... (359 bytes))
1785215571: Sending PUBLISH to auto-458E2A0E-A54A-09C7-325B-4DCD32FF54A7 (d0, q0, r0, m0, 'resq/M01/telemetry', ... (359 bytes))
1785215571: Received PUBLISH from resq-firmware-sim-M01-ms471s3o (d0, q0, r0, m0, 'resq/M01/telemetry', ... (360 bytes))
1785215571: Sending PUBLISH to hub-api-live-registry-1785215101795 (d0, q0, r0, m0, 'resq/M01/telemetry', ... (360 bytes))
1785215571: Sending PUBLISH to auto-458E2A0E-A54A-09C7-325B-4DCD32FF54A7 (d0, q0, r0, m0, 'resq/M01/telemetry', ... (360 bytes))
1785215571: Received PUBLISH from resq-firmware-sim-M01-ms471s3o (d0, q0, r0, m0, 'resq/M01/telemetry', ... (360 bytes))
1785215571: Sending PUBLISH to hub-api-live-registry-1785215101795 (d0, q0, r0, m0, 'resq/M01/telemetry', ... (360 bytes))
1785215571: Sending PUBLISH to auto-458E2A0E-A54A-09C7-325B-4DCD32FF54A7 (d0, q0, r0, m0, 'resq/M01/telemetry', ... (360 bytes))
1785215571: Received PUBLISH from resq-firmware-sim-M01-ms471s3o (d0, q0, r0, m0, 'resq/M01/heartbeat', ... (221 bytes))
1785215571: Sending PUBLISH to hub-api-live-registry-1785215101795 (d0, q0, r0, m0, 'resq/M01/heartbeat', ... (221 bytes))
1785215571: Sending PUBLISH to auto-458E2A0E-A54A-09C7-325B-4DCD32FF54A7 (d0, q0, r0, m0, 'resq/M01/heartbeat', ... (221 bytes))
1785215571: Received PUBLISH from resq-firmware-sim-M01-ms471s3o (d0, q0, r0, m0, 'resq/M01/telemetry', ... (359 bytes))
1785215571: Sending PUBLISH to hub-api-live-registry-1785215101795 (d0, q0, r0, m0, 'resq/M01/telemetry', ... (359 bytes))
1785215571: Sending PUBLISH to auto-458E2A0E-A54A-09C7-325B-4DCD32FF54A7 (d0, q0, r0, m0, 'resq/M01/telemetry', ... (359 bytes))
1785215572: Received PUBLISH from resq-firmware-sim-M01-ms471s3o (d0, q0, r0, m0, 'resq/M01/telemetry', ... (359 bytes))
1785215572: Sending PUBLISH to hub-api-live-registry-1785215101795 (d0, q0, r0, m0, 'resq/M01/telemetry', ... (359 bytes))
1785215572: Sending PUBLISH to auto-458E2A0E-A54A-09C7-325B-4DCD32FF54A7 (d0, q0, r0, m0, 'resq/M01/telemetry', ... (359 bytes))
1785215572: Received PUBLISH from resq-firmware-sim-M01-ms471s3o (d0, q0, r0, m0, 'resq/M01/telemetry', ... (359 bytes))
1785215572: Sending PUBLISH to hub-api-live-registry-1785215101795 (d0, q0, r0, m0, 'resq/M01/telemetry', ... (359 bytes))
1785215572: Sending PUBLISH to auto-458E2A0E-A54A-09C7-325B-4DCD32FF54A7 (d0, q0, r0, m0, 'resq/M01/telemetry', ... (359 bytes))
1785215572: Received PUBLISH from resq-firmware-sim-M01-ms471s3o (d0, q0, r0, m0, 'resq/M01/telemetry', ... (359 bytes))
1785215572: Sending PUBLISH to hub-api-live-registry-1785215101795 (d0, q0, r0, m0, 'resq/M01/telemetry', ... (359 bytes))
1785215572: Sending PUBLISH to auto-458E2A0E-A54A-09C7-325B-4DCD32FF54A7 (d0, q0, r0, m0, 'resq/M01/telemetry', ... (359 bytes))
1785215572: Received PUBLISH from resq-firmware-sim-M01-ms471s3o (d0, q0, r0, m0, 'resq/M01/telemetry', ... (359 bytes))
1785215572: Sending PUBLISH to hub-api-live-registry-1785215101795 (d0, q0, r0, m0, 'resq/M01/telemetry', ... (359 bytes))
1785215572: Sending PUBLISH to auto-458E2A0E-A54A-09C7-325B-4DCD32FF54A7 (d0, q0, r0, m0, 'resq/M01/telemetry', ... (359 bytes))
1785215572: Received PUBLISH from resq-firmware-sim-M01-ms471s3o (d0, q0, r0, m0, 'resq/M01/heartbeat', ... (221 bytes))
1785215572: Sending PUBLISH to hub-api-live-registry-1785215101795 (d0, q0, r0, m0, 'resq/M01/heartbeat', ... (221 bytes))
1785215572: Sending PUBLISH to auto-458E2A0E-A54A-09C7-325B-4DCD32FF54A7 (d0, q0, r0, m0, 'resq/M01/heartbeat', ... (221 bytes))
1785215572: Received PUBLISH from resq-firmware-sim-M01-ms471s3o (d0, q0, r0, m0, 'resq/M01/telemetry', ... (359 bytes))
1785215572: Sending PUBLISH to hub-api-live-registry-1785215101795 (d0, q0, r0, m0, 'resq/M01/telemetry', ... (359 bytes))
1785215572: Sending PUBLISH to auto-458E2A0E-A54A-09C7-325B-4DCD32FF54A7 (d0, q0, r0, m0, 'resq/M01/telemetry', ... (359 bytes))
1785215573: Received PUBLISH from resq-firmware-sim-M01-ms471s3o (d0, q0, r0, m0, 'resq/M01/telemetry', ... (359 bytes))
1785215573: Sending PUBLISH to hub-api-live-registry-1785215101795 (d0, q0, r0, m0, 'resq/M01/telemetry', ... (359 bytes))
1785215573: Sending PUBLISH to auto-458E2A0E-A54A-09C7-325B-4DCD32FF54A7 (d0, q0, r0, m0, 'resq/M01/telemetry', ... (359 bytes))
1785215573: Received PUBLISH from resq-firmware-sim-M01-ms471s3o (d0, q0, r0, m0, 'resq/M01/telemetry', ... (360 bytes))
1785215573: Sending PUBLISH to hub-api-live-registry-1785215101795 (d0, q0, r0, m0, 'resq/M01/telemetry', ... (360 bytes))
1785215573: Sending PUBLISH to auto-458E2A0E-A54A-09C7-325B-4DCD32FF54A7 (d0, q0, r0, m0, 'resq/M01/telemetry', ... (360 bytes))
1785215573: Received PUBLISH from resq-firmware-sim-M01-ms471s3o (d0, q0, r0, m0, 'resq/M01/telemetry', ... (359 bytes))
1785215573: Sending PUBLISH to hub-api-live-registry-1785215101795 (d0, q0, r0, m0, 'resq/M01/telemetry', ... (359 bytes))
1785215573: Sending PUBLISH to auto-458E2A0E-A54A-09C7-325B-4DCD32FF54A7 (d0, q0, r0, m0, 'resq/M01/telemetry', ... (359 bytes))
1785215573: Received PUBLISH from resq-firmware-sim-M01-ms471s3o (d0, q0, r0, m0, 'resq/M01/telemetry', ... (359 bytes))
1785215573: Sending PUBLISH to hub-api-live-registry-1785215101795 (d0, q0, r0, m0, 'resq/M01/telemetry', ... (359 bytes))
1785215573: Sending PUBLISH to auto-458E2A0E-A54A-09C7-325B-4DCD32FF54A7 (d0, q0, r0, m0, 'resq/M01/telemetry', ... (359 bytes))
1785215573: Received PUBLISH from resq-firmware-sim-M01-ms471s3o (d0, q0, r0, m0, 'resq/M01/heartbeat', ... (221 bytes))
1785215573: Sending PUBLISH to hub-api-live-registry-1785215101795 (d0, q0, r0, m0, 'resq/M01/heartbeat', ... (221 bytes))
1785215573: Sending PUBLISH to auto-458E2A0E-A54A-09C7-325B-4DCD32FF54A7 (d0, q0, r0, m0, 'resq/M01/heartbeat', ... (221 bytes))
1785215573: Received PUBLISH from resq-firmware-sim-M01-ms471s3o (d0, q0, r0, m0, 'resq/M01/telemetry', ... (359 bytes))
1785215573: Sending PUBLISH to hub-api-live-registry-1785215101795 (d0, q0, r0, m0, 'resq/M01/telemetry', ... (359 bytes))
1785215573: Sending PUBLISH to auto-458E2A0E-A54A-09C7-325B-4DCD32FF54A7 (d0, q0, r0, m0, 'resq/M01/telemetry', ... (359 bytes))
1785215574: Received PUBLISH from resq-firmware-sim-M01-ms471s3o (d0, q0, r0, m0, 'resq/M01/telemetry', ... (359 bytes))
1785215574: Sending PUBLISH to hub-api-live-registry-1785215101795 (d0, q0, r0, m0, 'resq/M01/telemetry', ... (359 bytes))
1785215574: Sending PUBLISH to auto-458E2A0E-A54A-09C7-325B-4DCD32FF54A7 (d0, q0, r0, m0, 'resq/M01/telemetry', ... (359 bytes))
1785215574: Received PUBLISH from resq-firmware-sim-M01-ms471s3o (d0, q0, r0, m0, 'resq/M01/telemetry', ... (359 bytes))
1785215574: Sending PUBLISH to hub-api-live-registry-1785215101795 (d0, q0, r0, m0, 'resq/M01/telemetry', ... (359 bytes))
1785215574: Sending PUBLISH to auto-458E2A0E-A54A-09C7-325B-4DCD32FF54A7 (d0, q0, r0, m0, 'resq/M01/telemetry', ... (359 bytes))
1785215574: Received PUBLISH from resq-firmware-sim-M01-ms471s3o (d0, q0, r0, m0, 'resq/M01/telemetry', ... (359 bytes))
1785215574: Sending PUBLISH to hub-api-live-registry-1785215101795 (d0, q0, r0, m0, 'resq/M01/telemetry', ... (359 bytes))
1785215574: Sending PUBLISH to auto-458E2A0E-A54A-09C7-325B-4DCD32FF54A7 (d0, q0, r0, m0, 'resq/M01/telemetry', ... (359 bytes))
1785215574: Received PUBLISH from resq-firmware-sim-M01-ms471s3o (d0, q0, r0, m0, 'resq/M01/telemetry', ... (358 bytes))
1785215574: Sending PUBLISH to hub-api-live-registry-1785215101795 (d0, q0, r0, m0, 'resq/M01/telemetry', ... (358 bytes))
1785215574: Sending PUBLISH to auto-458E2A0E-A54A-09C7-325B-4DCD32FF54A7 (d0, q0, r0, m0, 'resq/M01/telemetry', ... (358 bytes))
1785215574: Received PUBLISH from resq-firmware-sim-M01-ms471s3o (d0, q0, r0, m0, 'resq/M01/heartbeat', ... (221 bytes))
1785215574: Sending PUBLISH to hub-api-live-registry-1785215101795 (d0, q0, r0, m0, 'resq/M01/heartbeat', ... (221 bytes))
1785215574: Sending PUBLISH to auto-458E2A0E-A54A-09C7-325B-4DCD32FF54A7 (d0, q0, r0, m0, 'resq/M01/heartbeat', ... (221 bytes))
1785215575: Received PUBLISH from resq-firmware-sim-M01-ms471s3o (d0, q0, r0, m0, 'resq/M01/telemetry', ... (358 bytes))
1785215575: Sending PUBLISH to hub-api-live-registry-1785215101795 (d0, q0, r0, m0, 'resq/M01/telemetry', ... (358 bytes))
1785215575: Sending PUBLISH to auto-458E2A0E-A54A-09C7-325B-4DCD32FF54A7 (d0, q0, r0, m0, 'resq/M01/telemetry', ... (358 bytes))
1785215575: Received PUBLISH from resq-firmware-sim-M01-ms471s3o (d0, q0, r0, m0, 'resq/M01/telemetry', ... (360 bytes))
1785215575: Sending PUBLISH to hub-api-live-registry-1785215101795 (d0, q0, r0, m0, 'resq/M01/telemetry', ... (360 bytes))
1785215575: Sending PUBLISH to auto-458E2A0E-A54A-09C7-325B-4DCD32FF54A7 (d0, q0, r0, m0, 'resq/M01/telemetry', ... (360 bytes))
1785215575: Received PUBLISH from resq-firmware-sim-M01-ms471s3o (d0, q0, r0, m0, 'resq/M01/telemetry', ... (359 bytes))
1785215575: Sending PUBLISH to hub-api-live-registry-1785215101795 (d0, q0, r0, m0, 'resq/M01/telemetry', ... (359 bytes))
1785215575: Sending PUBLISH to auto-458E2A0E-A54A-09C7-325B-4DCD32FF54A7 (d0, q0, r0, m0, 'resq/M01/telemetry', ... (359 bytes))
1785215575: Received PUBLISH from resq-firmware-sim-M01-ms471s3o (d0, q0, r0, m0, 'resq/M01/telemetry', ... (360 bytes))
1785215575: Sending PUBLISH to hub-api-live-registry-1785215101795 (d0, q0, r0, m0, 'resq/M01/telemetry', ... (360 bytes))
1785215575: Sending PUBLISH to auto-458E2A0E-A54A-09C7-325B-4DCD32FF54A7 (d0, q0, r0, m0, 'resq/M01/telemetry', ... (360 bytes))
1785215575: Received PUBLISH from resq-firmware-sim-M01-ms471s3o (d0, q0, r0, m0, 'resq/M01/heartbeat', ... (221 bytes))
1785215575: Sending PUBLISH to hub-api-live-registry-1785215101795 (d0, q0, r0, m0, 'resq/M01/heartbeat', ... (221 bytes))
1785215575: Sending PUBLISH to auto-458E2A0E-A54A-09C7-325B-4DCD32FF54A7 (d0, q0, r0, m0, 'resq/M01/heartbeat', ... (221 bytes))
1785215575: Received PUBLISH from resq-firmware-sim-M01-ms471s3o (d0, q0, r0, m0, 'resq/M01/telemetry', ... (359 bytes))
1785215575: Sending PUBLISH to hub-api-live-registry-1785215101795 (d0, q0, r0, m0, 'resq/M01/telemetry', ... (359 bytes))
1785215575: Sending PUBLISH to auto-458E2A0E-A54A-09C7-325B-4DCD32FF54A7 (d0, q0, r0, m0, 'resq/M01/telemetry', ... (359 bytes))
1785215576: Received PUBLISH from resq-firmware-sim-M01-ms471s3o (d0, q0, r0, m0, 'resq/M01/telemetry', ... (359 bytes))
1785215576: Sending PUBLISH to hub-api-live-registry-1785215101795 (d0, q0, r0, m0, 'resq/M01/telemetry', ... (359 bytes))
1785215576: Sending PUBLISH to auto-458E2A0E-A54A-09C7-325B-4DCD32FF54A7 (d0, q0, r0, m0, 'resq/M01/telemetry', ... (359 bytes))
1785215576: Received PUBLISH from resq-firmware-sim-M01-ms471s3o (d0, q0, r0, m0, 'resq/M01/telemetry', ... (359 bytes))
1785215576: Sending PUBLISH to hub-api-live-registry-1785215101795 (d0, q0, r0, m0, 'resq/M01/telemetry', ... (359 bytes))
1785215576: Sending PUBLISH to auto-458E2A0E-A54A-09C7-325B-4DCD32FF54A7 (d0, q0, r0, m0, 'resq/M01/telemetry', ... (359 bytes))
1785215576: Received PUBLISH from resq-firmware-sim-M01-ms471s3o (d0, q0, r0, m0, 'resq/M01/telemetry', ... (359 bytes))
1785215576: Sending PUBLISH to hub-api-live-registry-1785215101795 (d0, q0, r0, m0, 'resq/M01/telemetry', ... (359 bytes))
1785215576: Sending PUBLISH to auto-458E2A0E-A54A-09C7-325B-4DCD32FF54A7 (d0, q0, r0, m0, 'resq/M01/telemetry', ... (359 bytes))
1785215576: Received PUBLISH from resq-firmware-sim-M01-ms471s3o (d0, q0, r0, m0, 'resq/M01/telemetry', ... (359 bytes))
1785215576: Sending PUBLISH to hub-api-live-registry-1785215101795 (d0, q0, r0, m0, 'resq/M01/telemetry', ... (359 bytes))
1785215576: Sending PUBLISH to auto-458E2A0E-A54A-09C7-325B-4DCD32FF54A7 (d0, q0, r0, m0, 'resq/M01/telemetry', ... (359 bytes))
1785215576: Received PUBLISH from resq-firmware-sim-M01-ms471s3o (d0, q0, r0, m0, 'resq/M01/heartbeat', ... (221 bytes))
1785215576: Sending PUBLISH to hub-api-live-registry-1785215101795 (d0, q0, r0, m0, 'resq/M01/heartbeat', ... (221 bytes))
1785215576: Sending PUBLISH to auto-458E2A0E-A54A-09C7-325B-4DCD32FF54A7 (d0, q0, r0, m0, 'resq/M01/heartbeat', ... (221 bytes))
1785215576: Received PUBLISH from resq-firmware-sim-M01-ms471s3o (d0, q0, r0, m0, 'resq/M01/telemetry', ... (359 bytes))
1785215576: Sending PUBLISH to hub-api-live-registry-1785215101795 (d0, q0, r0, m0, 'resq/M01/telemetry', ... (359 bytes))
1785215576: Sending PUBLISH to auto-458E2A0E-A54A-09C7-325B-4DCD32FF54A7 (d0, q0, r0, m0, 'resq/M01/telemetry', ... (359 bytes))
1785215577: Received PUBLISH from resq-firmware-sim-M01-ms471s3o (d0, q0, r0, m0, 'resq/M01/telemetry', ... (359 bytes))
1785215577: Sending PUBLISH to hub-api-live-registry-1785215101795 (d0, q0, r0, m0, 'resq/M01/telemetry', ... (359 bytes))
1785215577: Sending PUBLISH to auto-458E2A0E-A54A-09C7-325B-4DCD32FF54A7 (d0, q0, r0, m0, 'resq/M01/telemetry', ... (359 bytes))
1785215577: Received PUBLISH from resq-firmware-sim-M01-ms471s3o (d0, q0, r0, m0, 'resq/M01/telemetry', ... (360 bytes))
1785215577: Sending PUBLISH to hub-api-live-registry-1785215101795 (d0, q0, r0, m0, 'resq/M01/telemetry', ... (360 bytes))
1785215577: Sending PUBLISH to auto-458E2A0E-A54A-09C7-325B-4DCD32FF54A7 (d0, q0, r0, m0, 'resq/M01/telemetry', ... (360 bytes))
1785215577: Received PUBLISH from resq-firmware-sim-M01-ms471s3o (d0, q0, r0, m0, 'resq/M01/telemetry', ... (360 bytes))
1785215577: Sending PUBLISH to hub-api-live-registry-1785215101795 (d0, q0, r0, m0, 'resq/M01/telemetry', ... (360 bytes))
1785215577: Sending PUBLISH to auto-458E2A0E-A54A-09C7-325B-4DCD32FF54A7 (d0, q0, r0, m0, 'resq/M01/telemetry', ... (360 bytes))
1785215577: Received PUBLISH from resq-firmware-sim-M01-ms471s3o (d0, q0, r0, m0, 'resq/M01/telemetry', ... (360 bytes))
1785215577: Sending PUBLISH to hub-api-live-registry-1785215101795 (d0, q0, r0, m0, 'resq/M01/telemetry', ... (360 bytes))
1785215577: Sending PUBLISH to auto-458E2A0E-A54A-09C7-325B-4DCD32FF54A7 (d0, q0, r0, m0, 'resq/M01/telemetry', ... (360 bytes))
1785215577: Received PUBLISH from resq-firmware-sim-M01-ms471s3o (d0, q0, r0, m0, 'resq/M01/heartbeat', ... (221 bytes))
1785215577: Sending PUBLISH to hub-api-live-registry-1785215101795 (d0, q0, r0, m0, 'resq/M01/heartbeat', ... (221 bytes))
1785215577: Sending PUBLISH to auto-458E2A0E-A54A-09C7-325B-4DCD32FF54A7 (d0, q0, r0, m0, 'resq/M01/heartbeat', ... (221 bytes))
1785215577: Received PUBLISH from resq-firmware-sim-M01-ms471s3o (d0, q0, r0, m0, 'resq/M01/telemetry', ... (359 bytes))
1785215577: Sending PUBLISH to hub-api-live-registry-1785215101795 (d0, q0, r0, m0, 'resq/M01/telemetry', ... (359 bytes))
1785215577: Sending PUBLISH to auto-458E2A0E-A54A-09C7-325B-4DCD32FF54A7 (d0, q0, r0, m0, 'resq/M01/telemetry', ... (359 bytes))
1785215578: Received PUBLISH from resq-firmware-sim-M01-ms471s3o (d0, q0, r0, m0, 'resq/M01/telemetry', ... (359 bytes))
1785215578: Sending PUBLISH to hub-api-live-registry-1785215101795 (d0, q0, r0, m0, 'resq/M01/telemetry', ... (359 bytes))
1785215578: Sending PUBLISH to auto-458E2A0E-A54A-09C7-325B-4DCD32FF54A7 (d0, q0, r0, m0, 'resq/M01/telemetry', ... (359 bytes))
1785215578: Received PUBLISH from resq-firmware-sim-M01-ms471s3o (d0, q0, r0, m0, 'resq/M01/telemetry', ... (359 bytes))
1785215578: Sending PUBLISH to hub-api-live-registry-1785215101795 (d0, q0, r0, m0, 'resq/M01/telemetry', ... (359 bytes))
1785215578: Sending PUBLISH to auto-458E2A0E-A54A-09C7-325B-4DCD32FF54A7 (d0, q0, r0, m0, 'resq/M01/telemetry', ... (359 bytes))
1785215578: Received PUBLISH from resq-firmware-sim-M01-ms471s3o (d0, q0, r0, m0, 'resq/M01/telemetry', ... (359 bytes))
1785215578: Sending PUBLISH to hub-api-live-registry-1785215101795 (d0, q0, r0, m0, 'resq/M01/telemetry', ... (359 bytes))
1785215578: Sending PUBLISH to auto-458E2A0E-A54A-09C7-325B-4DCD32FF54A7 (d0, q0, r0, m0, 'resq/M01/telemetry', ... (359 bytes))
1785215578: Received PUBLISH from resq-firmware-sim-M01-ms471s3o (d0, q0, r0, m0, 'resq/M01/telemetry', ... (359 bytes))
1785215578: Sending PUBLISH to hub-api-live-registry-1785215101795 (d0, q0, r0, m0, 'resq/M01/telemetry', ... (359 bytes))
1785215578: Sending PUBLISH to auto-458E2A0E-A54A-09C7-325B-4DCD32FF54A7 (d0, q0, r0, m0, 'resq/M01/telemetry', ... (359 bytes))
1785215578: Received PUBLISH from resq-firmware-sim-M01-ms471s3o (d0, q0, r0, m0, 'resq/M01/heartbeat', ... (221 bytes))
1785215578: Sending PUBLISH to hub-api-live-registry-1785215101795 (d0, q0, r0, m0, 'resq/M01/heartbeat', ... (221 bytes))
1785215578: Sending PUBLISH to auto-458E2A0E-A54A-09C7-325B-4DCD32FF54A7 (d0, q0, r0, m0, 'resq/M01/heartbeat', ... (221 bytes))
1785215579: Received PUBLISH from resq-firmware-sim-M01-ms471s3o (d0, q0, r0, m0, 'resq/M01/telemetry', ... (359 bytes))
1785215579: Sending PUBLISH to hub-api-live-registry-1785215101795 (d0, q0, r0, m0, 'resq/M01/telemetry', ... (359 bytes))
1785215579: Sending PUBLISH to auto-458E2A0E-A54A-09C7-325B-4DCD32FF54A7 (d0, q0, r0, m0, 'resq/M01/telemetry', ... (359 bytes))
1785215579: Received PUBLISH from resq-firmware-sim-M01-ms471s3o (d0, q0, r0, m0, 'resq/M01/telemetry', ... (360 bytes))
1785215579: Sending PUBLISH to hub-api-live-registry-1785215101795 (d0, q0, r0, m0, 'resq/M01/telemetry', ... (360 bytes))
1785215579: Sending PUBLISH to auto-458E2A0E-A54A-09C7-325B-4DCD32FF54A7 (d0, q0, r0, m0, 'resq/M01/telemetry', ... (360 bytes))
1785215579: Received PUBLISH from resq-firmware-sim-M01-ms471s3o (d0, q0, r0, m0, 'resq/M01/telemetry', ... (359 bytes))
1785215579: Sending PUBLISH to hub-api-live-registry-1785215101795 (d0, q0, r0, m0, 'resq/M01/telemetry', ... (359 bytes))
1785215579: Sending PUBLISH to auto-458E2A0E-A54A-09C7-325B-4DCD32FF54A7 (d0, q0, r0, m0, 'resq/M01/telemetry', ... (359 bytes))
1785215579: Received PUBLISH from resq-firmware-sim-M01-ms471s3o (d0, q0, r0, m0, 'resq/M01/telemetry', ... (360 bytes))
1785215579: Sending PUBLISH to hub-api-live-registry-1785215101795 (d0, q0, r0, m0, 'resq/M01/telemetry', ... (360 bytes))
1785215579: Sending PUBLISH to auto-458E2A0E-A54A-09C7-325B-4DCD32FF54A7 (d0, q0, r0, m0, 'resq/M01/telemetry', ... (360 bytes))
1785215579: Received PUBLISH from resq-firmware-sim-M01-ms471s3o (d0, q0, r0, m0, 'resq/M01/telemetry', ... (359 bytes))
1785215579: Sending PUBLISH to hub-api-live-registry-1785215101795 (d0, q0, r0, m0, 'resq/M01/telemetry', ... (359 bytes))
1785215579: Sending PUBLISH to auto-458E2A0E-A54A-09C7-325B-4DCD32FF54A7 (d0, q0, r0, m0, 'resq/M01/telemetry', ... (359 bytes))
1785215579: Received PUBLISH from resq-firmware-sim-M01-ms471s3o (d0, q0, r0, m0, 'resq/M01/heartbeat', ... (221 bytes))
1785215579: Sending PUBLISH to hub-api-live-registry-1785215101795 (d0, q0, r0, m0, 'resq/M01/heartbeat', ... (221 bytes))
1785215579: Sending PUBLISH to auto-458E2A0E-A54A-09C7-325B-4DCD32FF54A7 (d0, q0, r0, m0, 'resq/M01/heartbeat', ... (221 bytes))
1785215580: Received PUBLISH from resq-firmware-sim-M01-ms471s3o (d0, q0, r0, m0, 'resq/M01/telemetry', ... (359 bytes))
1785215580: Sending PUBLISH to hub-api-live-registry-1785215101795 (d0, q0, r0, m0, 'resq/M01/telemetry', ... (359 bytes))
1785215580: Sending PUBLISH to auto-458E2A0E-A54A-09C7-325B-4DCD32FF54A7 (d0, q0, r0, m0, 'resq/M01/telemetry', ... (359 bytes))
1785215580: Received PUBLISH from resq-firmware-sim-M01-ms471s3o (d0, q0, r0, m0, 'resq/M01/telemetry', ... (359 bytes))
1785215580: Sending PUBLISH to hub-api-live-registry-1785215101795 (d0, q0, r0, m0, 'resq/M01/telemetry', ... (359 bytes))
1785215580: Sending PUBLISH to auto-458E2A0E-A54A-09C7-325B-4DCD32FF54A7 (d0, q0, r0, m0, 'resq/M01/telemetry', ... (359 bytes))
1785215580: Received PUBLISH from resq-firmware-sim-M01-ms471s3o (d0, q0, r0, m0, 'resq/M01/telemetry', ... (359 bytes))
1785215580: Sending PUBLISH to hub-api-live-registry-1785215101795 (d0, q0, r0, m0, 'resq/M01/telemetry', ... (359 bytes))
1785215580: Sending PUBLISH to auto-458E2A0E-A54A-09C7-325B-4DCD32FF54A7 (d0, q0, r0, m0, 'resq/M01/telemetry', ... (359 bytes))
1785215580: Received PUBLISH from resq-firmware-sim-M01-ms471s3o (d0, q0, r0, m0, 'resq/M01/telemetry', ... (359 bytes))
1785215580: Sending PUBLISH to hub-api-live-registry-1785215101795 (d0, q0, r0, m0, 'resq/M01/telemetry', ... (359 bytes))
1785215580: Sending PUBLISH to auto-458E2A0E-A54A-09C7-325B-4DCD32FF54A7 (d0, q0, r0, m0, 'resq/M01/telemetry', ... (359 bytes))
1785215580: Received PUBLISH from resq-firmware-sim-M01-ms471s3o (d0, q0, r0, m0, 'resq/M01/heartbeat', ... (221 bytes))
1785215580: Sending PUBLISH to hub-api-live-registry-1785215101795 (d0, q0, r0, m0, 'resq/M01/heartbeat', ... (221 bytes))
1785215580: Sending PUBLISH to auto-458E2A0E-A54A-09C7-325B-4DCD32FF54A7 (d0, q0, r0, m0, 'resq/M01/heartbeat', ... (221 bytes))
1785215580: Received PUBLISH from resq-firmware-sim-M01-ms471s3o (d0, q0, r0, m0, 'resq/M01/telemetry', ... (359 bytes))
1785215580: Sending PUBLISH to hub-api-live-registry-1785215101795 (d0, q0, r0, m0, 'resq/M01/telemetry', ... (359 bytes))
1785215580: Sending PUBLISH to auto-458E2A0E-A54A-09C7-325B-4DCD32FF54A7 (d0, q0, r0, m0, 'resq/M01/telemetry', ... (359 bytes))
1785215581: Received PUBLISH from resq-firmware-sim-M01-ms471s3o (d0, q0, r0, m0, 'resq/M01/telemetry', ... (360 bytes))
1785215581: Sending PUBLISH to hub-api-live-registry-1785215101795 (d0, q0, r0, m0, 'resq/M01/telemetry', ... (360 bytes))
1785215581: Sending PUBLISH to auto-458E2A0E-A54A-09C7-325B-4DCD32FF54A7 (d0, q0, r0, m0, 'resq/M01/telemetry', ... (360 bytes))
1785215581: Received PUBLISH from resq-firmware-sim-M01-ms471s3o (d0, q0, r0, m0, 'resq/M01/telemetry', ... (360 bytes))
1785215581: Sending PUBLISH to hub-api-live-registry-1785215101795 (d0, q0, r0, m0, 'resq/M01/telemetry', ... (360 bytes))
1785215581: Sending PUBLISH to auto-458E2A0E-A54A-09C7-325B-4DCD32FF54A7 (d0, q0, r0, m0, 'resq/M01/telemetry', ... (360 bytes))
1785215581: Received PINGREQ from resq-firmware-sim-M01-ms471s3o
1785215581: Sending PINGRESP to resq-firmware-sim-M01-ms471s3o
1785215581: Received PUBLISH from resq-firmware-sim-M01-ms471s3o (d0, q0, r0, m0, 'resq/M01/telemetry', ... (360 bytes))
1785215581: Sending PUBLISH to hub-api-live-registry-1785215101795 (d0, q0, r0, m0, 'resq/M01/telemetry', ... (360 bytes))
1785215581: Sending PUBLISH to auto-458E2A0E-A54A-09C7-325B-4DCD32FF54A7 (d0, q0, r0, m0, 'resq/M01/telemetry', ... (360 bytes))
1785215581: Received PUBLISH from resq-firmware-sim-M01-ms471s3o (d0, q0, r0, m0, 'resq/M01/telemetry', ... (360 bytes))
1785215581: Sending PUBLISH to hub-api-live-registry-1785215101795 (d0, q0, r0, m0, 'resq/M01/telemetry', ... (360 bytes))
1785215581: Sending PUBLISH to auto-458E2A0E-A54A-09C7-325B-4DCD32FF54A7 (d0, q0, r0, m0, 'resq/M01/telemetry', ... (360 bytes))
1785215581: Received PUBLISH from resq-firmware-sim-M01-ms471s3o (d0, q0, r0, m0, 'resq/M01/heartbeat', ... (221 bytes))
1785215581: Sending PUBLISH to hub-api-live-registry-1785215101795 (d0, q0, r0, m0, 'resq/M01/heartbeat', ... (221 bytes))
1785215581: Sending PUBLISH to auto-458E2A0E-A54A-09C7-325B-4DCD32FF54A7 (d0, q0, r0, m0, 'resq/M01/heartbeat', ... (221 bytes))
1785215581: Received PINGREQ from hub-api-session-commands-1785215101465
1785215581: Sending PINGRESP to hub-api-session-commands-1785215101465
1785215581: Received PUBLISH from resq-firmware-sim-M01-ms471s3o (d0, q0, r0, m0, 'resq/M01/telemetry', ... (359 bytes))
1785215581: Sending PUBLISH to hub-api-live-registry-1785215101795 (d0, q0, r0, m0, 'resq/M01/telemetry', ... (359 bytes))
1785215581: Sending PUBLISH to auto-458E2A0E-A54A-09C7-325B-4DCD32FF54A7 (d0, q0, r0, m0, 'resq/M01/telemetry', ... (359 bytes))
1785215582: Received PUBLISH from resq-firmware-sim-M01-ms471s3o (d0, q0, r0, m0, 'resq/M01/telemetry', ... (359 bytes))
1785215582: Sending PUBLISH to hub-api-live-registry-1785215101795 (d0, q0, r0, m0, 'resq/M01/telemetry', ... (359 bytes))
1785215582: Sending PUBLISH to auto-458E2A0E-A54A-09C7-325B-4DCD32FF54A7 (d0, q0, r0, m0, 'resq/M01/telemetry', ... (359 bytes))
1785215582: Received PINGREQ from hub-api-live-registry-1785215101795
1785215582: Sending PINGRESP to hub-api-live-registry-1785215101795
1785215582: Received PUBLISH from resq-firmware-sim-M01-ms471s3o (d0, q0, r0, m0, 'resq/M01/telemetry', ... (359 bytes))
1785215582: Sending PUBLISH to hub-api-live-registry-1785215101795 (d0, q0, r0, m0, 'resq/M01/telemetry', ... (359 bytes))
1785215582: Sending PUBLISH to auto-458E2A0E-A54A-09C7-325B-4DCD32FF54A7 (d0, q0, r0, m0, 'resq/M01/telemetry', ... (359 bytes))
1785215582: Received PUBLISH from resq-firmware-sim-M01-ms471s3o (d0, q0, r0, m0, 'resq/M01/telemetry', ... (359 bytes))
1785215582: Sending PUBLISH to hub-api-live-registry-1785215101795 (d0, q0, r0, m0, 'resq/M01/telemetry', ... (359 bytes))
1785215582: Sending PUBLISH to auto-458E2A0E-A54A-09C7-325B-4DCD32FF54A7 (d0, q0, r0, m0, 'resq/M01/telemetry', ... (359 bytes))
1785215582: Received PUBLISH from resq-firmware-sim-M01-ms471s3o (d0, q0, r0, m0, 'resq/M01/telemetry', ... (359 bytes))
1785215582: Sending PUBLISH to hub-api-live-registry-1785215101795 (d0, q0, r0, m0, 'resq/M01/telemetry', ... (359 bytes))
1785215582: Sending PUBLISH to auto-458E2A0E-A54A-09C7-325B-4DCD32FF54A7 (d0, q0, r0, m0, 'resq/M01/telemetry', ... (359 bytes))
1785215582: Received PUBLISH from resq-firmware-sim-M01-ms471s3o (d0, q0, r0, m0, 'resq/M01/heartbeat', ... (221 bytes))
1785215582: Sending PUBLISH to hub-api-live-registry-1785215101795 (d0, q0, r0, m0, 'resq/M01/heartbeat', ... (221 bytes))
1785215582: Sending PUBLISH to auto-458E2A0E-A54A-09C7-325B-4DCD32FF54A7 (d0, q0, r0, m0, 'resq/M01/heartbeat', ... (221 bytes))
1785215582: Received PUBLISH from resq-firmware-sim-M01-ms471s3o (d0, q0, r0, m0, 'resq/M01/telemetry', ... (359 bytes))
1785215582: Sending PUBLISH to hub-api-live-registry-1785215101795 (d0, q0, r0, m0, 'resq/M01/telemetry', ... (359 bytes))
1785215582: Sending PUBLISH to auto-458E2A0E-A54A-09C7-325B-4DCD32FF54A7 (d0, q0, r0, m0, 'resq/M01/telemetry', ... (359 bytes))
1785215583: Received PUBLISH from resq-firmware-sim-M01-ms471s3o (d0, q0, r0, m0, 'resq/M01/telemetry', ... (360 bytes))
1785215583: Sending PUBLISH to hub-api-live-registry-1785215101795 (d0, q0, r0, m0, 'resq/M01/telemetry', ... (360 bytes))
1785215583: Sending PUBLISH to auto-458E2A0E-A54A-09C7-325B-4DCD32FF54A7 (d0, q0, r0, m0, 'resq/M01/telemetry', ... (360 bytes))
1785215583: Received PUBLISH from resq-firmware-sim-M01-ms471s3o (d0, q0, r0, m0, 'resq/M01/telemetry', ... (360 bytes))
1785215583: Sending PUBLISH to hub-api-live-registry-1785215101795 (d0, q0, r0, m0, 'resq/M01/telemetry', ... (360 bytes))
1785215583: Sending PUBLISH to auto-458E2A0E-A54A-09C7-325B-4DCD32FF54A7 (d0, q0, r0, m0, 'resq/M01/telemetry', ... (360 bytes))
1785215583: Received PUBLISH from resq-firmware-sim-M01-ms471s3o (d0, q0, r0, m0, 'resq/M01/telemetry', ... (360 bytes))
1785215583: Sending PUBLISH to hub-api-live-registry-1785215101795 (d0, q0, r0, m0, 'resq/M01/telemetry', ... (360 bytes))
1785215583: Sending PUBLISH to auto-458E2A0E-A54A-09C7-325B-4DCD32FF54A7 (d0, q0, r0, m0, 'resq/M01/telemetry', ... (360 bytes))
1785215583: Received PUBLISH from resq-firmware-sim-M01-ms471s3o (d0, q0, r0, m0, 'resq/M01/telemetry', ... (359 bytes))
1785215583: Sending PUBLISH to hub-api-live-registry-1785215101795 (d0, q0, r0, m0, 'resq/M01/telemetry', ... (359 bytes))
1785215583: Sending PUBLISH to auto-458E2A0E-A54A-09C7-325B-4DCD32FF54A7 (d0, q0, r0, m0, 'resq/M01/telemetry', ... (359 bytes))
1785215583: Received PUBLISH from resq-firmware-sim-M01-ms471s3o (d0, q0, r0, m0, 'resq/M01/heartbeat', ... (221 bytes))
1785215583: Sending PUBLISH to hub-api-live-registry-1785215101795 (d0, q0, r0, m0, 'resq/M01/heartbeat', ... (221 bytes))
1785215583: Sending PUBLISH to auto-458E2A0E-A54A-09C7-325B-4DCD32FF54A7 (d0, q0, r0, m0, 'resq/M01/heartbeat', ... (221 bytes))
1785215584: Received PUBLISH from resq-firmware-sim-M01-ms471s3o (d0, q0, r0, m0, 'resq/M01/telemetry', ... (359 bytes))
1785215584: Sending PUBLISH to hub-api-live-registry-1785215101795 (d0, q0, r0, m0, 'resq/M01/telemetry', ... (359 bytes))
1785215584: Sending PUBLISH to auto-458E2A0E-A54A-09C7-325B-4DCD32FF54A7 (d0, q0, r0, m0, 'resq/M01/telemetry', ... (359 bytes))
1785215584: Received PUBLISH from resq-firmware-sim-M01-ms471s3o (d0, q0, r0, m0, 'resq/M01/telemetry', ... (359 bytes))
1785215584: Sending PUBLISH to hub-api-live-registry-1785215101795 (d0, q0, r0, m0, 'resq/M01/telemetry', ... (359 bytes))
1785215584: Sending PUBLISH to auto-458E2A0E-A54A-09C7-325B-4DCD32FF54A7 (d0, q0, r0, m0, 'resq/M01/telemetry', ... (359 bytes))
1785215584: Received PUBLISH from resq-firmware-sim-M01-ms471s3o (d0, q0, r0, m0, 'resq/M01/telemetry', ... (359 bytes))
1785215584: Sending PUBLISH to hub-api-live-registry-1785215101795 (d0, q0, r0, m0, 'resq/M01/telemetry', ... (359 bytes))
1785215584: Sending PUBLISH to auto-458E2A0E-A54A-09C7-325B-4DCD32FF54A7 (d0, q0, r0, m0, 'resq/M01/telemetry', ... (359 bytes))
1785215584: Received PUBLISH from resq-firmware-sim-M01-ms471s3o (d0, q0, r0, m0, 'resq/M01/telemetry', ... (359 bytes))
1785215584: Sending PUBLISH to hub-api-live-registry-1785215101795 (d0, q0, r0, m0, 'resq/M01/telemetry', ... (359 bytes))
1785215584: Sending PUBLISH to auto-458E2A0E-A54A-09C7-325B-4DCD32FF54A7 (d0, q0, r0, m0, 'resq/M01/telemetry', ... (359 bytes))
1785215584: Received PUBLISH from resq-firmware-sim-M01-ms471s3o (d0, q0, r0, m0, 'resq/M01/telemetry', ... (359 bytes))
1785215584: Sending PUBLISH to hub-api-live-registry-1785215101795 (d0, q0, r0, m0, 'resq/M01/telemetry', ... (359 bytes))
1785215584: Sending PUBLISH to auto-458E2A0E-A54A-09C7-325B-4DCD32FF54A7 (d0, q0, r0, m0, 'resq/M01/telemetry', ... (359 bytes))
1785215584: Received PINGREQ from auto-458E2A0E-A54A-09C7-325B-4DCD32FF54A7
1785215584: Sending PINGRESP to auto-458E2A0E-A54A-09C7-325B-4DCD32FF54A7
1785215584: Received PUBLISH from resq-firmware-sim-M01-ms471s3o (d0, q0, r0, m0, 'resq/M01/heartbeat', ... (221 bytes))
1785215584: Sending PUBLISH to hub-api-live-registry-1785215101795 (d0, q0, r0, m0, 'resq/M01/heartbeat', ... (221 bytes))
1785215584: Sending PUBLISH to auto-458E2A0E-A54A-09C7-325B-4DCD32FF54A7 (d0, q0, r0, m0, 'resq/M01/heartbeat', ... (221 bytes))
1785215585: Received PUBLISH from resq-firmware-sim-M01-ms471s3o (d0, q0, r0, m0, 'resq/M01/telemetry', ... (360 bytes))
1785215585: Sending PUBLISH to hub-api-live-registry-1785215101795 (d0, q0, r0, m0, 'resq/M01/telemetry', ... (360 bytes))
1785215585: Sending PUBLISH to auto-458E2A0E-A54A-09C7-325B-4DCD32FF54A7 (d0, q0, r0, m0, 'resq/M01/telemetry', ... (360 bytes))
1785215585: Received PUBLISH from resq-firmware-sim-M01-ms471s3o (d0, q0, r0, m0, 'resq/M01/telemetry', ... (360 bytes))
1785215585: Sending PUBLISH to hub-api-live-registry-1785215101795 (d0, q0, r0, m0, 'resq/M01/telemetry', ... (360 bytes))
1785215585: Sending PUBLISH to auto-458E2A0E-A54A-09C7-325B-4DCD32FF54A7 (d0, q0, r0, m0, 'resq/M01/telemetry', ... (360 bytes))
1785215585: Received PUBLISH from resq-firmware-sim-M01-ms471s3o (d0, q0, r0, m0, 'resq/M01/telemetry', ... (360 bytes))
1785215585: Sending PUBLISH to hub-api-live-registry-1785215101795 (d0, q0, r0, m0, 'resq/M01/telemetry', ... (360 bytes))
1785215585: Sending PUBLISH to auto-458E2A0E-A54A-09C7-325B-4DCD32FF54A7 (d0, q0, r0, m0, 'resq/M01/telemetry', ... (360 bytes))
1785215585: Received PUBLISH from resq-firmware-sim-M01-ms471s3o (d0, q0, r0, m0, 'resq/M01/telemetry', ... (360 bytes))
1785215585: Sending PUBLISH to hub-api-live-registry-1785215101795 (d0, q0, r0, m0, 'resq/M01/telemetry', ... (360 bytes))
1785215585: Sending PUBLISH to auto-458E2A0E-A54A-09C7-325B-4DCD32FF54A7 (d0, q0, r0, m0, 'resq/M01/telemetry', ... (360 bytes))
1785215585: Received PUBLISH from resq-firmware-sim-M01-ms471s3o (d0, q0, r0, m0, 'resq/M01/telemetry', ... (359 bytes))
1785215585: Sending PUBLISH to hub-api-live-registry-1785215101795 (d0, q0, r0, m0, 'resq/M01/telemetry', ... (359 bytes))
1785215585: Sending PUBLISH to auto-458E2A0E-A54A-09C7-325B-4DCD32FF54A7 (d0, q0, r0, m0, 'resq/M01/telemetry', ... (359 bytes))
1785215585: Received PUBLISH from resq-firmware-sim-M01-ms471s3o (d0, q0, r0, m0, 'resq/M01/heartbeat', ... (221 bytes))
1785215585: Sending PUBLISH to hub-api-live-registry-1785215101795 (d0, q0, r0, m0, 'resq/M01/heartbeat', ... (221 bytes))
1785215585: Sending PUBLISH to auto-458E2A0E-A54A-09C7-325B-4DCD32FF54A7 (d0, q0, r0, m0, 'resq/M01/heartbeat', ... (221 bytes))
1785215586: Received PUBLISH from resq-firmware-sim-M01-ms471s3o (d0, q0, r0, m0, 'resq/M01/telemetry', ... (359 bytes))
1785215586: Sending PUBLISH to hub-api-live-registry-1785215101795 (d0, q0, r0, m0, 'resq/M01/telemetry', ... (359 bytes))
1785215586: Sending PUBLISH to auto-458E2A0E-A54A-09C7-325B-4DCD32FF54A7 (d0, q0, r0, m0, 'resq/M01/telemetry', ... (359 bytes))
1785215586: Received PUBLISH from resq-firmware-sim-M01-ms471s3o (d0, q0, r0, m0, 'resq/M01/telemetry', ... (359 bytes))
1785215586: Sending PUBLISH to hub-api-live-registry-1785215101795 (d0, q0, r0, m0, 'resq/M01/telemetry', ... (359 bytes))
1785215586: Sending PUBLISH to auto-458E2A0E-A54A-09C7-325B-4DCD32FF54A7 (d0, q0, r0, m0, 'resq/M01/telemetry', ... (359 bytes))
1785215586: Received PUBLISH from resq-firmware-sim-M01-ms471s3o (d0, q0, r0, m0, 'resq/M01/telemetry', ... (359 bytes))
1785215586: Sending PUBLISH to hub-api-live-registry-1785215101795 (d0, q0, r0, m0, 'resq/M01/telemetry', ... (359 bytes))
1785215586: Sending PUBLISH to auto-458E2A0E-A54A-09C7-325B-4DCD32FF54A7 (d0, q0, r0, m0, 'resq/M01/telemetry', ... (359 bytes))
1785215586: Received PUBLISH from resq-firmware-sim-M01-ms471s3o (d0, q0, r0, m0, 'resq/M01/telemetry', ... (359 bytes))
1785215586: Sending PUBLISH to hub-api-live-registry-1785215101795 (d0, q0, r0, m0, 'resq/M01/telemetry', ... (359 bytes))
1785215586: Sending PUBLISH to auto-458E2A0E-A54A-09C7-325B-4DCD32FF54A7 (d0, q0, r0, m0, 'resq/M01/telemetry', ... (359 bytes))
1785215586: Received PUBLISH from resq-firmware-sim-M01-ms471s3o (d0, q0, r0, m0, 'resq/M01/heartbeat', ... (221 bytes))
1785215586: Sending PUBLISH to hub-api-live-registry-1785215101795 (d0, q0, r0, m0, 'resq/M01/heartbeat', ... (221 bytes))
1785215586: Sending PUBLISH to auto-458E2A0E-A54A-09C7-325B-4DCD32FF54A7 (d0, q0, r0, m0, 'resq/M01/heartbeat', ... (221 bytes))
1785215586: Received PUBLISH from resq-firmware-sim-M01-ms471s3o (d0, q0, r0, m0, 'resq/M01/telemetry', ... (359 bytes))
1785215586: Sending PUBLISH to hub-api-live-registry-1785215101795 (d0, q0, r0, m0, 'resq/M01/telemetry', ... (359 bytes))
1785215586: Sending PUBLISH to auto-458E2A0E-A54A-09C7-325B-4DCD32FF54A7 (d0, q0, r0, m0, 'resq/M01/telemetry', ... (359 bytes))
1785215587: Received PUBLISH from resq-firmware-sim-M01-ms471s3o (d0, q0, r0, m0, 'resq/M01/telemetry', ... (360 bytes))
1785215587: Sending PUBLISH to hub-api-live-registry-1785215101795 (d0, q0, r0, m0, 'resq/M01/telemetry', ... (360 bytes))
1785215587: Sending PUBLISH to auto-458E2A0E-A54A-09C7-325B-4DCD32FF54A7 (d0, q0, r0, m0, 'resq/M01/telemetry', ... (360 bytes))
1785215587: Received PUBLISH from resq-firmware-sim-M01-ms471s3o (d0, q0, r0, m0, 'resq/M01/telemetry', ... (360 bytes))
1785215587: Sending PUBLISH to hub-api-live-registry-1785215101795 (d0, q0, r0, m0, 'resq/M01/telemetry', ... (360 bytes))
1785215587: Sending PUBLISH to auto-458E2A0E-A54A-09C7-325B-4DCD32FF54A7 (d0, q0, r0, m0, 'resq/M01/telemetry', ... (360 bytes))
1785215587: Received PUBLISH from resq-firmware-sim-M01-ms471s3o (d0, q0, r0, m0, 'resq/M01/telemetry', ... (359 bytes))
1785215587: Sending PUBLISH to hub-api-live-registry-1785215101795 (d0, q0, r0, m0, 'resq/M01/telemetry', ... (359 bytes))
1785215587: Sending PUBLISH to auto-458E2A0E-A54A-09C7-325B-4DCD32FF54A7 (d0, q0, r0, m0, 'resq/M01/telemetry', ... (359 bytes))
1785215587: Received PUBLISH from resq-firmware-sim-M01-ms471s3o (d0, q0, r0, m0, 'resq/M01/telemetry', ... (359 bytes))
1785215587: Sending PUBLISH to hub-api-live-registry-1785215101795 (d0, q0, r0, m0, 'resq/M01/telemetry', ... (359 bytes))
1785215587: Sending PUBLISH to auto-458E2A0E-A54A-09C7-325B-4DCD32FF54A7 (d0, q0, r0, m0, 'resq/M01/telemetry', ... (359 bytes))
1785215587: Received PUBLISH from resq-firmware-sim-M01-ms471s3o (d0, q0, r0, m0, 'resq/M01/heartbeat', ... (221 bytes))
1785215587: Sending PUBLISH to hub-api-live-registry-1785215101795 (d0, q0, r0, m0, 'resq/M01/heartbeat', ... (221 bytes))
1785215587: Sending PUBLISH to auto-458E2A0E-A54A-09C7-325B-4DCD32FF54A7 (d0, q0, r0, m0, 'resq/M01/heartbeat', ... (221 bytes))
1785215587: Received PUBLISH from resq-firmware-sim-M01-ms471s3o (d0, q0, r0, m0, 'resq/M01/telemetry', ... (359 bytes))
1785215587: Sending PUBLISH to hub-api-live-registry-1785215101795 (d0, q0, r0, m0, 'resq/M01/telemetry', ... (359 bytes))
1785215587: Sending PUBLISH to auto-458E2A0E-A54A-09C7-325B-4DCD32FF54A7 (d0, q0, r0, m0, 'resq/M01/telemetry', ... (359 bytes))
1785215588: Received PUBLISH from resq-firmware-sim-M01-ms471s3o (d0, q0, r0, m0, 'resq/M01/telemetry', ... (359 bytes))
1785215588: Sending PUBLISH to hub-api-live-registry-1785215101795 (d0, q0, r0, m0, 'resq/M01/telemetry', ... (359 bytes))
1785215588: Sending PUBLISH to auto-458E2A0E-A54A-09C7-325B-4DCD32FF54A7 (d0, q0, r0, m0, 'resq/M01/telemetry', ... (359 bytes))
1785215588: Received PUBLISH from resq-firmware-sim-M01-ms471s3o (d0, q0, r0, m0, 'resq/M01/telemetry', ... (359 bytes))
1785215588: Sending PUBLISH to hub-api-live-registry-1785215101795 (d0, q0, r0, m0, 'resq/M01/telemetry', ... (359 bytes))
1785215588: Sending PUBLISH to auto-458E2A0E-A54A-09C7-325B-4DCD32FF54A7 (d0, q0, r0, m0, 'resq/M01/telemetry', ... (359 bytes))
1785215588: Received PUBLISH from resq-firmware-sim-M01-ms471s3o (d0, q0, r0, m0, 'resq/M01/telemetry', ... (359 bytes))
1785215588: Sending PUBLISH to hub-api-live-registry-1785215101795 (d0, q0, r0, m0, 'resq/M01/telemetry', ... (359 bytes))
1785215588: Sending PUBLISH to auto-458E2A0E-A54A-09C7-325B-4DCD32FF54A7 (d0, q0, r0, m0, 'resq/M01/telemetry', ... (359 bytes))
1785215588: Received PUBLISH from resq-firmware-sim-M01-ms471s3o (d0, q0, r0, m0, 'resq/M01/telemetry', ... (359 bytes))
1785215588: Sending PUBLISH to hub-api-live-registry-1785215101795 (d0, q0, r0, m0, 'resq/M01/telemetry', ... (359 bytes))
1785215588: Sending PUBLISH to auto-458E2A0E-A54A-09C7-325B-4DCD32FF54A7 (d0, q0, r0, m0, 'resq/M01/telemetry', ... (359 bytes))
1785215588: Received PUBLISH from resq-firmware-sim-M01-ms471s3o (d0, q0, r0, m0, 'resq/M01/heartbeat', ... (221 bytes))
1785215588: Sending PUBLISH to hub-api-live-registry-1785215101795 (d0, q0, r0, m0, 'resq/M01/heartbeat', ... (221 bytes))
1785215588: Sending PUBLISH to auto-458E2A0E-A54A-09C7-325B-4DCD32FF54A7 (d0, q0, r0, m0, 'resq/M01/heartbeat', ... (221 bytes))
1785215588: Received PUBLISH from resq-firmware-sim-M01-ms471s3o (d0, q0, r0, m0, 'resq/M01/telemetry', ... (360 bytes))
1785215588: Sending PUBLISH to hub-api-live-registry-1785215101795 (d0, q0, r0, m0, 'resq/M01/telemetry', ... (360 bytes))
1785215588: Sending PUBLISH to auto-458E2A0E-A54A-09C7-325B-4DCD32FF54A7 (d0, q0, r0, m0, 'resq/M01/telemetry', ... (360 bytes))
1785215589: Received PUBLISH from resq-firmware-sim-M01-ms471s3o (d0, q0, r0, m0, 'resq/M01/telemetry', ... (360 bytes))
1785215589: Sending PUBLISH to hub-api-live-registry-1785215101795 (d0, q0, r0, m0, 'resq/M01/telemetry', ... (360 bytes))
1785215589: Sending PUBLISH to auto-458E2A0E-A54A-09C7-325B-4DCD32FF54A7 (d0, q0, r0, m0, 'resq/M01/telemetry', ... (360 bytes))
1785215589: Received PUBLISH from resq-firmware-sim-M01-ms471s3o (d0, q0, r0, m0, 'resq/M01/telemetry', ... (359 bytes))
1785215589: Sending PUBLISH to hub-api-live-registry-1785215101795 (d0, q0, r0, m0, 'resq/M01/telemetry', ... (359 bytes))
1785215589: Sending PUBLISH to auto-458E2A0E-A54A-09C7-325B-4DCD32FF54A7 (d0, q0, r0, m0, 'resq/M01/telemetry', ... (359 bytes))
1785215589: Received PUBLISH from resq-firmware-sim-M01-ms471s3o (d0, q0, r0, m0, 'resq/M01/telemetry', ... (359 bytes))
1785215589: Sending PUBLISH to hub-api-live-registry-1785215101795 (d0, q0, r0, m0, 'resq/M01/telemetry', ... (359 bytes))
1785215589: Sending PUBLISH to auto-458E2A0E-A54A-09C7-325B-4DCD32FF54A7 (d0, q0, r0, m0, 'resq/M01/telemetry', ... (359 bytes))
1785215589: Received PUBLISH from resq-firmware-sim-M01-ms471s3o (d0, q0, r0, m0, 'resq/M01/telemetry', ... (359 bytes))
1785215589: Sending PUBLISH to hub-api-live-registry-1785215101795 (d0, q0, r0, m0, 'resq/M01/telemetry', ... (359 bytes))
1785215589: Sending PUBLISH to auto-458E2A0E-A54A-09C7-325B-4DCD32FF54A7 (d0, q0, r0, m0, 'resq/M01/telemetry', ... (359 bytes))
1785215589: Received PUBLISH from resq-firmware-sim-M01-ms471s3o (d0, q0, r0, m0, 'resq/M01/heartbeat', ... (221 bytes))
1785215589: Sending PUBLISH to hub-api-live-registry-1785215101795 (d0, q0, r0, m0, 'resq/M01/heartbeat', ... (221 bytes))
1785215589: Sending PUBLISH to auto-458E2A0E-A54A-09C7-325B-4DCD32FF54A7 (d0, q0, r0, m0, 'resq/M01/heartbeat', ... (221 bytes))
1785215590: Received PUBLISH from resq-firmware-sim-M01-ms471s3o (d0, q0, r0, m0, 'resq/M01/telemetry', ... (358 bytes))
1785215590: Sending PUBLISH to hub-api-live-registry-1785215101795 (d0, q0, r0, m0, 'resq/M01/telemetry', ... (358 bytes))
1785215590: Sending PUBLISH to auto-458E2A0E-A54A-09C7-325B-4DCD32FF54A7 (d0, q0, r0, m0, 'resq/M01/telemetry', ... (358 bytes))
1785215590: Received PUBLISH from resq-firmware-sim-M01-ms471s3o (d0, q0, r0, m0, 'resq/M01/telemetry', ... (359 bytes))
1785215590: Sending PUBLISH to hub-api-live-registry-1785215101795 (d0, q0, r0, m0, 'resq/M01/telemetry', ... (359 bytes))
1785215590: Sending PUBLISH to auto-458E2A0E-A54A-09C7-325B-4DCD32FF54A7 (d0, q0, r0, m0, 'resq/M01/telemetry', ... (359 bytes))
1785215590: Received PUBLISH from resq-firmware-sim-M01-ms471s3o (d0, q0, r0, m0, 'resq/M01/telemetry', ... (358 bytes))
1785215590: Sending PUBLISH to hub-api-live-registry-1785215101795 (d0, q0, r0, m0, 'resq/M01/telemetry', ... (358 bytes))
1785215590: Sending PUBLISH to auto-458E2A0E-A54A-09C7-325B-4DCD32FF54A7 (d0, q0, r0, m0, 'resq/M01/telemetry', ... (358 bytes))
1785215590: Received PUBLISH from resq-firmware-sim-M01-ms471s3o (d0, q0, r0, m0, 'resq/M01/telemetry', ... (359 bytes))
1785215590: Sending PUBLISH to hub-api-live-registry-1785215101795 (d0, q0, r0, m0, 'resq/M01/telemetry', ... (359 bytes))
1785215590: Sending PUBLISH to auto-458E2A0E-A54A-09C7-325B-4DCD32FF54A7 (d0, q0, r0, m0, 'resq/M01/telemetry', ... (359 bytes))
1785215590: Received PUBLISH from resq-firmware-sim-M01-ms471s3o (d0, q0, r0, m0, 'resq/M01/telemetry', ... (359 bytes))
1785215590: Sending PUBLISH to hub-api-live-registry-1785215101795 (d0, q0, r0, m0, 'resq/M01/telemetry', ... (359 bytes))
1785215590: Sending PUBLISH to auto-458E2A0E-A54A-09C7-325B-4DCD32FF54A7 (d0, q0, r0, m0, 'resq/M01/telemetry', ... (359 bytes))
1785215590: Received PUBLISH from resq-firmware-sim-M01-ms471s3o (d0, q0, r0, m0, 'resq/M01/heartbeat', ... (221 bytes))
1785215590: Sending PUBLISH to hub-api-live-registry-1785215101795 (d0, q0, r0, m0, 'resq/M01/heartbeat', ... (221 bytes))
1785215590: Sending PUBLISH to auto-458E2A0E-A54A-09C7-325B-4DCD32FF54A7 (d0, q0, r0, m0, 'resq/M01/heartbeat', ... (221 bytes))
1785215591: Received PUBLISH from resq-firmware-sim-M01-ms471s3o (d0, q0, r0, m0, 'resq/M01/telemetry', ... (360 bytes))
1785215591: Sending PUBLISH to hub-api-live-registry-1785215101795 (d0, q0, r0, m0, 'resq/M01/telemetry', ... (360 bytes))
1785215591: Sending PUBLISH to auto-458E2A0E-A54A-09C7-325B-4DCD32FF54A7 (d0, q0, r0, m0, 'resq/M01/telemetry', ... (360 bytes))
1785215591: Received PUBLISH from resq-firmware-sim-M01-ms471s3o (d0, q0, r0, m0, 'resq/M01/telemetry', ... (360 bytes))
1785215591: Sending PUBLISH to hub-api-live-registry-1785215101795 (d0, q0, r0, m0, 'resq/M01/telemetry', ... (360 bytes))
1785215591: Sending PUBLISH to auto-458E2A0E-A54A-09C7-325B-4DCD32FF54A7 (d0, q0, r0, m0, 'resq/M01/telemetry', ... (360 bytes))
1785215591: Received PUBLISH from resq-firmware-sim-M01-ms471s3o (d0, q0, r0, m0, 'resq/M01/telemetry', ... (360 bytes))
1785215591: Sending PUBLISH to hub-api-live-registry-1785215101795 (d0, q0, r0, m0, 'resq/M01/telemetry', ... (360 bytes))
1785215591: Sending PUBLISH to auto-458E2A0E-A54A-09C7-325B-4DCD32FF54A7 (d0, q0, r0, m0, 'resq/M01/telemetry', ... (360 bytes))
1785215591: Received PUBLISH from resq-firmware-sim-M01-ms471s3o (d0, q0, r0, m0, 'resq/M01/telemetry', ... (359 bytes))
1785215591: Sending PUBLISH to hub-api-live-registry-1785215101795 (d0, q0, r0, m0, 'resq/M01/telemetry', ... (359 bytes))
1785215591: Sending PUBLISH to auto-458E2A0E-A54A-09C7-325B-4DCD32FF54A7 (d0, q0, r0, m0, 'resq/M01/telemetry', ... (359 bytes))
1785215591: Received PUBLISH from resq-firmware-sim-M01-ms471s3o (d0, q0, r0, m0, 'resq/M01/telemetry', ... (359 bytes))
1785215591: Sending PUBLISH to hub-api-live-registry-1785215101795 (d0, q0, r0, m0, 'resq/M01/telemetry', ... (359 bytes))
1785215591: Sending PUBLISH to auto-458E2A0E-A54A-09C7-325B-4DCD32FF54A7 (d0, q0, r0, m0, 'resq/M01/telemetry', ... (359 bytes))
1785215591: Received PUBLISH from resq-firmware-sim-M01-ms471s3o (d0, q0, r0, m0, 'resq/M01/heartbeat', ... (221 bytes))
1785215591: Sending PUBLISH to hub-api-live-registry-1785215101795 (d0, q0, r0, m0, 'resq/M01/heartbeat', ... (221 bytes))
1785215591: Sending PUBLISH to auto-458E2A0E-A54A-09C7-325B-4DCD32FF54A7 (d0, q0, r0, m0, 'resq/M01/heartbeat', ... (221 bytes))
1785215592: Received PUBLISH from resq-firmware-sim-M01-ms471s3o (d0, q0, r0, m0, 'resq/M01/telemetry', ... (357 bytes))
1785215592: Sending PUBLISH to hub-api-live-registry-1785215101795 (d0, q0, r0, m0, 'resq/M01/telemetry', ... (357 bytes))
1785215592: Sending PUBLISH to auto-458E2A0E-A54A-09C7-325B-4DCD32FF54A7 (d0, q0, r0, m0, 'resq/M01/telemetry', ... (357 bytes))
1785215592: Received PUBLISH from resq-firmware-sim-M01-ms471s3o (d0, q0, r0, m0, 'resq/M01/telemetry', ... (357 bytes))
1785215592: Sending PUBLISH to hub-api-live-registry-1785215101795 (d0, q0, r0, m0, 'resq/M01/telemetry', ... (357 bytes))
1785215592: Sending PUBLISH to auto-458E2A0E-A54A-09C7-325B-4DCD32FF54A7 (d0, q0, r0, m0, 'resq/M01/telemetry', ... (357 bytes))
1785215592: Received PUBLISH from resq-firmware-sim-M01-ms471s3o (d0, q0, r0, m0, 'resq/M01/telemetry', ... (359 bytes))
1785215592: Sending PUBLISH to hub-api-live-registry-1785215101795 (d0, q0, r0, m0, 'resq/M01/telemetry', ... (359 bytes))
1785215592: Sending PUBLISH to auto-458E2A0E-A54A-09C7-325B-4DCD32FF54A7 (d0, q0, r0, m0, 'resq/M01/telemetry', ... (359 bytes))
1785215592: Received PUBLISH from resq-firmware-sim-M01-ms471s3o (d0, q0, r0, m0, 'resq/M01/telemetry', ... (359 bytes))
1785215592: Sending PUBLISH to hub-api-live-registry-1785215101795 (d0, q0, r0, m0, 'resq/M01/telemetry', ... (359 bytes))
1785215592: Sending PUBLISH to auto-458E2A0E-A54A-09C7-325B-4DCD32FF54A7 (d0, q0, r0, m0, 'resq/M01/telemetry', ... (359 bytes))
1785215592: Received PUBLISH from resq-firmware-sim-M01-ms471s3o (d0, q0, r0, m0, 'resq/M01/heartbeat', ... (221 bytes))
1785215592: Sending PUBLISH to hub-api-live-registry-1785215101795 (d0, q0, r0, m0, 'resq/M01/heartbeat', ... (221 bytes))
1785215592: Sending PUBLISH to auto-458E2A0E-A54A-09C7-325B-4DCD32FF54A7 (d0, q0, r0, m0, 'resq/M01/heartbeat', ... (221 bytes))
1785215592: Received PUBLISH from resq-firmware-sim-M01-ms471s3o (d0, q0, r0, m0, 'resq/M01/telemetry', ... (360 bytes))
1785215592: Sending PUBLISH to hub-api-live-registry-1785215101795 (d0, q0, r0, m0, 'resq/M01/telemetry', ... (360 bytes))
1785215592: Sending PUBLISH to auto-458E2A0E-A54A-09C7-325B-4DCD32FF54A7 (d0, q0, r0, m0, 'resq/M01/telemetry', ... (360 bytes))
1785215593: Received PUBLISH from resq-firmware-sim-M01-ms471s3o (d0, q0, r0, m0, 'resq/M01/telemetry', ... (358 bytes))
1785215593: Sending PUBLISH to hub-api-live-registry-1785215101795 (d0, q0, r0, m0, 'resq/M01/telemetry', ... (358 bytes))
1785215593: Sending PUBLISH to auto-458E2A0E-A54A-09C7-325B-4DCD32FF54A7 (d0, q0, r0, m0, 'resq/M01/telemetry', ... (358 bytes))
1785215593: Received PUBLISH from resq-firmware-sim-M01-ms471s3o (d0, q0, r0, m0, 'resq/M01/telemetry', ... (360 bytes))
1785215593: Sending PUBLISH to hub-api-live-registry-1785215101795 (d0, q0, r0, m0, 'resq/M01/telemetry', ... (360 bytes))
1785215593: Sending PUBLISH to auto-458E2A0E-A54A-09C7-325B-4DCD32FF54A7 (d0, q0, r0, m0, 'resq/M01/telemetry', ... (360 bytes))
1785215593: Received PUBLISH from resq-firmware-sim-M01-ms471s3o (d0, q0, r0, m0, 'resq/M01/telemetry', ... (358 bytes))
1785215593: Sending PUBLISH to hub-api-live-registry-1785215101795 (d0, q0, r0, m0, 'resq/M01/telemetry', ... (358 bytes))
1785215593: Sending PUBLISH to auto-458E2A0E-A54A-09C7-325B-4DCD32FF54A7 (d0, q0, r0, m0, 'resq/M01/telemetry', ... (358 bytes))
1785215593: Received PUBLISH from resq-firmware-sim-M01-ms471s3o (d0, q0, r0, m0, 'resq/M01/telemetry', ... (359 bytes))
1785215593: Sending PUBLISH to hub-api-live-registry-1785215101795 (d0, q0, r0, m0, 'resq/M01/telemetry', ... (359 bytes))
1785215593: Sending PUBLISH to auto-458E2A0E-A54A-09C7-325B-4DCD32FF54A7 (d0, q0, r0, m0, 'resq/M01/telemetry', ... (359 bytes))
1785215593: Received PUBLISH from resq-firmware-sim-M01-ms471s3o (d0, q0, r0, m0, 'resq/M01/heartbeat', ... (221 bytes))
1785215593: Sending PUBLISH to hub-api-live-registry-1785215101795 (d0, q0, r0, m0, 'resq/M01/heartbeat', ... (221 bytes))
1785215593: Sending PUBLISH to auto-458E2A0E-A54A-09C7-325B-4DCD32FF54A7 (d0, q0, r0, m0, 'resq/M01/heartbeat', ... (221 bytes))
1785215593: Received PUBLISH from resq-firmware-sim-M01-ms471s3o (d0, q0, r0, m0, 'resq/M01/telemetry', ... (359 bytes))
1785215593: Sending PUBLISH to hub-api-live-registry-1785215101795 (d0, q0, r0, m0, 'resq/M01/telemetry', ... (359 bytes))
1785215593: Sending PUBLISH to auto-458E2A0E-A54A-09C7-325B-4DCD32FF54A7 (d0, q0, r0, m0, 'resq/M01/telemetry', ... (359 bytes))
1785215594: Received PUBLISH from resq-firmware-sim-M01-ms471s3o (d0, q0, r0, m0, 'resq/M01/telemetry', ... (359 bytes))
1785215594: Sending PUBLISH to hub-api-live-registry-1785215101795 (d0, q0, r0, m0, 'resq/M01/telemetry', ... (359 bytes))
1785215594: Sending PUBLISH to auto-458E2A0E-A54A-09C7-325B-4DCD32FF54A7 (d0, q0, r0, m0, 'resq/M01/telemetry', ... (359 bytes))
1785215594: Received PUBLISH from resq-firmware-sim-M01-ms471s3o (d0, q0, r0, m0, 'resq/M01/telemetry', ... (359 bytes))
1785215594: Sending PUBLISH to hub-api-live-registry-1785215101795 (d0, q0, r0, m0, 'resq/M01/telemetry', ... (359 bytes))
1785215594: Sending PUBLISH to auto-458E2A0E-A54A-09C7-325B-4DCD32FF54A7 (d0, q0, r0, m0, 'resq/M01/telemetry', ... (359 bytes))
1785215594: Received PUBLISH from resq-firmware-sim-M01-ms471s3o (d0, q0, r0, m0, 'resq/M01/telemetry', ... (357 bytes))
1785215594: Sending PUBLISH to hub-api-live-registry-1785215101795 (d0, q0, r0, m0, 'resq/M01/telemetry', ... (357 bytes))
1785215594: Sending PUBLISH to auto-458E2A0E-A54A-09C7-325B-4DCD32FF54A7 (d0, q0, r0, m0, 'resq/M01/telemetry', ... (357 bytes))
1785215594: Received PUBLISH from resq-firmware-sim-M01-ms471s3o (d0, q0, r0, m0, 'resq/M01/telemetry', ... (359 bytes))
1785215594: Sending PUBLISH to hub-api-live-registry-1785215101795 (d0, q0, r0, m0, 'resq/M01/telemetry', ... (359 bytes))
1785215594: Sending PUBLISH to auto-458E2A0E-A54A-09C7-325B-4DCD32FF54A7 (d0, q0, r0, m0, 'resq/M01/telemetry', ... (359 bytes))
1785215594: Received PUBLISH from resq-firmware-sim-M01-ms471s3o (d0, q0, r0, m0, 'resq/M01/heartbeat', ... (221 bytes))
1785215594: Sending PUBLISH to hub-api-live-registry-1785215101795 (d0, q0, r0, m0, 'resq/M01/heartbeat', ... (221 bytes))
1785215594: Sending PUBLISH to auto-458E2A0E-A54A-09C7-325B-4DCD32FF54A7 (d0, q0, r0, m0, 'resq/M01/heartbeat', ... (221 bytes))
1785215595: Received PUBLISH from resq-firmware-sim-M01-ms471s3o (d0, q0, r0, m0, 'resq/M01/telemetry', ... (359 bytes))
1785215595: Sending PUBLISH to hub-api-live-registry-1785215101795 (d0, q0, r0, m0, 'resq/M01/telemetry', ... (359 bytes))
1785215595: Sending PUBLISH to auto-458E2A0E-A54A-09C7-325B-4DCD32FF54A7 (d0, q0, r0, m0, 'resq/M01/telemetry', ... (359 bytes))
1785215595: Received PUBLISH from resq-firmware-sim-M01-ms471s3o (d0, q0, r0, m0, 'resq/M01/telemetry', ... (360 bytes))
1785215595: Sending PUBLISH to hub-api-live-registry-1785215101795 (d0, q0, r0, m0, 'resq/M01/telemetry', ... (360 bytes))
1785215595: Sending PUBLISH to auto-458E2A0E-A54A-09C7-325B-4DCD32FF54A7 (d0, q0, r0, m0, 'resq/M01/telemetry', ... (360 bytes))
1785215595: Received PUBLISH from resq-firmware-sim-M01-ms471s3o (d0, q0, r0, m0, 'resq/M01/telemetry', ... (357 bytes))
1785215595: Sending PUBLISH to hub-api-live-registry-1785215101795 (d0, q0, r0, m0, 'resq/M01/telemetry', ... (357 bytes))
1785215595: Sending PUBLISH to auto-458E2A0E-A54A-09C7-325B-4DCD32FF54A7 (d0, q0, r0, m0, 'resq/M01/telemetry', ... (357 bytes))
1785215595: Received PUBLISH from resq-firmware-sim-M01-ms471s3o (d0, q0, r0, m0, 'resq/M01/telemetry', ... (358 bytes))
1785215595: Sending PUBLISH to hub-api-live-registry-1785215101795 (d0, q0, r0, m0, 'resq/M01/telemetry', ... (358 bytes))
1785215595: Sending PUBLISH to auto-458E2A0E-A54A-09C7-325B-4DCD32FF54A7 (d0, q0, r0, m0, 'resq/M01/telemetry', ... (358 bytes))
1785215595: Received PUBLISH from resq-firmware-sim-M01-ms471s3o (d0, q0, r0, m0, 'resq/M01/telemetry', ... (359 bytes))
1785215595: Sending PUBLISH to hub-api-live-registry-1785215101795 (d0, q0, r0, m0, 'resq/M01/telemetry', ... (359 bytes))
1785215595: Sending PUBLISH to auto-458E2A0E-A54A-09C7-325B-4DCD32FF54A7 (d0, q0, r0, m0, 'resq/M01/telemetry', ... (359 bytes))
1785215595: Received PUBLISH from resq-firmware-sim-M01-ms471s3o (d0, q0, r0, m0, 'resq/M01/heartbeat', ... (221 bytes))
1785215595: Sending PUBLISH to hub-api-live-registry-1785215101795 (d0, q0, r0, m0, 'resq/M01/heartbeat', ... (221 bytes))
1785215595: Sending PUBLISH to auto-458E2A0E-A54A-09C7-325B-4DCD32FF54A7 (d0, q0, r0, m0, 'resq/M01/heartbeat', ... (221 bytes))
1785215596: Received PUBLISH from resq-firmware-sim-M01-ms471s3o (d0, q0, r0, m0, 'resq/M01/telemetry', ... (359 bytes))
1785215596: Sending PUBLISH to hub-api-live-registry-1785215101795 (d0, q0, r0, m0, 'resq/M01/telemetry', ... (359 bytes))
1785215596: Sending PUBLISH to auto-458E2A0E-A54A-09C7-325B-4DCD32FF54A7 (d0, q0, r0, m0, 'resq/M01/telemetry', ... (359 bytes))
1785215596: Received PUBLISH from resq-firmware-sim-M01-ms471s3o (d0, q0, r0, m0, 'resq/M01/telemetry', ... (359 bytes))
1785215596: Sending PUBLISH to hub-api-live-registry-1785215101795 (d0, q0, r0, m0, 'resq/M01/telemetry', ... (359 bytes))
1785215596: Sending PUBLISH to auto-458E2A0E-A54A-09C7-325B-4DCD32FF54A7 (d0, q0, r0, m0, 'resq/M01/telemetry', ... (359 bytes))
1785215596: Received PUBLISH from resq-firmware-sim-M01-ms471s3o (d0, q0, r0, m0, 'resq/M01/telemetry', ... (359 bytes))
1785215596: Sending PUBLISH to hub-api-live-registry-1785215101795 (d0, q0, r0, m0, 'resq/M01/telemetry', ... (359 bytes))
1785215596: Sending PUBLISH to auto-458E2A0E-A54A-09C7-325B-4DCD32FF54A7 (d0, q0, r0, m0, 'resq/M01/telemetry', ... (359 bytes))
1785215596: Received PUBLISH from resq-firmware-sim-M01-ms471s3o (d0, q0, r0, m0, 'resq/M01/telemetry', ... (359 bytes))
1785215596: Sending PUBLISH to hub-api-live-registry-1785215101795 (d0, q0, r0, m0, 'resq/M01/telemetry', ... (359 bytes))
1785215596: Sending PUBLISH to auto-458E2A0E-A54A-09C7-325B-4DCD32FF54A7 (d0, q0, r0, m0, 'resq/M01/telemetry', ... (359 bytes))
1785215596: Received PUBLISH from resq-firmware-sim-M01-ms471s3o (d0, q0, r0, m0, 'resq/M01/telemetry', ... (360 bytes))
1785215596: Sending PUBLISH to hub-api-live-registry-1785215101795 (d0, q0, r0, m0, 'resq/M01/telemetry', ... (360 bytes))
1785215596: Sending PUBLISH to auto-458E2A0E-A54A-09C7-325B-4DCD32FF54A7 (d0, q0, r0, m0, 'resq/M01/telemetry', ... (360 bytes))
1785215596: Received PUBLISH from resq-firmware-sim-M01-ms471s3o (d0, q0, r0, m0, 'resq/M01/heartbeat', ... (221 bytes))
1785215596: Sending PUBLISH to hub-api-live-registry-1785215101795 (d0, q0, r0, m0, 'resq/M01/heartbeat', ... (221 bytes))
1785215596: Sending PUBLISH to auto-458E2A0E-A54A-09C7-325B-4DCD32FF54A7 (d0, q0, r0, m0, 'resq/M01/heartbeat', ... (221 bytes))
1785215597: Received PUBLISH from resq-firmware-sim-M01-ms471s3o (d0, q0, r0, m0, 'resq/M01/telemetry', ... (360 bytes))
1785215597: Sending PUBLISH to hub-api-live-registry-1785215101795 (d0, q0, r0, m0, 'resq/M01/telemetry', ... (360 bytes))
1785215597: Sending PUBLISH to auto-458E2A0E-A54A-09C7-325B-4DCD32FF54A7 (d0, q0, r0, m0, 'resq/M01/telemetry', ... (360 bytes))
1785215597: Received PUBLISH from resq-firmware-sim-M01-ms471s3o (d0, q0, r0, m0, 'resq/M01/telemetry', ... (360 bytes))
1785215597: Sending PUBLISH to hub-api-live-registry-1785215101795 (d0, q0, r0, m0, 'resq/M01/telemetry', ... (360 bytes))
1785215597: Sending PUBLISH to auto-458E2A0E-A54A-09C7-325B-4DCD32FF54A7 (d0, q0, r0, m0, 'resq/M01/telemetry', ... (360 bytes))
1785215597: Received PUBLISH from resq-firmware-sim-M01-ms471s3o (d0, q0, r0, m0, 'resq/M01/telemetry', ... (359 bytes))
1785215597: Sending PUBLISH to hub-api-live-registry-1785215101795 (d0, q0, r0, m0, 'resq/M01/telemetry', ... (359 bytes))
1785215597: Sending PUBLISH to auto-458E2A0E-A54A-09C7-325B-4DCD32FF54A7 (d0, q0, r0, m0, 'resq/M01/telemetry', ... (359 bytes))
1785215597: Received PUBLISH from resq-firmware-sim-M01-ms471s3o (d0, q0, r0, m0, 'resq/M01/telemetry', ... (359 bytes))
1785215597: Sending PUBLISH to hub-api-live-registry-1785215101795 (d0, q0, r0, m0, 'resq/M01/telemetry', ... (359 bytes))
1785215597: Sending PUBLISH to auto-458E2A0E-A54A-09C7-325B-4DCD32FF54A7 (d0, q0, r0, m0, 'resq/M01/telemetry', ... (359 bytes))
1785215597: Received PUBLISH from resq-firmware-sim-M01-ms471s3o (d0, q0, r0, m0, 'resq/M01/telemetry', ... (359 bytes))
1785215597: Sending PUBLISH to hub-api-live-registry-1785215101795 (d0, q0, r0, m0, 'resq/M01/telemetry', ... (359 bytes))
1785215597: Sending PUBLISH to auto-458E2A0E-A54A-09C7-325B-4DCD32FF54A7 (d0, q0, r0, m0, 'resq/M01/telemetry', ... (359 bytes))
1785215597: Received PUBLISH from resq-firmware-sim-M01-ms471s3o (d0, q0, r0, m0, 'resq/M01/heartbeat', ... (221 bytes))
1785215597: Sending PUBLISH to hub-api-live-registry-1785215101795 (d0, q0, r0, m0, 'resq/M01/heartbeat', ... (221 bytes))
1785215597: Sending PUBLISH to auto-458E2A0E-A54A-09C7-325B-4DCD32FF54A7 (d0, q0, r0, m0, 'resq/M01/heartbeat', ... (221 bytes))
1785215598: Received PUBLISH from resq-firmware-sim-M01-ms471s3o (d0, q0, r0, m0, 'resq/M01/telemetry', ... (359 bytes))
1785215598: Sending PUBLISH to hub-api-live-registry-1785215101795 (d0, q0, r0, m0, 'resq/M01/telemetry', ... (359 bytes))
1785215598: Sending PUBLISH to auto-458E2A0E-A54A-09C7-325B-4DCD32FF54A7 (d0, q0, r0, m0, 'resq/M01/telemetry', ... (359 bytes))
1785215598: Received PUBLISH from resq-firmware-sim-M01-ms471s3o (d0, q0, r0, m0, 'resq/M01/telemetry', ... (358 bytes))
1785215598: Sending PUBLISH to hub-api-live-registry-1785215101795 (d0, q0, r0, m0, 'resq/M01/telemetry', ... (358 bytes))
1785215598: Sending PUBLISH to auto-458E2A0E-A54A-09C7-325B-4DCD32FF54A7 (d0, q0, r0, m0, 'resq/M01/telemetry', ... (358 bytes))
1785215598: Received PUBLISH from resq-firmware-sim-M01-ms471s3o (d0, q0, r0, m0, 'resq/M01/telemetry', ... (359 bytes))
1785215598: Sending PUBLISH to hub-api-live-registry-1785215101795 (d0, q0, r0, m0, 'resq/M01/telemetry', ... (359 bytes))
1785215598: Sending PUBLISH to auto-458E2A0E-A54A-09C7-325B-4DCD32FF54A7 (d0, q0, r0, m0, 'resq/M01/telemetry', ... (359 bytes))
1785215598: Received PUBLISH from resq-firmware-sim-M01-ms471s3o (d0, q0, r0, m0, 'resq/M01/telemetry', ... (360 bytes))
1785215598: Sending PUBLISH to hub-api-live-registry-1785215101795 (d0, q0, r0, m0, 'resq/M01/telemetry', ... (360 bytes))
1785215598: Sending PUBLISH to auto-458E2A0E-A54A-09C7-325B-4DCD32FF54A7 (d0, q0, r0, m0, 'resq/M01/telemetry', ... (360 bytes))
1785215598: Received PUBLISH from resq-firmware-sim-M01-ms471s3o (d0, q0, r0, m0, 'resq/M01/telemetry', ... (360 bytes))
1785215598: Sending PUBLISH to hub-api-live-registry-1785215101795 (d0, q0, r0, m0, 'resq/M01/telemetry', ... (360 bytes))
1785215598: Sending PUBLISH to auto-458E2A0E-A54A-09C7-325B-4DCD32FF54A7 (d0, q0, r0, m0, 'resq/M01/telemetry', ... (360 bytes))
1785215599: Received PUBLISH from resq-firmware-sim-M01-ms471s3o (d0, q0, r0, m0, 'resq/M01/heartbeat', ... (221 bytes))
1785215599: Sending PUBLISH to hub-api-live-registry-1785215101795 (d0, q0, r0, m0, 'resq/M01/heartbeat', ... (221 bytes))
1785215599: Sending PUBLISH to auto-458E2A0E-A54A-09C7-325B-4DCD32FF54A7 (d0, q0, r0, m0, 'resq/M01/heartbeat', ... (221 bytes))
1785215599: Received PUBLISH from resq-firmware-sim-M01-ms471s3o (d0, q0, r0, m0, 'resq/M01/telemetry', ... (358 bytes))
1785215599: Sending PUBLISH to hub-api-live-registry-1785215101795 (d0, q0, r0, m0, 'resq/M01/telemetry', ... (358 bytes))
1785215599: Sending PUBLISH to auto-458E2A0E-A54A-09C7-325B-4DCD32FF54A7 (d0, q0, r0, m0, 'resq/M01/telemetry', ... (358 bytes))
1785215599: Received PUBLISH from resq-firmware-sim-M01-ms471s3o (d0, q0, r0, m0, 'resq/M01/telemetry', ... (360 bytes))
1785215599: Sending PUBLISH to hub-api-live-registry-1785215101795 (d0, q0, r0, m0, 'resq/M01/telemetry', ... (360 bytes))
1785215599: Sending PUBLISH to auto-458E2A0E-A54A-09C7-325B-4DCD32FF54A7 (d0, q0, r0, m0, 'resq/M01/telemetry', ... (360 bytes))
1785215599: Received PUBLISH from resq-firmware-sim-M01-ms471s3o (d0, q0, r0, m0, 'resq/M01/telemetry', ... (359 bytes))
1785215599: Sending PUBLISH to hub-api-live-registry-1785215101795 (d0, q0, r0, m0, 'resq/M01/telemetry', ... (359 bytes))
1785215599: Sending PUBLISH to auto-458E2A0E-A54A-09C7-325B-4DCD32FF54A7 (d0, q0, r0, m0, 'resq/M01/telemetry', ... (359 bytes))
1785215599: Received PUBLISH from resq-firmware-sim-M01-ms471s3o (d0, q0, r0, m0, 'resq/M01/telemetry', ... (359 bytes))
1785215599: Sending PUBLISH to hub-api-live-registry-1785215101795 (d0, q0, r0, m0, 'resq/M01/telemetry', ... (359 bytes))
1785215599: Sending PUBLISH to auto-458E2A0E-A54A-09C7-325B-4DCD32FF54A7 (d0, q0, r0, m0, 'resq/M01/telemetry', ... (359 bytes))
1785215600: Received PUBLISH from resq-firmware-sim-M01-ms471s3o (d0, q0, r0, m0, 'resq/M01/heartbeat', ... (221 bytes))
1785215600: Sending PUBLISH to hub-api-live-registry-1785215101795 (d0, q0, r0, m0, 'resq/M01/heartbeat', ... (221 bytes))
1785215600: Sending PUBLISH to auto-458E2A0E-A54A-09C7-325B-4DCD32FF54A7 (d0, q0, r0, m0, 'resq/M01/heartbeat', ... (221 bytes))
1785215600: Received PUBLISH from resq-firmware-sim-M01-ms471s3o (d0, q0, r0, m0, 'resq/M01/telemetry', ... (357 bytes))
1785215600: Sending PUBLISH to hub-api-live-registry-1785215101795 (d0, q0, r0, m0, 'resq/M01/telemetry', ... (357 bytes))
1785215600: Sending PUBLISH to auto-458E2A0E-A54A-09C7-325B-4DCD32FF54A7 (d0, q0, r0, m0, 'resq/M01/telemetry', ... (357 bytes))
1785215600: Received PUBLISH from resq-firmware-sim-M01-ms471s3o (d0, q0, r0, m0, 'resq/M01/telemetry', ... (359 bytes))
1785215600: Sending PUBLISH to hub-api-live-registry-1785215101795 (d0, q0, r0, m0, 'resq/M01/telemetry', ... (359 bytes))
1785215600: Sending PUBLISH to auto-458E2A0E-A54A-09C7-325B-4DCD32FF54A7 (d0, q0, r0, m0, 'resq/M01/telemetry', ... (359 bytes))
1785215600: Received PUBLISH from resq-firmware-sim-M01-ms471s3o (d0, q0, r0, m0, 'resq/M01/telemetry', ... (359 bytes))
1785215600: Sending PUBLISH to hub-api-live-registry-1785215101795 (d0, q0, r0, m0, 'resq/M01/telemetry', ... (359 bytes))
1785215600: Sending PUBLISH to auto-458E2A0E-A54A-09C7-325B-4DCD32FF54A7 (d0, q0, r0, m0, 'resq/M01/telemetry', ... (359 bytes))
1785215600: Received PUBLISH from resq-firmware-sim-M01-ms471s3o (d0, q0, r0, m0, 'resq/M01/telemetry', ... (359 bytes))
1785215600: Sending PUBLISH to hub-api-live-registry-1785215101795 (d0, q0, r0, m0, 'resq/M01/telemetry', ... (359 bytes))
1785215600: Sending PUBLISH to auto-458E2A0E-A54A-09C7-325B-4DCD32FF54A7 (d0, q0, r0, m0, 'resq/M01/telemetry', ... (359 bytes))
1785215600: Received PUBLISH from resq-firmware-sim-M01-ms471s3o (d0, q0, r0, m0, 'resq/M01/telemetry', ... (360 bytes))
1785215600: Sending PUBLISH to hub-api-live-registry-1785215101795 (d0, q0, r0, m0, 'resq/M01/telemetry', ... (360 bytes))
1785215600: Sending PUBLISH to auto-458E2A0E-A54A-09C7-325B-4DCD32FF54A7 (d0, q0, r0, m0, 'resq/M01/telemetry', ... (360 bytes))
1785215601: Received PUBLISH from resq-firmware-sim-M01-ms471s3o (d0, q0, r0, m0, 'resq/M01/heartbeat', ... (221 bytes))
1785215601: Sending PUBLISH to hub-api-live-registry-1785215101795 (d0, q0, r0, m0, 'resq/M01/heartbeat', ... (221 bytes))
1785215601: Sending PUBLISH to auto-458E2A0E-A54A-09C7-325B-4DCD32FF54A7 (d0, q0, r0, m0, 'resq/M01/heartbeat', ... (221 bytes))
1785215601: Received PUBLISH from resq-firmware-sim-M01-ms471s3o (d0, q0, r0, m0, 'resq/M01/telemetry', ... (360 bytes))
1785215601: Sending PUBLISH to hub-api-live-registry-1785215101795 (d0, q0, r0, m0, 'resq/M01/telemetry', ... (360 bytes))
1785215601: Sending PUBLISH to auto-458E2A0E-A54A-09C7-325B-4DCD32FF54A7 (d0, q0, r0, m0, 'resq/M01/telemetry', ... (360 bytes))
1785215601: Received PUBLISH from resq-firmware-sim-M01-ms471s3o (d0, q0, r0, m0, 'resq/M01/telemetry', ... (360 bytes))
1785215601: Sending PUBLISH to hub-api-live-registry-1785215101795 (d0, q0, r0, m0, 'resq/M01/telemetry', ... (360 bytes))
1785215601: Sending PUBLISH to auto-458E2A0E-A54A-09C7-325B-4DCD32FF54A7 (d0, q0, r0, m0, 'resq/M01/telemetry', ... (360 bytes))
1785215601: Received PUBLISH from resq-firmware-sim-M01-ms471s3o (d0, q0, r0, m0, 'resq/M01/telemetry', ... (359 bytes))
1785215601: Sending PUBLISH to hub-api-live-registry-1785215101795 (d0, q0, r0, m0, 'resq/M01/telemetry', ... (359 bytes))
1785215601: Sending PUBLISH to auto-458E2A0E-A54A-09C7-325B-4DCD32FF54A7 (d0, q0, r0, m0, 'resq/M01/telemetry', ... (359 bytes))
1785215601: Received PUBLISH from resq-firmware-sim-M01-ms471s3o (d0, q0, r0, m0, 'resq/M01/telemetry', ... (359 bytes))
1785215601: Sending PUBLISH to hub-api-live-registry-1785215101795 (d0, q0, r0, m0, 'resq/M01/telemetry', ... (359 bytes))
1785215601: Sending PUBLISH to auto-458E2A0E-A54A-09C7-325B-4DCD32FF54A7 (d0, q0, r0, m0, 'resq/M01/telemetry', ... (359 bytes))
1785215601: Received PUBLISH from resq-firmware-sim-M01-ms471s3o (d0, q0, r0, m0, 'resq/M01/telemetry', ... (358 bytes))
1785215601: Sending PUBLISH to hub-api-live-registry-1785215101795 (d0, q0, r0, m0, 'resq/M01/telemetry', ... (358 bytes))
1785215601: Sending PUBLISH to auto-458E2A0E-A54A-09C7-325B-4DCD32FF54A7 (d0, q0, r0, m0, 'resq/M01/telemetry', ... (358 bytes))
1785215602: Received PUBLISH from resq-firmware-sim-M01-ms471s3o (d0, q0, r0, m0, 'resq/M01/heartbeat', ... (221 bytes))
1785215602: Sending PUBLISH to hub-api-live-registry-1785215101795 (d0, q0, r0, m0, 'resq/M01/heartbeat', ... (221 bytes))
1785215602: Sending PUBLISH to auto-458E2A0E-A54A-09C7-325B-4DCD32FF54A7 (d0, q0, r0, m0, 'resq/M01/heartbeat', ... (221 bytes))
1785215602: Received PUBLISH from resq-firmware-sim-M01-ms471s3o (d0, q0, r0, m0, 'resq/M01/telemetry', ... (359 bytes))
1785215602: Sending PUBLISH to hub-api-live-registry-1785215101795 (d0, q0, r0, m0, 'resq/M01/telemetry', ... (359 bytes))
1785215602: Sending PUBLISH to auto-458E2A0E-A54A-09C7-325B-4DCD32FF54A7 (d0, q0, r0, m0, 'resq/M01/telemetry', ... (359 bytes))
1785215602: Received PUBLISH from resq-firmware-sim-M01-ms471s3o (d0, q0, r0, m0, 'resq/M01/telemetry', ... (358 bytes))
1785215602: Sending PUBLISH to hub-api-live-registry-1785215101795 (d0, q0, r0, m0, 'resq/M01/telemetry', ... (358 bytes))
1785215602: Sending PUBLISH to auto-458E2A0E-A54A-09C7-325B-4DCD32FF54A7 (d0, q0, r0, m0, 'resq/M01/telemetry', ... (358 bytes))
1785215602: Received PUBLISH from resq-firmware-sim-M01-ms471s3o (d0, q0, r0, m0, 'resq/M01/telemetry', ... (359 bytes))
1785215602: Sending PUBLISH to hub-api-live-registry-1785215101795 (d0, q0, r0, m0, 'resq/M01/telemetry', ... (359 bytes))
1785215602: Sending PUBLISH to auto-458E2A0E-A54A-09C7-325B-4DCD32FF54A7 (d0, q0, r0, m0, 'resq/M01/telemetry', ... (359 bytes))
1785215602: Received PUBLISH from resq-firmware-sim-M01-ms471s3o (d0, q0, r0, m0, 'resq/M01/telemetry', ... (360 bytes))
1785215602: Sending PUBLISH to hub-api-live-registry-1785215101795 (d0, q0, r0, m0, 'resq/M01/telemetry', ... (360 bytes))
1785215602: Sending PUBLISH to auto-458E2A0E-A54A-09C7-325B-4DCD32FF54A7 (d0, q0, r0, m0, 'resq/M01/telemetry', ... (360 bytes))
1785215602: Received PUBLISH from resq-firmware-sim-M01-ms471s3o (d0, q0, r0, m0, 'resq/M01/telemetry', ... (360 bytes))
1785215602: Sending PUBLISH to hub-api-live-registry-1785215101795 (d0, q0, r0, m0, 'resq/M01/telemetry', ... (360 bytes))
1785215602: Sending PUBLISH to auto-458E2A0E-A54A-09C7-325B-4DCD32FF54A7 (d0, q0, r0, m0, 'resq/M01/telemetry', ... (360 bytes))
1785215603: Received PUBLISH from resq-firmware-sim-M01-ms471s3o (d0, q0, r0, m0, 'resq/M01/heartbeat', ... (221 bytes))
1785215603: Sending PUBLISH to hub-api-live-registry-1785215101795 (d0, q0, r0, m0, 'resq/M01/heartbeat', ... (221 bytes))
1785215603: Sending PUBLISH to auto-458E2A0E-A54A-09C7-325B-4DCD32FF54A7 (d0, q0, r0, m0, 'resq/M01/heartbeat', ... (221 bytes))
1785215603: Received PUBLISH from resq-firmware-sim-M01-ms471s3o (d0, q0, r0, m0, 'resq/M01/telemetry', ... (360 bytes))
1785215603: Sending PUBLISH to hub-api-live-registry-1785215101795 (d0, q0, r0, m0, 'resq/M01/telemetry', ... (360 bytes))
1785215603: Sending PUBLISH to auto-458E2A0E-A54A-09C7-325B-4DCD32FF54A7 (d0, q0, r0, m0, 'resq/M01/telemetry', ... (360 bytes))
1785215603: Received PUBLISH from resq-firmware-sim-M01-ms471s3o (d0, q0, r0, m0, 'resq/M01/telemetry', ... (359 bytes))
1785215603: Sending PUBLISH to hub-api-live-registry-1785215101795 (d0, q0, r0, m0, 'resq/M01/telemetry', ... (359 bytes))
1785215603: Sending PUBLISH to auto-458E2A0E-A54A-09C7-325B-4DCD32FF54A7 (d0, q0, r0, m0, 'resq/M01/telemetry', ... (359 bytes))
1785215603: Received PUBLISH from resq-firmware-sim-M01-ms471s3o (d0, q0, r0, m0, 'resq/M01/telemetry', ... (359 bytes))
1785215603: Sending PUBLISH to hub-api-live-registry-1785215101795 (d0, q0, r0, m0, 'resq/M01/telemetry', ... (359 bytes))
1785215603: Sending PUBLISH to auto-458E2A0E-A54A-09C7-325B-4DCD32FF54A7 (d0, q0, r0, m0, 'resq/M01/telemetry', ... (359 bytes))
1785215603: Received PUBLISH from resq-firmware-sim-M01-ms471s3o (d0, q0, r0, m0, 'resq/M01/telemetry', ... (359 bytes))
1785215603: Sending PUBLISH to hub-api-live-registry-1785215101795 (d0, q0, r0, m0, 'resq/M01/telemetry', ... (359 bytes))
1785215603: Sending PUBLISH to auto-458E2A0E-A54A-09C7-325B-4DCD32FF54A7 (d0, q0, r0, m0, 'resq/M01/telemetry', ... (359 bytes))
1785215603: Received PUBLISH from resq-firmware-sim-M01-ms471s3o (d0, q0, r0, m0, 'resq/M01/telemetry', ... (359 bytes))
1785215603: Sending PUBLISH to hub-api-live-registry-1785215101795 (d0, q0, r0, m0, 'resq/M01/telemetry', ... (359 bytes))
1785215603: Sending PUBLISH to auto-458E2A0E-A54A-09C7-325B-4DCD32FF54A7 (d0, q0, r0, m0, 'resq/M01/telemetry', ... (359 bytes))
1785215604: Received PUBLISH from resq-firmware-sim-M01-ms471s3o (d0, q0, r0, m0, 'resq/M01/heartbeat', ... (221 bytes))
1785215604: Sending PUBLISH to hub-api-live-registry-1785215101795 (d0, q0, r0, m0, 'resq/M01/heartbeat', ... (221 bytes))
1785215604: Sending PUBLISH to auto-458E2A0E-A54A-09C7-325B-4DCD32FF54A7 (d0, q0, r0, m0, 'resq/M01/heartbeat', ... (221 bytes))
1785215604: Received PUBLISH from resq-firmware-sim-M01-ms471s3o (d0, q0, r0, m0, 'resq/M01/telemetry', ... (359 bytes))
1785215604: Sending PUBLISH to hub-api-live-registry-1785215101795 (d0, q0, r0, m0, 'resq/M01/telemetry', ... (359 bytes))
1785215604: Sending PUBLISH to auto-458E2A0E-A54A-09C7-325B-4DCD32FF54A7 (d0, q0, r0, m0, 'resq/M01/telemetry', ... (359 bytes))
1785215604: Received PUBLISH from resq-firmware-sim-M01-ms471s3o (d0, q0, r0, m0, 'resq/M01/telemetry', ... (359 bytes))
1785215604: Sending PUBLISH to hub-api-live-registry-1785215101795 (d0, q0, r0, m0, 'resq/M01/telemetry', ... (359 bytes))
1785215604: Sending PUBLISH to auto-458E2A0E-A54A-09C7-325B-4DCD32FF54A7 (d0, q0, r0, m0, 'resq/M01/telemetry', ... (359 bytes))
1785215604: Received PUBLISH from resq-firmware-sim-M01-ms471s3o (d0, q0, r0, m0, 'resq/M01/telemetry', ... (358 bytes))
1785215604: Sending PUBLISH to hub-api-live-registry-1785215101795 (d0, q0, r0, m0, 'resq/M01/telemetry', ... (358 bytes))
1785215604: Sending PUBLISH to auto-458E2A0E-A54A-09C7-325B-4DCD32FF54A7 (d0, q0, r0, m0, 'resq/M01/telemetry', ... (358 bytes))
1785215604: Received PUBLISH from resq-firmware-sim-M01-ms471s3o (d0, q0, r0, m0, 'resq/M01/telemetry', ... (359 bytes))
1785215604: Sending PUBLISH to hub-api-live-registry-1785215101795 (d0, q0, r0, m0, 'resq/M01/telemetry', ... (359 bytes))
1785215604: Sending PUBLISH to auto-458E2A0E-A54A-09C7-325B-4DCD32FF54A7 (d0, q0, r0, m0, 'resq/M01/telemetry', ... (359 bytes))
1785215604: Received PUBLISH from resq-firmware-sim-M01-ms471s3o (d0, q0, r0, m0, 'resq/M01/telemetry', ... (360 bytes))
1785215604: Sending PUBLISH to hub-api-live-registry-1785215101795 (d0, q0, r0, m0, 'resq/M01/telemetry', ... (360 bytes))
1785215604: Sending PUBLISH to auto-458E2A0E-A54A-09C7-325B-4DCD32FF54A7 (d0, q0, r0, m0, 'resq/M01/telemetry', ... (360 bytes))
1785215605: Received PUBLISH from resq-firmware-sim-M01-ms471s3o (d0, q0, r0, m0, 'resq/M01/heartbeat', ... (221 bytes))
1785215605: Sending PUBLISH to hub-api-live-registry-1785215101795 (d0, q0, r0, m0, 'resq/M01/heartbeat', ... (221 bytes))
1785215605: Sending PUBLISH to auto-458E2A0E-A54A-09C7-325B-4DCD32FF54A7 (d0, q0, r0, m0, 'resq/M01/heartbeat', ... (221 bytes))
1785215605: Received PUBLISH from resq-firmware-sim-M01-ms471s3o (d0, q0, r0, m0, 'resq/M01/telemetry', ... (360 bytes))
1785215605: Sending PUBLISH to hub-api-live-registry-1785215101795 (d0, q0, r0, m0, 'resq/M01/telemetry', ... (360 bytes))
1785215605: Sending PUBLISH to auto-458E2A0E-A54A-09C7-325B-4DCD32FF54A7 (d0, q0, r0, m0, 'resq/M01/telemetry', ... (360 bytes))
1785215605: Received PUBLISH from resq-firmware-sim-M01-ms471s3o (d0, q0, r0, m0, 'resq/M01/telemetry', ... (358 bytes))
1785215605: Sending PUBLISH to hub-api-live-registry-1785215101795 (d0, q0, r0, m0, 'resq/M01/telemetry', ... (358 bytes))
1785215605: Sending PUBLISH to auto-458E2A0E-A54A-09C7-325B-4DCD32FF54A7 (d0, q0, r0, m0, 'resq/M01/telemetry', ... (358 bytes))
1785215605: Received PUBLISH from resq-firmware-sim-M01-ms471s3o (d0, q0, r0, m0, 'resq/M01/telemetry', ... (359 bytes))
1785215605: Sending PUBLISH to hub-api-live-registry-1785215101795 (d0, q0, r0, m0, 'resq/M01/telemetry', ... (359 bytes))
1785215605: Sending PUBLISH to auto-458E2A0E-A54A-09C7-325B-4DCD32FF54A7 (d0, q0, r0, m0, 'resq/M01/telemetry', ... (359 bytes))
1785215605: Received PUBLISH from resq-firmware-sim-M01-ms471s3o (d0, q0, r0, m0, 'resq/M01/telemetry', ... (359 bytes))
1785215605: Sending PUBLISH to hub-api-live-registry-1785215101795 (d0, q0, r0, m0, 'resq/M01/telemetry', ... (359 bytes))
1785215605: Sending PUBLISH to auto-458E2A0E-A54A-09C7-325B-4DCD32FF54A7 (d0, q0, r0, m0, 'resq/M01/telemetry', ... (359 bytes))
1785215605: Received PUBLISH from resq-firmware-sim-M01-ms471s3o (d0, q0, r0, m0, 'resq/M01/telemetry', ... (359 bytes))
1785215605: Sending PUBLISH to hub-api-live-registry-1785215101795 (d0, q0, r0, m0, 'resq/M01/telemetry', ... (359 bytes))
1785215605: Sending PUBLISH to auto-458E2A0E-A54A-09C7-325B-4DCD32FF54A7 (d0, q0, r0, m0, 'resq/M01/telemetry', ... (359 bytes))
1785215606: Received PUBLISH from resq-firmware-sim-M01-ms471s3o (d0, q0, r0, m0, 'resq/M01/heartbeat', ... (221 bytes))
1785215606: Sending PUBLISH to hub-api-live-registry-1785215101795 (d0, q0, r0, m0, 'resq/M01/heartbeat', ... (221 bytes))
1785215606: Sending PUBLISH to auto-458E2A0E-A54A-09C7-325B-4DCD32FF54A7 (d0, q0, r0, m0, 'resq/M01/heartbeat', ... (221 bytes))
1785215606: Received PUBLISH from resq-firmware-sim-M01-ms471s3o (d0, q0, r0, m0, 'resq/M01/telemetry', ... (358 bytes))
1785215606: Sending PUBLISH to hub-api-live-registry-1785215101795 (d0, q0, r0, m0, 'resq/M01/telemetry', ... (358 bytes))
1785215606: Sending PUBLISH to auto-458E2A0E-A54A-09C7-325B-4DCD32FF54A7 (d0, q0, r0, m0, 'resq/M01/telemetry', ... (358 bytes))
1785215606: Received PUBLISH from resq-firmware-sim-M01-ms471s3o (d0, q0, r0, m0, 'resq/M01/telemetry', ... (357 bytes))
1785215606: Sending PUBLISH to hub-api-live-registry-1785215101795 (d0, q0, r0, m0, 'resq/M01/telemetry', ... (357 bytes))
1785215606: Sending PUBLISH to auto-458E2A0E-A54A-09C7-325B-4DCD32FF54A7 (d0, q0, r0, m0, 'resq/M01/telemetry', ... (357 bytes))
1785215606: Received PUBLISH from resq-firmware-sim-M01-ms471s3o (d0, q0, r0, m0, 'resq/M01/telemetry', ... (360 bytes))
1785215606: Sending PUBLISH to hub-api-live-registry-1785215101795 (d0, q0, r0, m0, 'resq/M01/telemetry', ... (360 bytes))
1785215606: Sending PUBLISH to auto-458E2A0E-A54A-09C7-325B-4DCD32FF54A7 (d0, q0, r0, m0, 'resq/M01/telemetry', ... (360 bytes))
1785215606: Received PUBLISH from resq-firmware-sim-M01-ms471s3o (d0, q0, r0, m0, 'resq/M01/telemetry', ... (359 bytes))
1785215606: Sending PUBLISH to hub-api-live-registry-1785215101795 (d0, q0, r0, m0, 'resq/M01/telemetry', ... (359 bytes))
1785215606: Sending PUBLISH to auto-458E2A0E-A54A-09C7-325B-4DCD32FF54A7 (d0, q0, r0, m0, 'resq/M01/telemetry', ... (359 bytes))
1785215607: Received PUBLISH from resq-firmware-sim-M01-ms471s3o (d0, q0, r0, m0, 'resq/M01/telemetry', ... (360 bytes))
1785215607: Sending PUBLISH to hub-api-live-registry-1785215101795 (d0, q0, r0, m0, 'resq/M01/telemetry', ... (360 bytes))
1785215607: Sending PUBLISH to auto-458E2A0E-A54A-09C7-325B-4DCD32FF54A7 (d0, q0, r0, m0, 'resq/M01/telemetry', ... (360 bytes))
1785215607: Received PUBLISH from resq-firmware-sim-M01-ms471s3o (d0, q0, r0, m0, 'resq/M01/heartbeat', ... (221 bytes))
1785215607: Sending PUBLISH to hub-api-live-registry-1785215101795 (d0, q0, r0, m0, 'resq/M01/heartbeat', ... (221 bytes))
1785215607: Sending PUBLISH to auto-458E2A0E-A54A-09C7-325B-4DCD32FF54A7 (d0, q0, r0, m0, 'resq/M01/heartbeat', ... (221 bytes))
1785215607: Received PUBLISH from resq-firmware-sim-M01-ms471s3o (d0, q0, r0, m0, 'resq/M01/telemetry', ... (357 bytes))
1785215607: Sending PUBLISH to hub-api-live-registry-1785215101795 (d0, q0, r0, m0, 'resq/M01/telemetry', ... (357 bytes))
1785215607: Sending PUBLISH to auto-458E2A0E-A54A-09C7-325B-4DCD32FF54A7 (d0, q0, r0, m0, 'resq/M01/telemetry', ... (357 bytes))
1785215607: Received PUBLISH from resq-firmware-sim-M01-ms471s3o (d0, q0, r0, m0, 'resq/M01/telemetry', ... (359 bytes))
1785215607: Sending PUBLISH to hub-api-live-registry-1785215101795 (d0, q0, r0, m0, 'resq/M01/telemetry', ... (359 bytes))
1785215607: Sending PUBLISH to auto-458E2A0E-A54A-09C7-325B-4DCD32FF54A7 (d0, q0, r0, m0, 'resq/M01/telemetry', ... (359 bytes))
1785215607: Received PUBLISH from resq-firmware-sim-M01-ms471s3o (d0, q0, r0, m0, 'resq/M01/telemetry', ... (359 bytes))
1785215607: Sending PUBLISH to hub-api-live-registry-1785215101795 (d0, q0, r0, m0, 'resq/M01/telemetry', ... (359 bytes))
1785215607: Sending PUBLISH to auto-458E2A0E-A54A-09C7-325B-4DCD32FF54A7 (d0, q0, r0, m0, 'resq/M01/telemetry', ... (359 bytes))
1785215607: Received PUBLISH from resq-firmware-sim-M01-ms471s3o (d0, q0, r0, m0, 'resq/M01/telemetry', ... (358 bytes))
1785215607: Sending PUBLISH to hub-api-live-registry-1785215101795 (d0, q0, r0, m0, 'resq/M01/telemetry', ... (358 bytes))
1785215607: Sending PUBLISH to auto-458E2A0E-A54A-09C7-325B-4DCD32FF54A7 (d0, q0, r0, m0, 'resq/M01/telemetry', ... (358 bytes))
1785215608: Received PUBLISH from resq-firmware-sim-M01-ms471s3o (d0, q0, r0, m0, 'resq/M01/telemetry', ... (358 bytes))
1785215608: Sending PUBLISH to hub-api-live-registry-1785215101795 (d0, q0, r0, m0, 'resq/M01/telemetry', ... (358 bytes))
1785215608: Sending PUBLISH to auto-458E2A0E-A54A-09C7-325B-4DCD32FF54A7 (d0, q0, r0, m0, 'resq/M01/telemetry', ... (358 bytes))
1785215608: Received PUBLISH from resq-firmware-sim-M01-ms471s3o (d0, q0, r0, m0, 'resq/M01/heartbeat', ... (221 bytes))
1785215608: Sending PUBLISH to hub-api-live-registry-1785215101795 (d0, q0, r0, m0, 'resq/M01/heartbeat', ... (221 bytes))
1785215608: Sending PUBLISH to auto-458E2A0E-A54A-09C7-325B-4DCD32FF54A7 (d0, q0, r0, m0, 'resq/M01/heartbeat', ... (221 bytes))
1785215608: Received PUBLISH from resq-firmware-sim-M01-ms471s3o (d0, q0, r0, m0, 'resq/M01/telemetry', ... (359 bytes))
1785215608: Sending PUBLISH to hub-api-live-registry-1785215101795 (d0, q0, r0, m0, 'resq/M01/telemetry', ... (359 bytes))
1785215608: Sending PUBLISH to auto-458E2A0E-A54A-09C7-325B-4DCD32FF54A7 (d0, q0, r0, m0, 'resq/M01/telemetry', ... (359 bytes))
1785215608: Received PUBLISH from resq-firmware-sim-M01-ms471s3o (d0, q0, r0, m0, 'resq/M01/telemetry', ... (360 bytes))
1785215608: Sending PUBLISH to hub-api-live-registry-1785215101795 (d0, q0, r0, m0, 'resq/M01/telemetry', ... (360 bytes))
1785215608: Sending PUBLISH to auto-458E2A0E-A54A-09C7-325B-4DCD32FF54A7 (d0, q0, r0, m0, 'resq/M01/telemetry', ... (360 bytes))
1785215608: Received PUBLISH from resq-firmware-sim-M01-ms471s3o (d0, q0, r0, m0, 'resq/M01/telemetry', ... (360 bytes))
1785215608: Sending PUBLISH to hub-api-live-registry-1785215101795 (d0, q0, r0, m0, 'resq/M01/telemetry', ... (360 bytes))
1785215608: Sending PUBLISH to auto-458E2A0E-A54A-09C7-325B-4DCD32FF54A7 (d0, q0, r0, m0, 'resq/M01/telemetry', ... (360 bytes))
1785215608: Received PUBLISH from resq-firmware-sim-M01-ms471s3o (d0, q0, r0, m0, 'resq/M01/telemetry', ... (359 bytes))
1785215608: Sending PUBLISH to hub-api-live-registry-1785215101795 (d0, q0, r0, m0, 'resq/M01/telemetry', ... (359 bytes))
1785215608: Sending PUBLISH to auto-458E2A0E-A54A-09C7-325B-4DCD32FF54A7 (d0, q0, r0, m0, 'resq/M01/telemetry', ... (359 bytes))
1785215609: Received PUBLISH from resq-firmware-sim-M01-ms471s3o (d0, q0, r0, m0, 'resq/M01/heartbeat', ... (221 bytes))
1785215609: Sending PUBLISH to hub-api-live-registry-1785215101795 (d0, q0, r0, m0, 'resq/M01/heartbeat', ... (221 bytes))
1785215609: Sending PUBLISH to auto-458E2A0E-A54A-09C7-325B-4DCD32FF54A7 (d0, q0, r0, m0, 'resq/M01/heartbeat', ... (221 bytes))
1785215609: Received PUBLISH from resq-firmware-sim-M01-ms471s3o (d0, q0, r0, m0, 'resq/M01/telemetry', ... (360 bytes))
1785215609: Sending PUBLISH to hub-api-live-registry-1785215101795 (d0, q0, r0, m0, 'resq/M01/telemetry', ... (360 bytes))
1785215609: Sending PUBLISH to auto-458E2A0E-A54A-09C7-325B-4DCD32FF54A7 (d0, q0, r0, m0, 'resq/M01/telemetry', ... (360 bytes))
1785215609: Received PUBLISH from resq-firmware-sim-M01-ms471s3o (d0, q0, r0, m0, 'resq/M01/telemetry', ... (359 bytes))
1785215609: Sending PUBLISH to hub-api-live-registry-1785215101795 (d0, q0, r0, m0, 'resq/M01/telemetry', ... (359 bytes))
1785215609: Sending PUBLISH to auto-458E2A0E-A54A-09C7-325B-4DCD32FF54A7 (d0, q0, r0, m0, 'resq/M01/telemetry', ... (359 bytes))
1785215609: Received PUBLISH from resq-firmware-sim-M01-ms471s3o (d0, q0, r0, m0, 'resq/M01/telemetry', ... (359 bytes))
1785215609: Sending PUBLISH to hub-api-live-registry-1785215101795 (d0, q0, r0, m0, 'resq/M01/telemetry', ... (359 bytes))
1785215609: Sending PUBLISH to auto-458E2A0E-A54A-09C7-325B-4DCD32FF54A7 (d0, q0, r0, m0, 'resq/M01/telemetry', ... (359 bytes))
1785215609: Received PUBLISH from resq-firmware-sim-M01-ms471s3o (d0, q0, r0, m0, 'resq/M01/telemetry', ... (357 bytes))
1785215609: Sending PUBLISH to hub-api-live-registry-1785215101795 (d0, q0, r0, m0, 'resq/M01/telemetry', ... (357 bytes))
1785215609: Sending PUBLISH to auto-458E2A0E-A54A-09C7-325B-4DCD32FF54A7 (d0, q0, r0, m0, 'resq/M01/telemetry', ... (357 bytes))
1785215609: Received PUBLISH from resq-firmware-sim-M01-ms471s3o (d0, q0, r0, m0, 'resq/M01/telemetry', ... (359 bytes))
1785215609: Sending PUBLISH to hub-api-live-registry-1785215101795 (d0, q0, r0, m0, 'resq/M01/telemetry', ... (359 bytes))
1785215609: Sending PUBLISH to auto-458E2A0E-A54A-09C7-325B-4DCD32FF54A7 (d0, q0, r0, m0, 'resq/M01/telemetry', ... (359 bytes))
1785215610: Received PUBLISH from resq-firmware-sim-M01-ms471s3o (d0, q0, r0, m0, 'resq/M01/heartbeat', ... (221 bytes))
1785215610: Sending PUBLISH to hub-api-live-registry-1785215101795 (d0, q0, r0, m0, 'resq/M01/heartbeat', ... (221 bytes))
1785215610: Sending PUBLISH to auto-458E2A0E-A54A-09C7-325B-4DCD32FF54A7 (d0, q0, r0, m0, 'resq/M01/heartbeat', ... (221 bytes))
1785215610: Received PUBLISH from resq-firmware-sim-M01-ms471s3o (d0, q0, r0, m0, 'resq/M01/telemetry', ... (359 bytes))
1785215610: Sending PUBLISH to hub-api-live-registry-1785215101795 (d0, q0, r0, m0, 'resq/M01/telemetry', ... (359 bytes))
1785215610: Sending PUBLISH to auto-458E2A0E-A54A-09C7-325B-4DCD32FF54A7 (d0, q0, r0, m0, 'resq/M01/telemetry', ... (359 bytes))
1785215610: Received PUBLISH from resq-firmware-sim-M01-ms471s3o (d0, q0, r0, m0, 'resq/M01/telemetry', ... (359 bytes))
1785215610: Sending PUBLISH to hub-api-live-registry-1785215101795 (d0, q0, r0, m0, 'resq/M01/telemetry', ... (359 bytes))
1785215610: Sending PUBLISH to auto-458E2A0E-A54A-09C7-325B-4DCD32FF54A7 (d0, q0, r0, m0, 'resq/M01/telemetry', ... (359 bytes))
1785215610: Received PUBLISH from resq-firmware-sim-M01-ms471s3o (d0, q0, r0, m0, 'resq/M01/telemetry', ... (360 bytes))
1785215610: Sending PUBLISH to hub-api-live-registry-1785215101795 (d0, q0, r0, m0, 'resq/M01/telemetry', ... (360 bytes))
1785215610: Sending PUBLISH to auto-458E2A0E-A54A-09C7-325B-4DCD32FF54A7 (d0, q0, r0, m0, 'resq/M01/telemetry', ... (360 bytes))
1785215610: Received PUBLISH from resq-firmware-sim-M01-ms471s3o (d0, q0, r0, m0, 'resq/M01/telemetry', ... (360 bytes))
1785215610: Sending PUBLISH to hub-api-live-registry-1785215101795 (d0, q0, r0, m0, 'resq/M01/telemetry', ... (360 bytes))
1785215610: Sending PUBLISH to auto-458E2A0E-A54A-09C7-325B-4DCD32FF54A7 (d0, q0, r0, m0, 'resq/M01/telemetry', ... (360 bytes))
1785215610: Received PUBLISH from resq-firmware-sim-M01-ms471s3o (d0, q0, r0, m0, 'resq/M01/telemetry', ... (360 bytes))
1785215610: Sending PUBLISH to hub-api-live-registry-1785215101795 (d0, q0, r0, m0, 'resq/M01/telemetry', ... (360 bytes))
1785215610: Sending PUBLISH to auto-458E2A0E-A54A-09C7-325B-4DCD32FF54A7 (d0, q0, r0, m0, 'resq/M01/telemetry', ... (360 bytes))
1785215611: Received PUBLISH from resq-firmware-sim-M01-ms471s3o (d0, q0, r0, m0, 'resq/M01/heartbeat', ... (221 bytes))
1785215611: Sending PUBLISH to hub-api-live-registry-1785215101795 (d0, q0, r0, m0, 'resq/M01/heartbeat', ... (221 bytes))
1785215611: Sending PUBLISH to auto-458E2A0E-A54A-09C7-325B-4DCD32FF54A7 (d0, q0, r0, m0, 'resq/M01/heartbeat', ... (221 bytes))
1785215611: Received PUBLISH from resq-firmware-sim-M01-ms471s3o (d0, q0, r0, m0, 'resq/M01/telemetry', ... (359 bytes))
1785215611: Sending PUBLISH to hub-api-live-registry-1785215101795 (d0, q0, r0, m0, 'resq/M01/telemetry', ... (359 bytes))
1785215611: Sending PUBLISH to auto-458E2A0E-A54A-09C7-325B-4DCD32FF54A7 (d0, q0, r0, m0, 'resq/M01/telemetry', ... (359 bytes))
1785215611: Received PUBLISH from resq-firmware-sim-M01-ms471s3o (d0, q0, r0, m0, 'resq/M01/telemetry', ... (358 bytes))
1785215611: Sending PUBLISH to hub-api-live-registry-1785215101795 (d0, q0, r0, m0, 'resq/M01/telemetry', ... (358 bytes))
1785215611: Sending PUBLISH to auto-458E2A0E-A54A-09C7-325B-4DCD32FF54A7 (d0, q0, r0, m0, 'resq/M01/telemetry', ... (358 bytes))
1785215611: Received PUBLISH from resq-firmware-sim-M01-ms471s3o (d0, q0, r0, m0, 'resq/M01/telemetry', ... (359 bytes))
1785215611: Sending PUBLISH to hub-api-live-registry-1785215101795 (d0, q0, r0, m0, 'resq/M01/telemetry', ... (359 bytes))
1785215611: Sending PUBLISH to auto-458E2A0E-A54A-09C7-325B-4DCD32FF54A7 (d0, q0, r0, m0, 'resq/M01/telemetry', ... (359 bytes))
1785215611: Received PUBLISH from resq-firmware-sim-M01-ms471s3o (d0, q0, r0, m0, 'resq/M01/telemetry', ... (359 bytes))
1785215611: Sending PUBLISH to hub-api-live-registry-1785215101795 (d0, q0, r0, m0, 'resq/M01/telemetry', ... (359 bytes))
1785215611: Sending PUBLISH to auto-458E2A0E-A54A-09C7-325B-4DCD32FF54A7 (d0, q0, r0, m0, 'resq/M01/telemetry', ... (359 bytes))
1785215611: Received PUBLISH from resq-firmware-sim-M01-ms471s3o (d0, q0, r0, m0, 'resq/M01/telemetry', ... (358 bytes))
1785215611: Sending PUBLISH to hub-api-live-registry-1785215101795 (d0, q0, r0, m0, 'resq/M01/telemetry', ... (358 bytes))
1785215611: Sending PUBLISH to auto-458E2A0E-A54A-09C7-325B-4DCD32FF54A7 (d0, q0, r0, m0, 'resq/M01/telemetry', ... (358 bytes))
1785215612: Received PUBLISH from resq-firmware-sim-M01-ms471s3o (d0, q0, r0, m0, 'resq/M01/heartbeat', ... (221 bytes))
1785215612: Sending PUBLISH to hub-api-live-registry-1785215101795 (d0, q0, r0, m0, 'resq/M01/heartbeat', ... (221 bytes))
1785215612: Sending PUBLISH to auto-458E2A0E-A54A-09C7-325B-4DCD32FF54A7 (d0, q0, r0, m0, 'resq/M01/heartbeat', ... (221 bytes))
1785215612: Received PUBLISH from resq-firmware-sim-M01-ms471s3o (d0, q0, r0, m0, 'resq/M01/telemetry', ... (359 bytes))
1785215612: Sending PUBLISH to hub-api-live-registry-1785215101795 (d0, q0, r0, m0, 'resq/M01/telemetry', ... (359 bytes))
1785215612: Sending PUBLISH to auto-458E2A0E-A54A-09C7-325B-4DCD32FF54A7 (d0, q0, r0, m0, 'resq/M01/telemetry', ... (359 bytes))
1785215612: Received PUBLISH from resq-firmware-sim-M01-ms471s3o (d0, q0, r0, m0, 'resq/M01/telemetry', ... (360 bytes))
1785215612: Sending PUBLISH to hub-api-live-registry-1785215101795 (d0, q0, r0, m0, 'resq/M01/telemetry', ... (360 bytes))
1785215612: Sending PUBLISH to auto-458E2A0E-A54A-09C7-325B-4DCD32FF54A7 (d0, q0, r0, m0, 'resq/M01/telemetry', ... (360 bytes))
1785215612: Received PUBLISH from resq-firmware-sim-M01-ms471s3o (d0, q0, r0, m0, 'resq/M01/telemetry', ... (359 bytes))
1785215612: Sending PUBLISH to hub-api-live-registry-1785215101795 (d0, q0, r0, m0, 'resq/M01/telemetry', ... (359 bytes))
1785215612: Sending PUBLISH to auto-458E2A0E-A54A-09C7-325B-4DCD32FF54A7 (d0, q0, r0, m0, 'resq/M01/telemetry', ... (359 bytes))
1785215612: Received PUBLISH from resq-firmware-sim-M01-ms471s3o (d0, q0, r0, m0, 'resq/M01/telemetry', ... (360 bytes))
1785215612: Sending PUBLISH to hub-api-live-registry-1785215101795 (d0, q0, r0, m0, 'resq/M01/telemetry', ... (360 bytes))
1785215612: Sending PUBLISH to auto-458E2A0E-A54A-09C7-325B-4DCD32FF54A7 (d0, q0, r0, m0, 'resq/M01/telemetry', ... (360 bytes))
1785215613: Received PUBLISH from resq-firmware-sim-M01-ms471s3o (d0, q0, r0, m0, 'resq/M01/telemetry', ... (360 bytes))
1785215613: Sending PUBLISH to hub-api-live-registry-1785215101795 (d0, q0, r0, m0, 'resq/M01/telemetry', ... (360 bytes))
1785215613: Sending PUBLISH to auto-458E2A0E-A54A-09C7-325B-4DCD32FF54A7 (d0, q0, r0, m0, 'resq/M01/telemetry', ... (360 bytes))
1785215613: Received PUBLISH from resq-firmware-sim-M01-ms471s3o (d0, q0, r0, m0, 'resq/M01/heartbeat', ... (221 bytes))
1785215613: Sending PUBLISH to hub-api-live-registry-1785215101795 (d0, q0, r0, m0, 'resq/M01/heartbeat', ... (221 bytes))
1785215613: Sending PUBLISH to auto-458E2A0E-A54A-09C7-325B-4DCD32FF54A7 (d0, q0, r0, m0, 'resq/M01/heartbeat', ... (221 bytes))
1785215613: Received PUBLISH from resq-firmware-sim-M01-ms471s3o (d0, q0, r0, m0, 'resq/M01/telemetry', ... (358 bytes))
1785215613: Sending PUBLISH to hub-api-live-registry-1785215101795 (d0, q0, r0, m0, 'resq/M01/telemetry', ... (358 bytes))
1785215613: Sending PUBLISH to auto-458E2A0E-A54A-09C7-325B-4DCD32FF54A7 (d0, q0, r0, m0, 'resq/M01/telemetry', ... (358 bytes))
1785215613: Received PUBLISH from resq-firmware-sim-M01-ms471s3o (d0, q0, r0, m0, 'resq/M01/telemetry', ... (358 bytes))
1785215613: Sending PUBLISH to hub-api-live-registry-1785215101795 (d0, q0, r0, m0, 'resq/M01/telemetry', ... (358 bytes))
1785215613: Sending PUBLISH to auto-458E2A0E-A54A-09C7-325B-4DCD32FF54A7 (d0, q0, r0, m0, 'resq/M01/telemetry', ... (358 bytes))
1785215613: Received PUBLISH from resq-firmware-sim-M01-ms471s3o (d0, q0, r0, m0, 'resq/M01/telemetry', ... (359 bytes))
1785215613: Sending PUBLISH to hub-api-live-registry-1785215101795 (d0, q0, r0, m0, 'resq/M01/telemetry', ... (359 bytes))
1785215613: Sending PUBLISH to auto-458E2A0E-A54A-09C7-325B-4DCD32FF54A7 (d0, q0, r0, m0, 'resq/M01/telemetry', ... (359 bytes))
1785215613: Received PUBLISH from resq-firmware-sim-M01-ms471s3o (d0, q0, r0, m0, 'resq/M01/telemetry', ... (359 bytes))
1785215613: Sending PUBLISH to hub-api-live-registry-1785215101795 (d0, q0, r0, m0, 'resq/M01/telemetry', ... (359 bytes))
1785215613: Sending PUBLISH to auto-458E2A0E-A54A-09C7-325B-4DCD32FF54A7 (d0, q0, r0, m0, 'resq/M01/telemetry', ... (359 bytes))
1785215614: Received PUBLISH from resq-firmware-sim-M01-ms471s3o (d0, q0, r0, m0, 'resq/M01/telemetry', ... (359 bytes))
1785215614: Sending PUBLISH to hub-api-live-registry-1785215101795 (d0, q0, r0, m0, 'resq/M01/telemetry', ... (359 bytes))
1785215614: Sending PUBLISH to auto-458E2A0E-A54A-09C7-325B-4DCD32FF54A7 (d0, q0, r0, m0, 'resq/M01/telemetry', ... (359 bytes))
1785215614: Received PUBLISH from resq-firmware-sim-M01-ms471s3o (d0, q0, r0, m0, 'resq/M01/heartbeat', ... (221 bytes))
1785215614: Sending PUBLISH to hub-api-live-registry-1785215101795 (d0, q0, r0, m0, 'resq/M01/heartbeat', ... (221 bytes))
1785215614: Sending PUBLISH to auto-458E2A0E-A54A-09C7-325B-4DCD32FF54A7 (d0, q0, r0, m0, 'resq/M01/heartbeat', ... (221 bytes))
1785215614: Received PUBLISH from resq-firmware-sim-M01-ms471s3o (d0, q0, r0, m0, 'resq/M01/telemetry', ... (358 bytes))
1785215614: Sending PUBLISH to hub-api-live-registry-1785215101795 (d0, q0, r0, m0, 'resq/M01/telemetry', ... (358 bytes))
1785215614: Sending PUBLISH to auto-458E2A0E-A54A-09C7-325B-4DCD32FF54A7 (d0, q0, r0, m0, 'resq/M01/telemetry', ... (358 bytes))
1785215614: Received PUBLISH from resq-firmware-sim-M01-ms471s3o (d0, q0, r0, m0, 'resq/M01/telemetry', ... (360 bytes))
1785215614: Sending PUBLISH to hub-api-live-registry-1785215101795 (d0, q0, r0, m0, 'resq/M01/telemetry', ... (360 bytes))
1785215614: Sending PUBLISH to auto-458E2A0E-A54A-09C7-325B-4DCD32FF54A7 (d0, q0, r0, m0, 'resq/M01/telemetry', ... (360 bytes))
1785215614: Received PUBLISH from resq-firmware-sim-M01-ms471s3o (d0, q0, r0, m0, 'resq/M01/telemetry', ... (360 bytes))
1785215614: Sending PUBLISH to hub-api-live-registry-1785215101795 (d0, q0, r0, m0, 'resq/M01/telemetry', ... (360 bytes))
1785215614: Sending PUBLISH to auto-458E2A0E-A54A-09C7-325B-4DCD32FF54A7 (d0, q0, r0, m0, 'resq/M01/telemetry', ... (360 bytes))
1785215614: Received PUBLISH from resq-firmware-sim-M01-ms471s3o (d0, q0, r0, m0, 'resq/M01/telemetry', ... (360 bytes))
1785215614: Sending PUBLISH to hub-api-live-registry-1785215101795 (d0, q0, r0, m0, 'resq/M01/telemetry', ... (360 bytes))
1785215614: Sending PUBLISH to auto-458E2A0E-A54A-09C7-325B-4DCD32FF54A7 (d0, q0, r0, m0, 'resq/M01/telemetry', ... (360 bytes))
1785215615: Received PUBLISH from resq-firmware-sim-M01-ms471s3o (d0, q0, r0, m0, 'resq/M01/telemetry', ... (358 bytes))
1785215615: Sending PUBLISH to hub-api-live-registry-1785215101795 (d0, q0, r0, m0, 'resq/M01/telemetry', ... (358 bytes))
1785215615: Sending PUBLISH to auto-458E2A0E-A54A-09C7-325B-4DCD32FF54A7 (d0, q0, r0, m0, 'resq/M01/telemetry', ... (358 bytes))
1785215615: Received PUBLISH from resq-firmware-sim-M01-ms471s3o (d0, q0, r0, m0, 'resq/M01/heartbeat', ... (221 bytes))
1785215615: Sending PUBLISH to hub-api-live-registry-1785215101795 (d0, q0, r0, m0, 'resq/M01/heartbeat', ... (221 bytes))
1785215615: Sending PUBLISH to auto-458E2A0E-A54A-09C7-325B-4DCD32FF54A7 (d0, q0, r0, m0, 'resq/M01/heartbeat', ... (221 bytes))
1785215615: Received PUBLISH from resq-firmware-sim-M01-ms471s3o (d0, q0, r0, m0, 'resq/M01/telemetry', ... (359 bytes))
1785215615: Sending PUBLISH to hub-api-live-registry-1785215101795 (d0, q0, r0, m0, 'resq/M01/telemetry', ... (359 bytes))
1785215615: Sending PUBLISH to auto-458E2A0E-A54A-09C7-325B-4DCD32FF54A7 (d0, q0, r0, m0, 'resq/M01/telemetry', ... (359 bytes))
1785215615: Received PUBLISH from resq-firmware-sim-M01-ms471s3o (d0, q0, r0, m0, 'resq/M01/telemetry', ... (359 bytes))
1785215615: Sending PUBLISH to hub-api-live-registry-1785215101795 (d0, q0, r0, m0, 'resq/M01/telemetry', ... (359 bytes))
1785215615: Sending PUBLISH to auto-458E2A0E-A54A-09C7-325B-4DCD32FF54A7 (d0, q0, r0, m0, 'resq/M01/telemetry', ... (359 bytes))
1785215615: Received PUBLISH from resq-firmware-sim-M01-ms471s3o (d0, q0, r0, m0, 'resq/M01/telemetry', ... (358 bytes))
1785215615: Sending PUBLISH to hub-api-live-registry-1785215101795 (d0, q0, r0, m0, 'resq/M01/telemetry', ... (358 bytes))
1785215615: Sending PUBLISH to auto-458E2A0E-A54A-09C7-325B-4DCD32FF54A7 (d0, q0, r0, m0, 'resq/M01/telemetry', ... (358 bytes))
1785215615: Received PUBLISH from resq-firmware-sim-M01-ms471s3o (d0, q0, r0, m0, 'resq/M01/telemetry', ... (357 bytes))
1785215615: Sending PUBLISH to hub-api-live-registry-1785215101795 (d0, q0, r0, m0, 'resq/M01/telemetry', ... (357 bytes))
1785215615: Sending PUBLISH to auto-458E2A0E-A54A-09C7-325B-4DCD32FF54A7 (d0, q0, r0, m0, 'resq/M01/telemetry', ... (357 bytes))
1785215616: Received PUBLISH from resq-firmware-sim-M01-ms471s3o (d0, q0, r0, m0, 'resq/M01/telemetry', ... (359 bytes))
1785215616: Sending PUBLISH to hub-api-live-registry-1785215101795 (d0, q0, r0, m0, 'resq/M01/telemetry', ... (359 bytes))
1785215616: Sending PUBLISH to auto-458E2A0E-A54A-09C7-325B-4DCD32FF54A7 (d0, q0, r0, m0, 'resq/M01/telemetry', ... (359 bytes))
1785215616: Received PUBLISH from resq-firmware-sim-M01-ms471s3o (d0, q0, r0, m0, 'resq/M01/heartbeat', ... (221 bytes))
1785215616: Sending PUBLISH to hub-api-live-registry-1785215101795 (d0, q0, r0, m0, 'resq/M01/heartbeat', ... (221 bytes))
1785215616: Sending PUBLISH to auto-458E2A0E-A54A-09C7-325B-4DCD32FF54A7 (d0, q0, r0, m0, 'resq/M01/heartbeat', ... (221 bytes))
1785215616: Received PUBLISH from resq-firmware-sim-M01-ms471s3o (d0, q0, r0, m0, 'resq/M01/telemetry', ... (360 bytes))
1785215616: Sending PUBLISH to hub-api-live-registry-1785215101795 (d0, q0, r0, m0, 'resq/M01/telemetry', ... (360 bytes))
1785215616: Sending PUBLISH to auto-458E2A0E-A54A-09C7-325B-4DCD32FF54A7 (d0, q0, r0, m0, 'resq/M01/telemetry', ... (360 bytes))
1785215616: Received PUBLISH from resq-firmware-sim-M01-ms471s3o (d0, q0, r0, m0, 'resq/M01/telemetry', ... (360 bytes))
1785215616: Sending PUBLISH to hub-api-live-registry-1785215101795 (d0, q0, r0, m0, 'resq/M01/telemetry', ... (360 bytes))
1785215616: Sending PUBLISH to auto-458E2A0E-A54A-09C7-325B-4DCD32FF54A7 (d0, q0, r0, m0, 'resq/M01/telemetry', ... (360 bytes))
1785215616: Received PUBLISH from resq-firmware-sim-M01-ms471s3o (d0, q0, r0, m0, 'resq/M01/telemetry', ... (360 bytes))
1785215616: Sending PUBLISH to hub-api-live-registry-1785215101795 (d0, q0, r0, m0, 'resq/M01/telemetry', ... (360 bytes))
1785215616: Sending PUBLISH to auto-458E2A0E-A54A-09C7-325B-4DCD32FF54A7 (d0, q0, r0, m0, 'resq/M01/telemetry', ... (360 bytes))
1785215616: Received PUBLISH from resq-firmware-sim-M01-ms471s3o (d0, q0, r0, m0, 'resq/M01/telemetry', ... (357 bytes))
1785215616: Sending PUBLISH to hub-api-live-registry-1785215101795 (d0, q0, r0, m0, 'resq/M01/telemetry', ... (357 bytes))
1785215616: Sending PUBLISH to auto-458E2A0E-A54A-09C7-325B-4DCD32FF54A7 (d0, q0, r0, m0, 'resq/M01/telemetry', ... (357 bytes))
1785215617: Received PUBLISH from resq-firmware-sim-M01-ms471s3o (d0, q0, r0, m0, 'resq/M01/heartbeat', ... (221 bytes))
1785215617: Sending PUBLISH to hub-api-live-registry-1785215101795 (d0, q0, r0, m0, 'resq/M01/heartbeat', ... (221 bytes))
1785215617: Sending PUBLISH to auto-458E2A0E-A54A-09C7-325B-4DCD32FF54A7 (d0, q0, r0, m0, 'resq/M01/heartbeat', ... (221 bytes))
1785215617: Received PUBLISH from resq-firmware-sim-M01-ms471s3o (d0, q0, r0, m0, 'resq/M01/telemetry', ... (359 bytes))
1785215617: Sending PUBLISH to hub-api-live-registry-1785215101795 (d0, q0, r0, m0, 'resq/M01/telemetry', ... (359 bytes))
1785215617: Sending PUBLISH to auto-458E2A0E-A54A-09C7-325B-4DCD32FF54A7 (d0, q0, r0, m0, 'resq/M01/telemetry', ... (359 bytes))
1785215617: Received PUBLISH from resq-firmware-sim-M01-ms471s3o (d0, q0, r0, m0, 'resq/M01/telemetry', ... (359 bytes))
1785215617: Sending PUBLISH to hub-api-live-registry-1785215101795 (d0, q0, r0, m0, 'resq/M01/telemetry', ... (359 bytes))
1785215617: Sending PUBLISH to auto-458E2A0E-A54A-09C7-325B-4DCD32FF54A7 (d0, q0, r0, m0, 'resq/M01/telemetry', ... (359 bytes))
1785215617: Received PUBLISH from resq-firmware-sim-M01-ms471s3o (d0, q0, r0, m0, 'resq/M01/telemetry', ... (358 bytes))
1785215617: Sending PUBLISH to hub-api-live-registry-1785215101795 (d0, q0, r0, m0, 'resq/M01/telemetry', ... (358 bytes))
1785215617: Sending PUBLISH to auto-458E2A0E-A54A-09C7-325B-4DCD32FF54A7 (d0, q0, r0, m0, 'resq/M01/telemetry', ... (358 bytes))
1785215617: Received PUBLISH from resq-firmware-sim-M01-ms471s3o (d0, q0, r0, m0, 'resq/M01/telemetry', ... (359 bytes))
1785215617: Sending PUBLISH to hub-api-live-registry-1785215101795 (d0, q0, r0, m0, 'resq/M01/telemetry', ... (359 bytes))
1785215617: Sending PUBLISH to auto-458E2A0E-A54A-09C7-325B-4DCD32FF54A7 (d0, q0, r0, m0, 'resq/M01/telemetry', ... (359 bytes))
1785215617: Received PUBLISH from resq-firmware-sim-M01-ms471s3o (d0, q0, r0, m0, 'resq/M01/telemetry', ... (358 bytes))
1785215617: Sending PUBLISH to hub-api-live-registry-1785215101795 (d0, q0, r0, m0, 'resq/M01/telemetry', ... (358 bytes))
1785215617: Sending PUBLISH to auto-458E2A0E-A54A-09C7-325B-4DCD32FF54A7 (d0, q0, r0, m0, 'resq/M01/telemetry', ... (358 bytes))
1785215618: Received PUBLISH from resq-firmware-sim-M01-ms471s3o (d0, q0, r0, m0, 'resq/M01/heartbeat', ... (221 bytes))
1785215618: Sending PUBLISH to hub-api-live-registry-1785215101795 (d0, q0, r0, m0, 'resq/M01/heartbeat', ... (221 bytes))
1785215618: Sending PUBLISH to auto-458E2A0E-A54A-09C7-325B-4DCD32FF54A7 (d0, q0, r0, m0, 'resq/M01/heartbeat', ... (221 bytes))
1785215618: Received PUBLISH from resq-firmware-sim-M01-ms471s3o (d0, q0, r0, m0, 'resq/M01/telemetry', ... (359 bytes))
1785215618: Sending PUBLISH to hub-api-live-registry-1785215101795 (d0, q0, r0, m0, 'resq/M01/telemetry', ... (359 bytes))
1785215618: Sending PUBLISH to auto-458E2A0E-A54A-09C7-325B-4DCD32FF54A7 (d0, q0, r0, m0, 'resq/M01/telemetry', ... (359 bytes))
1785215618: Received PUBLISH from resq-firmware-sim-M01-ms471s3o (d0, q0, r0, m0, 'resq/M01/telemetry', ... (360 bytes))
1785215618: Sending PUBLISH to hub-api-live-registry-1785215101795 (d0, q0, r0, m0, 'resq/M01/telemetry', ... (360 bytes))
1785215618: Sending PUBLISH to auto-458E2A0E-A54A-09C7-325B-4DCD32FF54A7 (d0, q0, r0, m0, 'resq/M01/telemetry', ... (360 bytes))
1785215618: Received PUBLISH from resq-firmware-sim-M01-ms471s3o (d0, q0, r0, m0, 'resq/M01/telemetry', ... (360 bytes))
1785215618: Sending PUBLISH to hub-api-live-registry-1785215101795 (d0, q0, r0, m0, 'resq/M01/telemetry', ... (360 bytes))
1785215618: Sending PUBLISH to auto-458E2A0E-A54A-09C7-325B-4DCD32FF54A7 (d0, q0, r0, m0, 'resq/M01/telemetry', ... (360 bytes))
1785215618: Received PUBLISH from resq-firmware-sim-M01-ms471s3o (d0, q0, r0, m0, 'resq/M01/telemetry', ... (360 bytes))
1785215618: Sending PUBLISH to hub-api-live-registry-1785215101795 (d0, q0, r0, m0, 'resq/M01/telemetry', ... (360 bytes))
1785215618: Sending PUBLISH to auto-458E2A0E-A54A-09C7-325B-4DCD32FF54A7 (d0, q0, r0, m0, 'resq/M01/telemetry', ... (360 bytes))
1785215619: Received PUBLISH from resq-firmware-sim-M01-ms471s3o (d0, q0, r0, m0, 'resq/M01/telemetry', ... (358 bytes))
1785215619: Sending PUBLISH to hub-api-live-registry-1785215101795 (d0, q0, r0, m0, 'resq/M01/telemetry', ... (358 bytes))
1785215619: Sending PUBLISH to auto-458E2A0E-A54A-09C7-325B-4DCD32FF54A7 (d0, q0, r0, m0, 'resq/M01/telemetry', ... (358 bytes))
1785215619: Received PUBLISH from resq-firmware-sim-M01-ms471s3o (d0, q0, r0, m0, 'resq/M01/heartbeat', ... (221 bytes))
1785215619: Sending PUBLISH to hub-api-live-registry-1785215101795 (d0, q0, r0, m0, 'resq/M01/heartbeat', ... (221 bytes))
1785215619: Sending PUBLISH to auto-458E2A0E-A54A-09C7-325B-4DCD32FF54A7 (d0, q0, r0, m0, 'resq/M01/heartbeat', ... (221 bytes))
1785215619: Received PUBLISH from resq-firmware-sim-M01-ms471s3o (d0, q0, r0, m0, 'resq/M01/telemetry', ... (359 bytes))
1785215619: Sending PUBLISH to hub-api-live-registry-1785215101795 (d0, q0, r0, m0, 'resq/M01/telemetry', ... (359 bytes))
1785215619: Sending PUBLISH to auto-458E2A0E-A54A-09C7-325B-4DCD32FF54A7 (d0, q0, r0, m0, 'resq/M01/telemetry', ... (359 bytes))
1785215619: Received PUBLISH from resq-firmware-sim-M01-ms471s3o (d0, q0, r0, m0, 'resq/M01/telemetry', ... (359 bytes))
1785215619: Sending PUBLISH to hub-api-live-registry-1785215101795 (d0, q0, r0, m0, 'resq/M01/telemetry', ... (359 bytes))
1785215619: Sending PUBLISH to auto-458E2A0E-A54A-09C7-325B-4DCD32FF54A7 (d0, q0, r0, m0, 'resq/M01/telemetry', ... (359 bytes))
1785215619: Received PUBLISH from resq-firmware-sim-M01-ms471s3o (d0, q0, r0, m0, 'resq/M01/telemetry', ... (359 bytes))
1785215619: Sending PUBLISH to hub-api-live-registry-1785215101795 (d0, q0, r0, m0, 'resq/M01/telemetry', ... (359 bytes))
1785215619: Sending PUBLISH to auto-458E2A0E-A54A-09C7-325B-4DCD32FF54A7 (d0, q0, r0, m0, 'resq/M01/telemetry', ... (359 bytes))
1785215619: Received PUBLISH from resq-firmware-sim-M01-ms471s3o (d0, q0, r0, m0, 'resq/M01/telemetry', ... (358 bytes))
1785215619: Sending PUBLISH to hub-api-live-registry-1785215101795 (d0, q0, r0, m0, 'resq/M01/telemetry', ... (358 bytes))
1785215619: Sending PUBLISH to auto-458E2A0E-A54A-09C7-325B-4DCD32FF54A7 (d0, q0, r0, m0, 'resq/M01/telemetry', ... (358 bytes))
1785215620: Received PUBLISH from resq-firmware-sim-M01-ms471s3o (d0, q0, r0, m0, 'resq/M01/telemetry', ... (359 bytes))
1785215620: Sending PUBLISH to hub-api-live-registry-1785215101795 (d0, q0, r0, m0, 'resq/M01/telemetry', ... (359 bytes))
1785215620: Sending PUBLISH to auto-458E2A0E-A54A-09C7-325B-4DCD32FF54A7 (d0, q0, r0, m0, 'resq/M01/telemetry', ... (359 bytes))
1785215620: Received PUBLISH from resq-firmware-sim-M01-ms471s3o (d0, q0, r0, m0, 'resq/M01/heartbeat', ... (221 bytes))
1785215620: Sending PUBLISH to hub-api-live-registry-1785215101795 (d0, q0, r0, m0, 'resq/M01/heartbeat', ... (221 bytes))
1785215620: Sending PUBLISH to auto-458E2A0E-A54A-09C7-325B-4DCD32FF54A7 (d0, q0, r0, m0, 'resq/M01/heartbeat', ... (221 bytes))
1785215620: Received PUBLISH from resq-firmware-sim-M01-ms471s3o (d0, q0, r0, m0, 'resq/M01/telemetry', ... (360 bytes))
1785215620: Sending PUBLISH to hub-api-live-registry-1785215101795 (d0, q0, r0, m0, 'resq/M01/telemetry', ... (360 bytes))
1785215620: Sending PUBLISH to auto-458E2A0E-A54A-09C7-325B-4DCD32FF54A7 (d0, q0, r0, m0, 'resq/M01/telemetry', ... (360 bytes))
1785215620: Received PUBLISH from resq-firmware-sim-M01-ms471s3o (d0, q0, r0, m0, 'resq/M01/telemetry', ... (360 bytes))
1785215620: Sending PUBLISH to hub-api-live-registry-1785215101795 (d0, q0, r0, m0, 'resq/M01/telemetry', ... (360 bytes))
1785215620: Sending PUBLISH to auto-458E2A0E-A54A-09C7-325B-4DCD32FF54A7 (d0, q0, r0, m0, 'resq/M01/telemetry', ... (360 bytes))
1785215620: Received PUBLISH from resq-firmware-sim-M01-ms471s3o (d0, q0, r0, m0, 'resq/M01/telemetry', ... (360 bytes))
1785215620: Sending PUBLISH to hub-api-live-registry-1785215101795 (d0, q0, r0, m0, 'resq/M01/telemetry', ... (360 bytes))
1785215620: Sending PUBLISH to auto-458E2A0E-A54A-09C7-325B-4DCD32FF54A7 (d0, q0, r0, m0, 'resq/M01/telemetry', ... (360 bytes))
1785215620: Received PUBLISH from resq-firmware-sim-M01-ms471s3o (d0, q0, r0, m0, 'resq/M01/telemetry', ... (359 bytes))
1785215620: Sending PUBLISH to hub-api-live-registry-1785215101795 (d0, q0, r0, m0, 'resq/M01/telemetry', ... (359 bytes))
1785215620: Sending PUBLISH to auto-458E2A0E-A54A-09C7-325B-4DCD32FF54A7 (d0, q0, r0, m0, 'resq/M01/telemetry', ... (359 bytes))
1785215621: Received PUBLISH from resq-firmware-sim-M01-ms471s3o (d0, q0, r0, m0, 'resq/M01/telemetry', ... (359 bytes))
1785215621: Sending PUBLISH to hub-api-live-registry-1785215101795 (d0, q0, r0, m0, 'resq/M01/telemetry', ... (359 bytes))
1785215621: Sending PUBLISH to auto-458E2A0E-A54A-09C7-325B-4DCD32FF54A7 (d0, q0, r0, m0, 'resq/M01/telemetry', ... (359 bytes))
1785215621: Received PUBLISH from resq-firmware-sim-M01-ms471s3o (d0, q0, r0, m0, 'resq/M01/heartbeat', ... (221 bytes))
1785215621: Sending PUBLISH to hub-api-live-registry-1785215101795 (d0, q0, r0, m0, 'resq/M01/heartbeat', ... (221 bytes))
1785215621: Sending PUBLISH to auto-458E2A0E-A54A-09C7-325B-4DCD32FF54A7 (d0, q0, r0, m0, 'resq/M01/heartbeat', ... (221 bytes))
1785215621: Received PUBLISH from resq-firmware-sim-M01-ms471s3o (d0, q0, r0, m0, 'resq/M01/telemetry', ... (359 bytes))
1785215621: Sending PUBLISH to hub-api-live-registry-1785215101795 (d0, q0, r0, m0, 'resq/M01/telemetry', ... (359 bytes))
1785215621: Sending PUBLISH to auto-458E2A0E-A54A-09C7-325B-4DCD32FF54A7 (d0, q0, r0, m0, 'resq/M01/telemetry', ... (359 bytes))
1785215621: Received PUBLISH from resq-firmware-sim-M01-ms471s3o (d0, q0, r0, m0, 'resq/M01/telemetry', ... (359 bytes))
1785215621: Sending PUBLISH to hub-api-live-registry-1785215101795 (d0, q0, r0, m0, 'resq/M01/telemetry', ... (359 bytes))
1785215621: Sending PUBLISH to auto-458E2A0E-A54A-09C7-325B-4DCD32FF54A7 (d0, q0, r0, m0, 'resq/M01/telemetry', ... (359 bytes))
1785215621: Received PUBLISH from resq-firmware-sim-M01-ms471s3o (d0, q0, r0, m0, 'resq/M01/telemetry', ... (359 bytes))
1785215621: Sending PUBLISH to hub-api-live-registry-1785215101795 (d0, q0, r0, m0, 'resq/M01/telemetry', ... (359 bytes))
1785215621: Sending PUBLISH to auto-458E2A0E-A54A-09C7-325B-4DCD32FF54A7 (d0, q0, r0, m0, 'resq/M01/telemetry', ... (359 bytes))
1785215621: Received PUBLISH from resq-firmware-sim-M01-ms471s3o (d0, q0, r0, m0, 'resq/M01/telemetry', ... (357 bytes))
1785215621: Sending PUBLISH to hub-api-live-registry-1785215101795 (d0, q0, r0, m0, 'resq/M01/telemetry', ... (357 bytes))
1785215621: Sending PUBLISH to auto-458E2A0E-A54A-09C7-325B-4DCD32FF54A7 (d0, q0, r0, m0, 'resq/M01/telemetry', ... (357 bytes))
1785215622: Received PUBLISH from resq-firmware-sim-M01-ms471s3o (d0, q0, r0, m0, 'resq/M01/telemetry', ... (360 bytes))
1785215622: Sending PUBLISH to hub-api-live-registry-1785215101795 (d0, q0, r0, m0, 'resq/M01/telemetry', ... (360 bytes))
1785215622: Sending PUBLISH to auto-458E2A0E-A54A-09C7-325B-4DCD32FF54A7 (d0, q0, r0, m0, 'resq/M01/telemetry', ... (360 bytes))
1785215622: Received PUBLISH from resq-firmware-sim-M01-ms471s3o (d0, q0, r0, m0, 'resq/M01/heartbeat', ... (221 bytes))
1785215622: Sending PUBLISH to hub-api-live-registry-1785215101795 (d0, q0, r0, m0, 'resq/M01/heartbeat', ... (221 bytes))
1785215622: Sending PUBLISH to auto-458E2A0E-A54A-09C7-325B-4DCD32FF54A7 (d0, q0, r0, m0, 'resq/M01/heartbeat', ... (221 bytes))
1785215622: Received PUBLISH from resq-firmware-sim-M01-ms471s3o (d0, q0, r0, m0, 'resq/M01/telemetry', ... (360 bytes))
1785215622: Sending PUBLISH to hub-api-live-registry-1785215101795 (d0, q0, r0, m0, 'resq/M01/telemetry', ... (360 bytes))
1785215622: Sending PUBLISH to auto-458E2A0E-A54A-09C7-325B-4DCD32FF54A7 (d0, q0, r0, m0, 'resq/M01/telemetry', ... (360 bytes))
1785215622: Received PUBLISH from resq-firmware-sim-M01-ms471s3o (d0, q0, r0, m0, 'resq/M01/telemetry', ... (358 bytes))
1785215622: Sending PUBLISH to hub-api-live-registry-1785215101795 (d0, q0, r0, m0, 'resq/M01/telemetry', ... (358 bytes))
1785215622: Sending PUBLISH to auto-458E2A0E-A54A-09C7-325B-4DCD32FF54A7 (d0, q0, r0, m0, 'resq/M01/telemetry', ... (358 bytes))
1785215622: Received PUBLISH from resq-firmware-sim-M01-ms471s3o (d0, q0, r0, m0, 'resq/M01/telemetry', ... (360 bytes))
1785215622: Sending PUBLISH to hub-api-live-registry-1785215101795 (d0, q0, r0, m0, 'resq/M01/telemetry', ... (360 bytes))
1785215622: Sending PUBLISH to auto-458E2A0E-A54A-09C7-325B-4DCD32FF54A7 (d0, q0, r0, m0, 'resq/M01/telemetry', ... (360 bytes))
1785215622: Received PUBLISH from resq-firmware-sim-M01-ms471s3o (d0, q0, r0, m0, 'resq/M01/telemetry', ... (358 bytes))
1785215622: Sending PUBLISH to hub-api-live-registry-1785215101795 (d0, q0, r0, m0, 'resq/M01/telemetry', ... (358 bytes))
1785215622: Sending PUBLISH to auto-458E2A0E-A54A-09C7-325B-4DCD32FF54A7 (d0, q0, r0, m0, 'resq/M01/telemetry', ... (358 bytes))
1785215623: Received PUBLISH from resq-firmware-sim-M01-ms471s3o (d0, q0, r0, m0, 'resq/M01/telemetry', ... (359 bytes))
1785215623: Sending PUBLISH to hub-api-live-registry-1785215101795 (d0, q0, r0, m0, 'resq/M01/telemetry', ... (359 bytes))
1785215623: Sending PUBLISH to auto-458E2A0E-A54A-09C7-325B-4DCD32FF54A7 (d0, q0, r0, m0, 'resq/M01/telemetry', ... (359 bytes))
1785215623: Received PUBLISH from resq-firmware-sim-M01-ms471s3o (d0, q0, r0, m0, 'resq/M01/heartbeat', ... (221 bytes))
1785215623: Sending PUBLISH to hub-api-live-registry-1785215101795 (d0, q0, r0, m0, 'resq/M01/heartbeat', ... (221 bytes))
1785215623: Sending PUBLISH to auto-458E2A0E-A54A-09C7-325B-4DCD32FF54A7 (d0, q0, r0, m0, 'resq/M01/heartbeat', ... (221 bytes))
1785215623: Received PUBLISH from resq-firmware-sim-M01-ms471s3o (d0, q0, r0, m0, 'resq/M01/telemetry', ... (359 bytes))
1785215623: Sending PUBLISH to hub-api-live-registry-1785215101795 (d0, q0, r0, m0, 'resq/M01/telemetry', ... (359 bytes))
1785215623: Sending PUBLISH to auto-458E2A0E-A54A-09C7-325B-4DCD32FF54A7 (d0, q0, r0, m0, 'resq/M01/telemetry', ... (359 bytes))
1785215623: Received PUBLISH from resq-firmware-sim-M01-ms471s3o (d0, q0, r0, m0, 'resq/M01/telemetry', ... (359 bytes))
1785215623: Sending PUBLISH to hub-api-live-registry-1785215101795 (d0, q0, r0, m0, 'resq/M01/telemetry', ... (359 bytes))
1785215623: Sending PUBLISH to auto-458E2A0E-A54A-09C7-325B-4DCD32FF54A7 (d0, q0, r0, m0, 'resq/M01/telemetry', ... (359 bytes))
1785215623: Received PUBLISH from resq-firmware-sim-M01-ms471s3o (d0, q0, r0, m0, 'resq/M01/telemetry', ... (359 bytes))
1785215623: Sending PUBLISH to hub-api-live-registry-1785215101795 (d0, q0, r0, m0, 'resq/M01/telemetry', ... (359 bytes))
1785215623: Sending PUBLISH to auto-458E2A0E-A54A-09C7-325B-4DCD32FF54A7 (d0, q0, r0, m0, 'resq/M01/telemetry', ... (359 bytes))
1785215623: Received PUBLISH from resq-firmware-sim-M01-ms471s3o (d0, q0, r0, m0, 'resq/M01/telemetry', ... (359 bytes))
1785215623: Sending PUBLISH to hub-api-live-registry-1785215101795 (d0, q0, r0, m0, 'resq/M01/telemetry', ... (359 bytes))
1785215623: Sending PUBLISH to auto-458E2A0E-A54A-09C7-325B-4DCD32FF54A7 (d0, q0, r0, m0, 'resq/M01/telemetry', ... (359 bytes))
1785215624: Received PUBLISH from resq-firmware-sim-M01-ms471s3o (d0, q0, r0, m0, 'resq/M01/telemetry', ... (359 bytes))
1785215624: Sending PUBLISH to hub-api-live-registry-1785215101795 (d0, q0, r0, m0, 'resq/M01/telemetry', ... (359 bytes))
1785215624: Sending PUBLISH to auto-458E2A0E-A54A-09C7-325B-4DCD32FF54A7 (d0, q0, r0, m0, 'resq/M01/telemetry', ... (359 bytes))
1785215624: Received PUBLISH from resq-firmware-sim-M01-ms471s3o (d0, q0, r0, m0, 'resq/M01/heartbeat', ... (221 bytes))
1785215624: Sending PUBLISH to hub-api-live-registry-1785215101795 (d0, q0, r0, m0, 'resq/M01/heartbeat', ... (221 bytes))
1785215624: Sending PUBLISH to auto-458E2A0E-A54A-09C7-325B-4DCD32FF54A7 (d0, q0, r0, m0, 'resq/M01/heartbeat', ... (221 bytes))
1785215624: Received PUBLISH from resq-firmware-sim-M01-ms471s3o (d0, q0, r0, m0, 'resq/M01/telemetry', ... (360 bytes))
1785215624: Sending PUBLISH to hub-api-live-registry-1785215101795 (d0, q0, r0, m0, 'resq/M01/telemetry', ... (360 bytes))
1785215624: Sending PUBLISH to auto-458E2A0E-A54A-09C7-325B-4DCD32FF54A7 (d0, q0, r0, m0, 'resq/M01/telemetry', ... (360 bytes))
1785215624: Received PUBLISH from resq-firmware-sim-M01-ms471s3o (d0, q0, r0, m0, 'resq/M01/telemetry', ... (360 bytes))
1785215624: Sending PUBLISH to hub-api-live-registry-1785215101795 (d0, q0, r0, m0, 'resq/M01/telemetry', ... (360 bytes))
1785215624: Sending PUBLISH to auto-458E2A0E-A54A-09C7-325B-4DCD32FF54A7 (d0, q0, r0, m0, 'resq/M01/telemetry', ... (360 bytes))
1785215624: Received PUBLISH from resq-firmware-sim-M01-ms471s3o (d0, q0, r0, m0, 'resq/M01/telemetry', ... (357 bytes))
1785215624: Sending PUBLISH to hub-api-live-registry-1785215101795 (d0, q0, r0, m0, 'resq/M01/telemetry', ... (357 bytes))
1785215624: Sending PUBLISH to auto-458E2A0E-A54A-09C7-325B-4DCD32FF54A7 (d0, q0, r0, m0, 'resq/M01/telemetry', ... (357 bytes))
1785215625: Received PUBLISH from resq-firmware-sim-M01-ms471s3o (d0, q0, r0, m0, 'resq/M01/telemetry', ... (359 bytes))
1785215625: Sending PUBLISH to hub-api-live-registry-1785215101795 (d0, q0, r0, m0, 'resq/M01/telemetry', ... (359 bytes))
1785215625: Sending PUBLISH to auto-458E2A0E-A54A-09C7-325B-4DCD32FF54A7 (d0, q0, r0, m0, 'resq/M01/telemetry', ... (359 bytes))
1785215625: Received PUBLISH from resq-firmware-sim-M01-ms471s3o (d0, q0, r0, m0, 'resq/M01/heartbeat', ... (221 bytes))
1785215625: Sending PUBLISH to hub-api-live-registry-1785215101795 (d0, q0, r0, m0, 'resq/M01/heartbeat', ... (221 bytes))
1785215625: Sending PUBLISH to auto-458E2A0E-A54A-09C7-325B-4DCD32FF54A7 (d0, q0, r0, m0, 'resq/M01/heartbeat', ... (221 bytes))
1785215625: Received PUBLISH from resq-firmware-sim-M01-ms471s3o (d0, q0, r0, m0, 'resq/M01/telemetry', ... (359 bytes))
1785215625: Sending PUBLISH to hub-api-live-registry-1785215101795 (d0, q0, r0, m0, 'resq/M01/telemetry', ... (359 bytes))
1785215625: Sending PUBLISH to auto-458E2A0E-A54A-09C7-325B-4DCD32FF54A7 (d0, q0, r0, m0, 'resq/M01/telemetry', ... (359 bytes))
1785215625: Received PUBLISH from resq-firmware-sim-M01-ms471s3o (d0, q0, r0, m0, 'resq/M01/telemetry', ... (359 bytes))
1785215625: Sending PUBLISH to hub-api-live-registry-1785215101795 (d0, q0, r0, m0, 'resq/M01/telemetry', ... (359 bytes))
1785215625: Sending PUBLISH to auto-458E2A0E-A54A-09C7-325B-4DCD32FF54A7 (d0, q0, r0, m0, 'resq/M01/telemetry', ... (359 bytes))
1785215625: Received PUBLISH from resq-firmware-sim-M01-ms471s3o (d0, q0, r0, m0, 'resq/M01/telemetry', ... (359 bytes))
1785215625: Sending PUBLISH to hub-api-live-registry-1785215101795 (d0, q0, r0, m0, 'resq/M01/telemetry', ... (359 bytes))
1785215625: Sending PUBLISH to auto-458E2A0E-A54A-09C7-325B-4DCD32FF54A7 (d0, q0, r0, m0, 'resq/M01/telemetry', ... (359 bytes))
1785215625: Received PUBLISH from resq-firmware-sim-M01-ms471s3o (d0, q0, r0, m0, 'resq/M01/telemetry', ... (358 bytes))
1785215625: Sending PUBLISH to hub-api-live-registry-1785215101795 (d0, q0, r0, m0, 'resq/M01/telemetry', ... (358 bytes))
1785215625: Sending PUBLISH to auto-458E2A0E-A54A-09C7-325B-4DCD32FF54A7 (d0, q0, r0, m0, 'resq/M01/telemetry', ... (358 bytes))
1785215626: Received PUBLISH from resq-firmware-sim-M01-ms471s3o (d0, q0, r0, m0, 'resq/M01/telemetry', ... (360 bytes))
1785215626: Sending PUBLISH to hub-api-live-registry-1785215101795 (d0, q0, r0, m0, 'resq/M01/telemetry', ... (360 bytes))
1785215626: Sending PUBLISH to auto-458E2A0E-A54A-09C7-325B-4DCD32FF54A7 (d0, q0, r0, m0, 'resq/M01/telemetry', ... (360 bytes))
1785215626: Received PUBLISH from resq-firmware-sim-M01-ms471s3o (d0, q0, r0, m0, 'resq/M01/heartbeat', ... (221 bytes))
1785215626: Sending PUBLISH to hub-api-live-registry-1785215101795 (d0, q0, r0, m0, 'resq/M01/heartbeat', ... (221 bytes))
1785215626: Sending PUBLISH to auto-458E2A0E-A54A-09C7-325B-4DCD32FF54A7 (d0, q0, r0, m0, 'resq/M01/heartbeat', ... (221 bytes))
1785215626: Received PUBLISH from resq-firmware-sim-M01-ms471s3o (d0, q0, r0, m0, 'resq/M01/telemetry', ... (360 bytes))
1785215626: Sending PUBLISH to hub-api-live-registry-1785215101795 (d0, q0, r0, m0, 'resq/M01/telemetry', ... (360 bytes))
1785215626: Sending PUBLISH to auto-458E2A0E-A54A-09C7-325B-4DCD32FF54A7 (d0, q0, r0, m0, 'resq/M01/telemetry', ... (360 bytes))
1785215626: Received PUBLISH from resq-firmware-sim-M01-ms471s3o (d0, q0, r0, m0, 'resq/M01/telemetry', ... (360 bytes))
1785215626: Sending PUBLISH to hub-api-live-registry-1785215101795 (d0, q0, r0, m0, 'resq/M01/telemetry', ... (360 bytes))
1785215626: Sending PUBLISH to auto-458E2A0E-A54A-09C7-325B-4DCD32FF54A7 (d0, q0, r0, m0, 'resq/M01/telemetry', ... (360 bytes))
1785215626: Received PUBLISH from resq-firmware-sim-M01-ms471s3o (d0, q0, r0, m0, 'resq/M01/telemetry', ... (360 bytes))
1785215626: Sending PUBLISH to hub-api-live-registry-1785215101795 (d0, q0, r0, m0, 'resq/M01/telemetry', ... (360 bytes))
1785215626: Sending PUBLISH to auto-458E2A0E-A54A-09C7-325B-4DCD32FF54A7 (d0, q0, r0, m0, 'resq/M01/telemetry', ... (360 bytes))
1785215626: Received PUBLISH from resq-firmware-sim-M01-ms471s3o (d0, q0, r0, m0, 'resq/M01/telemetry', ... (359 bytes))
1785215626: Sending PUBLISH to hub-api-live-registry-1785215101795 (d0, q0, r0, m0, 'resq/M01/telemetry', ... (359 bytes))
1785215626: Sending PUBLISH to auto-458E2A0E-A54A-09C7-325B-4DCD32FF54A7 (d0, q0, r0, m0, 'resq/M01/telemetry', ... (359 bytes))
1785215627: Received PUBLISH from resq-firmware-sim-M01-ms471s3o (d0, q0, r0, m0, 'resq/M01/telemetry', ... (358 bytes))
1785215627: Sending PUBLISH to hub-api-live-registry-1785215101795 (d0, q0, r0, m0, 'resq/M01/telemetry', ... (358 bytes))
1785215627: Sending PUBLISH to auto-458E2A0E-A54A-09C7-325B-4DCD32FF54A7 (d0, q0, r0, m0, 'resq/M01/telemetry', ... (358 bytes))
1785215627: Received PUBLISH from resq-firmware-sim-M01-ms471s3o (d0, q0, r0, m0, 'resq/M01/heartbeat', ... (221 bytes))
1785215627: Sending PUBLISH to hub-api-live-registry-1785215101795 (d0, q0, r0, m0, 'resq/M01/heartbeat', ... (221 bytes))
1785215627: Sending PUBLISH to auto-458E2A0E-A54A-09C7-325B-4DCD32FF54A7 (d0, q0, r0, m0, 'resq/M01/heartbeat', ... (221 bytes))
1785215627: Received PUBLISH from resq-firmware-sim-M01-ms471s3o (d0, q0, r0, m0, 'resq/M01/telemetry', ... (359 bytes))
1785215627: Sending PUBLISH to hub-api-live-registry-1785215101795 (d0, q0, r0, m0, 'resq/M01/telemetry', ... (359 bytes))
1785215627: Sending PUBLISH to auto-458E2A0E-A54A-09C7-325B-4DCD32FF54A7 (d0, q0, r0, m0, 'resq/M01/telemetry', ... (359 bytes))
1785215627: Received PUBLISH from resq-firmware-sim-M01-ms471s3o (d0, q0, r0, m0, 'resq/M01/telemetry', ... (359 bytes))
1785215627: Sending PUBLISH to hub-api-live-registry-1785215101795 (d0, q0, r0, m0, 'resq/M01/telemetry', ... (359 bytes))
1785215627: Sending PUBLISH to auto-458E2A0E-A54A-09C7-325B-4DCD32FF54A7 (d0, q0, r0, m0, 'resq/M01/telemetry', ... (359 bytes))
1785215627: Received PUBLISH from resq-firmware-sim-M01-ms471s3o (d0, q0, r0, m0, 'resq/M01/telemetry', ... (358 bytes))
1785215627: Sending PUBLISH to hub-api-live-registry-1785215101795 (d0, q0, r0, m0, 'resq/M01/telemetry', ... (358 bytes))
1785215627: Sending PUBLISH to auto-458E2A0E-A54A-09C7-325B-4DCD32FF54A7 (d0, q0, r0, m0, 'resq/M01/telemetry', ... (358 bytes))
1785215627: Received PUBLISH from resq-firmware-sim-M01-ms471s3o (d0, q0, r0, m0, 'resq/M01/telemetry', ... (359 bytes))
1785215627: Sending PUBLISH to hub-api-live-registry-1785215101795 (d0, q0, r0, m0, 'resq/M01/telemetry', ... (359 bytes))
1785215627: Sending PUBLISH to auto-458E2A0E-A54A-09C7-325B-4DCD32FF54A7 (d0, q0, r0, m0, 'resq/M01/telemetry', ... (359 bytes))
1785215628: Received PUBLISH from resq-firmware-sim-M01-ms471s3o (d0, q0, r0, m0, 'resq/M01/telemetry', ... (360 bytes))
1785215628: Sending PUBLISH to hub-api-live-registry-1785215101795 (d0, q0, r0, m0, 'resq/M01/telemetry', ... (360 bytes))
1785215628: Sending PUBLISH to auto-458E2A0E-A54A-09C7-325B-4DCD32FF54A7 (d0, q0, r0, m0, 'resq/M01/telemetry', ... (360 bytes))
1785215628: Received PUBLISH from resq-firmware-sim-M01-ms471s3o (d0, q0, r0, m0, 'resq/M01/heartbeat', ... (221 bytes))
1785215628: Sending PUBLISH to hub-api-live-registry-1785215101795 (d0, q0, r0, m0, 'resq/M01/heartbeat', ... (221 bytes))
1785215628: Sending PUBLISH to auto-458E2A0E-A54A-09C7-325B-4DCD32FF54A7 (d0, q0, r0, m0, 'resq/M01/heartbeat', ... (221 bytes))
1785215628: Received PUBLISH from resq-firmware-sim-M01-ms471s3o (d0, q0, r0, m0, 'resq/M01/telemetry', ... (360 bytes))
1785215628: Sending PUBLISH to hub-api-live-registry-1785215101795 (d0, q0, r0, m0, 'resq/M01/telemetry', ... (360 bytes))
1785215628: Sending PUBLISH to auto-458E2A0E-A54A-09C7-325B-4DCD32FF54A7 (d0, q0, r0, m0, 'resq/M01/telemetry', ... (360 bytes))
1785215628: Received PUBLISH from resq-firmware-sim-M01-ms471s3o (d0, q0, r0, m0, 'resq/M01/telemetry', ... (360 bytes))
1785215628: Sending PUBLISH to hub-api-live-registry-1785215101795 (d0, q0, r0, m0, 'resq/M01/telemetry', ... (360 bytes))
1785215628: Sending PUBLISH to auto-458E2A0E-A54A-09C7-325B-4DCD32FF54A7 (d0, q0, r0, m0, 'resq/M01/telemetry', ... (360 bytes))
1785215628: Received PUBLISH from resq-firmware-sim-M01-ms471s3o (d0, q0, r0, m0, 'resq/M01/telemetry', ... (359 bytes))
1785215628: Sending PUBLISH to hub-api-live-registry-1785215101795 (d0, q0, r0, m0, 'resq/M01/telemetry', ... (359 bytes))
1785215628: Sending PUBLISH to auto-458E2A0E-A54A-09C7-325B-4DCD32FF54A7 (d0, q0, r0, m0, 'resq/M01/telemetry', ... (359 bytes))
1785215628: Received PUBLISH from resq-firmware-sim-M01-ms471s3o (d0, q0, r0, m0, 'resq/M01/telemetry', ... (359 bytes))
1785215628: Sending PUBLISH to hub-api-live-registry-1785215101795 (d0, q0, r0, m0, 'resq/M01/telemetry', ... (359 bytes))
1785215628: Sending PUBLISH to auto-458E2A0E-A54A-09C7-325B-4DCD32FF54A7 (d0, q0, r0, m0, 'resq/M01/telemetry', ... (359 bytes))
1785215629: Received PUBLISH from resq-firmware-sim-M01-ms471s3o (d0, q0, r0, m0, 'resq/M01/telemetry', ... (359 bytes))
1785215629: Sending PUBLISH to hub-api-live-registry-1785215101795 (d0, q0, r0, m0, 'resq/M01/telemetry', ... (359 bytes))
1785215629: Sending PUBLISH to auto-458E2A0E-A54A-09C7-325B-4DCD32FF54A7 (d0, q0, r0, m0, 'resq/M01/telemetry', ... (359 bytes))
1785215629: Received PUBLISH from resq-firmware-sim-M01-ms471s3o (d0, q0, r0, m0, 'resq/M01/heartbeat', ... (221 bytes))
1785215629: Sending PUBLISH to hub-api-live-registry-1785215101795 (d0, q0, r0, m0, 'resq/M01/heartbeat', ... (221 bytes))
1785215629: Sending PUBLISH to auto-458E2A0E-A54A-09C7-325B-4DCD32FF54A7 (d0, q0, r0, m0, 'resq/M01/heartbeat', ... (221 bytes))
1785215629: Received PUBLISH from resq-firmware-sim-M01-ms471s3o (d0, q0, r0, m0, 'resq/M01/telemetry', ... (359 bytes))
1785215629: Sending PUBLISH to hub-api-live-registry-1785215101795 (d0, q0, r0, m0, 'resq/M01/telemetry', ... (359 bytes))
1785215629: Sending PUBLISH to auto-458E2A0E-A54A-09C7-325B-4DCD32FF54A7 (d0, q0, r0, m0, 'resq/M01/telemetry', ... (359 bytes))
1785215629: Received PUBLISH from resq-firmware-sim-M01-ms471s3o (d0, q0, r0, m0, 'resq/M01/telemetry', ... (358 bytes))
1785215629: Sending PUBLISH to hub-api-live-registry-1785215101795 (d0, q0, r0, m0, 'resq/M01/telemetry', ... (358 bytes))
1785215629: Sending PUBLISH to auto-458E2A0E-A54A-09C7-325B-4DCD32FF54A7 (d0, q0, r0, m0, 'resq/M01/telemetry', ... (358 bytes))
1785215629: Received PUBLISH from resq-firmware-sim-M01-ms471s3o (d0, q0, r0, m0, 'resq/M01/telemetry', ... (358 bytes))
1785215629: Sending PUBLISH to hub-api-live-registry-1785215101795 (d0, q0, r0, m0, 'resq/M01/telemetry', ... (358 bytes))
1785215629: Sending PUBLISH to auto-458E2A0E-A54A-09C7-325B-4DCD32FF54A7 (d0, q0, r0, m0, 'resq/M01/telemetry', ... (358 bytes))
1785215630: Received PUBLISH from resq-firmware-sim-M01-ms471s3o (d0, q0, r0, m0, 'resq/M01/telemetry', ... (360 bytes))
1785215630: Sending PUBLISH to hub-api-live-registry-1785215101795 (d0, q0, r0, m0, 'resq/M01/telemetry', ... (360 bytes))
1785215630: Sending PUBLISH to auto-458E2A0E-A54A-09C7-325B-4DCD32FF54A7 (d0, q0, r0, m0, 'resq/M01/telemetry', ... (360 bytes))
1785215630: Received PUBLISH from resq-firmware-sim-M01-ms471s3o (d0, q0, r0, m0, 'resq/M01/heartbeat', ... (221 bytes))
1785215630: Sending PUBLISH to hub-api-live-registry-1785215101795 (d0, q0, r0, m0, 'resq/M01/heartbeat', ... (221 bytes))
1785215630: Sending PUBLISH to auto-458E2A0E-A54A-09C7-325B-4DCD32FF54A7 (d0, q0, r0, m0, 'resq/M01/heartbeat', ... (221 bytes))
1785215630: Received PUBLISH from resq-firmware-sim-M01-ms471s3o (d0, q0, r0, m0, 'resq/M01/telemetry', ... (360 bytes))
1785215630: Sending PUBLISH to hub-api-live-registry-1785215101795 (d0, q0, r0, m0, 'resq/M01/telemetry', ... (360 bytes))
1785215630: Sending PUBLISH to auto-458E2A0E-A54A-09C7-325B-4DCD32FF54A7 (d0, q0, r0, m0, 'resq/M01/telemetry', ... (360 bytes))
1785215630: Received PUBLISH from resq-firmware-sim-M01-ms471s3o (d0, q0, r0, m0, 'resq/M01/telemetry', ... (360 bytes))
1785215630: Sending PUBLISH to hub-api-live-registry-1785215101795 (d0, q0, r0, m0, 'resq/M01/telemetry', ... (360 bytes))
1785215630: Sending PUBLISH to auto-458E2A0E-A54A-09C7-325B-4DCD32FF54A7 (d0, q0, r0, m0, 'resq/M01/telemetry', ... (360 bytes))
1785215630: Received PUBLISH from resq-firmware-sim-M01-ms471s3o (d0, q0, r0, m0, 'resq/M01/telemetry', ... (359 bytes))
1785215630: Sending PUBLISH to hub-api-live-registry-1785215101795 (d0, q0, r0, m0, 'resq/M01/telemetry', ... (359 bytes))
1785215630: Sending PUBLISH to auto-458E2A0E-A54A-09C7-325B-4DCD32FF54A7 (d0, q0, r0, m0, 'resq/M01/telemetry', ... (359 bytes))
1785215630: Received PUBLISH from resq-firmware-sim-M01-ms471s3o (d0, q0, r0, m0, 'resq/M01/telemetry', ... (359 bytes))
1785215630: Sending PUBLISH to hub-api-live-registry-1785215101795 (d0, q0, r0, m0, 'resq/M01/telemetry', ... (359 bytes))
1785215630: Sending PUBLISH to auto-458E2A0E-A54A-09C7-325B-4DCD32FF54A7 (d0, q0, r0, m0, 'resq/M01/telemetry', ... (359 bytes))
1785215631: Received PUBLISH from resq-firmware-sim-M01-ms471s3o (d0, q0, r0, m0, 'resq/M01/telemetry', ... (359 bytes))
1785215631: Sending PUBLISH to hub-api-live-registry-1785215101795 (d0, q0, r0, m0, 'resq/M01/telemetry', ... (359 bytes))
1785215631: Sending PUBLISH to auto-458E2A0E-A54A-09C7-325B-4DCD32FF54A7 (d0, q0, r0, m0, 'resq/M01/telemetry', ... (359 bytes))
1785215631: Received PUBLISH from resq-firmware-sim-M01-ms471s3o (d0, q0, r0, m0, 'resq/M01/heartbeat', ... (221 bytes))
1785215631: Sending PUBLISH to hub-api-live-registry-1785215101795 (d0, q0, r0, m0, 'resq/M01/heartbeat', ... (221 bytes))
1785215631: Sending PUBLISH to auto-458E2A0E-A54A-09C7-325B-4DCD32FF54A7 (d0, q0, r0, m0, 'resq/M01/heartbeat', ... (221 bytes))
1785215631: Received PUBLISH from resq-firmware-sim-M01-ms471s3o (d0, q0, r0, m0, 'resq/M01/telemetry', ... (359 bytes))
1785215631: Sending PUBLISH to hub-api-live-registry-1785215101795 (d0, q0, r0, m0, 'resq/M01/telemetry', ... (359 bytes))
1785215631: Sending PUBLISH to auto-458E2A0E-A54A-09C7-325B-4DCD32FF54A7 (d0, q0, r0, m0, 'resq/M01/telemetry', ... (359 bytes))
1785215631: Received PUBLISH from resq-firmware-sim-M01-ms471s3o (d0, q0, r0, m0, 'resq/M01/telemetry', ... (359 bytes))
1785215631: Sending PUBLISH to hub-api-live-registry-1785215101795 (d0, q0, r0, m0, 'resq/M01/telemetry', ... (359 bytes))
1785215631: Sending PUBLISH to auto-458E2A0E-A54A-09C7-325B-4DCD32FF54A7 (d0, q0, r0, m0, 'resq/M01/telemetry', ... (359 bytes))
1785215631: Received PUBLISH from resq-firmware-sim-M01-ms471s3o (d0, q0, r0, m0, 'resq/M01/telemetry', ... (357 bytes))
1785215631: Sending PUBLISH to hub-api-live-registry-1785215101795 (d0, q0, r0, m0, 'resq/M01/telemetry', ... (357 bytes))
1785215631: Sending PUBLISH to auto-458E2A0E-A54A-09C7-325B-4DCD32FF54A7 (d0, q0, r0, m0, 'resq/M01/telemetry', ... (357 bytes))
1785215631: Received PUBLISH from resq-firmware-sim-M01-ms471s3o (d0, q0, r0, m0, 'resq/M01/telemetry', ... (360 bytes))
1785215631: Sending PUBLISH to hub-api-live-registry-1785215101795 (d0, q0, r0, m0, 'resq/M01/telemetry', ... (360 bytes))
1785215631: Sending PUBLISH to auto-458E2A0E-A54A-09C7-325B-4DCD32FF54A7 (d0, q0, r0, m0, 'resq/M01/telemetry', ... (360 bytes))
1785215632: Received PUBLISH from resq-firmware-sim-M01-ms471s3o (d0, q0, r0, m0, 'resq/M01/telemetry', ... (359 bytes))
1785215632: Sending PUBLISH to hub-api-live-registry-1785215101795 (d0, q0, r0, m0, 'resq/M01/telemetry', ... (359 bytes))
1785215632: Sending PUBLISH to auto-458E2A0E-A54A-09C7-325B-4DCD32FF54A7 (d0, q0, r0, m0, 'resq/M01/telemetry', ... (359 bytes))
1785215632: Received PUBLISH from resq-firmware-sim-M01-ms471s3o (d0, q0, r0, m0, 'resq/M01/heartbeat', ... (221 bytes))
1785215632: Sending PUBLISH to hub-api-live-registry-1785215101795 (d0, q0, r0, m0, 'resq/M01/heartbeat', ... (221 bytes))
1785215632: Sending PUBLISH to auto-458E2A0E-A54A-09C7-325B-4DCD32FF54A7 (d0, q0, r0, m0, 'resq/M01/heartbeat', ... (221 bytes))
1785215632: Received PUBLISH from resq-firmware-sim-M01-ms471s3o (d0, q0, r0, m0, 'resq/M01/telemetry', ... (360 bytes))
1785215632: Sending PUBLISH to hub-api-live-registry-1785215101795 (d0, q0, r0, m0, 'resq/M01/telemetry', ... (360 bytes))
1785215632: Sending PUBLISH to auto-458E2A0E-A54A-09C7-325B-4DCD32FF54A7 (d0, q0, r0, m0, 'resq/M01/telemetry', ... (360 bytes))
1785215632: Received PUBLISH from resq-firmware-sim-M01-ms471s3o (d0, q0, r0, m0, 'resq/M01/telemetry', ... (360 bytes))
1785215632: Sending PUBLISH to hub-api-live-registry-1785215101795 (d0, q0, r0, m0, 'resq/M01/telemetry', ... (360 bytes))
1785215632: Sending PUBLISH to auto-458E2A0E-A54A-09C7-325B-4DCD32FF54A7 (d0, q0, r0, m0, 'resq/M01/telemetry', ... (360 bytes))
1785215632: Received PUBLISH from resq-firmware-sim-M01-ms471s3o (d0, q0, r0, m0, 'resq/M01/telemetry', ... (359 bytes))
1785215632: Sending PUBLISH to hub-api-live-registry-1785215101795 (d0, q0, r0, m0, 'resq/M01/telemetry', ... (359 bytes))
1785215632: Sending PUBLISH to auto-458E2A0E-A54A-09C7-325B-4DCD32FF54A7 (d0, q0, r0, m0, 'resq/M01/telemetry', ... (359 bytes))
1785215632: Received PUBLISH from resq-firmware-sim-M01-ms471s3o (d0, q0, r0, m0, 'resq/M01/telemetry', ... (359 bytes))
1785215632: Sending PUBLISH to hub-api-live-registry-1785215101795 (d0, q0, r0, m0, 'resq/M01/telemetry', ... (359 bytes))
1785215632: Sending PUBLISH to auto-458E2A0E-A54A-09C7-325B-4DCD32FF54A7 (d0, q0, r0, m0, 'resq/M01/telemetry', ... (359 bytes))
1785215633: Received PUBLISH from resq-firmware-sim-M01-ms471s3o (d0, q0, r0, m0, 'resq/M01/telemetry', ... (359 bytes))
1785215633: Sending PUBLISH to hub-api-live-registry-1785215101795 (d0, q0, r0, m0, 'resq/M01/telemetry', ... (359 bytes))
1785215633: Sending PUBLISH to auto-458E2A0E-A54A-09C7-325B-4DCD32FF54A7 (d0, q0, r0, m0, 'resq/M01/telemetry', ... (359 bytes))
1785215633: Received PUBLISH from resq-firmware-sim-M01-ms471s3o (d0, q0, r0, m0, 'resq/M01/heartbeat', ... (221 bytes))
1785215633: Sending PUBLISH to hub-api-live-registry-1785215101795 (d0, q0, r0, m0, 'resq/M01/heartbeat', ... (221 bytes))
1785215633: Sending PUBLISH to auto-458E2A0E-A54A-09C7-325B-4DCD32FF54A7 (d0, q0, r0, m0, 'resq/M01/heartbeat', ... (221 bytes))
1785215633: Received PUBLISH from resq-firmware-sim-M01-ms471s3o (d0, q0, r0, m0, 'resq/M01/telemetry', ... (359 bytes))
1785215633: Sending PUBLISH to hub-api-live-registry-1785215101795 (d0, q0, r0, m0, 'resq/M01/telemetry', ... (359 bytes))
1785215633: Sending PUBLISH to auto-458E2A0E-A54A-09C7-325B-4DCD32FF54A7 (d0, q0, r0, m0, 'resq/M01/telemetry', ... (359 bytes))
1785215633: Received PUBLISH from resq-firmware-sim-M01-ms471s3o (d0, q0, r0, m0, 'resq/M01/telemetry', ... (359 bytes))
1785215633: Sending PUBLISH to hub-api-live-registry-1785215101795 (d0, q0, r0, m0, 'resq/M01/telemetry', ... (359 bytes))
1785215633: Sending PUBLISH to auto-458E2A0E-A54A-09C7-325B-4DCD32FF54A7 (d0, q0, r0, m0, 'resq/M01/telemetry', ... (359 bytes))
1785215633: Received PUBLISH from resq-firmware-sim-M01-ms471s3o (d0, q0, r0, m0, 'resq/M01/telemetry', ... (359 bytes))
1785215633: Sending PUBLISH to hub-api-live-registry-1785215101795 (d0, q0, r0, m0, 'resq/M01/telemetry', ... (359 bytes))
1785215633: Sending PUBLISH to auto-458E2A0E-A54A-09C7-325B-4DCD32FF54A7 (d0, q0, r0, m0, 'resq/M01/telemetry', ... (359 bytes))
1785215633: Received PUBLISH from resq-firmware-sim-M01-ms471s3o (d0, q0, r0, m0, 'resq/M01/telemetry', ... (360 bytes))
1785215633: Sending PUBLISH to hub-api-live-registry-1785215101795 (d0, q0, r0, m0, 'resq/M01/telemetry', ... (360 bytes))
1785215633: Sending PUBLISH to auto-458E2A0E-A54A-09C7-325B-4DCD32FF54A7 (d0, q0, r0, m0, 'resq/M01/telemetry', ... (360 bytes))
1785215634: Received PUBLISH from resq-firmware-sim-M01-ms471s3o (d0, q0, r0, m0, 'resq/M01/telemetry', ... (360 bytes))
1785215634: Sending PUBLISH to hub-api-live-registry-1785215101795 (d0, q0, r0, m0, 'resq/M01/telemetry', ... (360 bytes))
1785215634: Sending PUBLISH to auto-458E2A0E-A54A-09C7-325B-4DCD32FF54A7 (d0, q0, r0, m0, 'resq/M01/telemetry', ... (360 bytes))
1785215634: Received PUBLISH from resq-firmware-sim-M01-ms471s3o (d0, q0, r0, m0, 'resq/M01/heartbeat', ... (221 bytes))
1785215634: Sending PUBLISH to hub-api-live-registry-1785215101795 (d0, q0, r0, m0, 'resq/M01/heartbeat', ... (221 bytes))
1785215634: Sending PUBLISH to auto-458E2A0E-A54A-09C7-325B-4DCD32FF54A7 (d0, q0, r0, m0, 'resq/M01/heartbeat', ... (221 bytes))
1785215634: Received PUBLISH from resq-firmware-sim-M01-ms471s3o (d0, q0, r0, m0, 'resq/M01/telemetry', ... (360 bytes))
1785215634: Sending PUBLISH to hub-api-live-registry-1785215101795 (d0, q0, r0, m0, 'resq/M01/telemetry', ... (360 bytes))
1785215634: Sending PUBLISH to auto-458E2A0E-A54A-09C7-325B-4DCD32FF54A7 (d0, q0, r0, m0, 'resq/M01/telemetry', ... (360 bytes))
1785215634: Received PUBLISH from resq-firmware-sim-M01-ms471s3o (d0, q0, r0, m0, 'resq/M01/telemetry', ... (359 bytes))
1785215634: Sending PUBLISH to hub-api-live-registry-1785215101795 (d0, q0, r0, m0, 'resq/M01/telemetry', ... (359 bytes))
1785215634: Sending PUBLISH to auto-458E2A0E-A54A-09C7-325B-4DCD32FF54A7 (d0, q0, r0, m0, 'resq/M01/telemetry', ... (359 bytes))
1785215634: Received PUBLISH from resq-firmware-sim-M01-ms471s3o (d0, q0, r0, m0, 'resq/M01/telemetry', ... (359 bytes))
1785215634: Sending PUBLISH to hub-api-live-registry-1785215101795 (d0, q0, r0, m0, 'resq/M01/telemetry', ... (359 bytes))
1785215634: Sending PUBLISH to auto-458E2A0E-A54A-09C7-325B-4DCD32FF54A7 (d0, q0, r0, m0, 'resq/M01/telemetry', ... (359 bytes))
1785215635: Received PUBLISH from resq-firmware-sim-M01-ms471s3o (d0, q0, r0, m0, 'resq/M01/telemetry', ... (358 bytes))
1785215635: Sending PUBLISH to hub-api-live-registry-1785215101795 (d0, q0, r0, m0, 'resq/M01/telemetry', ... (358 bytes))
1785215635: Sending PUBLISH to auto-458E2A0E-A54A-09C7-325B-4DCD32FF54A7 (d0, q0, r0, m0, 'resq/M01/telemetry', ... (358 bytes))
1785215635: Received PUBLISH from resq-firmware-sim-M01-ms471s3o (d0, q0, r0, m0, 'resq/M01/telemetry', ... (359 bytes))
1785215635: Sending PUBLISH to hub-api-live-registry-1785215101795 (d0, q0, r0, m0, 'resq/M01/telemetry', ... (359 bytes))
1785215635: Sending PUBLISH to auto-458E2A0E-A54A-09C7-325B-4DCD32FF54A7 (d0, q0, r0, m0, 'resq/M01/telemetry', ... (359 bytes))
1785215635: Received PUBLISH from resq-firmware-sim-M01-ms471s3o (d0, q0, r0, m0, 'resq/M01/heartbeat', ... (221 bytes))
1785215635: Sending PUBLISH to hub-api-live-registry-1785215101795 (d0, q0, r0, m0, 'resq/M01/heartbeat', ... (221 bytes))
1785215635: Sending PUBLISH to auto-458E2A0E-A54A-09C7-325B-4DCD32FF54A7 (d0, q0, r0, m0, 'resq/M01/heartbeat', ... (221 bytes))
1785215635: Received PUBLISH from resq-firmware-sim-M01-ms471s3o (d0, q0, r0, m0, 'resq/M01/telemetry', ... (359 bytes))
1785215635: Sending PUBLISH to hub-api-live-registry-1785215101795 (d0, q0, r0, m0, 'resq/M01/telemetry', ... (359 bytes))
1785215635: Sending PUBLISH to auto-458E2A0E-A54A-09C7-325B-4DCD32FF54A7 (d0, q0, r0, m0, 'resq/M01/telemetry', ... (359 bytes))
1785215635: Received PUBLISH from resq-firmware-sim-M01-ms471s3o (d0, q0, r0, m0, 'resq/M01/telemetry', ... (359 bytes))
1785215635: Sending PUBLISH to hub-api-live-registry-1785215101795 (d0, q0, r0, m0, 'resq/M01/telemetry', ... (359 bytes))
1785215635: Sending PUBLISH to auto-458E2A0E-A54A-09C7-325B-4DCD32FF54A7 (d0, q0, r0, m0, 'resq/M01/telemetry', ... (359 bytes))
1785215635: Received PUBLISH from resq-firmware-sim-M01-ms471s3o (d0, q0, r0, m0, 'resq/M01/telemetry', ... (360 bytes))
1785215635: Sending PUBLISH to hub-api-live-registry-1785215101795 (d0, q0, r0, m0, 'resq/M01/telemetry', ... (360 bytes))
1785215635: Sending PUBLISH to auto-458E2A0E-A54A-09C7-325B-4DCD32FF54A7 (d0, q0, r0, m0, 'resq/M01/telemetry', ... (360 bytes))
1785215636: Received PUBLISH from resq-firmware-sim-M01-ms471s3o (d0, q0, r0, m0, 'resq/M01/telemetry', ... (360 bytes))
1785215636: Sending PUBLISH to hub-api-live-registry-1785215101795 (d0, q0, r0, m0, 'resq/M01/telemetry', ... (360 bytes))
1785215636: Sending PUBLISH to auto-458E2A0E-A54A-09C7-325B-4DCD32FF54A7 (d0, q0, r0, m0, 'resq/M01/telemetry', ... (360 bytes))
1785215636: Received PUBLISH from resq-firmware-sim-M01-ms471s3o (d0, q0, r0, m0, 'resq/M01/telemetry', ... (360 bytes))
1785215636: Sending PUBLISH to hub-api-live-registry-1785215101795 (d0, q0, r0, m0, 'resq/M01/telemetry', ... (360 bytes))
1785215636: Sending PUBLISH to auto-458E2A0E-A54A-09C7-325B-4DCD32FF54A7 (d0, q0, r0, m0, 'resq/M01/telemetry', ... (360 bytes))
1785215636: Received PUBLISH from resq-firmware-sim-M01-ms471s3o (d0, q0, r0, m0, 'resq/M01/heartbeat', ... (221 bytes))
1785215636: Sending PUBLISH to hub-api-live-registry-1785215101795 (d0, q0, r0, m0, 'resq/M01/heartbeat', ... (221 bytes))
1785215636: Sending PUBLISH to auto-458E2A0E-A54A-09C7-325B-4DCD32FF54A7 (d0, q0, r0, m0, 'resq/M01/heartbeat', ... (221 bytes))
1785215636: Received PUBLISH from resq-firmware-sim-M01-ms471s3o (d0, q0, r0, m0, 'resq/M01/telemetry', ... (359 bytes))
1785215636: Sending PUBLISH to hub-api-live-registry-1785215101795 (d0, q0, r0, m0, 'resq/M01/telemetry', ... (359 bytes))
1785215636: Sending PUBLISH to auto-458E2A0E-A54A-09C7-325B-4DCD32FF54A7 (d0, q0, r0, m0, 'resq/M01/telemetry', ... (359 bytes))
1785215636: Received PUBLISH from resq-firmware-sim-M01-ms471s3o (d0, q0, r0, m0, 'resq/M01/telemetry', ... (357 bytes))
1785215636: Sending PUBLISH to hub-api-live-registry-1785215101795 (d0, q0, r0, m0, 'resq/M01/telemetry', ... (357 bytes))
1785215636: Sending PUBLISH to auto-458E2A0E-A54A-09C7-325B-4DCD32FF54A7 (d0, q0, r0, m0, 'resq/M01/telemetry', ... (357 bytes))
1785215636: Received PUBLISH from resq-firmware-sim-M01-ms471s3o (d0, q0, r0, m0, 'resq/M01/telemetry', ... (359 bytes))
1785215636: Sending PUBLISH to hub-api-live-registry-1785215101795 (d0, q0, r0, m0, 'resq/M01/telemetry', ... (359 bytes))
1785215636: Sending PUBLISH to auto-458E2A0E-A54A-09C7-325B-4DCD32FF54A7 (d0, q0, r0, m0, 'resq/M01/telemetry', ... (359 bytes))
1785215637: Received PUBLISH from resq-firmware-sim-M01-ms471s3o (d0, q0, r0, m0, 'resq/M01/telemetry', ... (359 bytes))
1785215637: Sending PUBLISH to hub-api-live-registry-1785215101795 (d0, q0, r0, m0, 'resq/M01/telemetry', ... (359 bytes))
1785215637: Sending PUBLISH to auto-458E2A0E-A54A-09C7-325B-4DCD32FF54A7 (d0, q0, r0, m0, 'resq/M01/telemetry', ... (359 bytes))
1785215637: Received PUBLISH from resq-firmware-sim-M01-ms471s3o (d0, q0, r0, m0, 'resq/M01/telemetry', ... (359 bytes))
1785215637: Sending PUBLISH to hub-api-live-registry-1785215101795 (d0, q0, r0, m0, 'resq/M01/telemetry', ... (359 bytes))
1785215637: Sending PUBLISH to auto-458E2A0E-A54A-09C7-325B-4DCD32FF54A7 (d0, q0, r0, m0, 'resq/M01/telemetry', ... (359 bytes))
1785215637: Received PUBLISH from resq-firmware-sim-M01-ms471s3o (d0, q0, r0, m0, 'resq/M01/heartbeat', ... (221 bytes))
1785215637: Sending PUBLISH to hub-api-live-registry-1785215101795 (d0, q0, r0, m0, 'resq/M01/heartbeat', ... (221 bytes))
1785215637: Sending PUBLISH to auto-458E2A0E-A54A-09C7-325B-4DCD32FF54A7 (d0, q0, r0, m0, 'resq/M01/heartbeat', ... (221 bytes))
1785215637: Received PUBLISH from resq-firmware-sim-M01-ms471s3o (d0, q0, r0, m0, 'resq/M01/telemetry', ... (359 bytes))
1785215637: Sending PUBLISH to hub-api-live-registry-1785215101795 (d0, q0, r0, m0, 'resq/M01/telemetry', ... (359 bytes))
1785215637: Sending PUBLISH to auto-458E2A0E-A54A-09C7-325B-4DCD32FF54A7 (d0, q0, r0, m0, 'resq/M01/telemetry', ... (359 bytes))
1785215637: Received PUBLISH from resq-firmware-sim-M01-ms471s3o (d0, q0, r0, m0, 'resq/M01/telemetry', ... (359 bytes))
1785215637: Sending PUBLISH to hub-api-live-registry-1785215101795 (d0, q0, r0, m0, 'resq/M01/telemetry', ... (359 bytes))
1785215637: Sending PUBLISH to auto-458E2A0E-A54A-09C7-325B-4DCD32FF54A7 (d0, q0, r0, m0, 'resq/M01/telemetry', ... (359 bytes))
1785215637: Received PUBLISH from resq-firmware-sim-M01-ms471s3o (d0, q0, r0, m0, 'resq/M01/telemetry', ... (360 bytes))
1785215637: Sending PUBLISH to hub-api-live-registry-1785215101795 (d0, q0, r0, m0, 'resq/M01/telemetry', ... (360 bytes))
1785215637: Sending PUBLISH to auto-458E2A0E-A54A-09C7-325B-4DCD32FF54A7 (d0, q0, r0, m0, 'resq/M01/telemetry', ... (360 bytes))
1785215638: Received PUBLISH from resq-firmware-sim-M01-ms471s3o (d0, q0, r0, m0, 'resq/M01/telemetry', ... (360 bytes))
1785215638: Sending PUBLISH to hub-api-live-registry-1785215101795 (d0, q0, r0, m0, 'resq/M01/telemetry', ... (360 bytes))
1785215638: Sending PUBLISH to auto-458E2A0E-A54A-09C7-325B-4DCD32FF54A7 (d0, q0, r0, m0, 'resq/M01/telemetry', ... (360 bytes))
1785215638: Received PUBLISH from resq-firmware-sim-M01-ms471s3o (d0, q0, r0, m0, 'resq/M01/heartbeat', ... (221 bytes))
1785215638: Sending PUBLISH to hub-api-live-registry-1785215101795 (d0, q0, r0, m0, 'resq/M01/heartbeat', ... (221 bytes))
1785215638: Sending PUBLISH to auto-458E2A0E-A54A-09C7-325B-4DCD32FF54A7 (d0, q0, r0, m0, 'resq/M01/heartbeat', ... (221 bytes))
1785215638: Received PUBLISH from resq-firmware-sim-M01-ms471s3o (d0, q0, r0, m0, 'resq/M01/telemetry', ... (360 bytes))
1785215638: Sending PUBLISH to hub-api-live-registry-1785215101795 (d0, q0, r0, m0, 'resq/M01/telemetry', ... (360 bytes))
1785215638: Sending PUBLISH to auto-458E2A0E-A54A-09C7-325B-4DCD32FF54A7 (d0, q0, r0, m0, 'resq/M01/telemetry', ... (360 bytes))
1785215638: Received PUBLISH from resq-firmware-sim-M01-ms471s3o (d0, q0, r0, m0, 'resq/M01/telemetry', ... (359 bytes))
1785215638: Sending PUBLISH to hub-api-live-registry-1785215101795 (d0, q0, r0, m0, 'resq/M01/telemetry', ... (359 bytes))
1785215638: Sending PUBLISH to auto-458E2A0E-A54A-09C7-325B-4DCD32FF54A7 (d0, q0, r0, m0, 'resq/M01/telemetry', ... (359 bytes))
1785215638: Received PUBLISH from resq-firmware-sim-M01-ms471s3o (d0, q0, r0, m0, 'resq/M01/telemetry', ... (359 bytes))
1785215638: Sending PUBLISH to hub-api-live-registry-1785215101795 (d0, q0, r0, m0, 'resq/M01/telemetry', ... (359 bytes))
1785215638: Sending PUBLISH to auto-458E2A0E-A54A-09C7-325B-4DCD32FF54A7 (d0, q0, r0, m0, 'resq/M01/telemetry', ... (359 bytes))
1785215638: Received PUBLISH from resq-firmware-sim-M01-ms471s3o (d0, q0, r0, m0, 'resq/M01/telemetry', ... (358 bytes))
1785215638: Sending PUBLISH to hub-api-live-registry-1785215101795 (d0, q0, r0, m0, 'resq/M01/telemetry', ... (358 bytes))
1785215638: Sending PUBLISH to auto-458E2A0E-A54A-09C7-325B-4DCD32FF54A7 (d0, q0, r0, m0, 'resq/M01/telemetry', ... (358 bytes))
1785215639: Received PUBLISH from resq-firmware-sim-M01-ms471s3o (d0, q0, r0, m0, 'resq/M01/telemetry', ... (359 bytes))
1785215639: Sending PUBLISH to hub-api-live-registry-1785215101795 (d0, q0, r0, m0, 'resq/M01/telemetry', ... (359 bytes))
1785215639: Sending PUBLISH to auto-458E2A0E-A54A-09C7-325B-4DCD32FF54A7 (d0, q0, r0, m0, 'resq/M01/telemetry', ... (359 bytes))
1785215639: Received PUBLISH from resq-firmware-sim-M01-ms471s3o (d0, q0, r0, m0, 'resq/M01/heartbeat', ... (221 bytes))
1785215639: Sending PUBLISH to hub-api-live-registry-1785215101795 (d0, q0, r0, m0, 'resq/M01/heartbeat', ... (221 bytes))
1785215639: Sending PUBLISH to auto-458E2A0E-A54A-09C7-325B-4DCD32FF54A7 (d0, q0, r0, m0, 'resq/M01/heartbeat', ... (221 bytes))
1785215639: Received PUBLISH from resq-firmware-sim-M01-ms471s3o (d0, q0, r0, m0, 'resq/M01/telemetry', ... (359 bytes))
1785215639: Sending PUBLISH to hub-api-live-registry-1785215101795 (d0, q0, r0, m0, 'resq/M01/telemetry', ... (359 bytes))
1785215639: Sending PUBLISH to auto-458E2A0E-A54A-09C7-325B-4DCD32FF54A7 (d0, q0, r0, m0, 'resq/M01/telemetry', ... (359 bytes))
1785215639: Received PUBLISH from resq-firmware-sim-M01-ms471s3o (d0, q0, r0, m0, 'resq/M01/telemetry', ... (358 bytes))
1785215639: Sending PUBLISH to hub-api-live-registry-1785215101795 (d0, q0, r0, m0, 'resq/M01/telemetry', ... (358 bytes))
1785215639: Sending PUBLISH to auto-458E2A0E-A54A-09C7-325B-4DCD32FF54A7 (d0, q0, r0, m0, 'resq/M01/telemetry', ... (358 bytes))
1785215639: Received PUBLISH from resq-firmware-sim-M01-ms471s3o (d0, q0, r0, m0, 'resq/M01/telemetry', ... (360 bytes))
1785215639: Sending PUBLISH to hub-api-live-registry-1785215101795 (d0, q0, r0, m0, 'resq/M01/telemetry', ... (360 bytes))
1785215639: Sending PUBLISH to auto-458E2A0E-A54A-09C7-325B-4DCD32FF54A7 (d0, q0, r0, m0, 'resq/M01/telemetry', ... (360 bytes))
1785215639: Received PUBLISH from resq-firmware-sim-M01-ms471s3o (d0, q0, r0, m0, 'resq/M01/telemetry', ... (360 bytes))
1785215639: Sending PUBLISH to hub-api-live-registry-1785215101795 (d0, q0, r0, m0, 'resq/M01/telemetry', ... (360 bytes))
1785215639: Sending PUBLISH to auto-458E2A0E-A54A-09C7-325B-4DCD32FF54A7 (d0, q0, r0, m0, 'resq/M01/telemetry', ... (360 bytes))
1785215640: Received PUBLISH from resq-firmware-sim-M01-ms471s3o (d0, q0, r0, m0, 'resq/M01/telemetry', ... (360 bytes))
1785215640: Sending PUBLISH to hub-api-live-registry-1785215101795 (d0, q0, r0, m0, 'resq/M01/telemetry', ... (360 bytes))
1785215640: Sending PUBLISH to auto-458E2A0E-A54A-09C7-325B-4DCD32FF54A7 (d0, q0, r0, m0, 'resq/M01/telemetry', ... (360 bytes))
1785215640: Received PUBLISH from resq-firmware-sim-M01-ms471s3o (d0, q0, r0, m0, 'resq/M01/heartbeat', ... (221 bytes))
1785215640: Sending PUBLISH to hub-api-live-registry-1785215101795 (d0, q0, r0, m0, 'resq/M01/heartbeat', ... (221 bytes))
1785215640: Sending PUBLISH to auto-458E2A0E-A54A-09C7-325B-4DCD32FF54A7 (d0, q0, r0, m0, 'resq/M01/heartbeat', ... (221 bytes))
1785215640: Received PUBLISH from resq-firmware-sim-M01-ms471s3o (d0, q0, r0, m0, 'resq/M01/telemetry', ... (360 bytes))
1785215640: Sending PUBLISH to hub-api-live-registry-1785215101795 (d0, q0, r0, m0, 'resq/M01/telemetry', ... (360 bytes))
1785215640: Sending PUBLISH to auto-458E2A0E-A54A-09C7-325B-4DCD32FF54A7 (d0, q0, r0, m0, 'resq/M01/telemetry', ... (360 bytes))
1785215640: Received PUBLISH from resq-firmware-sim-M01-ms471s3o (d0, q0, r0, m0, 'resq/M01/telemetry', ... (358 bytes))
1785215640: Sending PUBLISH to hub-api-live-registry-1785215101795 (d0, q0, r0, m0, 'resq/M01/telemetry', ... (358 bytes))
1785215640: Sending PUBLISH to auto-458E2A0E-A54A-09C7-325B-4DCD32FF54A7 (d0, q0, r0, m0, 'resq/M01/telemetry', ... (358 bytes))
1785215640: Received PUBLISH from resq-firmware-sim-M01-ms471s3o (d0, q0, r0, m0, 'resq/M01/telemetry', ... (359 bytes))
1785215640: Sending PUBLISH to hub-api-live-registry-1785215101795 (d0, q0, r0, m0, 'resq/M01/telemetry', ... (359 bytes))
1785215640: Sending PUBLISH to auto-458E2A0E-A54A-09C7-325B-4DCD32FF54A7 (d0, q0, r0, m0, 'resq/M01/telemetry', ... (359 bytes))
1785215641: Received PUBLISH from resq-firmware-sim-M01-ms471s3o (d0, q0, r0, m0, 'resq/M01/telemetry', ... (359 bytes))
1785215641: Sending PUBLISH to hub-api-live-registry-1785215101795 (d0, q0, r0, m0, 'resq/M01/telemetry', ... (359 bytes))
1785215641: Sending PUBLISH to auto-458E2A0E-A54A-09C7-325B-4DCD32FF54A7 (d0, q0, r0, m0, 'resq/M01/telemetry', ... (359 bytes))
1785215641: Received PUBLISH from resq-firmware-sim-M01-ms471s3o (d0, q0, r0, m0, 'resq/M01/telemetry', ... (358 bytes))
1785215641: Sending PUBLISH to hub-api-live-registry-1785215101795 (d0, q0, r0, m0, 'resq/M01/telemetry', ... (358 bytes))
1785215641: Sending PUBLISH to auto-458E2A0E-A54A-09C7-325B-4DCD32FF54A7 (d0, q0, r0, m0, 'resq/M01/telemetry', ... (358 bytes))
1785215641: Received PUBLISH from resq-firmware-sim-M01-ms471s3o (d0, q0, r0, m0, 'resq/M01/heartbeat', ... (221 bytes))
1785215641: Sending PUBLISH to hub-api-live-registry-1785215101795 (d0, q0, r0, m0, 'resq/M01/heartbeat', ... (221 bytes))
1785215641: Sending PUBLISH to auto-458E2A0E-A54A-09C7-325B-4DCD32FF54A7 (d0, q0, r0, m0, 'resq/M01/heartbeat', ... (221 bytes))
1785215641: Received PINGREQ from resq-firmware-sim-M01-ms471s3o
1785215641: Sending PINGRESP to resq-firmware-sim-M01-ms471s3o
1785215641: Received PUBLISH from resq-firmware-sim-M01-ms471s3o (d0, q0, r0, m0, 'resq/M01/telemetry', ... (358 bytes))
1785215641: Sending PUBLISH to hub-api-live-registry-1785215101795 (d0, q0, r0, m0, 'resq/M01/telemetry', ... (358 bytes))
1785215641: Sending PUBLISH to auto-458E2A0E-A54A-09C7-325B-4DCD32FF54A7 (d0, q0, r0, m0, 'resq/M01/telemetry', ... (358 bytes))
1785215641: Received PUBLISH from resq-firmware-sim-M01-ms471s3o (d0, q0, r0, m0, 'resq/M01/telemetry', ... (358 bytes))
1785215641: Sending PUBLISH to hub-api-live-registry-1785215101795 (d0, q0, r0, m0, 'resq/M01/telemetry', ... (358 bytes))
1785215641: Sending PUBLISH to auto-458E2A0E-A54A-09C7-325B-4DCD32FF54A7 (d0, q0, r0, m0, 'resq/M01/telemetry', ... (358 bytes))
1785215641: Received PUBLISH from resq-firmware-sim-M01-ms471s3o (d0, q0, r0, m0, 'resq/M01/telemetry', ... (359 bytes))
1785215641: Sending PUBLISH to hub-api-live-registry-1785215101795 (d0, q0, r0, m0, 'resq/M01/telemetry', ... (359 bytes))
1785215641: Sending PUBLISH to auto-458E2A0E-A54A-09C7-325B-4DCD32FF54A7 (d0, q0, r0, m0, 'resq/M01/telemetry', ... (359 bytes))
1785215641: Received PINGREQ from hub-api-session-commands-1785215101465
1785215641: Sending PINGRESP to hub-api-session-commands-1785215101465
1785215642: Received PUBLISH from resq-firmware-sim-M01-ms471s3o (d0, q0, r0, m0, 'resq/M01/telemetry', ... (360 bytes))
1785215642: Sending PUBLISH to hub-api-live-registry-1785215101795 (d0, q0, r0, m0, 'resq/M01/telemetry', ... (360 bytes))
1785215642: Sending PUBLISH to auto-458E2A0E-A54A-09C7-325B-4DCD32FF54A7 (d0, q0, r0, m0, 'resq/M01/telemetry', ... (360 bytes))
1785215642: Received PINGREQ from hub-api-live-registry-1785215101795
1785215642: Sending PINGRESP to hub-api-live-registry-1785215101795
1785215642: Received PUBLISH from resq-firmware-sim-M01-ms471s3o (d0, q0, r0, m0, 'resq/M01/telemetry', ... (360 bytes))
1785215642: Sending PUBLISH to hub-api-live-registry-1785215101795 (d0, q0, r0, m0, 'resq/M01/telemetry', ... (360 bytes))
1785215642: Sending PUBLISH to auto-458E2A0E-A54A-09C7-325B-4DCD32FF54A7 (d0, q0, r0, m0, 'resq/M01/telemetry', ... (360 bytes))
1785215642: Received PUBLISH from resq-firmware-sim-M01-ms471s3o (d0, q0, r0, m0, 'resq/M01/heartbeat', ... (221 bytes))
1785215642: Sending PUBLISH to hub-api-live-registry-1785215101795 (d0, q0, r0, m0, 'resq/M01/heartbeat', ... (221 bytes))
1785215642: Sending PUBLISH to auto-458E2A0E-A54A-09C7-325B-4DCD32FF54A7 (d0, q0, r0, m0, 'resq/M01/heartbeat', ... (221 bytes))
1785215642: Received PUBLISH from resq-firmware-sim-M01-ms471s3o (d0, q0, r0, m0, 'resq/M01/telemetry', ... (358 bytes))
1785215642: Sending PUBLISH to hub-api-live-registry-1785215101795 (d0, q0, r0, m0, 'resq/M01/telemetry', ... (358 bytes))
1785215642: Sending PUBLISH to auto-458E2A0E-A54A-09C7-325B-4DCD32FF54A7 (d0, q0, r0, m0, 'resq/M01/telemetry', ... (358 bytes))
1785215642: Received PUBLISH from resq-firmware-sim-M01-ms471s3o (d0, q0, r0, m0, 'resq/M01/telemetry', ... (358 bytes))
1785215642: Sending PUBLISH to hub-api-live-registry-1785215101795 (d0, q0, r0, m0, 'resq/M01/telemetry', ... (358 bytes))
1785215642: Sending PUBLISH to auto-458E2A0E-A54A-09C7-325B-4DCD32FF54A7 (d0, q0, r0, m0, 'resq/M01/telemetry', ... (358 bytes))
1785215642: Received PUBLISH from resq-firmware-sim-M01-ms471s3o (d0, q0, r0, m0, 'resq/M01/telemetry', ... (359 bytes))
1785215642: Sending PUBLISH to hub-api-live-registry-1785215101795 (d0, q0, r0, m0, 'resq/M01/telemetry', ... (359 bytes))
1785215642: Sending PUBLISH to auto-458E2A0E-A54A-09C7-325B-4DCD32FF54A7 (d0, q0, r0, m0, 'resq/M01/telemetry', ... (359 bytes))
1785215643: Received PUBLISH from resq-firmware-sim-M01-ms471s3o (d0, q0, r0, m0, 'resq/M01/telemetry', ... (358 bytes))
1785215643: Sending PUBLISH to hub-api-live-registry-1785215101795 (d0, q0, r0, m0, 'resq/M01/telemetry', ... (358 bytes))
1785215643: Sending PUBLISH to auto-458E2A0E-A54A-09C7-325B-4DCD32FF54A7 (d0, q0, r0, m0, 'resq/M01/telemetry', ... (358 bytes))
1785215643: Received PUBLISH from resq-firmware-sim-M01-ms471s3o (d0, q0, r0, m0, 'resq/M01/telemetry', ... (359 bytes))
1785215643: Sending PUBLISH to hub-api-live-registry-1785215101795 (d0, q0, r0, m0, 'resq/M01/telemetry', ... (359 bytes))
1785215643: Sending PUBLISH to auto-458E2A0E-A54A-09C7-325B-4DCD32FF54A7 (d0, q0, r0, m0, 'resq/M01/telemetry', ... (359 bytes))
1785215643: Received PUBLISH from resq-firmware-sim-M01-ms471s3o (d0, q0, r0, m0, 'resq/M01/heartbeat', ... (221 bytes))
1785215643: Sending PUBLISH to hub-api-live-registry-1785215101795 (d0, q0, r0, m0, 'resq/M01/heartbeat', ... (221 bytes))
1785215643: Sending PUBLISH to auto-458E2A0E-A54A-09C7-325B-4DCD32FF54A7 (d0, q0, r0, m0, 'resq/M01/heartbeat', ... (221 bytes))
1785215643: Received PUBLISH from resq-firmware-sim-M01-ms471s3o (d0, q0, r0, m0, 'resq/M01/telemetry', ... (358 bytes))
1785215643: Sending PUBLISH to hub-api-live-registry-1785215101795 (d0, q0, r0, m0, 'resq/M01/telemetry', ... (358 bytes))
1785215643: Sending PUBLISH to auto-458E2A0E-A54A-09C7-325B-4DCD32FF54A7 (d0, q0, r0, m0, 'resq/M01/telemetry', ... (358 bytes))
1785215643: Received PUBLISH from resq-firmware-sim-M01-ms471s3o (d0, q0, r0, m0, 'resq/M01/telemetry', ... (360 bytes))
1785215643: Sending PUBLISH to hub-api-live-registry-1785215101795 (d0, q0, r0, m0, 'resq/M01/telemetry', ... (360 bytes))
1785215643: Sending PUBLISH to auto-458E2A0E-A54A-09C7-325B-4DCD32FF54A7 (d0, q0, r0, m0, 'resq/M01/telemetry', ... (360 bytes))
1785215643: Received PUBLISH from resq-firmware-sim-M01-ms471s3o (d0, q0, r0, m0, 'resq/M01/telemetry', ... (358 bytes))
1785215643: Sending PUBLISH to hub-api-live-registry-1785215101795 (d0, q0, r0, m0, 'resq/M01/telemetry', ... (358 bytes))
1785215643: Sending PUBLISH to auto-458E2A0E-A54A-09C7-325B-4DCD32FF54A7 (d0, q0, r0, m0, 'resq/M01/telemetry', ... (358 bytes))
1785215644: Received PUBLISH from resq-firmware-sim-M01-ms471s3o (d0, q0, r0, m0, 'resq/M01/telemetry', ... (359 bytes))
1785215644: Sending PUBLISH to hub-api-live-registry-1785215101795 (d0, q0, r0, m0, 'resq/M01/telemetry', ... (359 bytes))
1785215644: Sending PUBLISH to auto-458E2A0E-A54A-09C7-325B-4DCD32FF54A7 (d0, q0, r0, m0, 'resq/M01/telemetry', ... (359 bytes))
1785215644: Received PUBLISH from resq-firmware-sim-M01-ms471s3o (d0, q0, r0, m0, 'resq/M01/telemetry', ... (359 bytes))
1785215644: Sending PUBLISH to hub-api-live-registry-1785215101795 (d0, q0, r0, m0, 'resq/M01/telemetry', ... (359 bytes))
1785215644: Sending PUBLISH to auto-458E2A0E-A54A-09C7-325B-4DCD32FF54A7 (d0, q0, r0, m0, 'resq/M01/telemetry', ... (359 bytes))
1785215644: Received PUBLISH from resq-firmware-sim-M01-ms471s3o (d0, q0, r0, m0, 'resq/M01/heartbeat', ... (221 bytes))
1785215644: Sending PUBLISH to hub-api-live-registry-1785215101795 (d0, q0, r0, m0, 'resq/M01/heartbeat', ... (221 bytes))
1785215644: Sending PUBLISH to auto-458E2A0E-A54A-09C7-325B-4DCD32FF54A7 (d0, q0, r0, m0, 'resq/M01/heartbeat', ... (221 bytes))
1785215644: Received PUBLISH from resq-firmware-sim-M01-ms471s3o (d0, q0, r0, m0, 'resq/M01/telemetry', ... (359 bytes))
1785215644: Sending PUBLISH to hub-api-live-registry-1785215101795 (d0, q0, r0, m0, 'resq/M01/telemetry', ... (359 bytes))
1785215644: Sending PUBLISH to auto-458E2A0E-A54A-09C7-325B-4DCD32FF54A7 (d0, q0, r0, m0, 'resq/M01/telemetry', ... (359 bytes))
1785215644: Received PUBLISH from resq-firmware-sim-M01-ms471s3o (d0, q0, r0, m0, 'resq/M01/telemetry', ... (359 bytes))
1785215644: Sending PUBLISH to hub-api-live-registry-1785215101795 (d0, q0, r0, m0, 'resq/M01/telemetry', ... (359 bytes))
1785215644: Sending PUBLISH to auto-458E2A0E-A54A-09C7-325B-4DCD32FF54A7 (d0, q0, r0, m0, 'resq/M01/telemetry', ... (359 bytes))
1785215644: Received PUBLISH from resq-firmware-sim-M01-ms471s3o (d0, q0, r0, m0, 'resq/M01/telemetry', ... (359 bytes))
1785215644: Sending PUBLISH to hub-api-live-registry-1785215101795 (d0, q0, r0, m0, 'resq/M01/telemetry', ... (359 bytes))
1785215644: Sending PUBLISH to auto-458E2A0E-A54A-09C7-325B-4DCD32FF54A7 (d0, q0, r0, m0, 'resq/M01/telemetry', ... (359 bytes))
1785215644: Received PINGREQ from auto-458E2A0E-A54A-09C7-325B-4DCD32FF54A7
1785215644: Sending PINGRESP to auto-458E2A0E-A54A-09C7-325B-4DCD32FF54A7
1785215645: Received PUBLISH from resq-firmware-sim-M01-ms471s3o (d0, q0, r0, m0, 'resq/M01/telemetry', ... (359 bytes))
1785215645: Sending PUBLISH to hub-api-live-registry-1785215101795 (d0, q0, r0, m0, 'resq/M01/telemetry', ... (359 bytes))
1785215645: Sending PUBLISH to auto-458E2A0E-A54A-09C7-325B-4DCD32FF54A7 (d0, q0, r0, m0, 'resq/M01/telemetry', ... (359 bytes))
1785215645: Received PUBLISH from resq-firmware-sim-M01-ms471s3o (d0, q0, r0, m0, 'resq/M01/heartbeat', ... (221 bytes))
1785215645: Sending PUBLISH to hub-api-live-registry-1785215101795 (d0, q0, r0, m0, 'resq/M01/heartbeat', ... (221 bytes))
1785215645: Sending PUBLISH to auto-458E2A0E-A54A-09C7-325B-4DCD32FF54A7 (d0, q0, r0, m0, 'resq/M01/heartbeat', ... (221 bytes))
1785215645: Received PUBLISH from resq-firmware-sim-M01-ms471s3o (d0, q0, r0, m0, 'resq/M01/telemetry', ... (358 bytes))
1785215645: Sending PUBLISH to hub-api-live-registry-1785215101795 (d0, q0, r0, m0, 'resq/M01/telemetry', ... (358 bytes))
1785215645: Sending PUBLISH to auto-458E2A0E-A54A-09C7-325B-4DCD32FF54A7 (d0, q0, r0, m0, 'resq/M01/telemetry', ... (358 bytes))
1785215645: Received PUBLISH from resq-firmware-sim-M01-ms471s3o (d0, q0, r0, m0, 'resq/M01/telemetry', ... (360 bytes))
1785215645: Sending PUBLISH to hub-api-live-registry-1785215101795 (d0, q0, r0, m0, 'resq/M01/telemetry', ... (360 bytes))
1785215645: Sending PUBLISH to auto-458E2A0E-A54A-09C7-325B-4DCD32FF54A7 (d0, q0, r0, m0, 'resq/M01/telemetry', ... (360 bytes))
1785215645: Received PUBLISH from resq-firmware-sim-M01-ms471s3o (d0, q0, r0, m0, 'resq/M01/telemetry', ... (360 bytes))
1785215645: Sending PUBLISH to hub-api-live-registry-1785215101795 (d0, q0, r0, m0, 'resq/M01/telemetry', ... (360 bytes))
1785215645: Sending PUBLISH to auto-458E2A0E-A54A-09C7-325B-4DCD32FF54A7 (d0, q0, r0, m0, 'resq/M01/telemetry', ... (360 bytes))
1785215645: Client auto-458E2A0E-A54A-09C7-325B-4DCD32FF54A7 [127.0.0.1:52833] disconnected: connection closed by client.
1785215645: Received PUBLISH from resq-firmware-sim-M01-ms471s3o (d0, q0, r0, m0, 'resq/M01/telemetry', ... (359 bytes))
1785215645: Sending PUBLISH to hub-api-live-registry-1785215101795 (d0, q0, r0, m0, 'resq/M01/telemetry', ... (359 bytes))
1785215646: New connection from 127.0.0.1:56022 on port 1883.
1785215646: New client connected from 127.0.0.1:56022 as auto-92CC18E1-2ACA-F6BF-08D1-D1A73409C74F (p4, c1, k60).
1785215646: No will message specified.
1785215646: Sending CONNACK to auto-92CC18E1-2ACA-F6BF-08D1-D1A73409C74F (0, 0)
1785215646: Received PUBLISH from auto-92CC18E1-2ACA-F6BF-08D1-D1A73409C74F (d0, q1, r0, m1, 'resq/M01/cmd/session/stop', ... (85 bytes))
1785215646: Sending PUBLISH to resq-firmware-sim-M01-ms471s3o (d0, q0, r0, m0, 'resq/M01/cmd/session/stop', ... (85 bytes))
1785215646: Sending PUBACK to auto-92CC18E1-2ACA-F6BF-08D1-D1A73409C74F (m1, rc0)
1785215646: Client auto-92CC18E1-2ACA-F6BF-08D1-D1A73409C74F [127.0.0.1:56022] disconnected: connection closed by client.
1785215646: Received PUBLISH from resq-firmware-sim-M01-ms471s3o (d0, q0, r0, m0, 'resq/M01/events', ... (258 bytes))
1785215646: Sending PUBLISH to hub-api-live-registry-1785215101795 (d0, q0, r0, m0, 'resq/M01/events', ... (258 bytes))
1785215646: Received PUBLISH from resq-firmware-sim-M01-ms471s3o (d0, q0, r1, m0, 'resq/M01/status', ... (146 bytes))
1785215646: Sending PUBLISH to hub-api-live-registry-1785215101795 (d0, q0, r0, m0, 'resq/M01/status', ... (146 bytes))
1785215646: Client resq-firmware-sim-M01-ms471s3o [127.0.0.1:62696] disconnected: connection closed by client.
1785215701: Received PINGREQ from hub-api-session-commands-1785215101465
1785215701: Sending PINGRESP to hub-api-session-commands-1785215101465
1785215702: Received PINGREQ from hub-api-live-registry-1785215101795
1785215702: Sending PINGRESP to hub-api-live-registry-1785215101795
1785215761: Received PINGREQ from hub-api-session-commands-1785215101465
1785215761: Sending PINGRESP to hub-api-session-commands-1785215101465
1785215762: Received PINGREQ from hub-api-live-registry-1785215101795
1785215762: Sending PINGRESP to hub-api-live-registry-1785215101795
1785215778: New connection from 127.0.0.1:50499 on port 1883.
1785215778: New client connected from 127.0.0.1:50499 as auto-C6D2B3BB-7194-E213-9E7E-B71F4D35973B (p4, c1, k60).
1785215778: No will message specified.
1785215778: Sending CONNACK to auto-C6D2B3BB-7194-E213-9E7E-B71F4D35973B (0, 0)
1785215778: Received SUBSCRIBE from auto-C6D2B3BB-7194-E213-9E7E-B71F4D35973B
1785215778: 	resq/# (QoS 0)
1785215778: auto-C6D2B3BB-7194-E213-9E7E-B71F4D35973B 0 resq/#
1785215778: Sending SUBACK to auto-C6D2B3BB-7194-E213-9E7E-B71F4D35973B
1785215778: Sending PUBLISH to auto-C6D2B3BB-7194-E213-9E7E-B71F4D35973B (d0, q0, r1, m0, 'resq/M01/status', ... (146 bytes))
1785215781: New connection from 127.0.0.1:50502 on port 1883.
1785215781: New client connected from 127.0.0.1:50502 as auto-EB80BBB5-EB9F-AC8D-1440-5124C968694F (p4, c1, k60).
1785215781: No will message specified.
1785215781: Sending CONNACK to auto-EB80BBB5-EB9F-AC8D-1440-5124C968694F (0, 0)
1785215781: Received PUBLISH from auto-EB80BBB5-EB9F-AC8D-1440-5124C968694F (d0, q1, r0, m1, 'resq/M01/cmd/telemetry', ... (104 bytes))
1785215781: Sending PUBLISH to auto-C6D2B3BB-7194-E213-9E7E-B71F4D35973B (d0, q0, r0, m0, 'resq/M01/cmd/telemetry', ... (104 bytes))
1785215781: Sending PUBACK to auto-EB80BBB5-EB9F-AC8D-1440-5124C968694F (m1, rc0)
1785215781: Client auto-EB80BBB5-EB9F-AC8D-1440-5124C968694F [127.0.0.1:50502] disconnected: connection closed by client.
1785215792: New connection from 127.0.0.1:52133 on port 1883.
1785215792: New client connected from 127.0.0.1:52133 as resq-firmware-sim-M01-ms47dwmn (p4, c1, k60).
1785215792: No will message specified.
1785215792: Sending CONNACK to resq-firmware-sim-M01-ms47dwmn (0, 0)
1785215793: Received SUBSCRIBE from resq-firmware-sim-M01-ms47dwmn
1785215793: 	resq/M01/cmd/# (QoS 0)
1785215793: resq-firmware-sim-M01-ms47dwmn 0 resq/M01/cmd/#
1785215793: Sending SUBACK to resq-firmware-sim-M01-ms47dwmn
1785215793: Received PUBLISH from resq-firmware-sim-M01-ms47dwmn (d0, q0, r1, m0, 'resq/M01/status', ... (139 bytes))
1785215793: Sending PUBLISH to hub-api-live-registry-1785215101795 (d0, q0, r0, m0, 'resq/M01/status', ... (139 bytes))
1785215793: Sending PUBLISH to auto-C6D2B3BB-7194-E213-9E7E-B71F4D35973B (d0, q0, r0, m0, 'resq/M01/status', ... (139 bytes))
1785215793: Received PUBLISH from resq-firmware-sim-M01-ms47dwmn (d0, q0, r0, m0, 'resq/M01/heartbeat', ... (204 bytes))
1785215793: Sending PUBLISH to hub-api-live-registry-1785215101795 (d0, q0, r0, m0, 'resq/M01/heartbeat', ... (204 bytes))
1785215793: Sending PUBLISH to auto-C6D2B3BB-7194-E213-9E7E-B71F4D35973B (d0, q0, r0, m0, 'resq/M01/heartbeat', ... (204 bytes))
1785215794: Received PUBLISH from resq-firmware-sim-M01-ms47dwmn (d0, q0, r0, m0, 'resq/M01/heartbeat', ... (204 bytes))
1785215794: Sending PUBLISH to hub-api-live-registry-1785215101795 (d0, q0, r0, m0, 'resq/M01/heartbeat', ... (204 bytes))
1785215794: Sending PUBLISH to auto-C6D2B3BB-7194-E213-9E7E-B71F4D35973B (d0, q0, r0, m0, 'resq/M01/heartbeat', ... (204 bytes))
1785215795: Received PUBLISH from resq-firmware-sim-M01-ms47dwmn (d0, q0, r0, m0, 'resq/M01/heartbeat', ... (204 bytes))
1785215795: Sending PUBLISH to hub-api-live-registry-1785215101795 (d0, q0, r0, m0, 'resq/M01/heartbeat', ... (204 bytes))
1785215795: Sending PUBLISH to auto-C6D2B3BB-7194-E213-9E7E-B71F4D35973B (d0, q0, r0, m0, 'resq/M01/heartbeat', ... (204 bytes))
1785215796: Received PUBLISH from resq-firmware-sim-M01-ms47dwmn (d0, q0, r0, m0, 'resq/M01/heartbeat', ... (206 bytes))
1785215796: Sending PUBLISH to hub-api-live-registry-1785215101795 (d0, q0, r0, m0, 'resq/M01/heartbeat', ... (206 bytes))
1785215796: Sending PUBLISH to auto-C6D2B3BB-7194-E213-9E7E-B71F4D35973B (d0, q0, r0, m0, 'resq/M01/heartbeat', ... (206 bytes))
1785215797: Received PUBLISH from resq-firmware-sim-M01-ms47dwmn (d0, q0, r0, m0, 'resq/M01/heartbeat', ... (206 bytes))
1785215797: Sending PUBLISH to hub-api-live-registry-1785215101795 (d0, q0, r0, m0, 'resq/M01/heartbeat', ... (206 bytes))
1785215797: Sending PUBLISH to auto-C6D2B3BB-7194-E213-9E7E-B71F4D35973B (d0, q0, r0, m0, 'resq/M01/heartbeat', ... (206 bytes))
1785215798: Received PUBLISH from resq-firmware-sim-M01-ms47dwmn (d0, q0, r0, m0, 'resq/M01/heartbeat', ... (206 bytes))
1785215798: Sending PUBLISH to hub-api-live-registry-1785215101795 (d0, q0, r0, m0, 'resq/M01/heartbeat', ... (206 bytes))
1785215798: Sending PUBLISH to auto-C6D2B3BB-7194-E213-9E7E-B71F4D35973B (d0, q0, r0, m0, 'resq/M01/heartbeat', ... (206 bytes))
1785215799: Received PUBLISH from resq-firmware-sim-M01-ms47dwmn (d0, q0, r0, m0, 'resq/M01/heartbeat', ... (206 bytes))
1785215799: Sending PUBLISH to hub-api-live-registry-1785215101795 (d0, q0, r0, m0, 'resq/M01/heartbeat', ... (206 bytes))
1785215799: Sending PUBLISH to auto-C6D2B3BB-7194-E213-9E7E-B71F4D35973B (d0, q0, r0, m0, 'resq/M01/heartbeat', ... (206 bytes))
1785215800: Received PUBLISH from resq-firmware-sim-M01-ms47dwmn (d0, q0, r0, m0, 'resq/M01/heartbeat', ... (206 bytes))
1785215800: Sending PUBLISH to hub-api-live-registry-1785215101795 (d0, q0, r0, m0, 'resq/M01/heartbeat', ... (206 bytes))
1785215800: Sending PUBLISH to auto-C6D2B3BB-7194-E213-9E7E-B71F4D35973B (d0, q0, r0, m0, 'resq/M01/heartbeat', ... (206 bytes))
1785215801: Received PUBLISH from resq-firmware-sim-M01-ms47dwmn (d0, q0, r0, m0, 'resq/M01/heartbeat', ... (206 bytes))
1785215801: Sending PUBLISH to hub-api-live-registry-1785215101795 (d0, q0, r0, m0, 'resq/M01/heartbeat', ... (206 bytes))
1785215801: Sending PUBLISH to auto-C6D2B3BB-7194-E213-9E7E-B71F4D35973B (d0, q0, r0, m0, 'resq/M01/heartbeat', ... (206 bytes))
1785215802: Received PUBLISH from resq-firmware-sim-M01-ms47dwmn (d0, q0, r0, m0, 'resq/M01/heartbeat', ... (206 bytes))
1785215802: Sending PUBLISH to hub-api-live-registry-1785215101795 (d0, q0, r0, m0, 'resq/M01/heartbeat', ... (206 bytes))
1785215802: Sending PUBLISH to auto-C6D2B3BB-7194-E213-9E7E-B71F4D35973B (d0, q0, r0, m0, 'resq/M01/heartbeat', ... (206 bytes))
1785215803: Received PUBLISH from resq-firmware-sim-M01-ms47dwmn (d0, q0, r0, m0, 'resq/M01/heartbeat', ... (206 bytes))
1785215803: Sending PUBLISH to hub-api-live-registry-1785215101795 (d0, q0, r0, m0, 'resq/M01/heartbeat', ... (206 bytes))
1785215803: Sending PUBLISH to auto-C6D2B3BB-7194-E213-9E7E-B71F4D35973B (d0, q0, r0, m0, 'resq/M01/heartbeat', ... (206 bytes))
1785215804: Received PUBLISH from resq-firmware-sim-M01-ms47dwmn (d0, q0, r0, m0, 'resq/M01/heartbeat', ... (206 bytes))
1785215804: Sending PUBLISH to hub-api-live-registry-1785215101795 (d0, q0, r0, m0, 'resq/M01/heartbeat', ... (206 bytes))
1785215804: Sending PUBLISH to auto-C6D2B3BB-7194-E213-9E7E-B71F4D35973B (d0, q0, r0, m0, 'resq/M01/heartbeat', ... (206 bytes))
1785215806: Received PUBLISH from resq-firmware-sim-M01-ms47dwmn (d0, q0, r0, m0, 'resq/M01/heartbeat', ... (206 bytes))
1785215806: Sending PUBLISH to hub-api-live-registry-1785215101795 (d0, q0, r0, m0, 'resq/M01/heartbeat', ... (206 bytes))
1785215806: Sending PUBLISH to auto-C6D2B3BB-7194-E213-9E7E-B71F4D35973B (d0, q0, r0, m0, 'resq/M01/heartbeat', ... (206 bytes))
1785215807: Received PUBLISH from resq-firmware-sim-M01-ms47dwmn (d0, q0, r0, m0, 'resq/M01/heartbeat', ... (206 bytes))
1785215807: Sending PUBLISH to hub-api-live-registry-1785215101795 (d0, q0, r0, m0, 'resq/M01/heartbeat', ... (206 bytes))
1785215807: Sending PUBLISH to auto-C6D2B3BB-7194-E213-9E7E-B71F4D35973B (d0, q0, r0, m0, 'resq/M01/heartbeat', ... (206 bytes))
1785215808: Received PUBLISH from resq-firmware-sim-M01-ms47dwmn (d0, q0, r0, m0, 'resq/M01/heartbeat', ... (206 bytes))
1785215808: Sending PUBLISH to hub-api-live-registry-1785215101795 (d0, q0, r0, m0, 'resq/M01/heartbeat', ... (206 bytes))
1785215808: Sending PUBLISH to auto-C6D2B3BB-7194-E213-9E7E-B71F4D35973B (d0, q0, r0, m0, 'resq/M01/heartbeat', ... (206 bytes))
1785215809: Received PUBLISH from resq-firmware-sim-M01-ms47dwmn (d0, q0, r0, m0, 'resq/M01/heartbeat', ... (206 bytes))
1785215809: Sending PUBLISH to hub-api-live-registry-1785215101795 (d0, q0, r0, m0, 'resq/M01/heartbeat', ... (206 bytes))
1785215809: Sending PUBLISH to auto-C6D2B3BB-7194-E213-9E7E-B71F4D35973B (d0, q0, r0, m0, 'resq/M01/heartbeat', ... (206 bytes))
1785215810: Received PUBLISH from resq-firmware-sim-M01-ms47dwmn (d0, q0, r0, m0, 'resq/M01/heartbeat', ... (206 bytes))
1785215810: Sending PUBLISH to hub-api-live-registry-1785215101795 (d0, q0, r0, m0, 'resq/M01/heartbeat', ... (206 bytes))
1785215810: Sending PUBLISH to auto-C6D2B3BB-7194-E213-9E7E-B71F4D35973B (d0, q0, r0, m0, 'resq/M01/heartbeat', ... (206 bytes))
1785215811: Received PUBLISH from resq-firmware-sim-M01-ms47dwmn (d0, q0, r0, m0, 'resq/M01/heartbeat', ... (206 bytes))
1785215811: Sending PUBLISH to hub-api-live-registry-1785215101795 (d0, q0, r0, m0, 'resq/M01/heartbeat', ... (206 bytes))
1785215811: Sending PUBLISH to auto-C6D2B3BB-7194-E213-9E7E-B71F4D35973B (d0, q0, r0, m0, 'resq/M01/heartbeat', ... (206 bytes))
1785215812: Received PUBLISH from resq-firmware-sim-M01-ms47dwmn (d0, q0, r0, m0, 'resq/M01/heartbeat', ... (206 bytes))
1785215812: Sending PUBLISH to hub-api-live-registry-1785215101795 (d0, q0, r0, m0, 'resq/M01/heartbeat', ... (206 bytes))
1785215812: Sending PUBLISH to auto-C6D2B3BB-7194-E213-9E7E-B71F4D35973B (d0, q0, r0, m0, 'resq/M01/heartbeat', ... (206 bytes))
1785215813: Received PUBLISH from resq-firmware-sim-M01-ms47dwmn (d0, q0, r0, m0, 'resq/M01/heartbeat', ... (206 bytes))
1785215813: Sending PUBLISH to hub-api-live-registry-1785215101795 (d0, q0, r0, m0, 'resq/M01/heartbeat', ... (206 bytes))
1785215813: Sending PUBLISH to auto-C6D2B3BB-7194-E213-9E7E-B71F4D35973B (d0, q0, r0, m0, 'resq/M01/heartbeat', ... (206 bytes))
1785215814: Received PUBLISH from resq-firmware-sim-M01-ms47dwmn (d0, q0, r0, m0, 'resq/M01/heartbeat', ... (206 bytes))
1785215814: Sending PUBLISH to hub-api-live-registry-1785215101795 (d0, q0, r0, m0, 'resq/M01/heartbeat', ... (206 bytes))
1785215814: Sending PUBLISH to auto-C6D2B3BB-7194-E213-9E7E-B71F4D35973B (d0, q0, r0, m0, 'resq/M01/heartbeat', ... (206 bytes))
1785215815: Received PUBLISH from resq-firmware-sim-M01-ms47dwmn (d0, q0, r0, m0, 'resq/M01/heartbeat', ... (206 bytes))
1785215815: Sending PUBLISH to hub-api-live-registry-1785215101795 (d0, q0, r0, m0, 'resq/M01/heartbeat', ... (206 bytes))
1785215815: Sending PUBLISH to auto-C6D2B3BB-7194-E213-9E7E-B71F4D35973B (d0, q0, r0, m0, 'resq/M01/heartbeat', ... (206 bytes))
1785215816: Received PUBLISH from resq-firmware-sim-M01-ms47dwmn (d0, q0, r0, m0, 'resq/M01/heartbeat', ... (206 bytes))
1785215816: Sending PUBLISH to hub-api-live-registry-1785215101795 (d0, q0, r0, m0, 'resq/M01/heartbeat', ... (206 bytes))
1785215816: Sending PUBLISH to auto-C6D2B3BB-7194-E213-9E7E-B71F4D35973B (d0, q0, r0, m0, 'resq/M01/heartbeat', ... (206 bytes))
1785215817: Received PUBLISH from resq-firmware-sim-M01-ms47dwmn (d0, q0, r0, m0, 'resq/M01/heartbeat', ... (206 bytes))
1785215817: Sending PUBLISH to hub-api-live-registry-1785215101795 (d0, q0, r0, m0, 'resq/M01/heartbeat', ... (206 bytes))
1785215817: Sending PUBLISH to auto-C6D2B3BB-7194-E213-9E7E-B71F4D35973B (d0, q0, r0, m0, 'resq/M01/heartbeat', ... (206 bytes))
1785215818: Received PUBLISH from resq-firmware-sim-M01-ms47dwmn (d0, q0, r0, m0, 'resq/M01/heartbeat', ... (206 bytes))
1785215818: Sending PUBLISH to hub-api-live-registry-1785215101795 (d0, q0, r0, m0, 'resq/M01/heartbeat', ... (206 bytes))
1785215818: Sending PUBLISH to auto-C6D2B3BB-7194-E213-9E7E-B71F4D35973B (d0, q0, r0, m0, 'resq/M01/heartbeat', ... (206 bytes))
1785215819: Received PUBLISH from resq-firmware-sim-M01-ms47dwmn (d0, q0, r0, m0, 'resq/M01/heartbeat', ... (206 bytes))
1785215819: Sending PUBLISH to hub-api-live-registry-1785215101795 (d0, q0, r0, m0, 'resq/M01/heartbeat', ... (206 bytes))
1785215819: Sending PUBLISH to auto-C6D2B3BB-7194-E213-9E7E-B71F4D35973B (d0, q0, r0, m0, 'resq/M01/heartbeat', ... (206 bytes))
1785215821: Received PUBLISH from resq-firmware-sim-M01-ms47dwmn (d0, q0, r0, m0, 'resq/M01/heartbeat', ... (206 bytes))
1785215821: Sending PUBLISH to hub-api-live-registry-1785215101795 (d0, q0, r0, m0, 'resq/M01/heartbeat', ... (206 bytes))
1785215821: Sending PUBLISH to auto-C6D2B3BB-7194-E213-9E7E-B71F4D35973B (d0, q0, r0, m0, 'resq/M01/heartbeat', ... (206 bytes))
1785215822: Received PINGREQ from hub-api-session-commands-1785215101465
1785215822: Sending PINGRESP to hub-api-session-commands-1785215101465
1785215822: Received PUBLISH from resq-firmware-sim-M01-ms47dwmn (d0, q0, r0, m0, 'resq/M01/heartbeat', ... (206 bytes))
1785215822: Sending PUBLISH to hub-api-live-registry-1785215101795 (d0, q0, r0, m0, 'resq/M01/heartbeat', ... (206 bytes))
1785215822: Sending PUBLISH to auto-C6D2B3BB-7194-E213-9E7E-B71F4D35973B (d0, q0, r0, m0, 'resq/M01/heartbeat', ... (206 bytes))
1785215822: Received PINGREQ from hub-api-live-registry-1785215101795
1785215822: Sending PINGRESP to hub-api-live-registry-1785215101795
1785215823: Received PUBLISH from resq-firmware-sim-M01-ms47dwmn (d0, q0, r0, m0, 'resq/M01/heartbeat', ... (206 bytes))
1785215823: Sending PUBLISH to hub-api-live-registry-1785215101795 (d0, q0, r0, m0, 'resq/M01/heartbeat', ... (206 bytes))
1785215823: Sending PUBLISH to auto-C6D2B3BB-7194-E213-9E7E-B71F4D35973B (d0, q0, r0, m0, 'resq/M01/heartbeat', ... (206 bytes))
1785215824: Received PUBLISH from resq-firmware-sim-M01-ms47dwmn (d0, q0, r0, m0, 'resq/M01/heartbeat', ... (206 bytes))
1785215824: Sending PUBLISH to hub-api-live-registry-1785215101795 (d0, q0, r0, m0, 'resq/M01/heartbeat', ... (206 bytes))
1785215824: Sending PUBLISH to auto-C6D2B3BB-7194-E213-9E7E-B71F4D35973B (d0, q0, r0, m0, 'resq/M01/heartbeat', ... (206 bytes))
1785215825: Received PUBLISH from resq-firmware-sim-M01-ms47dwmn (d0, q0, r0, m0, 'resq/M01/heartbeat', ... (206 bytes))
1785215825: Sending PUBLISH to hub-api-live-registry-1785215101795 (d0, q0, r0, m0, 'resq/M01/heartbeat', ... (206 bytes))
1785215825: Sending PUBLISH to auto-C6D2B3BB-7194-E213-9E7E-B71F4D35973B (d0, q0, r0, m0, 'resq/M01/heartbeat', ... (206 bytes))
1785215826: Received PUBLISH from resq-firmware-sim-M01-ms47dwmn (d0, q0, r0, m0, 'resq/M01/heartbeat', ... (206 bytes))
1785215826: Sending PUBLISH to hub-api-live-registry-1785215101795 (d0, q0, r0, m0, 'resq/M01/heartbeat', ... (206 bytes))
1785215826: Sending PUBLISH to auto-C6D2B3BB-7194-E213-9E7E-B71F4D35973B (d0, q0, r0, m0, 'resq/M01/heartbeat', ... (206 bytes))
1785215827: Received PUBLISH from resq-firmware-sim-M01-ms47dwmn (d0, q0, r0, m0, 'resq/M01/heartbeat', ... (206 bytes))
1785215827: Sending PUBLISH to hub-api-live-registry-1785215101795 (d0, q0, r0, m0, 'resq/M01/heartbeat', ... (206 bytes))
1785215827: Sending PUBLISH to auto-C6D2B3BB-7194-E213-9E7E-B71F4D35973B (d0, q0, r0, m0, 'resq/M01/heartbeat', ... (206 bytes))
1785215828: Received PUBLISH from resq-firmware-sim-M01-ms47dwmn (d0, q0, r0, m0, 'resq/M01/heartbeat', ... (206 bytes))
1785215828: Sending PUBLISH to hub-api-live-registry-1785215101795 (d0, q0, r0, m0, 'resq/M01/heartbeat', ... (206 bytes))
1785215828: Sending PUBLISH to auto-C6D2B3BB-7194-E213-9E7E-B71F4D35973B (d0, q0, r0, m0, 'resq/M01/heartbeat', ... (206 bytes))
1785215829: Received PUBLISH from resq-firmware-sim-M01-ms47dwmn (d0, q0, r0, m0, 'resq/M01/heartbeat', ... (206 bytes))
1785215829: Sending PUBLISH to hub-api-live-registry-1785215101795 (d0, q0, r0, m0, 'resq/M01/heartbeat', ... (206 bytes))
1785215829: Sending PUBLISH to auto-C6D2B3BB-7194-E213-9E7E-B71F4D35973B (d0, q0, r0, m0, 'resq/M01/heartbeat', ... (206 bytes))
1785215830: Received PUBLISH from resq-firmware-sim-M01-ms47dwmn (d0, q0, r0, m0, 'resq/M01/heartbeat', ... (206 bytes))
1785215830: Sending PUBLISH to hub-api-live-registry-1785215101795 (d0, q0, r0, m0, 'resq/M01/heartbeat', ... (206 bytes))
1785215830: Sending PUBLISH to auto-C6D2B3BB-7194-E213-9E7E-B71F4D35973B (d0, q0, r0, m0, 'resq/M01/heartbeat', ... (206 bytes))
1785215831: Received PUBLISH from resq-firmware-sim-M01-ms47dwmn (d0, q0, r0, m0, 'resq/M01/heartbeat', ... (206 bytes))
1785215831: Sending PUBLISH to hub-api-live-registry-1785215101795 (d0, q0, r0, m0, 'resq/M01/heartbeat', ... (206 bytes))
1785215831: Sending PUBLISH to auto-C6D2B3BB-7194-E213-9E7E-B71F4D35973B (d0, q0, r0, m0, 'resq/M01/heartbeat', ... (206 bytes))
1785215832: Received PUBLISH from resq-firmware-sim-M01-ms47dwmn (d0, q0, r0, m0, 'resq/M01/heartbeat', ... (206 bytes))
1785215832: Sending PUBLISH to hub-api-live-registry-1785215101795 (d0, q0, r0, m0, 'resq/M01/heartbeat', ... (206 bytes))
1785215832: Sending PUBLISH to auto-C6D2B3BB-7194-E213-9E7E-B71F4D35973B (d0, q0, r0, m0, 'resq/M01/heartbeat', ... (206 bytes))
1785215833: Received PUBLISH from resq-firmware-sim-M01-ms47dwmn (d0, q0, r0, m0, 'resq/M01/heartbeat', ... (206 bytes))
1785215833: Sending PUBLISH to hub-api-live-registry-1785215101795 (d0, q0, r0, m0, 'resq/M01/heartbeat', ... (206 bytes))
1785215833: Sending PUBLISH to auto-C6D2B3BB-7194-E213-9E7E-B71F4D35973B (d0, q0, r0, m0, 'resq/M01/heartbeat', ... (206 bytes))
1785215834: Received PUBLISH from resq-firmware-sim-M01-ms47dwmn (d0, q0, r0, m0, 'resq/M01/heartbeat', ... (206 bytes))
1785215834: Sending PUBLISH to hub-api-live-registry-1785215101795 (d0, q0, r0, m0, 'resq/M01/heartbeat', ... (206 bytes))
1785215834: Sending PUBLISH to auto-C6D2B3BB-7194-E213-9E7E-B71F4D35973B (d0, q0, r0, m0, 'resq/M01/heartbeat', ... (206 bytes))
1785215835: Received PUBLISH from resq-firmware-sim-M01-ms47dwmn (d0, q0, r0, m0, 'resq/M01/heartbeat', ... (206 bytes))
1785215835: Sending PUBLISH to hub-api-live-registry-1785215101795 (d0, q0, r0, m0, 'resq/M01/heartbeat', ... (206 bytes))
1785215835: Sending PUBLISH to auto-C6D2B3BB-7194-E213-9E7E-B71F4D35973B (d0, q0, r0, m0, 'resq/M01/heartbeat', ... (206 bytes))
1785215836: Received PUBLISH from resq-firmware-sim-M01-ms47dwmn (d0, q0, r0, m0, 'resq/M01/heartbeat', ... (206 bytes))
1785215836: Sending PUBLISH to hub-api-live-registry-1785215101795 (d0, q0, r0, m0, 'resq/M01/heartbeat', ... (206 bytes))
1785215836: Sending PUBLISH to auto-C6D2B3BB-7194-E213-9E7E-B71F4D35973B (d0, q0, r0, m0, 'resq/M01/heartbeat', ... (206 bytes))
1785215838: Received PUBLISH from resq-firmware-sim-M01-ms47dwmn (d0, q0, r0, m0, 'resq/M01/heartbeat', ... (206 bytes))
1785215838: Sending PUBLISH to hub-api-live-registry-1785215101795 (d0, q0, r0, m0, 'resq/M01/heartbeat', ... (206 bytes))
1785215838: Sending PUBLISH to auto-C6D2B3BB-7194-E213-9E7E-B71F4D35973B (d0, q0, r0, m0, 'resq/M01/heartbeat', ... (206 bytes))
1785215839: Received PINGREQ from auto-C6D2B3BB-7194-E213-9E7E-B71F4D35973B
1785215839: Sending PINGRESP to auto-C6D2B3BB-7194-E213-9E7E-B71F4D35973B
1785215839: Received PUBLISH from resq-firmware-sim-M01-ms47dwmn (d0, q0, r0, m0, 'resq/M01/heartbeat', ... (206 bytes))
1785215839: Sending PUBLISH to hub-api-live-registry-1785215101795 (d0, q0, r0, m0, 'resq/M01/heartbeat', ... (206 bytes))
1785215839: Sending PUBLISH to auto-C6D2B3BB-7194-E213-9E7E-B71F4D35973B (d0, q0, r0, m0, 'resq/M01/heartbeat', ... (206 bytes))
1785215840: Received PUBLISH from resq-firmware-sim-M01-ms47dwmn (d0, q0, r0, m0, 'resq/M01/heartbeat', ... (206 bytes))
1785215840: Sending PUBLISH to hub-api-live-registry-1785215101795 (d0, q0, r0, m0, 'resq/M01/heartbeat', ... (206 bytes))
1785215840: Sending PUBLISH to auto-C6D2B3BB-7194-E213-9E7E-B71F4D35973B (d0, q0, r0, m0, 'resq/M01/heartbeat', ... (206 bytes))
1785215841: Received PUBLISH from resq-firmware-sim-M01-ms47dwmn (d0, q0, r0, m0, 'resq/M01/heartbeat', ... (206 bytes))
1785215841: Sending PUBLISH to hub-api-live-registry-1785215101795 (d0, q0, r0, m0, 'resq/M01/heartbeat', ... (206 bytes))
1785215841: Sending PUBLISH to auto-C6D2B3BB-7194-E213-9E7E-B71F4D35973B (d0, q0, r0, m0, 'resq/M01/heartbeat', ... (206 bytes))
1785215842: Received PUBLISH from resq-firmware-sim-M01-ms47dwmn (d0, q0, r0, m0, 'resq/M01/heartbeat', ... (206 bytes))
1785215842: Sending PUBLISH to hub-api-live-registry-1785215101795 (d0, q0, r0, m0, 'resq/M01/heartbeat', ... (206 bytes))
1785215842: Sending PUBLISH to auto-C6D2B3BB-7194-E213-9E7E-B71F4D35973B (d0, q0, r0, m0, 'resq/M01/heartbeat', ... (206 bytes))
1785215843: Client auto-C6D2B3BB-7194-E213-9E7E-B71F4D35973B [127.0.0.1:50499] disconnected: connection closed by client.
1785215843: Received PUBLISH from resq-firmware-sim-M01-ms47dwmn (d0, q0, r0, m0, 'resq/M01/heartbeat', ... (206 bytes))
1785215843: Sending PUBLISH to hub-api-live-registry-1785215101795 (d0, q0, r0, m0, 'resq/M01/heartbeat', ... (206 bytes))
1785215844: Received PUBLISH from resq-firmware-sim-M01-ms47dwmn (d0, q0, r0, m0, 'resq/M01/heartbeat', ... (206 bytes))
1785215844: Sending PUBLISH to hub-api-live-registry-1785215101795 (d0, q0, r0, m0, 'resq/M01/heartbeat', ... (206 bytes))
1785215845: Received PUBLISH from resq-firmware-sim-M01-ms47dwmn (d0, q0, r0, m0, 'resq/M01/heartbeat', ... (206 bytes))
1785215845: Sending PUBLISH to hub-api-live-registry-1785215101795 (d0, q0, r0, m0, 'resq/M01/heartbeat', ... (206 bytes))
1785215846: Received PUBLISH from resq-firmware-sim-M01-ms47dwmn (d0, q0, r0, m0, 'resq/M01/heartbeat', ... (206 bytes))
1785215846: Sending PUBLISH to hub-api-live-registry-1785215101795 (d0, q0, r0, m0, 'resq/M01/heartbeat', ... (206 bytes))
1785215848: Received PUBLISH from resq-firmware-sim-M01-ms47dwmn (d0, q0, r0, m0, 'resq/M01/heartbeat', ... (206 bytes))
1785215848: Sending PUBLISH to hub-api-live-registry-1785215101795 (d0, q0, r0, m0, 'resq/M01/heartbeat', ... (206 bytes))
1785215848: New connection from 127.0.0.1:51659 on port 1883.
1785215848: New client connected from 127.0.0.1:51659 as auto-BAB48067-6063-90C2-05C3-26AEDB887CDE (p4, c1, k60).
1785215848: No will message specified.
1785215848: Sending CONNACK to auto-BAB48067-6063-90C2-05C3-26AEDB887CDE (0, 0)
1785215848: Received PUBLISH from auto-BAB48067-6063-90C2-05C3-26AEDB887CDE (d0, q1, r0, m1, 'resq/M01/cmd/telemetry', ... (84 bytes))
1785215848: Sending PUBLISH to resq-firmware-sim-M01-ms47dwmn (d0, q0, r0, m0, 'resq/M01/cmd/telemetry', ... (84 bytes))
1785215848: Sending PUBACK to auto-BAB48067-6063-90C2-05C3-26AEDB887CDE (m1, rc0)
1785215848: Client auto-BAB48067-6063-90C2-05C3-26AEDB887CDE [127.0.0.1:51659] disconnected: connection closed by client.
1785215848: Received PUBLISH from resq-firmware-sim-M01-ms47dwmn (d0, q0, r0, m0, 'resq/M01/status', ... (140 bytes))
1785215848: Sending PUBLISH to hub-api-live-registry-1785215101795 (d0, q0, r0, m0, 'resq/M01/status', ... (140 bytes))
1785215848: Received PUBLISH from resq-firmware-sim-M01-ms47dwmn (d0, q0, r0, m0, 'resq/M01/events', ... (138 bytes))
1785215848: Sending PUBLISH to hub-api-live-registry-1785215101795 (d0, q0, r0, m0, 'resq/M01/events', ... (138 bytes))
1785215849: Received PUBLISH from resq-firmware-sim-M01-ms47dwmn (d0, q0, r0, m0, 'resq/M01/heartbeat', ... (206 bytes))
1785215849: Sending PUBLISH to hub-api-live-registry-1785215101795 (d0, q0, r0, m0, 'resq/M01/heartbeat', ... (206 bytes))
1785215850: Received PUBLISH from resq-firmware-sim-M01-ms47dwmn (d0, q0, r0, m0, 'resq/M01/heartbeat', ... (206 bytes))
1785215850: Sending PUBLISH to hub-api-live-registry-1785215101795 (d0, q0, r0, m0, 'resq/M01/heartbeat', ... (206 bytes))
1785215851: Received PUBLISH from resq-firmware-sim-M01-ms47dwmn (d0, q0, r0, m0, 'resq/M01/heartbeat', ... (206 bytes))
1785215851: Sending PUBLISH to hub-api-live-registry-1785215101795 (d0, q0, r0, m0, 'resq/M01/heartbeat', ... (206 bytes))
1785215852: Received PUBLISH from resq-firmware-sim-M01-ms47dwmn (d0, q0, r0, m0, 'resq/M01/heartbeat', ... (206 bytes))
1785215852: Sending PUBLISH to hub-api-live-registry-1785215101795 (d0, q0, r0, m0, 'resq/M01/heartbeat', ... (206 bytes))
1785215852: New connection from 127.0.0.1:51664 on port 1883.
1785215852: New client connected from 127.0.0.1:51664 as auto-7B969778-21A8-90C2-D2E0-2E8BAF0171CF (p4, c1, k60).
1785215852: No will message specified.
1785215852: Sending CONNACK to auto-7B969778-21A8-90C2-D2E0-2E8BAF0171CF (0, 0)
1785215852: Received SUBSCRIBE from auto-7B969778-21A8-90C2-D2E0-2E8BAF0171CF
1785215852: 	resq/# (QoS 0)
1785215852: auto-7B969778-21A8-90C2-D2E0-2E8BAF0171CF 0 resq/#
1785215852: Sending SUBACK to auto-7B969778-21A8-90C2-D2E0-2E8BAF0171CF
1785215852: Sending PUBLISH to auto-7B969778-21A8-90C2-D2E0-2E8BAF0171CF (d0, q0, r1, m0, 'resq/M01/status', ... (139 bytes))
1785215853: New connection from 127.0.0.1:51667 on port 1883.
1785215853: New client connected from 127.0.0.1:51667 as auto-F1683DFB-EAD1-2B16-2BE6-4182F0A82630 (p4, c1, k60).
1785215853: No will message specified.
1785215853: Sending CONNACK to auto-F1683DFB-EAD1-2B16-2BE6-4182F0A82630 (0, 0)
1785215853: Received PUBLISH from auto-F1683DFB-EAD1-2B16-2BE6-4182F0A82630 (d0, q1, r0, m1, 'resq/M01/cmd/calibration/start', ... (185 bytes))
1785215853: Sending PUBLISH to resq-firmware-sim-M01-ms47dwmn (d0, q0, r0, m0, 'resq/M01/cmd/calibration/start', ... (185 bytes))
1785215853: Sending PUBLISH to auto-7B969778-21A8-90C2-D2E0-2E8BAF0171CF (d0, q0, r0, m0, 'resq/M01/cmd/calibration/start', ... (185 bytes))
1785215853: Sending PUBACK to auto-F1683DFB-EAD1-2B16-2BE6-4182F0A82630 (m1, rc0)
1785215853: Client auto-F1683DFB-EAD1-2B16-2BE6-4182F0A82630 [127.0.0.1:51667] disconnected: connection closed by client.
1785215853: Received PUBLISH from resq-firmware-sim-M01-ms47dwmn (d0, q0, r0, m0, 'resq/M01/heartbeat', ... (206 bytes))
1785215853: Sending PUBLISH to hub-api-live-registry-1785215101795 (d0, q0, r0, m0, 'resq/M01/heartbeat', ... (206 bytes))
1785215853: Sending PUBLISH to auto-7B969778-21A8-90C2-D2E0-2E8BAF0171CF (d0, q0, r0, m0, 'resq/M01/heartbeat', ... (206 bytes))
1785215853: Received PUBLISH from resq-firmware-sim-M01-ms47dwmn (d0, q0, r0, m0, 'resq/M01/status', ... (140 bytes))
1785215853: Sending PUBLISH to hub-api-live-registry-1785215101795 (d0, q0, r0, m0, 'resq/M01/status', ... (140 bytes))
1785215853: Sending PUBLISH to auto-7B969778-21A8-90C2-D2E0-2E8BAF0171CF (d0, q0, r0, m0, 'resq/M01/status', ... (140 bytes))
1785215853: Received PUBLISH from resq-firmware-sim-M01-ms47dwmn (d0, q0, r1, m0, 'resq/M01/status', ... (140 bytes))
1785215853: Sending PUBLISH to hub-api-live-registry-1785215101795 (d0, q0, r0, m0, 'resq/M01/status', ... (140 bytes))
1785215853: Sending PUBLISH to auto-7B969778-21A8-90C2-D2E0-2E8BAF0171CF (d0, q0, r0, m0, 'resq/M01/status', ... (140 bytes))
1785215853: Received PUBLISH from resq-firmware-sim-M01-ms47dwmn (d0, q0, r0, m0, 'resq/M01/events/calibration', ... (141 bytes))
1785215853: Sending PUBLISH to hub-api-live-registry-1785215101795 (d0, q0, r0, m0, 'resq/M01/events/calibration', ... (141 bytes))
1785215853: Sending PUBLISH to auto-7B969778-21A8-90C2-D2E0-2E8BAF0171CF (d0, q0, r0, m0, 'resq/M01/events/calibration', ... (141 bytes))
1785215853: Received PUBLISH from resq-firmware-sim-M01-ms47dwmn (d0, q0, r0, m0, 'resq/M01/events/calibration', ... (142 bytes))
1785215853: Sending PUBLISH to hub-api-live-registry-1785215101795 (d0, q0, r0, m0, 'resq/M01/events/calibration', ... (142 bytes))
1785215853: Sending PUBLISH to auto-7B969778-21A8-90C2-D2E0-2E8BAF0171CF (d0, q0, r0, m0, 'resq/M01/events/calibration', ... (142 bytes))
1785215853: Received PINGREQ from resq-firmware-sim-M01-ms47dwmn
1785215853: Sending PINGRESP to resq-firmware-sim-M01-ms47dwmn
1785215853: Received PUBLISH from resq-firmware-sim-M01-ms47dwmn (d0, q0, r0, m0, 'resq/M01/events/calibration', ... (142 bytes))
1785215853: Sending PUBLISH to hub-api-live-registry-1785215101795 (d0, q0, r0, m0, 'resq/M01/events/calibration', ... (142 bytes))
1785215853: Sending PUBLISH to auto-7B969778-21A8-90C2-D2E0-2E8BAF0171CF (d0, q0, r0, m0, 'resq/M01/events/calibration', ... (142 bytes))
1785215853: Received PUBLISH from resq-firmware-sim-M01-ms47dwmn (d0, q0, r0, m0, 'resq/M01/events/calibration', ... (142 bytes))
1785215853: Sending PUBLISH to hub-api-live-registry-1785215101795 (d0, q0, r0, m0, 'resq/M01/events/calibration', ... (142 bytes))
1785215853: Sending PUBLISH to auto-7B969778-21A8-90C2-D2E0-2E8BAF0171CF (d0, q0, r0, m0, 'resq/M01/events/calibration', ... (142 bytes))
1785215854: Received PUBLISH from resq-firmware-sim-M01-ms47dwmn (d0, q0, r0, m0, 'resq/M01/events/calibration', ... (142 bytes))
1785215854: Sending PUBLISH to hub-api-live-registry-1785215101795 (d0, q0, r0, m0, 'resq/M01/events/calibration', ... (142 bytes))
1785215854: Sending PUBLISH to auto-7B969778-21A8-90C2-D2E0-2E8BAF0171CF (d0, q0, r0, m0, 'resq/M01/events/calibration', ... (142 bytes))
1785215854: Received PUBLISH from resq-firmware-sim-M01-ms47dwmn (d0, q0, r0, m0, 'resq/M01/events/calibration', ... (142 bytes))
1785215854: Sending PUBLISH to hub-api-live-registry-1785215101795 (d0, q0, r0, m0, 'resq/M01/events/calibration', ... (142 bytes))
1785215854: Sending PUBLISH to auto-7B969778-21A8-90C2-D2E0-2E8BAF0171CF (d0, q0, r0, m0, 'resq/M01/events/calibration', ... (142 bytes))
1785215854: Received PUBLISH from resq-firmware-sim-M01-ms47dwmn (d0, q0, r0, m0, 'resq/M01/events/calibration', ... (142 bytes))
1785215854: Sending PUBLISH to hub-api-live-registry-1785215101795 (d0, q0, r0, m0, 'resq/M01/events/calibration', ... (142 bytes))
1785215854: Sending PUBLISH to auto-7B969778-21A8-90C2-D2E0-2E8BAF0171CF (d0, q0, r0, m0, 'resq/M01/events/calibration', ... (142 bytes))
1785215854: Received PUBLISH from resq-firmware-sim-M01-ms47dwmn (d0, q0, r0, m0, 'resq/M01/events/calibration', ... (142 bytes))
1785215854: Sending PUBLISH to hub-api-live-registry-1785215101795 (d0, q0, r0, m0, 'resq/M01/events/calibration', ... (142 bytes))
1785215854: Sending PUBLISH to auto-7B969778-21A8-90C2-D2E0-2E8BAF0171CF (d0, q0, r0, m0, 'resq/M01/events/calibration', ... (142 bytes))
1785215854: Received PUBLISH from resq-firmware-sim-M01-ms47dwmn (d0, q0, r0, m0, 'resq/M01/heartbeat', ... (206 bytes))
1785215854: Sending PUBLISH to hub-api-live-registry-1785215101795 (d0, q0, r0, m0, 'resq/M01/heartbeat', ... (206 bytes))
1785215854: Sending PUBLISH to auto-7B969778-21A8-90C2-D2E0-2E8BAF0171CF (d0, q0, r0, m0, 'resq/M01/heartbeat', ... (206 bytes))
1785215854: Received PUBLISH from resq-firmware-sim-M01-ms47dwmn (d0, q0, r0, m0, 'resq/M01/events/calibration', ... (142 bytes))
1785215854: Sending PUBLISH to hub-api-live-registry-1785215101795 (d0, q0, r0, m0, 'resq/M01/events/calibration', ... (142 bytes))
1785215854: Sending PUBLISH to auto-7B969778-21A8-90C2-D2E0-2E8BAF0171CF (d0, q0, r0, m0, 'resq/M01/events/calibration', ... (142 bytes))
1785215854: Received PUBLISH from resq-firmware-sim-M01-ms47dwmn (d0, q0, r0, m0, 'resq/M01/events/calibration', ... (142 bytes))
1785215854: Sending PUBLISH to hub-api-live-registry-1785215101795 (d0, q0, r0, m0, 'resq/M01/events/calibration', ... (142 bytes))
1785215854: Sending PUBLISH to auto-7B969778-21A8-90C2-D2E0-2E8BAF0171CF (d0, q0, r0, m0, 'resq/M01/events/calibration', ... (142 bytes))
1785215854: Received PUBLISH from resq-firmware-sim-M01-ms47dwmn (d0, q0, r0, m0, 'resq/M01/events/calibration', ... (143 bytes))
1785215854: Sending PUBLISH to hub-api-live-registry-1785215101795 (d0, q0, r0, m0, 'resq/M01/events/calibration', ... (143 bytes))
1785215854: Sending PUBLISH to auto-7B969778-21A8-90C2-D2E0-2E8BAF0171CF (d0, q0, r0, m0, 'resq/M01/events/calibration', ... (143 bytes))
1785215854: Received PUBLISH from resq-firmware-sim-M01-ms47dwmn (d0, q0, r0, m0, 'resq/M01/events/calibration', ... (180 bytes))
1785215854: Sending PUBLISH to hub-api-live-registry-1785215101795 (d0, q0, r0, m0, 'resq/M01/events/calibration', ... (180 bytes))
1785215854: Sending PUBLISH to auto-7B969778-21A8-90C2-D2E0-2E8BAF0171CF (d0, q0, r0, m0, 'resq/M01/events/calibration', ... (180 bytes))
1785215854: Received PUBLISH from resq-firmware-sim-M01-ms47dwmn (d0, q0, r1, m0, 'resq/M01/status', ... (145 bytes))
1785215854: Sending PUBLISH to hub-api-live-registry-1785215101795 (d0, q0, r0, m0, 'resq/M01/status', ... (145 bytes))
1785215854: Sending PUBLISH to auto-7B969778-21A8-90C2-D2E0-2E8BAF0171CF (d0, q0, r0, m0, 'resq/M01/status', ... (145 bytes))
1785215855: Received PUBLISH from resq-firmware-sim-M01-ms47dwmn (d0, q0, r0, m0, 'resq/M01/heartbeat', ... (211 bytes))
1785215855: Sending PUBLISH to hub-api-live-registry-1785215101795 (d0, q0, r0, m0, 'resq/M01/heartbeat', ... (211 bytes))
1785215855: Sending PUBLISH to auto-7B969778-21A8-90C2-D2E0-2E8BAF0171CF (d0, q0, r0, m0, 'resq/M01/heartbeat', ... (211 bytes))
1785215856: Received PUBLISH from resq-firmware-sim-M01-ms47dwmn (d0, q0, r0, m0, 'resq/M01/heartbeat', ... (211 bytes))
1785215856: Sending PUBLISH to hub-api-live-registry-1785215101795 (d0, q0, r0, m0, 'resq/M01/heartbeat', ... (211 bytes))
1785215856: Sending PUBLISH to auto-7B969778-21A8-90C2-D2E0-2E8BAF0171CF (d0, q0, r0, m0, 'resq/M01/heartbeat', ... (211 bytes))
1785215857: Received PUBLISH from resq-firmware-sim-M01-ms47dwmn (d0, q0, r0, m0, 'resq/M01/heartbeat', ... (211 bytes))
1785215857: Sending PUBLISH to hub-api-live-registry-1785215101795 (d0, q0, r0, m0, 'resq/M01/heartbeat', ... (211 bytes))
1785215857: Sending PUBLISH to auto-7B969778-21A8-90C2-D2E0-2E8BAF0171CF (d0, q0, r0, m0, 'resq/M01/heartbeat', ... (211 bytes))
1785215858: Received PUBLISH from resq-firmware-sim-M01-ms47dwmn (d0, q0, r0, m0, 'resq/M01/heartbeat', ... (211 bytes))
1785215858: Sending PUBLISH to hub-api-live-registry-1785215101795 (d0, q0, r0, m0, 'resq/M01/heartbeat', ... (211 bytes))
1785215858: Sending PUBLISH to auto-7B969778-21A8-90C2-D2E0-2E8BAF0171CF (d0, q0, r0, m0, 'resq/M01/heartbeat', ... (211 bytes))
1785215859: Received PUBLISH from resq-firmware-sim-M01-ms47dwmn (d0, q0, r0, m0, 'resq/M01/heartbeat', ... (211 bytes))
1785215859: Sending PUBLISH to hub-api-live-registry-1785215101795 (d0, q0, r0, m0, 'resq/M01/heartbeat', ... (211 bytes))
1785215859: Sending PUBLISH to auto-7B969778-21A8-90C2-D2E0-2E8BAF0171CF (d0, q0, r0, m0, 'resq/M01/heartbeat', ... (211 bytes))
1785215861: Received PUBLISH from resq-firmware-sim-M01-ms47dwmn (d0, q0, r0, m0, 'resq/M01/heartbeat', ... (211 bytes))
1785215861: Sending PUBLISH to hub-api-live-registry-1785215101795 (d0, q0, r0, m0, 'resq/M01/heartbeat', ... (211 bytes))
1785215861: Sending PUBLISH to auto-7B969778-21A8-90C2-D2E0-2E8BAF0171CF (d0, q0, r0, m0, 'resq/M01/heartbeat', ... (211 bytes))
1785215862: Received PUBLISH from resq-firmware-sim-M01-ms47dwmn (d0, q0, r0, m0, 'resq/M01/heartbeat', ... (211 bytes))
1785215862: Sending PUBLISH to hub-api-live-registry-1785215101795 (d0, q0, r0, m0, 'resq/M01/heartbeat', ... (211 bytes))
1785215862: Sending PUBLISH to auto-7B969778-21A8-90C2-D2E0-2E8BAF0171CF (d0, q0, r0, m0, 'resq/M01/heartbeat', ... (211 bytes))
1785215863: Received PUBLISH from resq-firmware-sim-M01-ms47dwmn (d0, q0, r0, m0, 'resq/M01/heartbeat', ... (211 bytes))
1785215863: Sending PUBLISH to hub-api-live-registry-1785215101795 (d0, q0, r0, m0, 'resq/M01/heartbeat', ... (211 bytes))
1785215863: Sending PUBLISH to auto-7B969778-21A8-90C2-D2E0-2E8BAF0171CF (d0, q0, r0, m0, 'resq/M01/heartbeat', ... (211 bytes))
1785215864: Received PUBLISH from resq-firmware-sim-M01-ms47dwmn (d0, q0, r0, m0, 'resq/M01/heartbeat', ... (211 bytes))
1785215864: Sending PUBLISH to hub-api-live-registry-1785215101795 (d0, q0, r0, m0, 'resq/M01/heartbeat', ... (211 bytes))
1785215864: Sending PUBLISH to auto-7B969778-21A8-90C2-D2E0-2E8BAF0171CF (d0, q0, r0, m0, 'resq/M01/heartbeat', ... (211 bytes))
1785215865: Received PUBLISH from resq-firmware-sim-M01-ms47dwmn (d0, q0, r0, m0, 'resq/M01/heartbeat', ... (211 bytes))
1785215865: Sending PUBLISH to hub-api-live-registry-1785215101795 (d0, q0, r0, m0, 'resq/M01/heartbeat', ... (211 bytes))
1785215865: Sending PUBLISH to auto-7B969778-21A8-90C2-D2E0-2E8BAF0171CF (d0, q0, r0, m0, 'resq/M01/heartbeat', ... (211 bytes))
1785215866: Received PUBLISH from resq-firmware-sim-M01-ms47dwmn (d0, q0, r0, m0, 'resq/M01/heartbeat', ... (211 bytes))
1785215866: Sending PUBLISH to hub-api-live-registry-1785215101795 (d0, q0, r0, m0, 'resq/M01/heartbeat', ... (211 bytes))
1785215866: Sending PUBLISH to auto-7B969778-21A8-90C2-D2E0-2E8BAF0171CF (d0, q0, r0, m0, 'resq/M01/heartbeat', ... (211 bytes))
1785215867: Received PUBLISH from resq-firmware-sim-M01-ms47dwmn (d0, q0, r0, m0, 'resq/M01/heartbeat', ... (211 bytes))
1785215867: Sending PUBLISH to hub-api-live-registry-1785215101795 (d0, q0, r0, m0, 'resq/M01/heartbeat', ... (211 bytes))
1785215867: Sending PUBLISH to auto-7B969778-21A8-90C2-D2E0-2E8BAF0171CF (d0, q0, r0, m0, 'resq/M01/heartbeat', ... (211 bytes))
1785215868: Received PUBLISH from resq-firmware-sim-M01-ms47dwmn (d0, q0, r0, m0, 'resq/M01/heartbeat', ... (211 bytes))
1785215868: Sending PUBLISH to hub-api-live-registry-1785215101795 (d0, q0, r0, m0, 'resq/M01/heartbeat', ... (211 bytes))
1785215868: Sending PUBLISH to auto-7B969778-21A8-90C2-D2E0-2E8BAF0171CF (d0, q0, r0, m0, 'resq/M01/heartbeat', ... (211 bytes))
1785215869: Received PUBLISH from resq-firmware-sim-M01-ms47dwmn (d0, q0, r0, m0, 'resq/M01/heartbeat', ... (211 bytes))
1785215869: Sending PUBLISH to hub-api-live-registry-1785215101795 (d0, q0, r0, m0, 'resq/M01/heartbeat', ... (211 bytes))
1785215869: Sending PUBLISH to auto-7B969778-21A8-90C2-D2E0-2E8BAF0171CF (d0, q0, r0, m0, 'resq/M01/heartbeat', ... (211 bytes))
1785215870: Received PUBLISH from resq-firmware-sim-M01-ms47dwmn (d0, q0, r0, m0, 'resq/M01/heartbeat', ... (211 bytes))
1785215870: Sending PUBLISH to hub-api-live-registry-1785215101795 (d0, q0, r0, m0, 'resq/M01/heartbeat', ... (211 bytes))
1785215870: Sending PUBLISH to auto-7B969778-21A8-90C2-D2E0-2E8BAF0171CF (d0, q0, r0, m0, 'resq/M01/heartbeat', ... (211 bytes))
1785215871: Received PUBLISH from resq-firmware-sim-M01-ms47dwmn (d0, q0, r0, m0, 'resq/M01/heartbeat', ... (211 bytes))
1785215871: Sending PUBLISH to hub-api-live-registry-1785215101795 (d0, q0, r0, m0, 'resq/M01/heartbeat', ... (211 bytes))
1785215871: Sending PUBLISH to auto-7B969778-21A8-90C2-D2E0-2E8BAF0171CF (d0, q0, r0, m0, 'resq/M01/heartbeat', ... (211 bytes))
1785215872: Received PUBLISH from resq-firmware-sim-M01-ms47dwmn (d0, q0, r0, m0, 'resq/M01/heartbeat', ... (211 bytes))
1785215872: Sending PUBLISH to hub-api-live-registry-1785215101795 (d0, q0, r0, m0, 'resq/M01/heartbeat', ... (211 bytes))
1785215872: Sending PUBLISH to auto-7B969778-21A8-90C2-D2E0-2E8BAF0171CF (d0, q0, r0, m0, 'resq/M01/heartbeat', ... (211 bytes))
1785215873: Received PUBLISH from resq-firmware-sim-M01-ms47dwmn (d0, q0, r0, m0, 'resq/M01/heartbeat', ... (211 bytes))
1785215873: Sending PUBLISH to hub-api-live-registry-1785215101795 (d0, q0, r0, m0, 'resq/M01/heartbeat', ... (211 bytes))
1785215873: Sending PUBLISH to auto-7B969778-21A8-90C2-D2E0-2E8BAF0171CF (d0, q0, r0, m0, 'resq/M01/heartbeat', ... (211 bytes))
1785215874: Received PUBLISH from resq-firmware-sim-M01-ms47dwmn (d0, q0, r0, m0, 'resq/M01/heartbeat', ... (211 bytes))
1785215874: Sending PUBLISH to hub-api-live-registry-1785215101795 (d0, q0, r0, m0, 'resq/M01/heartbeat', ... (211 bytes))
1785215874: Sending PUBLISH to auto-7B969778-21A8-90C2-D2E0-2E8BAF0171CF (d0, q0, r0, m0, 'resq/M01/heartbeat', ... (211 bytes))
1785215875: Received PUBLISH from resq-firmware-sim-M01-ms47dwmn (d0, q0, r0, m0, 'resq/M01/heartbeat', ... (211 bytes))
1785215875: Sending PUBLISH to hub-api-live-registry-1785215101795 (d0, q0, r0, m0, 'resq/M01/heartbeat', ... (211 bytes))
1785215875: Sending PUBLISH to auto-7B969778-21A8-90C2-D2E0-2E8BAF0171CF (d0, q0, r0, m0, 'resq/M01/heartbeat', ... (211 bytes))
1785215876: Received PUBLISH from resq-firmware-sim-M01-ms47dwmn (d0, q0, r0, m0, 'resq/M01/heartbeat', ... (211 bytes))
1785215876: Sending PUBLISH to hub-api-live-registry-1785215101795 (d0, q0, r0, m0, 'resq/M01/heartbeat', ... (211 bytes))
1785215876: Sending PUBLISH to auto-7B969778-21A8-90C2-D2E0-2E8BAF0171CF (d0, q0, r0, m0, 'resq/M01/heartbeat', ... (211 bytes))
1785215877: Received PUBLISH from resq-firmware-sim-M01-ms47dwmn (d0, q0, r0, m0, 'resq/M01/heartbeat', ... (211 bytes))
1785215877: Sending PUBLISH to hub-api-live-registry-1785215101795 (d0, q0, r0, m0, 'resq/M01/heartbeat', ... (211 bytes))
1785215877: Sending PUBLISH to auto-7B969778-21A8-90C2-D2E0-2E8BAF0171CF (d0, q0, r0, m0, 'resq/M01/heartbeat', ... (211 bytes))
1785215878: Received PUBLISH from resq-firmware-sim-M01-ms47dwmn (d0, q0, r0, m0, 'resq/M01/heartbeat', ... (211 bytes))
1785215878: Sending PUBLISH to hub-api-live-registry-1785215101795 (d0, q0, r0, m0, 'resq/M01/heartbeat', ... (211 bytes))
1785215878: Sending PUBLISH to auto-7B969778-21A8-90C2-D2E0-2E8BAF0171CF (d0, q0, r0, m0, 'resq/M01/heartbeat', ... (211 bytes))
1785215879: Received PUBLISH from resq-firmware-sim-M01-ms47dwmn (d0, q0, r0, m0, 'resq/M01/heartbeat', ... (211 bytes))
1785215879: Sending PUBLISH to hub-api-live-registry-1785215101795 (d0, q0, r0, m0, 'resq/M01/heartbeat', ... (211 bytes))
1785215879: Sending PUBLISH to auto-7B969778-21A8-90C2-D2E0-2E8BAF0171CF (d0, q0, r0, m0, 'resq/M01/heartbeat', ... (211 bytes))
1785215880: Received PUBLISH from resq-firmware-sim-M01-ms47dwmn (d0, q0, r0, m0, 'resq/M01/heartbeat', ... (211 bytes))
1785215880: Sending PUBLISH to hub-api-live-registry-1785215101795 (d0, q0, r0, m0, 'resq/M01/heartbeat', ... (211 bytes))
1785215880: Sending PUBLISH to auto-7B969778-21A8-90C2-D2E0-2E8BAF0171CF (d0, q0, r0, m0, 'resq/M01/heartbeat', ... (211 bytes))
1785215881: Received PUBLISH from resq-firmware-sim-M01-ms47dwmn (d0, q0, r0, m0, 'resq/M01/heartbeat', ... (211 bytes))
1785215881: Sending PUBLISH to hub-api-live-registry-1785215101795 (d0, q0, r0, m0, 'resq/M01/heartbeat', ... (211 bytes))
1785215881: Sending PUBLISH to auto-7B969778-21A8-90C2-D2E0-2E8BAF0171CF (d0, q0, r0, m0, 'resq/M01/heartbeat', ... (211 bytes))
1785215882: Received PINGREQ from hub-api-session-commands-1785215101465
1785215882: Sending PINGRESP to hub-api-session-commands-1785215101465
1785215882: Received PINGREQ from hub-api-live-registry-1785215101795
1785215882: Sending PINGRESP to hub-api-live-registry-1785215101795
1785215882: Received PUBLISH from resq-firmware-sim-M01-ms47dwmn (d0, q0, r0, m0, 'resq/M01/heartbeat', ... (211 bytes))
1785215882: Sending PUBLISH to hub-api-live-registry-1785215101795 (d0, q0, r0, m0, 'resq/M01/heartbeat', ... (211 bytes))
1785215882: Sending PUBLISH to auto-7B969778-21A8-90C2-D2E0-2E8BAF0171CF (d0, q0, r0, m0, 'resq/M01/heartbeat', ... (211 bytes))
1785215884: Received PUBLISH from resq-firmware-sim-M01-ms47dwmn (d0, q0, r0, m0, 'resq/M01/heartbeat', ... (211 bytes))
1785215884: Sending PUBLISH to hub-api-live-registry-1785215101795 (d0, q0, r0, m0, 'resq/M01/heartbeat', ... (211 bytes))
1785215884: Sending PUBLISH to auto-7B969778-21A8-90C2-D2E0-2E8BAF0171CF (d0, q0, r0, m0, 'resq/M01/heartbeat', ... (211 bytes))
1785215885: Received PUBLISH from resq-firmware-sim-M01-ms47dwmn (d0, q0, r0, m0, 'resq/M01/heartbeat', ... (211 bytes))
1785215885: Sending PUBLISH to hub-api-live-registry-1785215101795 (d0, q0, r0, m0, 'resq/M01/heartbeat', ... (211 bytes))
1785215885: Sending PUBLISH to auto-7B969778-21A8-90C2-D2E0-2E8BAF0171CF (d0, q0, r0, m0, 'resq/M01/heartbeat', ... (211 bytes))
1785215886: Received PUBLISH from resq-firmware-sim-M01-ms47dwmn (d0, q0, r0, m0, 'resq/M01/heartbeat', ... (211 bytes))
1785215886: Sending PUBLISH to hub-api-live-registry-1785215101795 (d0, q0, r0, m0, 'resq/M01/heartbeat', ... (211 bytes))
1785215886: Sending PUBLISH to auto-7B969778-21A8-90C2-D2E0-2E8BAF0171CF (d0, q0, r0, m0, 'resq/M01/heartbeat', ... (211 bytes))
1785215887: Received PUBLISH from resq-firmware-sim-M01-ms47dwmn (d0, q0, r0, m0, 'resq/M01/heartbeat', ... (213 bytes))
1785215887: Sending PUBLISH to hub-api-live-registry-1785215101795 (d0, q0, r0, m0, 'resq/M01/heartbeat', ... (213 bytes))
1785215887: Sending PUBLISH to auto-7B969778-21A8-90C2-D2E0-2E8BAF0171CF (d0, q0, r0, m0, 'resq/M01/heartbeat', ... (213 bytes))
1785215888: Received PUBLISH from resq-firmware-sim-M01-ms47dwmn (d0, q0, r0, m0, 'resq/M01/heartbeat', ... (213 bytes))
1785215888: Sending PUBLISH to hub-api-live-registry-1785215101795 (d0, q0, r0, m0, 'resq/M01/heartbeat', ... (213 bytes))
1785215888: Sending PUBLISH to auto-7B969778-21A8-90C2-D2E0-2E8BAF0171CF (d0, q0, r0, m0, 'resq/M01/heartbeat', ... (213 bytes))
1785215889: Received PUBLISH from resq-firmware-sim-M01-ms47dwmn (d0, q0, r0, m0, 'resq/M01/heartbeat', ... (213 bytes))
1785215889: Sending PUBLISH to hub-api-live-registry-1785215101795 (d0, q0, r0, m0, 'resq/M01/heartbeat', ... (213 bytes))
1785215889: Sending PUBLISH to auto-7B969778-21A8-90C2-D2E0-2E8BAF0171CF (d0, q0, r0, m0, 'resq/M01/heartbeat', ... (213 bytes))
1785215890: Received PUBLISH from resq-firmware-sim-M01-ms47dwmn (d0, q0, r0, m0, 'resq/M01/heartbeat', ... (213 bytes))
1785215890: Sending PUBLISH to hub-api-live-registry-1785215101795 (d0, q0, r0, m0, 'resq/M01/heartbeat', ... (213 bytes))
1785215890: Sending PUBLISH to auto-7B969778-21A8-90C2-D2E0-2E8BAF0171CF (d0, q0, r0, m0, 'resq/M01/heartbeat', ... (213 bytes))
1785215891: Received PUBLISH from resq-firmware-sim-M01-ms47dwmn (d0, q0, r0, m0, 'resq/M01/heartbeat', ... (213 bytes))
1785215891: Sending PUBLISH to hub-api-live-registry-1785215101795 (d0, q0, r0, m0, 'resq/M01/heartbeat', ... (213 bytes))
1785215891: Sending PUBLISH to auto-7B969778-21A8-90C2-D2E0-2E8BAF0171CF (d0, q0, r0, m0, 'resq/M01/heartbeat', ... (213 bytes))
1785215892: Received PUBLISH from resq-firmware-sim-M01-ms47dwmn (d0, q0, r0, m0, 'resq/M01/heartbeat', ... (213 bytes))
1785215892: Sending PUBLISH to hub-api-live-registry-1785215101795 (d0, q0, r0, m0, 'resq/M01/heartbeat', ... (213 bytes))
1785215892: Sending PUBLISH to auto-7B969778-21A8-90C2-D2E0-2E8BAF0171CF (d0, q0, r0, m0, 'resq/M01/heartbeat', ... (213 bytes))
1785215893: Received PUBLISH from resq-firmware-sim-M01-ms47dwmn (d0, q0, r0, m0, 'resq/M01/heartbeat', ... (213 bytes))
1785215893: Sending PUBLISH to hub-api-live-registry-1785215101795 (d0, q0, r0, m0, 'resq/M01/heartbeat', ... (213 bytes))
1785215893: Sending PUBLISH to auto-7B969778-21A8-90C2-D2E0-2E8BAF0171CF (d0, q0, r0, m0, 'resq/M01/heartbeat', ... (213 bytes))
1785215894: Received PUBLISH from resq-firmware-sim-M01-ms47dwmn (d0, q0, r0, m0, 'resq/M01/heartbeat', ... (213 bytes))
1785215894: Sending PUBLISH to hub-api-live-registry-1785215101795 (d0, q0, r0, m0, 'resq/M01/heartbeat', ... (213 bytes))
1785215894: Sending PUBLISH to auto-7B969778-21A8-90C2-D2E0-2E8BAF0171CF (d0, q0, r0, m0, 'resq/M01/heartbeat', ... (213 bytes))
1785215895: Received PUBLISH from resq-firmware-sim-M01-ms47dwmn (d0, q0, r0, m0, 'resq/M01/heartbeat', ... (213 bytes))
1785215895: Sending PUBLISH to hub-api-live-registry-1785215101795 (d0, q0, r0, m0, 'resq/M01/heartbeat', ... (213 bytes))
1785215895: Sending PUBLISH to auto-7B969778-21A8-90C2-D2E0-2E8BAF0171CF (d0, q0, r0, m0, 'resq/M01/heartbeat', ... (213 bytes))
1785215896: Received PUBLISH from resq-firmware-sim-M01-ms47dwmn (d0, q0, r0, m0, 'resq/M01/heartbeat', ... (213 bytes))
1785215896: Sending PUBLISH to hub-api-live-registry-1785215101795 (d0, q0, r0, m0, 'resq/M01/heartbeat', ... (213 bytes))
1785215896: Sending PUBLISH to auto-7B969778-21A8-90C2-D2E0-2E8BAF0171CF (d0, q0, r0, m0, 'resq/M01/heartbeat', ... (213 bytes))
1785215897: Received PUBLISH from resq-firmware-sim-M01-ms47dwmn (d0, q0, r0, m0, 'resq/M01/heartbeat', ... (213 bytes))
1785215897: Sending PUBLISH to hub-api-live-registry-1785215101795 (d0, q0, r0, m0, 'resq/M01/heartbeat', ... (213 bytes))
1785215897: Sending PUBLISH to auto-7B969778-21A8-90C2-D2E0-2E8BAF0171CF (d0, q0, r0, m0, 'resq/M01/heartbeat', ... (213 bytes))
1785215898: Received PUBLISH from resq-firmware-sim-M01-ms47dwmn (d0, q0, r0, m0, 'resq/M01/heartbeat', ... (213 bytes))
1785215898: Sending PUBLISH to hub-api-live-registry-1785215101795 (d0, q0, r0, m0, 'resq/M01/heartbeat', ... (213 bytes))
1785215898: Sending PUBLISH to auto-7B969778-21A8-90C2-D2E0-2E8BAF0171CF (d0, q0, r0, m0, 'resq/M01/heartbeat', ... (213 bytes))
1785215899: Received PUBLISH from resq-firmware-sim-M01-ms47dwmn (d0, q0, r0, m0, 'resq/M01/heartbeat', ... (213 bytes))
1785215899: Sending PUBLISH to hub-api-live-registry-1785215101795 (d0, q0, r0, m0, 'resq/M01/heartbeat', ... (213 bytes))
1785215899: Sending PUBLISH to auto-7B969778-21A8-90C2-D2E0-2E8BAF0171CF (d0, q0, r0, m0, 'resq/M01/heartbeat', ... (213 bytes))
1785215900: Received PUBLISH from resq-firmware-sim-M01-ms47dwmn (d0, q0, r0, m0, 'resq/M01/heartbeat', ... (213 bytes))
1785215900: Sending PUBLISH to hub-api-live-registry-1785215101795 (d0, q0, r0, m0, 'resq/M01/heartbeat', ... (213 bytes))
1785215900: Sending PUBLISH to auto-7B969778-21A8-90C2-D2E0-2E8BAF0171CF (d0, q0, r0, m0, 'resq/M01/heartbeat', ... (213 bytes))
1785215901: Received PUBLISH from resq-firmware-sim-M01-ms47dwmn (d0, q0, r0, m0, 'resq/M01/heartbeat', ... (213 bytes))
1785215901: Sending PUBLISH to hub-api-live-registry-1785215101795 (d0, q0, r0, m0, 'resq/M01/heartbeat', ... (213 bytes))
1785215901: Sending PUBLISH to auto-7B969778-21A8-90C2-D2E0-2E8BAF0171CF (d0, q0, r0, m0, 'resq/M01/heartbeat', ... (213 bytes))
1785215902: Received PUBLISH from resq-firmware-sim-M01-ms47dwmn (d0, q0, r0, m0, 'resq/M01/heartbeat', ... (213 bytes))
1785215902: Sending PUBLISH to hub-api-live-registry-1785215101795 (d0, q0, r0, m0, 'resq/M01/heartbeat', ... (213 bytes))
1785215902: Sending PUBLISH to auto-7B969778-21A8-90C2-D2E0-2E8BAF0171CF (d0, q0, r0, m0, 'resq/M01/heartbeat', ... (213 bytes))
1785215903: Received PUBLISH from resq-firmware-sim-M01-ms47dwmn (d0, q0, r0, m0, 'resq/M01/heartbeat', ... (213 bytes))
1785215903: Sending PUBLISH to hub-api-live-registry-1785215101795 (d0, q0, r0, m0, 'resq/M01/heartbeat', ... (213 bytes))
1785215903: Sending PUBLISH to auto-7B969778-21A8-90C2-D2E0-2E8BAF0171CF (d0, q0, r0, m0, 'resq/M01/heartbeat', ... (213 bytes))
1785215904: Received PUBLISH from resq-firmware-sim-M01-ms47dwmn (d0, q0, r0, m0, 'resq/M01/heartbeat', ... (213 bytes))
1785215904: Sending PUBLISH to hub-api-live-registry-1785215101795 (d0, q0, r0, m0, 'resq/M01/heartbeat', ... (213 bytes))
1785215904: Sending PUBLISH to auto-7B969778-21A8-90C2-D2E0-2E8BAF0171CF (d0, q0, r0, m0, 'resq/M01/heartbeat', ... (213 bytes))
1785215906: Received PUBLISH from resq-firmware-sim-M01-ms47dwmn (d0, q0, r0, m0, 'resq/M01/heartbeat', ... (213 bytes))
1785215906: Sending PUBLISH to hub-api-live-registry-1785215101795 (d0, q0, r0, m0, 'resq/M01/heartbeat', ... (213 bytes))
1785215906: Sending PUBLISH to auto-7B969778-21A8-90C2-D2E0-2E8BAF0171CF (d0, q0, r0, m0, 'resq/M01/heartbeat', ... (213 bytes))
1785215907: Received PUBLISH from resq-firmware-sim-M01-ms47dwmn (d0, q0, r0, m0, 'resq/M01/heartbeat', ... (213 bytes))
1785215907: Sending PUBLISH to hub-api-live-registry-1785215101795 (d0, q0, r0, m0, 'resq/M01/heartbeat', ... (213 bytes))
1785215907: Sending PUBLISH to auto-7B969778-21A8-90C2-D2E0-2E8BAF0171CF (d0, q0, r0, m0, 'resq/M01/heartbeat', ... (213 bytes))
1785215908: Received PUBLISH from resq-firmware-sim-M01-ms47dwmn (d0, q0, r0, m0, 'resq/M01/heartbeat', ... (213 bytes))
1785215908: Sending PUBLISH to hub-api-live-registry-1785215101795 (d0, q0, r0, m0, 'resq/M01/heartbeat', ... (213 bytes))
1785215908: Sending PUBLISH to auto-7B969778-21A8-90C2-D2E0-2E8BAF0171CF (d0, q0, r0, m0, 'resq/M01/heartbeat', ... (213 bytes))
1785215909: Received PUBLISH from resq-firmware-sim-M01-ms47dwmn (d0, q0, r0, m0, 'resq/M01/heartbeat', ... (213 bytes))
1785215909: Sending PUBLISH to hub-api-live-registry-1785215101795 (d0, q0, r0, m0, 'resq/M01/heartbeat', ... (213 bytes))
1785215909: Sending PUBLISH to auto-7B969778-21A8-90C2-D2E0-2E8BAF0171CF (d0, q0, r0, m0, 'resq/M01/heartbeat', ... (213 bytes))
1785215910: Received PUBLISH from resq-firmware-sim-M01-ms47dwmn (d0, q0, r0, m0, 'resq/M01/heartbeat', ... (213 bytes))
1785215910: Sending PUBLISH to hub-api-live-registry-1785215101795 (d0, q0, r0, m0, 'resq/M01/heartbeat', ... (213 bytes))
1785215910: Sending PUBLISH to auto-7B969778-21A8-90C2-D2E0-2E8BAF0171CF (d0, q0, r0, m0, 'resq/M01/heartbeat', ... (213 bytes))
1785215911: Received PUBLISH from resq-firmware-sim-M01-ms47dwmn (d0, q0, r0, m0, 'resq/M01/heartbeat', ... (213 bytes))
1785215911: Sending PUBLISH to hub-api-live-registry-1785215101795 (d0, q0, r0, m0, 'resq/M01/heartbeat', ... (213 bytes))
1785215911: Sending PUBLISH to auto-7B969778-21A8-90C2-D2E0-2E8BAF0171CF (d0, q0, r0, m0, 'resq/M01/heartbeat', ... (213 bytes))
1785215912: Received PINGREQ from auto-7B969778-21A8-90C2-D2E0-2E8BAF0171CF
1785215912: Sending PINGRESP to auto-7B969778-21A8-90C2-D2E0-2E8BAF0171CF
1785215912: Received PUBLISH from resq-firmware-sim-M01-ms47dwmn (d0, q0, r0, m0, 'resq/M01/heartbeat', ... (213 bytes))
1785215912: Sending PUBLISH to hub-api-live-registry-1785215101795 (d0, q0, r0, m0, 'resq/M01/heartbeat', ... (213 bytes))
1785215912: Sending PUBLISH to auto-7B969778-21A8-90C2-D2E0-2E8BAF0171CF (d0, q0, r0, m0, 'resq/M01/heartbeat', ... (213 bytes))
1785215913: Received PUBLISH from resq-firmware-sim-M01-ms47dwmn (d0, q0, r0, m0, 'resq/M01/heartbeat', ... (213 bytes))
1785215913: Sending PUBLISH to hub-api-live-registry-1785215101795 (d0, q0, r0, m0, 'resq/M01/heartbeat', ... (213 bytes))
1785215913: Sending PUBLISH to auto-7B969778-21A8-90C2-D2E0-2E8BAF0171CF (d0, q0, r0, m0, 'resq/M01/heartbeat', ... (213 bytes))
1785215913: Received PINGREQ from resq-firmware-sim-M01-ms47dwmn
1785215913: Sending PINGRESP to resq-firmware-sim-M01-ms47dwmn
1785215914: Received PUBLISH from resq-firmware-sim-M01-ms47dwmn (d0, q0, r0, m0, 'resq/M01/heartbeat', ... (213 bytes))
1785215914: Sending PUBLISH to hub-api-live-registry-1785215101795 (d0, q0, r0, m0, 'resq/M01/heartbeat', ... (213 bytes))
1785215914: Sending PUBLISH to auto-7B969778-21A8-90C2-D2E0-2E8BAF0171CF (d0, q0, r0, m0, 'resq/M01/heartbeat', ... (213 bytes))
1785215915: Received PUBLISH from resq-firmware-sim-M01-ms47dwmn (d0, q0, r0, m0, 'resq/M01/heartbeat', ... (213 bytes))
1785215915: Sending PUBLISH to hub-api-live-registry-1785215101795 (d0, q0, r0, m0, 'resq/M01/heartbeat', ... (213 bytes))
1785215915: Sending PUBLISH to auto-7B969778-21A8-90C2-D2E0-2E8BAF0171CF (d0, q0, r0, m0, 'resq/M01/heartbeat', ... (213 bytes))
1785215916: Received PUBLISH from resq-firmware-sim-M01-ms47dwmn (d0, q0, r0, m0, 'resq/M01/heartbeat', ... (213 bytes))
1785215916: Sending PUBLISH to hub-api-live-registry-1785215101795 (d0, q0, r0, m0, 'resq/M01/heartbeat', ... (213 bytes))
1785215916: Sending PUBLISH to auto-7B969778-21A8-90C2-D2E0-2E8BAF0171CF (d0, q0, r0, m0, 'resq/M01/heartbeat', ... (213 bytes))
1785215917: Received PUBLISH from resq-firmware-sim-M01-ms47dwmn (d0, q0, r0, m0, 'resq/M01/heartbeat', ... (213 bytes))
1785215917: Sending PUBLISH to hub-api-live-registry-1785215101795 (d0, q0, r0, m0, 'resq/M01/heartbeat', ... (213 bytes))
1785215917: Sending PUBLISH to auto-7B969778-21A8-90C2-D2E0-2E8BAF0171CF (d0, q0, r0, m0, 'resq/M01/heartbeat', ... (213 bytes))
1785215918: Received PUBLISH from resq-firmware-sim-M01-ms47dwmn (d0, q0, r0, m0, 'resq/M01/heartbeat', ... (213 bytes))
1785215918: Sending PUBLISH to hub-api-live-registry-1785215101795 (d0, q0, r0, m0, 'resq/M01/heartbeat', ... (213 bytes))
1785215918: Sending PUBLISH to auto-7B969778-21A8-90C2-D2E0-2E8BAF0171CF (d0, q0, r0, m0, 'resq/M01/heartbeat', ... (213 bytes))
1785215919: Received PUBLISH from resq-firmware-sim-M01-ms47dwmn (d0, q0, r0, m0, 'resq/M01/heartbeat', ... (213 bytes))
1785215919: Sending PUBLISH to hub-api-live-registry-1785215101795 (d0, q0, r0, m0, 'resq/M01/heartbeat', ... (213 bytes))
1785215919: Sending PUBLISH to auto-7B969778-21A8-90C2-D2E0-2E8BAF0171CF (d0, q0, r0, m0, 'resq/M01/heartbeat', ... (213 bytes))
1785215920: Received PUBLISH from resq-firmware-sim-M01-ms47dwmn (d0, q0, r0, m0, 'resq/M01/heartbeat', ... (213 bytes))
1785215920: Sending PUBLISH to hub-api-live-registry-1785215101795 (d0, q0, r0, m0, 'resq/M01/heartbeat', ... (213 bytes))
1785215920: Sending PUBLISH to auto-7B969778-21A8-90C2-D2E0-2E8BAF0171CF (d0, q0, r0, m0, 'resq/M01/heartbeat', ... (213 bytes))
1785215922: Received PUBLISH from resq-firmware-sim-M01-ms47dwmn (d0, q0, r0, m0, 'resq/M01/heartbeat', ... (213 bytes))
1785215922: Sending PUBLISH to hub-api-live-registry-1785215101795 (d0, q0, r0, m0, 'resq/M01/heartbeat', ... (213 bytes))
1785215922: Sending PUBLISH to auto-7B969778-21A8-90C2-D2E0-2E8BAF0171CF (d0, q0, r0, m0, 'resq/M01/heartbeat', ... (213 bytes))
1785215923: Received PUBLISH from resq-firmware-sim-M01-ms47dwmn (d0, q0, r0, m0, 'resq/M01/heartbeat', ... (213 bytes))
1785215923: Sending PUBLISH to hub-api-live-registry-1785215101795 (d0, q0, r0, m0, 'resq/M01/heartbeat', ... (213 bytes))
1785215923: Sending PUBLISH to auto-7B969778-21A8-90C2-D2E0-2E8BAF0171CF (d0, q0, r0, m0, 'resq/M01/heartbeat', ... (213 bytes))
1785215924: Received PUBLISH from resq-firmware-sim-M01-ms47dwmn (d0, q0, r0, m0, 'resq/M01/heartbeat', ... (213 bytes))
1785215924: Sending PUBLISH to hub-api-live-registry-1785215101795 (d0, q0, r0, m0, 'resq/M01/heartbeat', ... (213 bytes))
1785215924: Sending PUBLISH to auto-7B969778-21A8-90C2-D2E0-2E8BAF0171CF (d0, q0, r0, m0, 'resq/M01/heartbeat', ... (213 bytes))
1785215925: Received PUBLISH from resq-firmware-sim-M01-ms47dwmn (d0, q0, r0, m0, 'resq/M01/heartbeat', ... (213 bytes))
1785215925: Sending PUBLISH to hub-api-live-registry-1785215101795 (d0, q0, r0, m0, 'resq/M01/heartbeat', ... (213 bytes))
1785215925: Sending PUBLISH to auto-7B969778-21A8-90C2-D2E0-2E8BAF0171CF (d0, q0, r0, m0, 'resq/M01/heartbeat', ... (213 bytes))
1785215926: Received PUBLISH from resq-firmware-sim-M01-ms47dwmn (d0, q0, r0, m0, 'resq/M01/heartbeat', ... (213 bytes))
1785215926: Sending PUBLISH to hub-api-live-registry-1785215101795 (d0, q0, r0, m0, 'resq/M01/heartbeat', ... (213 bytes))
1785215926: Sending PUBLISH to auto-7B969778-21A8-90C2-D2E0-2E8BAF0171CF (d0, q0, r0, m0, 'resq/M01/heartbeat', ... (213 bytes))
1785215927: Received PUBLISH from resq-firmware-sim-M01-ms47dwmn (d0, q0, r0, m0, 'resq/M01/heartbeat', ... (213 bytes))
1785215927: Sending PUBLISH to hub-api-live-registry-1785215101795 (d0, q0, r0, m0, 'resq/M01/heartbeat', ... (213 bytes))
1785215927: Sending PUBLISH to auto-7B969778-21A8-90C2-D2E0-2E8BAF0171CF (d0, q0, r0, m0, 'resq/M01/heartbeat', ... (213 bytes))
1785215928: Received PUBLISH from resq-firmware-sim-M01-ms47dwmn (d0, q0, r0, m0, 'resq/M01/heartbeat', ... (213 bytes))
1785215928: Sending PUBLISH to hub-api-live-registry-1785215101795 (d0, q0, r0, m0, 'resq/M01/heartbeat', ... (213 bytes))
1785215928: Sending PUBLISH to auto-7B969778-21A8-90C2-D2E0-2E8BAF0171CF (d0, q0, r0, m0, 'resq/M01/heartbeat', ... (213 bytes))
1785215929: Received PUBLISH from resq-firmware-sim-M01-ms47dwmn (d0, q0, r0, m0, 'resq/M01/heartbeat', ... (213 bytes))
1785215929: Sending PUBLISH to hub-api-live-registry-1785215101795 (d0, q0, r0, m0, 'resq/M01/heartbeat', ... (213 bytes))
1785215929: Sending PUBLISH to auto-7B969778-21A8-90C2-D2E0-2E8BAF0171CF (d0, q0, r0, m0, 'resq/M01/heartbeat', ... (213 bytes))
1785215930: Received PUBLISH from resq-firmware-sim-M01-ms47dwmn (d0, q0, r0, m0, 'resq/M01/heartbeat', ... (213 bytes))
1785215930: Sending PUBLISH to hub-api-live-registry-1785215101795 (d0, q0, r0, m0, 'resq/M01/heartbeat', ... (213 bytes))
1785215930: Sending PUBLISH to auto-7B969778-21A8-90C2-D2E0-2E8BAF0171CF (d0, q0, r0, m0, 'resq/M01/heartbeat', ... (213 bytes))
1785215931: Received PUBLISH from resq-firmware-sim-M01-ms47dwmn (d0, q0, r0, m0, 'resq/M01/heartbeat', ... (213 bytes))
1785215931: Sending PUBLISH to hub-api-live-registry-1785215101795 (d0, q0, r0, m0, 'resq/M01/heartbeat', ... (213 bytes))
1785215931: Sending PUBLISH to auto-7B969778-21A8-90C2-D2E0-2E8BAF0171CF (d0, q0, r0, m0, 'resq/M01/heartbeat', ... (213 bytes))
1785215932: Received PUBLISH from resq-firmware-sim-M01-ms47dwmn (d0, q0, r0, m0, 'resq/M01/heartbeat', ... (213 bytes))
1785215932: Sending PUBLISH to hub-api-live-registry-1785215101795 (d0, q0, r0, m0, 'resq/M01/heartbeat', ... (213 bytes))
1785215932: Sending PUBLISH to auto-7B969778-21A8-90C2-D2E0-2E8BAF0171CF (d0, q0, r0, m0, 'resq/M01/heartbeat', ... (213 bytes))
1785215933: Received PUBLISH from resq-firmware-sim-M01-ms47dwmn (d0, q0, r0, m0, 'resq/M01/heartbeat', ... (213 bytes))
1785215933: Sending PUBLISH to hub-api-live-registry-1785215101795 (d0, q0, r0, m0, 'resq/M01/heartbeat', ... (213 bytes))
1785215933: Sending PUBLISH to auto-7B969778-21A8-90C2-D2E0-2E8BAF0171CF (d0, q0, r0, m0, 'resq/M01/heartbeat', ... (213 bytes))
1785215934: Received PUBLISH from resq-firmware-sim-M01-ms47dwmn (d0, q0, r0, m0, 'resq/M01/heartbeat', ... (213 bytes))
1785215934: Sending PUBLISH to hub-api-live-registry-1785215101795 (d0, q0, r0, m0, 'resq/M01/heartbeat', ... (213 bytes))
1785215934: Sending PUBLISH to auto-7B969778-21A8-90C2-D2E0-2E8BAF0171CF (d0, q0, r0, m0, 'resq/M01/heartbeat', ... (213 bytes))
1785215935: Received PUBLISH from resq-firmware-sim-M01-ms47dwmn (d0, q0, r0, m0, 'resq/M01/heartbeat', ... (213 bytes))
1785215935: Sending PUBLISH to hub-api-live-registry-1785215101795 (d0, q0, r0, m0, 'resq/M01/heartbeat', ... (213 bytes))
1785215935: Sending PUBLISH to auto-7B969778-21A8-90C2-D2E0-2E8BAF0171CF (d0, q0, r0, m0, 'resq/M01/heartbeat', ... (213 bytes))
1785215936: Received PUBLISH from resq-firmware-sim-M01-ms47dwmn (d0, q0, r0, m0, 'resq/M01/heartbeat', ... (213 bytes))
1785215936: Sending PUBLISH to hub-api-live-registry-1785215101795 (d0, q0, r0, m0, 'resq/M01/heartbeat', ... (213 bytes))
1785215936: Sending PUBLISH to auto-7B969778-21A8-90C2-D2E0-2E8BAF0171CF (d0, q0, r0, m0, 'resq/M01/heartbeat', ... (213 bytes))
1785215937: Received PUBLISH from resq-firmware-sim-M01-ms47dwmn (d0, q0, r0, m0, 'resq/M01/heartbeat', ... (213 bytes))
1785215937: Sending PUBLISH to hub-api-live-registry-1785215101795 (d0, q0, r0, m0, 'resq/M01/heartbeat', ... (213 bytes))
1785215937: Sending PUBLISH to auto-7B969778-21A8-90C2-D2E0-2E8BAF0171CF (d0, q0, r0, m0, 'resq/M01/heartbeat', ... (213 bytes))
1785215938: Received PUBLISH from resq-firmware-sim-M01-ms47dwmn (d0, q0, r0, m0, 'resq/M01/heartbeat', ... (213 bytes))
1785215938: Sending PUBLISH to hub-api-live-registry-1785215101795 (d0, q0, r0, m0, 'resq/M01/heartbeat', ... (213 bytes))
1785215938: Sending PUBLISH to auto-7B969778-21A8-90C2-D2E0-2E8BAF0171CF (d0, q0, r0, m0, 'resq/M01/heartbeat', ... (213 bytes))
1785215940: Received PUBLISH from resq-firmware-sim-M01-ms47dwmn (d0, q0, r0, m0, 'resq/M01/heartbeat', ... (213 bytes))
1785215940: Sending PUBLISH to hub-api-live-registry-1785215101795 (d0, q0, r0, m0, 'resq/M01/heartbeat', ... (213 bytes))
1785215940: Sending PUBLISH to auto-7B969778-21A8-90C2-D2E0-2E8BAF0171CF (d0, q0, r0, m0, 'resq/M01/heartbeat', ... (213 bytes))
1785215941: Received PUBLISH from resq-firmware-sim-M01-ms47dwmn (d0, q0, r0, m0, 'resq/M01/heartbeat', ... (213 bytes))
1785215941: Sending PUBLISH to hub-api-live-registry-1785215101795 (d0, q0, r0, m0, 'resq/M01/heartbeat', ... (213 bytes))
1785215941: Sending PUBLISH to auto-7B969778-21A8-90C2-D2E0-2E8BAF0171CF (d0, q0, r0, m0, 'resq/M01/heartbeat', ... (213 bytes))
1785215942: Received PINGREQ from hub-api-session-commands-1785215101465
1785215942: Sending PINGRESP to hub-api-session-commands-1785215101465
1785215942: Received PUBLISH from resq-firmware-sim-M01-ms47dwmn (d0, q0, r0, m0, 'resq/M01/heartbeat', ... (213 bytes))
1785215942: Sending PUBLISH to hub-api-live-registry-1785215101795 (d0, q0, r0, m0, 'resq/M01/heartbeat', ... (213 bytes))
1785215942: Sending PUBLISH to auto-7B969778-21A8-90C2-D2E0-2E8BAF0171CF (d0, q0, r0, m0, 'resq/M01/heartbeat', ... (213 bytes))
1785215942: Received PINGREQ from hub-api-live-registry-1785215101795
1785215942: Sending PINGRESP to hub-api-live-registry-1785215101795
1785215943: Received PUBLISH from resq-firmware-sim-M01-ms47dwmn (d0, q0, r0, m0, 'resq/M01/heartbeat', ... (213 bytes))
1785215943: Sending PUBLISH to hub-api-live-registry-1785215101795 (d0, q0, r0, m0, 'resq/M01/heartbeat', ... (213 bytes))
1785215943: Sending PUBLISH to auto-7B969778-21A8-90C2-D2E0-2E8BAF0171CF (d0, q0, r0, m0, 'resq/M01/heartbeat', ... (213 bytes))
1785215944: Received PUBLISH from resq-firmware-sim-M01-ms47dwmn (d0, q0, r0, m0, 'resq/M01/heartbeat', ... (213 bytes))
1785215944: Sending PUBLISH to hub-api-live-registry-1785215101795 (d0, q0, r0, m0, 'resq/M01/heartbeat', ... (213 bytes))
1785215944: Sending PUBLISH to auto-7B969778-21A8-90C2-D2E0-2E8BAF0171CF (d0, q0, r0, m0, 'resq/M01/heartbeat', ... (213 bytes))
1785215945: Received PUBLISH from resq-firmware-sim-M01-ms47dwmn (d0, q0, r0, m0, 'resq/M01/heartbeat', ... (213 bytes))
1785215945: Sending PUBLISH to hub-api-live-registry-1785215101795 (d0, q0, r0, m0, 'resq/M01/heartbeat', ... (213 bytes))
1785215945: Sending PUBLISH to auto-7B969778-21A8-90C2-D2E0-2E8BAF0171CF (d0, q0, r0, m0, 'resq/M01/heartbeat', ... (213 bytes))
1785215946: Received PUBLISH from resq-firmware-sim-M01-ms47dwmn (d0, q0, r0, m0, 'resq/M01/heartbeat', ... (213 bytes))
1785215946: Sending PUBLISH to hub-api-live-registry-1785215101795 (d0, q0, r0, m0, 'resq/M01/heartbeat', ... (213 bytes))
1785215946: Sending PUBLISH to auto-7B969778-21A8-90C2-D2E0-2E8BAF0171CF (d0, q0, r0, m0, 'resq/M01/heartbeat', ... (213 bytes))
1785215947: Received PUBLISH from resq-firmware-sim-M01-ms47dwmn (d0, q0, r0, m0, 'resq/M01/heartbeat', ... (213 bytes))
1785215947: Sending PUBLISH to hub-api-live-registry-1785215101795 (d0, q0, r0, m0, 'resq/M01/heartbeat', ... (213 bytes))
1785215947: Sending PUBLISH to auto-7B969778-21A8-90C2-D2E0-2E8BAF0171CF (d0, q0, r0, m0, 'resq/M01/heartbeat', ... (213 bytes))
1785215948: Received PUBLISH from resq-firmware-sim-M01-ms47dwmn (d0, q0, r0, m0, 'resq/M01/heartbeat', ... (213 bytes))
1785215948: Sending PUBLISH to hub-api-live-registry-1785215101795 (d0, q0, r0, m0, 'resq/M01/heartbeat', ... (213 bytes))
1785215948: Sending PUBLISH to auto-7B969778-21A8-90C2-D2E0-2E8BAF0171CF (d0, q0, r0, m0, 'resq/M01/heartbeat', ... (213 bytes))
1785215949: Received PUBLISH from resq-firmware-sim-M01-ms47dwmn (d0, q0, r0, m0, 'resq/M01/heartbeat', ... (213 bytes))
1785215949: Sending PUBLISH to hub-api-live-registry-1785215101795 (d0, q0, r0, m0, 'resq/M01/heartbeat', ... (213 bytes))
1785215949: Sending PUBLISH to auto-7B969778-21A8-90C2-D2E0-2E8BAF0171CF (d0, q0, r0, m0, 'resq/M01/heartbeat', ... (213 bytes))
1785215950: Received PUBLISH from resq-firmware-sim-M01-ms47dwmn (d0, q0, r0, m0, 'resq/M01/heartbeat', ... (213 bytes))
1785215950: Sending PUBLISH to hub-api-live-registry-1785215101795 (d0, q0, r0, m0, 'resq/M01/heartbeat', ... (213 bytes))
1785215950: Sending PUBLISH to auto-7B969778-21A8-90C2-D2E0-2E8BAF0171CF (d0, q0, r0, m0, 'resq/M01/heartbeat', ... (213 bytes))
1785215951: Received PUBLISH from resq-firmware-sim-M01-ms47dwmn (d0, q0, r0, m0, 'resq/M01/heartbeat', ... (213 bytes))
1785215951: Sending PUBLISH to hub-api-live-registry-1785215101795 (d0, q0, r0, m0, 'resq/M01/heartbeat', ... (213 bytes))
1785215951: Sending PUBLISH to auto-7B969778-21A8-90C2-D2E0-2E8BAF0171CF (d0, q0, r0, m0, 'resq/M01/heartbeat', ... (213 bytes))
1785215952: Received PUBLISH from resq-firmware-sim-M01-ms47dwmn (d0, q0, r0, m0, 'resq/M01/heartbeat', ... (213 bytes))
1785215952: Sending PUBLISH to hub-api-live-registry-1785215101795 (d0, q0, r0, m0, 'resq/M01/heartbeat', ... (213 bytes))
1785215952: Sending PUBLISH to auto-7B969778-21A8-90C2-D2E0-2E8BAF0171CF (d0, q0, r0, m0, 'resq/M01/heartbeat', ... (213 bytes))
1785215953: Received PUBLISH from resq-firmware-sim-M01-ms47dwmn (d0, q0, r0, m0, 'resq/M01/heartbeat', ... (213 bytes))
1785215953: Sending PUBLISH to hub-api-live-registry-1785215101795 (d0, q0, r0, m0, 'resq/M01/heartbeat', ... (213 bytes))
1785215953: Sending PUBLISH to auto-7B969778-21A8-90C2-D2E0-2E8BAF0171CF (d0, q0, r0, m0, 'resq/M01/heartbeat', ... (213 bytes))
1785215954: Received PUBLISH from resq-firmware-sim-M01-ms47dwmn (d0, q0, r0, m0, 'resq/M01/heartbeat', ... (213 bytes))
1785215954: Sending PUBLISH to hub-api-live-registry-1785215101795 (d0, q0, r0, m0, 'resq/M01/heartbeat', ... (213 bytes))
1785215954: Sending PUBLISH to auto-7B969778-21A8-90C2-D2E0-2E8BAF0171CF (d0, q0, r0, m0, 'resq/M01/heartbeat', ... (213 bytes))
1785215956: Received PUBLISH from resq-firmware-sim-M01-ms47dwmn (d0, q0, r0, m0, 'resq/M01/heartbeat', ... (213 bytes))
1785215956: Sending PUBLISH to hub-api-live-registry-1785215101795 (d0, q0, r0, m0, 'resq/M01/heartbeat', ... (213 bytes))
1785215956: Sending PUBLISH to auto-7B969778-21A8-90C2-D2E0-2E8BAF0171CF (d0, q0, r0, m0, 'resq/M01/heartbeat', ... (213 bytes))
1785215957: Received PUBLISH from resq-firmware-sim-M01-ms47dwmn (d0, q0, r0, m0, 'resq/M01/heartbeat', ... (213 bytes))
1785215957: Sending PUBLISH to hub-api-live-registry-1785215101795 (d0, q0, r0, m0, 'resq/M01/heartbeat', ... (213 bytes))
1785215957: Sending PUBLISH to auto-7B969778-21A8-90C2-D2E0-2E8BAF0171CF (d0, q0, r0, m0, 'resq/M01/heartbeat', ... (213 bytes))
1785215958: Received PUBLISH from resq-firmware-sim-M01-ms47dwmn (d0, q0, r0, m0, 'resq/M01/heartbeat', ... (213 bytes))
1785215958: Sending PUBLISH to hub-api-live-registry-1785215101795 (d0, q0, r0, m0, 'resq/M01/heartbeat', ... (213 bytes))
1785215958: Sending PUBLISH to auto-7B969778-21A8-90C2-D2E0-2E8BAF0171CF (d0, q0, r0, m0, 'resq/M01/heartbeat', ... (213 bytes))
1785215959: Received PUBLISH from resq-firmware-sim-M01-ms47dwmn (d0, q0, r0, m0, 'resq/M01/heartbeat', ... (213 bytes))
1785215959: Sending PUBLISH to hub-api-live-registry-1785215101795 (d0, q0, r0, m0, 'resq/M01/heartbeat', ... (213 bytes))
1785215959: Sending PUBLISH to auto-7B969778-21A8-90C2-D2E0-2E8BAF0171CF (d0, q0, r0, m0, 'resq/M01/heartbeat', ... (213 bytes))
1785215960: Received PUBLISH from resq-firmware-sim-M01-ms47dwmn (d0, q0, r0, m0, 'resq/M01/heartbeat', ... (213 bytes))
1785215960: Sending PUBLISH to hub-api-live-registry-1785215101795 (d0, q0, r0, m0, 'resq/M01/heartbeat', ... (213 bytes))
1785215960: Sending PUBLISH to auto-7B969778-21A8-90C2-D2E0-2E8BAF0171CF (d0, q0, r0, m0, 'resq/M01/heartbeat', ... (213 bytes))
1785215961: Received PUBLISH from resq-firmware-sim-M01-ms47dwmn (d0, q0, r0, m0, 'resq/M01/heartbeat', ... (213 bytes))
1785215961: Sending PUBLISH to hub-api-live-registry-1785215101795 (d0, q0, r0, m0, 'resq/M01/heartbeat', ... (213 bytes))
1785215961: Sending PUBLISH to auto-7B969778-21A8-90C2-D2E0-2E8BAF0171CF (d0, q0, r0, m0, 'resq/M01/heartbeat', ... (213 bytes))
1785215962: Received PUBLISH from resq-firmware-sim-M01-ms47dwmn (d0, q0, r0, m0, 'resq/M01/heartbeat', ... (213 bytes))
1785215962: Sending PUBLISH to hub-api-live-registry-1785215101795 (d0, q0, r0, m0, 'resq/M01/heartbeat', ... (213 bytes))
1785215962: Sending PUBLISH to auto-7B969778-21A8-90C2-D2E0-2E8BAF0171CF (d0, q0, r0, m0, 'resq/M01/heartbeat', ... (213 bytes))
1785215963: Received PUBLISH from resq-firmware-sim-M01-ms47dwmn (d0, q0, r0, m0, 'resq/M01/heartbeat', ... (213 bytes))
1785215963: Sending PUBLISH to hub-api-live-registry-1785215101795 (d0, q0, r0, m0, 'resq/M01/heartbeat', ... (213 bytes))
1785215963: Sending PUBLISH to auto-7B969778-21A8-90C2-D2E0-2E8BAF0171CF (d0, q0, r0, m0, 'resq/M01/heartbeat', ... (213 bytes))
1785215964: Received PUBLISH from resq-firmware-sim-M01-ms47dwmn (d0, q0, r0, m0, 'resq/M01/heartbeat', ... (213 bytes))
1785215964: Sending PUBLISH to hub-api-live-registry-1785215101795 (d0, q0, r0, m0, 'resq/M01/heartbeat', ... (213 bytes))
1785215964: Sending PUBLISH to auto-7B969778-21A8-90C2-D2E0-2E8BAF0171CF (d0, q0, r0, m0, 'resq/M01/heartbeat', ... (213 bytes))
1785215965: Received PUBLISH from resq-firmware-sim-M01-ms47dwmn (d0, q0, r0, m0, 'resq/M01/heartbeat', ... (213 bytes))
1785215965: Sending PUBLISH to hub-api-live-registry-1785215101795 (d0, q0, r0, m0, 'resq/M01/heartbeat', ... (213 bytes))
1785215965: Sending PUBLISH to auto-7B969778-21A8-90C2-D2E0-2E8BAF0171CF (d0, q0, r0, m0, 'resq/M01/heartbeat', ... (213 bytes))
1785215966: Received PUBLISH from resq-firmware-sim-M01-ms47dwmn (d0, q0, r0, m0, 'resq/M01/heartbeat', ... (213 bytes))
1785215966: Sending PUBLISH to hub-api-live-registry-1785215101795 (d0, q0, r0, m0, 'resq/M01/heartbeat', ... (213 bytes))
1785215966: Sending PUBLISH to auto-7B969778-21A8-90C2-D2E0-2E8BAF0171CF (d0, q0, r0, m0, 'resq/M01/heartbeat', ... (213 bytes))
1785215967: Received PUBLISH from resq-firmware-sim-M01-ms47dwmn (d0, q0, r0, m0, 'resq/M01/heartbeat', ... (213 bytes))
1785215967: Sending PUBLISH to hub-api-live-registry-1785215101795 (d0, q0, r0, m0, 'resq/M01/heartbeat', ... (213 bytes))
1785215967: Sending PUBLISH to auto-7B969778-21A8-90C2-D2E0-2E8BAF0171CF (d0, q0, r0, m0, 'resq/M01/heartbeat', ... (213 bytes))
1785215968: Received PUBLISH from resq-firmware-sim-M01-ms47dwmn (d0, q0, r0, m0, 'resq/M01/heartbeat', ... (213 bytes))
1785215968: Sending PUBLISH to hub-api-live-registry-1785215101795 (d0, q0, r0, m0, 'resq/M01/heartbeat', ... (213 bytes))
1785215968: Sending PUBLISH to auto-7B969778-21A8-90C2-D2E0-2E8BAF0171CF (d0, q0, r0, m0, 'resq/M01/heartbeat', ... (213 bytes))
1785215969: Received PUBLISH from resq-firmware-sim-M01-ms47dwmn (d0, q0, r0, m0, 'resq/M01/heartbeat', ... (213 bytes))
1785215969: Sending PUBLISH to hub-api-live-registry-1785215101795 (d0, q0, r0, m0, 'resq/M01/heartbeat', ... (213 bytes))
1785215969: Sending PUBLISH to auto-7B969778-21A8-90C2-D2E0-2E8BAF0171CF (d0, q0, r0, m0, 'resq/M01/heartbeat', ... (213 bytes))
1785215970: Received PUBLISH from resq-firmware-sim-M01-ms47dwmn (d0, q0, r0, m0, 'resq/M01/heartbeat', ... (213 bytes))
1785215970: Sending PUBLISH to hub-api-live-registry-1785215101795 (d0, q0, r0, m0, 'resq/M01/heartbeat', ... (213 bytes))
1785215970: Sending PUBLISH to auto-7B969778-21A8-90C2-D2E0-2E8BAF0171CF (d0, q0, r0, m0, 'resq/M01/heartbeat', ... (213 bytes))
1785215971: Received PINGREQ from auto-7B969778-21A8-90C2-D2E0-2E8BAF0171CF
1785215971: Sending PINGRESP to auto-7B969778-21A8-90C2-D2E0-2E8BAF0171CF
1785215971: Received PUBLISH from resq-firmware-sim-M01-ms47dwmn (d0, q0, r0, m0, 'resq/M01/heartbeat', ... (213 bytes))
1785215971: Sending PUBLISH to hub-api-live-registry-1785215101795 (d0, q0, r0, m0, 'resq/M01/heartbeat', ... (213 bytes))
1785215971: Sending PUBLISH to auto-7B969778-21A8-90C2-D2E0-2E8BAF0171CF (d0, q0, r0, m0, 'resq/M01/heartbeat', ... (213 bytes))
1785215973: Received PUBLISH from resq-firmware-sim-M01-ms47dwmn (d0, q0, r0, m0, 'resq/M01/heartbeat', ... (213 bytes))
1785215973: Sending PUBLISH to hub-api-live-registry-1785215101795 (d0, q0, r0, m0, 'resq/M01/heartbeat', ... (213 bytes))
1785215973: Sending PUBLISH to auto-7B969778-21A8-90C2-D2E0-2E8BAF0171CF (d0, q0, r0, m0, 'resq/M01/heartbeat', ... (213 bytes))
1785215974: Received PINGREQ from resq-firmware-sim-M01-ms47dwmn
1785215974: Sending PINGRESP to resq-firmware-sim-M01-ms47dwmn
1785215974: Received PUBLISH from resq-firmware-sim-M01-ms47dwmn (d0, q0, r0, m0, 'resq/M01/heartbeat', ... (213 bytes))
1785215974: Sending PUBLISH to hub-api-live-registry-1785215101795 (d0, q0, r0, m0, 'resq/M01/heartbeat', ... (213 bytes))
1785215974: Sending PUBLISH to auto-7B969778-21A8-90C2-D2E0-2E8BAF0171CF (d0, q0, r0, m0, 'resq/M01/heartbeat', ... (213 bytes))
1785215974: Client auto-7B969778-21A8-90C2-D2E0-2E8BAF0171CF [127.0.0.1:51664] disconnected: connection closed by client.
1785215975: Received PUBLISH from resq-firmware-sim-M01-ms47dwmn (d0, q0, r0, m0, 'resq/M01/heartbeat', ... (213 bytes))
1785215975: Sending PUBLISH to hub-api-live-registry-1785215101795 (d0, q0, r0, m0, 'resq/M01/heartbeat', ... (213 bytes))
1785215976: Received PUBLISH from resq-firmware-sim-M01-ms47dwmn (d0, q0, r0, m0, 'resq/M01/heartbeat', ... (213 bytes))
1785215976: Sending PUBLISH to hub-api-live-registry-1785215101795 (d0, q0, r0, m0, 'resq/M01/heartbeat', ... (213 bytes))
1785215977: Received PUBLISH from resq-firmware-sim-M01-ms47dwmn (d0, q0, r0, m0, 'resq/M01/heartbeat', ... (213 bytes))
1785215977: Sending PUBLISH to hub-api-live-registry-1785215101795 (d0, q0, r0, m0, 'resq/M01/heartbeat', ... (213 bytes))
1785215978: Received PUBLISH from resq-firmware-sim-M01-ms47dwmn (d0, q0, r0, m0, 'resq/M01/heartbeat', ... (213 bytes))
1785215978: Sending PUBLISH to hub-api-live-registry-1785215101795 (d0, q0, r0, m0, 'resq/M01/heartbeat', ... (213 bytes))
1785215978: New connection from 127.0.0.1:63123 on port 1883.
1785215978: New client connected from 127.0.0.1:63123 as auto-6ACD9D50-CC23-D650-1C30-09359F29B280 (p4, c1, k60).
1785215978: No will message specified.
1785215978: Sending CONNACK to auto-6ACD9D50-CC23-D650-1C30-09359F29B280 (0, 0)
1785215978: Received SUBSCRIBE from auto-6ACD9D50-CC23-D650-1C30-09359F29B280
1785215978: 	resq/# (QoS 0)
1785215978: auto-6ACD9D50-CC23-D650-1C30-09359F29B280 0 resq/#
1785215978: Sending SUBACK to auto-6ACD9D50-CC23-D650-1C30-09359F29B280
1785215978: Sending PUBLISH to auto-6ACD9D50-CC23-D650-1C30-09359F29B280 (d0, q0, r1, m0, 'resq/M01/status', ... (145 bytes))
1785215979: Received PUBLISH from resq-firmware-sim-M01-ms47dwmn (d0, q0, r0, m0, 'resq/M01/heartbeat', ... (213 bytes))
1785215979: Sending PUBLISH to hub-api-live-registry-1785215101795 (d0, q0, r0, m0, 'resq/M01/heartbeat', ... (213 bytes))
1785215979: Sending PUBLISH to auto-6ACD9D50-CC23-D650-1C30-09359F29B280 (d0, q0, r0, m0, 'resq/M01/heartbeat', ... (213 bytes))
1785215980: Received PUBLISH from resq-firmware-sim-M01-ms47dwmn (d0, q0, r0, m0, 'resq/M01/heartbeat', ... (213 bytes))
1785215980: Sending PUBLISH to hub-api-live-registry-1785215101795 (d0, q0, r0, m0, 'resq/M01/heartbeat', ... (213 bytes))
1785215980: Sending PUBLISH to auto-6ACD9D50-CC23-D650-1C30-09359F29B280 (d0, q0, r0, m0, 'resq/M01/heartbeat', ... (213 bytes))
1785215981: New connection from 127.0.0.1:63128 on port 1883.
1785215981: New client connected from 127.0.0.1:63128 as auto-B2110EF8-DEB9-787E-B55C-2F9553E2FD1E (p4, c1, k60).
1785215981: No will message specified.
1785215981: Sending CONNACK to auto-B2110EF8-DEB9-787E-B55C-2F9553E2FD1E (0, 0)
1785215981: Received PUBLISH from auto-B2110EF8-DEB9-787E-B55C-2F9553E2FD1E (d0, q1, r0, m1, 'resq/M01/cmd/session/start', ... (123 bytes))
1785215981: Sending PUBLISH to resq-firmware-sim-M01-ms47dwmn (d0, q0, r0, m0, 'resq/M01/cmd/session/start', ... (123 bytes))
1785215981: Sending PUBLISH to auto-6ACD9D50-CC23-D650-1C30-09359F29B280 (d0, q0, r0, m0, 'resq/M01/cmd/session/start', ... (123 bytes))
1785215981: Sending PUBACK to auto-B2110EF8-DEB9-787E-B55C-2F9553E2FD1E (m1, rc0)
1785215981: Client auto-B2110EF8-DEB9-787E-B55C-2F9553E2FD1E [127.0.0.1:63128] disconnected: connection closed by client.
1785215981: Received PUBLISH from resq-firmware-sim-M01-ms47dwmn (d0, q0, r0, m0, 'resq/M01/status', ... (146 bytes))
1785215981: Sending PUBLISH to hub-api-live-registry-1785215101795 (d0, q0, r0, m0, 'resq/M01/status', ... (146 bytes))
1785215981: Sending PUBLISH to auto-6ACD9D50-CC23-D650-1C30-09359F29B280 (d0, q0, r0, m0, 'resq/M01/status', ... (146 bytes))
1785215981: Received PUBLISH from resq-firmware-sim-M01-ms47dwmn (d0, q0, r0, m0, 'resq/M01/events', ... (170 bytes))
1785215981: Sending PUBLISH to hub-api-live-registry-1785215101795 (d0, q0, r0, m0, 'resq/M01/events', ... (170 bytes))
1785215981: Sending PUBLISH to auto-6ACD9D50-CC23-D650-1C30-09359F29B280 (d0, q0, r0, m0, 'resq/M01/events', ... (170 bytes))
1785215981: Received PUBLISH from resq-firmware-sim-M01-ms47dwmn (d0, q0, r1, m0, 'resq/M01/status', ... (155 bytes))
1785215981: Sending PUBLISH to hub-api-live-registry-1785215101795 (d0, q0, r0, m0, 'resq/M01/status', ... (155 bytes))
1785215981: Sending PUBLISH to auto-6ACD9D50-CC23-D650-1C30-09359F29B280 (d0, q0, r0, m0, 'resq/M01/status', ... (155 bytes))
1785215981: Received PUBLISH from resq-firmware-sim-M01-ms47dwmn (d0, q0, r0, m0, 'resq/M01/telemetry', ... (353 bytes))
1785215981: Sending PUBLISH to hub-api-live-registry-1785215101795 (d0, q0, r0, m0, 'resq/M01/telemetry', ... (353 bytes))
1785215981: Sending PUBLISH to auto-6ACD9D50-CC23-D650-1C30-09359F29B280 (d0, q0, r0, m0, 'resq/M01/telemetry', ... (353 bytes))
1785215981: Received PUBLISH from resq-firmware-sim-M01-ms47dwmn (d0, q0, r0, m0, 'resq/M01/heartbeat', ... (221 bytes))
1785215981: Sending PUBLISH to hub-api-live-registry-1785215101795 (d0, q0, r0, m0, 'resq/M01/heartbeat', ... (221 bytes))
1785215981: Sending PUBLISH to auto-6ACD9D50-CC23-D650-1C30-09359F29B280 (d0, q0, r0, m0, 'resq/M01/heartbeat', ... (221 bytes))
1785215981: Received PUBLISH from resq-firmware-sim-M01-ms47dwmn (d0, q0, r0, m0, 'resq/M01/telemetry', ... (352 bytes))
1785215981: Sending PUBLISH to hub-api-live-registry-1785215101795 (d0, q0, r0, m0, 'resq/M01/telemetry', ... (352 bytes))
1785215981: Sending PUBLISH to auto-6ACD9D50-CC23-D650-1C30-09359F29B280 (d0, q0, r0, m0, 'resq/M01/telemetry', ... (352 bytes))
1785215982: Received PUBLISH from resq-firmware-sim-M01-ms47dwmn (d0, q0, r0, m0, 'resq/M01/telemetry', ... (352 bytes))
1785215982: Sending PUBLISH to hub-api-live-registry-1785215101795 (d0, q0, r0, m0, 'resq/M01/telemetry', ... (352 bytes))
1785215982: Sending PUBLISH to auto-6ACD9D50-CC23-D650-1C30-09359F29B280 (d0, q0, r0, m0, 'resq/M01/telemetry', ... (352 bytes))
1785215982: Received PUBLISH from resq-firmware-sim-M01-ms47dwmn (d0, q0, r0, m0, 'resq/M01/telemetry', ... (354 bytes))
1785215982: Sending PUBLISH to hub-api-live-registry-1785215101795 (d0, q0, r0, m0, 'resq/M01/telemetry', ... (354 bytes))
1785215982: Sending PUBLISH to auto-6ACD9D50-CC23-D650-1C30-09359F29B280 (d0, q0, r0, m0, 'resq/M01/telemetry', ... (354 bytes))
1785215982: Received PUBLISH from resq-firmware-sim-M01-ms47dwmn (d0, q0, r0, m0, 'resq/M01/telemetry', ... (353 bytes))
1785215982: Sending PUBLISH to hub-api-live-registry-1785215101795 (d0, q0, r0, m0, 'resq/M01/telemetry', ... (353 bytes))
1785215982: Sending PUBLISH to auto-6ACD9D50-CC23-D650-1C30-09359F29B280 (d0, q0, r0, m0, 'resq/M01/telemetry', ... (353 bytes))
1785215982: Received PUBLISH from resq-firmware-sim-M01-ms47dwmn (d0, q0, r0, m0, 'resq/M01/heartbeat', ... (221 bytes))
1785215982: Sending PUBLISH to hub-api-live-registry-1785215101795 (d0, q0, r0, m0, 'resq/M01/heartbeat', ... (221 bytes))
1785215982: Sending PUBLISH to auto-6ACD9D50-CC23-D650-1C30-09359F29B280 (d0, q0, r0, m0, 'resq/M01/heartbeat', ... (221 bytes))
1785215983: Received PUBLISH from resq-firmware-sim-M01-ms47dwmn (d0, q0, r0, m0, 'resq/M01/telemetry', ... (354 bytes))
1785215983: Sending PUBLISH to hub-api-live-registry-1785215101795 (d0, q0, r0, m0, 'resq/M01/telemetry', ... (354 bytes))
1785215983: Sending PUBLISH to auto-6ACD9D50-CC23-D650-1C30-09359F29B280 (d0, q0, r0, m0, 'resq/M01/telemetry', ... (354 bytes))
1785215983: Received PUBLISH from resq-firmware-sim-M01-ms47dwmn (d0, q0, r0, m0, 'resq/M01/telemetry', ... (353 bytes))
1785215983: Sending PUBLISH to hub-api-live-registry-1785215101795 (d0, q0, r0, m0, 'resq/M01/telemetry', ... (353 bytes))
1785215983: Sending PUBLISH to auto-6ACD9D50-CC23-D650-1C30-09359F29B280 (d0, q0, r0, m0, 'resq/M01/telemetry', ... (353 bytes))
1785215983: Received PUBLISH from resq-firmware-sim-M01-ms47dwmn (d0, q0, r0, m0, 'resq/M01/telemetry', ... (353 bytes))
1785215983: Sending PUBLISH to hub-api-live-registry-1785215101795 (d0, q0, r0, m0, 'resq/M01/telemetry', ... (353 bytes))
1785215983: Sending PUBLISH to auto-6ACD9D50-CC23-D650-1C30-09359F29B280 (d0, q0, r0, m0, 'resq/M01/telemetry', ... (353 bytes))
1785215983: Received PUBLISH from resq-firmware-sim-M01-ms47dwmn (d0, q0, r0, m0, 'resq/M01/heartbeat', ... (221 bytes))
1785215983: Sending PUBLISH to hub-api-live-registry-1785215101795 (d0, q0, r0, m0, 'resq/M01/heartbeat', ... (221 bytes))
1785215983: Sending PUBLISH to auto-6ACD9D50-CC23-D650-1C30-09359F29B280 (d0, q0, r0, m0, 'resq/M01/heartbeat', ... (221 bytes))
1785215983: Received PUBLISH from resq-firmware-sim-M01-ms47dwmn (d0, q0, r0, m0, 'resq/M01/telemetry', ... (351 bytes))
1785215983: Sending PUBLISH to hub-api-live-registry-1785215101795 (d0, q0, r0, m0, 'resq/M01/telemetry', ... (351 bytes))
1785215983: Sending PUBLISH to auto-6ACD9D50-CC23-D650-1C30-09359F29B280 (d0, q0, r0, m0, 'resq/M01/telemetry', ... (351 bytes))
1785215984: Received PUBLISH from resq-firmware-sim-M01-ms47dwmn (d0, q0, r0, m0, 'resq/M01/telemetry', ... (354 bytes))
1785215984: Sending PUBLISH to hub-api-live-registry-1785215101795 (d0, q0, r0, m0, 'resq/M01/telemetry', ... (354 bytes))
1785215984: Sending PUBLISH to auto-6ACD9D50-CC23-D650-1C30-09359F29B280 (d0, q0, r0, m0, 'resq/M01/telemetry', ... (354 bytes))
1785215984: Received PUBLISH from resq-firmware-sim-M01-ms47dwmn (d0, q0, r0, m0, 'resq/M01/telemetry', ... (356 bytes))
1785215984: Sending PUBLISH to hub-api-live-registry-1785215101795 (d0, q0, r0, m0, 'resq/M01/telemetry', ... (356 bytes))
1785215984: Sending PUBLISH to auto-6ACD9D50-CC23-D650-1C30-09359F29B280 (d0, q0, r0, m0, 'resq/M01/telemetry', ... (356 bytes))
1785215984: Received PUBLISH from resq-firmware-sim-M01-ms47dwmn (d0, q0, r0, m0, 'resq/M01/telemetry', ... (356 bytes))
1785215984: Sending PUBLISH to hub-api-live-registry-1785215101795 (d0, q0, r0, m0, 'resq/M01/telemetry', ... (356 bytes))
1785215984: Sending PUBLISH to auto-6ACD9D50-CC23-D650-1C30-09359F29B280 (d0, q0, r0, m0, 'resq/M01/telemetry', ... (356 bytes))
1785215984: Received PUBLISH from resq-firmware-sim-M01-ms47dwmn (d0, q0, r0, m0, 'resq/M01/telemetry', ... (357 bytes))
1785215984: Sending PUBLISH to hub-api-live-registry-1785215101795 (d0, q0, r0, m0, 'resq/M01/telemetry', ... (357 bytes))
1785215984: Sending PUBLISH to auto-6ACD9D50-CC23-D650-1C30-09359F29B280 (d0, q0, r0, m0, 'resq/M01/telemetry', ... (357 bytes))
1785215984: Received PUBLISH from resq-firmware-sim-M01-ms47dwmn (d0, q0, r0, m0, 'resq/M01/heartbeat', ... (221 bytes))
1785215984: Sending PUBLISH to hub-api-live-registry-1785215101795 (d0, q0, r0, m0, 'resq/M01/heartbeat', ... (221 bytes))
1785215984: Sending PUBLISH to auto-6ACD9D50-CC23-D650-1C30-09359F29B280 (d0, q0, r0, m0, 'resq/M01/heartbeat', ... (221 bytes))
1785215985: Received PUBLISH from resq-firmware-sim-M01-ms47dwmn (d0, q0, r0, m0, 'resq/M01/telemetry', ... (357 bytes))
1785215985: Sending PUBLISH to hub-api-live-registry-1785215101795 (d0, q0, r0, m0, 'resq/M01/telemetry', ... (357 bytes))
1785215985: Sending PUBLISH to auto-6ACD9D50-CC23-D650-1C30-09359F29B280 (d0, q0, r0, m0, 'resq/M01/telemetry', ... (357 bytes))
1785215985: Received PUBLISH from resq-firmware-sim-M01-ms47dwmn (d0, q0, r0, m0, 'resq/M01/telemetry', ... (357 bytes))
1785215985: Sending PUBLISH to hub-api-live-registry-1785215101795 (d0, q0, r0, m0, 'resq/M01/telemetry', ... (357 bytes))
1785215985: Sending PUBLISH to auto-6ACD9D50-CC23-D650-1C30-09359F29B280 (d0, q0, r0, m0, 'resq/M01/telemetry', ... (357 bytes))
1785215985: Received PUBLISH from resq-firmware-sim-M01-ms47dwmn (d0, q0, r0, m0, 'resq/M01/telemetry', ... (356 bytes))
1785215985: Sending PUBLISH to hub-api-live-registry-1785215101795 (d0, q0, r0, m0, 'resq/M01/telemetry', ... (356 bytes))
1785215985: Sending PUBLISH to auto-6ACD9D50-CC23-D650-1C30-09359F29B280 (d0, q0, r0, m0, 'resq/M01/telemetry', ... (356 bytes))
1785215985: Received PUBLISH from resq-firmware-sim-M01-ms47dwmn (d0, q0, r0, m0, 'resq/M01/heartbeat', ... (221 bytes))
1785215985: Sending PUBLISH to hub-api-live-registry-1785215101795 (d0, q0, r0, m0, 'resq/M01/heartbeat', ... (221 bytes))
1785215985: Sending PUBLISH to auto-6ACD9D50-CC23-D650-1C30-09359F29B280 (d0, q0, r0, m0, 'resq/M01/heartbeat', ... (221 bytes))
1785215986: Received PUBLISH from resq-firmware-sim-M01-ms47dwmn (d0, q0, r0, m0, 'resq/M01/telemetry', ... (356 bytes))
1785215986: Sending PUBLISH to hub-api-live-registry-1785215101795 (d0, q0, r0, m0, 'resq/M01/telemetry', ... (356 bytes))
1785215986: Sending PUBLISH to auto-6ACD9D50-CC23-D650-1C30-09359F29B280 (d0, q0, r0, m0, 'resq/M01/telemetry', ... (356 bytes))
1785215986: Received PUBLISH from resq-firmware-sim-M01-ms47dwmn (d0, q0, r0, m0, 'resq/M01/telemetry', ... (356 bytes))
1785215986: Sending PUBLISH to hub-api-live-registry-1785215101795 (d0, q0, r0, m0, 'resq/M01/telemetry', ... (356 bytes))
1785215986: Sending PUBLISH to auto-6ACD9D50-CC23-D650-1C30-09359F29B280 (d0, q0, r0, m0, 'resq/M01/telemetry', ... (356 bytes))
1785215986: Received PUBLISH from resq-firmware-sim-M01-ms47dwmn (d0, q0, r0, m0, 'resq/M01/telemetry', ... (356 bytes))
1785215986: Sending PUBLISH to hub-api-live-registry-1785215101795 (d0, q0, r0, m0, 'resq/M01/telemetry', ... (356 bytes))
1785215986: Sending PUBLISH to auto-6ACD9D50-CC23-D650-1C30-09359F29B280 (d0, q0, r0, m0, 'resq/M01/telemetry', ... (356 bytes))
1785215987: Received PUBLISH from resq-firmware-sim-M01-ms47dwmn (d0, q0, r0, m0, 'resq/M01/heartbeat', ... (221 bytes))
1785215987: Sending PUBLISH to hub-api-live-registry-1785215101795 (d0, q0, r0, m0, 'resq/M01/heartbeat', ... (221 bytes))
1785215987: Sending PUBLISH to auto-6ACD9D50-CC23-D650-1C30-09359F29B280 (d0, q0, r0, m0, 'resq/M01/heartbeat', ... (221 bytes))
1785215987: Received PUBLISH from resq-firmware-sim-M01-ms47dwmn (d0, q0, r0, m0, 'resq/M01/telemetry', ... (356 bytes))
1785215987: Sending PUBLISH to hub-api-live-registry-1785215101795 (d0, q0, r0, m0, 'resq/M01/telemetry', ... (356 bytes))
1785215987: Sending PUBLISH to auto-6ACD9D50-CC23-D650-1C30-09359F29B280 (d0, q0, r0, m0, 'resq/M01/telemetry', ... (356 bytes))
1785215987: Received PUBLISH from resq-firmware-sim-M01-ms47dwmn (d0, q0, r0, m0, 'resq/M01/telemetry', ... (356 bytes))
1785215987: Sending PUBLISH to hub-api-live-registry-1785215101795 (d0, q0, r0, m0, 'resq/M01/telemetry', ... (356 bytes))
1785215987: Sending PUBLISH to auto-6ACD9D50-CC23-D650-1C30-09359F29B280 (d0, q0, r0, m0, 'resq/M01/telemetry', ... (356 bytes))
1785215987: Received PUBLISH from resq-firmware-sim-M01-ms47dwmn (d0, q0, r0, m0, 'resq/M01/telemetry', ... (357 bytes))
1785215987: Sending PUBLISH to hub-api-live-registry-1785215101795 (d0, q0, r0, m0, 'resq/M01/telemetry', ... (357 bytes))
1785215987: Sending PUBLISH to auto-6ACD9D50-CC23-D650-1C30-09359F29B280 (d0, q0, r0, m0, 'resq/M01/telemetry', ... (357 bytes))
1785215988: Received PUBLISH from resq-firmware-sim-M01-ms47dwmn (d0, q0, r0, m0, 'resq/M01/telemetry', ... (357 bytes))
1785215988: Sending PUBLISH to hub-api-live-registry-1785215101795 (d0, q0, r0, m0, 'resq/M01/telemetry', ... (357 bytes))
1785215988: Sending PUBLISH to auto-6ACD9D50-CC23-D650-1C30-09359F29B280 (d0, q0, r0, m0, 'resq/M01/telemetry', ... (357 bytes))
1785215988: Received PUBLISH from resq-firmware-sim-M01-ms47dwmn (d0, q0, r0, m0, 'resq/M01/heartbeat', ... (221 bytes))
1785215988: Sending PUBLISH to hub-api-live-registry-1785215101795 (d0, q0, r0, m0, 'resq/M01/heartbeat', ... (221 bytes))
1785215988: Sending PUBLISH to auto-6ACD9D50-CC23-D650-1C30-09359F29B280 (d0, q0, r0, m0, 'resq/M01/heartbeat', ... (221 bytes))
1785215988: Received PUBLISH from resq-firmware-sim-M01-ms47dwmn (d0, q0, r0, m0, 'resq/M01/telemetry', ... (357 bytes))
1785215988: Sending PUBLISH to hub-api-live-registry-1785215101795 (d0, q0, r0, m0, 'resq/M01/telemetry', ... (357 bytes))
1785215988: Sending PUBLISH to auto-6ACD9D50-CC23-D650-1C30-09359F29B280 (d0, q0, r0, m0, 'resq/M01/telemetry', ... (357 bytes))
1785215988: Received PUBLISH from resq-firmware-sim-M01-ms47dwmn (d0, q0, r0, m0, 'resq/M01/telemetry', ... (357 bytes))
1785215988: Sending PUBLISH to hub-api-live-registry-1785215101795 (d0, q0, r0, m0, 'resq/M01/telemetry', ... (357 bytes))
1785215988: Sending PUBLISH to auto-6ACD9D50-CC23-D650-1C30-09359F29B280 (d0, q0, r0, m0, 'resq/M01/telemetry', ... (357 bytes))
1785215988: Received PUBLISH from resq-firmware-sim-M01-ms47dwmn (d0, q0, r0, m0, 'resq/M01/telemetry', ... (356 bytes))
1785215988: Sending PUBLISH to hub-api-live-registry-1785215101795 (d0, q0, r0, m0, 'resq/M01/telemetry', ... (356 bytes))
1785215988: Sending PUBLISH to auto-6ACD9D50-CC23-D650-1C30-09359F29B280 (d0, q0, r0, m0, 'resq/M01/telemetry', ... (356 bytes))
1785215989: Received PUBLISH from resq-firmware-sim-M01-ms47dwmn (d0, q0, r0, m0, 'resq/M01/heartbeat', ... (221 bytes))
1785215989: Sending PUBLISH to hub-api-live-registry-1785215101795 (d0, q0, r0, m0, 'resq/M01/heartbeat', ... (221 bytes))
1785215989: Sending PUBLISH to auto-6ACD9D50-CC23-D650-1C30-09359F29B280 (d0, q0, r0, m0, 'resq/M01/heartbeat', ... (221 bytes))
1785215989: Received PUBLISH from resq-firmware-sim-M01-ms47dwmn (d0, q0, r0, m0, 'resq/M01/telemetry', ... (356 bytes))
1785215989: Sending PUBLISH to hub-api-live-registry-1785215101795 (d0, q0, r0, m0, 'resq/M01/telemetry', ... (356 bytes))
1785215989: Sending PUBLISH to auto-6ACD9D50-CC23-D650-1C30-09359F29B280 (d0, q0, r0, m0, 'resq/M01/telemetry', ... (356 bytes))
1785215989: Received PUBLISH from resq-firmware-sim-M01-ms47dwmn (d0, q0, r0, m0, 'resq/M01/telemetry', ... (356 bytes))
1785215989: Sending PUBLISH to hub-api-live-registry-1785215101795 (d0, q0, r0, m0, 'resq/M01/telemetry', ... (356 bytes))
1785215989: Sending PUBLISH to auto-6ACD9D50-CC23-D650-1C30-09359F29B280 (d0, q0, r0, m0, 'resq/M01/telemetry', ... (356 bytes))
1785215989: Received PUBLISH from resq-firmware-sim-M01-ms47dwmn (d0, q0, r0, m0, 'resq/M01/telemetry', ... (356 bytes))
1785215989: Sending PUBLISH to hub-api-live-registry-1785215101795 (d0, q0, r0, m0, 'resq/M01/telemetry', ... (356 bytes))
1785215989: Sending PUBLISH to auto-6ACD9D50-CC23-D650-1C30-09359F29B280 (d0, q0, r0, m0, 'resq/M01/telemetry', ... (356 bytes))
1785215990: Received PUBLISH from resq-firmware-sim-M01-ms47dwmn (d0, q0, r0, m0, 'resq/M01/telemetry', ... (356 bytes))
1785215990: Sending PUBLISH to hub-api-live-registry-1785215101795 (d0, q0, r0, m0, 'resq/M01/telemetry', ... (356 bytes))
1785215990: Sending PUBLISH to auto-6ACD9D50-CC23-D650-1C30-09359F29B280 (d0, q0, r0, m0, 'resq/M01/telemetry', ... (356 bytes))
1785215990: Received PUBLISH from resq-firmware-sim-M01-ms47dwmn (d0, q0, r0, m0, 'resq/M01/heartbeat', ... (221 bytes))
1785215990: Sending PUBLISH to hub-api-live-registry-1785215101795 (d0, q0, r0, m0, 'resq/M01/heartbeat', ... (221 bytes))
1785215990: Sending PUBLISH to auto-6ACD9D50-CC23-D650-1C30-09359F29B280 (d0, q0, r0, m0, 'resq/M01/heartbeat', ... (221 bytes))
1785215990: Received PUBLISH from resq-firmware-sim-M01-ms47dwmn (d0, q0, r0, m0, 'resq/M01/telemetry', ... (356 bytes))
1785215990: Sending PUBLISH to hub-api-live-registry-1785215101795 (d0, q0, r0, m0, 'resq/M01/telemetry', ... (356 bytes))
1785215990: Sending PUBLISH to auto-6ACD9D50-CC23-D650-1C30-09359F29B280 (d0, q0, r0, m0, 'resq/M01/telemetry', ... (356 bytes))
1785215990: Received PUBLISH from resq-firmware-sim-M01-ms47dwmn (d0, q0, r0, m0, 'resq/M01/telemetry', ... (357 bytes))
1785215990: Sending PUBLISH to hub-api-live-registry-1785215101795 (d0, q0, r0, m0, 'resq/M01/telemetry', ... (357 bytes))
1785215990: Sending PUBLISH to auto-6ACD9D50-CC23-D650-1C30-09359F29B280 (d0, q0, r0, m0, 'resq/M01/telemetry', ... (357 bytes))
1785215991: Received PUBLISH from resq-firmware-sim-M01-ms47dwmn (d0, q0, r0, m0, 'resq/M01/telemetry', ... (357 bytes))
1785215991: Sending PUBLISH to hub-api-live-registry-1785215101795 (d0, q0, r0, m0, 'resq/M01/telemetry', ... (357 bytes))
1785215991: Sending PUBLISH to auto-6ACD9D50-CC23-D650-1C30-09359F29B280 (d0, q0, r0, m0, 'resq/M01/telemetry', ... (357 bytes))
1785215991: Received PUBLISH from resq-firmware-sim-M01-ms47dwmn (d0, q0, r0, m0, 'resq/M01/telemetry', ... (357 bytes))
1785215991: Sending PUBLISH to hub-api-live-registry-1785215101795 (d0, q0, r0, m0, 'resq/M01/telemetry', ... (357 bytes))
1785215991: Sending PUBLISH to auto-6ACD9D50-CC23-D650-1C30-09359F29B280 (d0, q0, r0, m0, 'resq/M01/telemetry', ... (357 bytes))
1785215991: Received PUBLISH from resq-firmware-sim-M01-ms47dwmn (d0, q0, r0, m0, 'resq/M01/heartbeat', ... (221 bytes))
1785215991: Sending PUBLISH to hub-api-live-registry-1785215101795 (d0, q0, r0, m0, 'resq/M01/heartbeat', ... (221 bytes))
1785215991: Sending PUBLISH to auto-6ACD9D50-CC23-D650-1C30-09359F29B280 (d0, q0, r0, m0, 'resq/M01/heartbeat', ... (221 bytes))
1785215991: Received PUBLISH from resq-firmware-sim-M01-ms47dwmn (d0, q0, r0, m0, 'resq/M01/telemetry', ... (356 bytes))
1785215991: Sending PUBLISH to hub-api-live-registry-1785215101795 (d0, q0, r0, m0, 'resq/M01/telemetry', ... (356 bytes))
1785215991: Sending PUBLISH to auto-6ACD9D50-CC23-D650-1C30-09359F29B280 (d0, q0, r0, m0, 'resq/M01/telemetry', ... (356 bytes))
1785215992: Received PUBLISH from resq-firmware-sim-M01-ms47dwmn (d0, q0, r0, m0, 'resq/M01/telemetry', ... (355 bytes))
1785215992: Sending PUBLISH to hub-api-live-registry-1785215101795 (d0, q0, r0, m0, 'resq/M01/telemetry', ... (355 bytes))
1785215992: Sending PUBLISH to auto-6ACD9D50-CC23-D650-1C30-09359F29B280 (d0, q0, r0, m0, 'resq/M01/telemetry', ... (355 bytes))
1785215992: Received PUBLISH from resq-firmware-sim-M01-ms47dwmn (d0, q0, r0, m0, 'resq/M01/telemetry', ... (356 bytes))
1785215992: Sending PUBLISH to hub-api-live-registry-1785215101795 (d0, q0, r0, m0, 'resq/M01/telemetry', ... (356 bytes))
1785215992: Sending PUBLISH to auto-6ACD9D50-CC23-D650-1C30-09359F29B280 (d0, q0, r0, m0, 'resq/M01/telemetry', ... (356 bytes))
1785215992: Received PUBLISH from resq-firmware-sim-M01-ms47dwmn (d0, q0, r0, m0, 'resq/M01/telemetry', ... (356 bytes))
1785215992: Sending PUBLISH to hub-api-live-registry-1785215101795 (d0, q0, r0, m0, 'resq/M01/telemetry', ... (356 bytes))
1785215992: Sending PUBLISH to auto-6ACD9D50-CC23-D650-1C30-09359F29B280 (d0, q0, r0, m0, 'resq/M01/telemetry', ... (356 bytes))
1785215992: Received PUBLISH from resq-firmware-sim-M01-ms47dwmn (d0, q0, r0, m0, 'resq/M01/heartbeat', ... (221 bytes))
1785215992: Sending PUBLISH to hub-api-live-registry-1785215101795 (d0, q0, r0, m0, 'resq/M01/heartbeat', ... (221 bytes))
1785215992: Sending PUBLISH to auto-6ACD9D50-CC23-D650-1C30-09359F29B280 (d0, q0, r0, m0, 'resq/M01/heartbeat', ... (221 bytes))
1785215992: Received PUBLISH from resq-firmware-sim-M01-ms47dwmn (d0, q0, r0, m0, 'resq/M01/telemetry', ... (356 bytes))
1785215992: Sending PUBLISH to hub-api-live-registry-1785215101795 (d0, q0, r0, m0, 'resq/M01/telemetry', ... (356 bytes))
1785215992: Sending PUBLISH to auto-6ACD9D50-CC23-D650-1C30-09359F29B280 (d0, q0, r0, m0, 'resq/M01/telemetry', ... (356 bytes))
1785215993: Received PUBLISH from resq-firmware-sim-M01-ms47dwmn (d0, q0, r0, m0, 'resq/M01/telemetry', ... (356 bytes))
1785215993: Sending PUBLISH to hub-api-live-registry-1785215101795 (d0, q0, r0, m0, 'resq/M01/telemetry', ... (356 bytes))
1785215993: Sending PUBLISH to auto-6ACD9D50-CC23-D650-1C30-09359F29B280 (d0, q0, r0, m0, 'resq/M01/telemetry', ... (356 bytes))
1785215993: Received PUBLISH from resq-firmware-sim-M01-ms47dwmn (d0, q0, r0, m0, 'resq/M01/telemetry', ... (357 bytes))
1785215993: Sending PUBLISH to hub-api-live-registry-1785215101795 (d0, q0, r0, m0, 'resq/M01/telemetry', ... (357 bytes))
1785215993: Sending PUBLISH to auto-6ACD9D50-CC23-D650-1C30-09359F29B280 (d0, q0, r0, m0, 'resq/M01/telemetry', ... (357 bytes))
1785215993: Received PUBLISH from resq-firmware-sim-M01-ms47dwmn (d0, q0, r0, m0, 'resq/M01/telemetry', ... (357 bytes))
1785215993: Sending PUBLISH to hub-api-live-registry-1785215101795 (d0, q0, r0, m0, 'resq/M01/telemetry', ... (357 bytes))
1785215993: Sending PUBLISH to auto-6ACD9D50-CC23-D650-1C30-09359F29B280 (d0, q0, r0, m0, 'resq/M01/telemetry', ... (357 bytes))
1785215993: Received PUBLISH from resq-firmware-sim-M01-ms47dwmn (d0, q0, r0, m0, 'resq/M01/heartbeat', ... (221 bytes))
1785215993: Sending PUBLISH to hub-api-live-registry-1785215101795 (d0, q0, r0, m0, 'resq/M01/heartbeat', ... (221 bytes))
1785215993: Sending PUBLISH to auto-6ACD9D50-CC23-D650-1C30-09359F29B280 (d0, q0, r0, m0, 'resq/M01/heartbeat', ... (221 bytes))
1785215994: Received PUBLISH from resq-firmware-sim-M01-ms47dwmn (d0, q0, r0, m0, 'resq/M01/telemetry', ... (356 bytes))
1785215994: Sending PUBLISH to hub-api-live-registry-1785215101795 (d0, q0, r0, m0, 'resq/M01/telemetry', ... (356 bytes))
1785215994: Sending PUBLISH to auto-6ACD9D50-CC23-D650-1C30-09359F29B280 (d0, q0, r0, m0, 'resq/M01/telemetry', ... (356 bytes))
1785215994: Received PUBLISH from resq-firmware-sim-M01-ms47dwmn (d0, q0, r0, m0, 'resq/M01/telemetry', ... (357 bytes))
1785215994: Sending PUBLISH to hub-api-live-registry-1785215101795 (d0, q0, r0, m0, 'resq/M01/telemetry', ... (357 bytes))
1785215994: Sending PUBLISH to auto-6ACD9D50-CC23-D650-1C30-09359F29B280 (d0, q0, r0, m0, 'resq/M01/telemetry', ... (357 bytes))
1785215994: Received PUBLISH from resq-firmware-sim-M01-ms47dwmn (d0, q0, r0, m0, 'resq/M01/telemetry', ... (355 bytes))
1785215994: Sending PUBLISH to hub-api-live-registry-1785215101795 (d0, q0, r0, m0, 'resq/M01/telemetry', ... (355 bytes))
1785215994: Sending PUBLISH to auto-6ACD9D50-CC23-D650-1C30-09359F29B280 (d0, q0, r0, m0, 'resq/M01/telemetry', ... (355 bytes))
1785215994: Received PUBLISH from resq-firmware-sim-M01-ms47dwmn (d0, q0, r0, m0, 'resq/M01/heartbeat', ... (221 bytes))
1785215994: Sending PUBLISH to hub-api-live-registry-1785215101795 (d0, q0, r0, m0, 'resq/M01/heartbeat', ... (221 bytes))
1785215994: Sending PUBLISH to auto-6ACD9D50-CC23-D650-1C30-09359F29B280 (d0, q0, r0, m0, 'resq/M01/heartbeat', ... (221 bytes))
1785215994: Received PUBLISH from resq-firmware-sim-M01-ms47dwmn (d0, q0, r0, m0, 'resq/M01/telemetry', ... (355 bytes))
1785215994: Sending PUBLISH to hub-api-live-registry-1785215101795 (d0, q0, r0, m0, 'resq/M01/telemetry', ... (355 bytes))
1785215994: Sending PUBLISH to auto-6ACD9D50-CC23-D650-1C30-09359F29B280 (d0, q0, r0, m0, 'resq/M01/telemetry', ... (355 bytes))
1785215995: Received PUBLISH from resq-firmware-sim-M01-ms47dwmn (d0, q0, r0, m0, 'resq/M01/telemetry', ... (352 bytes))
1785215995: Sending PUBLISH to hub-api-live-registry-1785215101795 (d0, q0, r0, m0, 'resq/M01/telemetry', ... (352 bytes))
1785215995: Sending PUBLISH to auto-6ACD9D50-CC23-D650-1C30-09359F29B280 (d0, q0, r0, m0, 'resq/M01/telemetry', ... (352 bytes))
1785215995: Received PUBLISH from resq-firmware-sim-M01-ms47dwmn (d0, q0, r0, m0, 'resq/M01/telemetry', ... (355 bytes))
1785215995: Sending PUBLISH to hub-api-live-registry-1785215101795 (d0, q0, r0, m0, 'resq/M01/telemetry', ... (355 bytes))
1785215995: Sending PUBLISH to auto-6ACD9D50-CC23-D650-1C30-09359F29B280 (d0, q0, r0, m0, 'resq/M01/telemetry', ... (355 bytes))
1785215995: Received PUBLISH from resq-firmware-sim-M01-ms47dwmn (d0, q0, r0, m0, 'resq/M01/telemetry', ... (355 bytes))
1785215995: Sending PUBLISH to hub-api-live-registry-1785215101795 (d0, q0, r0, m0, 'resq/M01/telemetry', ... (355 bytes))
1785215995: Sending PUBLISH to auto-6ACD9D50-CC23-D650-1C30-09359F29B280 (d0, q0, r0, m0, 'resq/M01/telemetry', ... (355 bytes))
1785215995: Received PUBLISH from resq-firmware-sim-M01-ms47dwmn (d0, q0, r0, m0, 'resq/M01/heartbeat', ... (221 bytes))
1785215995: Sending PUBLISH to hub-api-live-registry-1785215101795 (d0, q0, r0, m0, 'resq/M01/heartbeat', ... (221 bytes))
1785215995: Sending PUBLISH to auto-6ACD9D50-CC23-D650-1C30-09359F29B280 (d0, q0, r0, m0, 'resq/M01/heartbeat', ... (221 bytes))
1785215996: Received PUBLISH from resq-firmware-sim-M01-ms47dwmn (d0, q0, r0, m0, 'resq/M01/telemetry', ... (356 bytes))
1785215996: Sending PUBLISH to hub-api-live-registry-1785215101795 (d0, q0, r0, m0, 'resq/M01/telemetry', ... (356 bytes))
1785215996: Sending PUBLISH to auto-6ACD9D50-CC23-D650-1C30-09359F29B280 (d0, q0, r0, m0, 'resq/M01/telemetry', ... (356 bytes))
1785215996: Received PUBLISH from resq-firmware-sim-M01-ms47dwmn (d0, q0, r0, m0, 'resq/M01/telemetry', ... (357 bytes))
1785215996: Sending PUBLISH to hub-api-live-registry-1785215101795 (d0, q0, r0, m0, 'resq/M01/telemetry', ... (357 bytes))
1785215996: Sending PUBLISH to auto-6ACD9D50-CC23-D650-1C30-09359F29B280 (d0, q0, r0, m0, 'resq/M01/telemetry', ... (357 bytes))
1785215996: Received PUBLISH from resq-firmware-sim-M01-ms47dwmn (d0, q0, r0, m0, 'resq/M01/telemetry', ... (357 bytes))
1785215996: Sending PUBLISH to hub-api-live-registry-1785215101795 (d0, q0, r0, m0, 'resq/M01/telemetry', ... (357 bytes))
1785215996: Sending PUBLISH to auto-6ACD9D50-CC23-D650-1C30-09359F29B280 (d0, q0, r0, m0, 'resq/M01/telemetry', ... (357 bytes))
1785215996: Received PUBLISH from resq-firmware-sim-M01-ms47dwmn (d0, q0, r0, m0, 'resq/M01/telemetry', ... (357 bytes))
1785215996: Sending PUBLISH to hub-api-live-registry-1785215101795 (d0, q0, r0, m0, 'resq/M01/telemetry', ... (357 bytes))
1785215996: Sending PUBLISH to auto-6ACD9D50-CC23-D650-1C30-09359F29B280 (d0, q0, r0, m0, 'resq/M01/telemetry', ... (357 bytes))
1785215996: Received PUBLISH from resq-firmware-sim-M01-ms47dwmn (d0, q0, r0, m0, 'resq/M01/heartbeat', ... (221 bytes))
1785215996: Sending PUBLISH to hub-api-live-registry-1785215101795 (d0, q0, r0, m0, 'resq/M01/heartbeat', ... (221 bytes))
1785215996: Sending PUBLISH to auto-6ACD9D50-CC23-D650-1C30-09359F29B280 (d0, q0, r0, m0, 'resq/M01/heartbeat', ... (221 bytes))
1785215997: Received PUBLISH from resq-firmware-sim-M01-ms47dwmn (d0, q0, r0, m0, 'resq/M01/telemetry', ... (356 bytes))
1785215997: Sending PUBLISH to hub-api-live-registry-1785215101795 (d0, q0, r0, m0, 'resq/M01/telemetry', ... (356 bytes))
1785215997: Sending PUBLISH to auto-6ACD9D50-CC23-D650-1C30-09359F29B280 (d0, q0, r0, m0, 'resq/M01/telemetry', ... (356 bytes))
1785215997: Received PUBLISH from resq-firmware-sim-M01-ms47dwmn (d0, q0, r0, m0, 'resq/M01/telemetry', ... (356 bytes))
1785215997: Sending PUBLISH to hub-api-live-registry-1785215101795 (d0, q0, r0, m0, 'resq/M01/telemetry', ... (356 bytes))
1785215997: Sending PUBLISH to auto-6ACD9D50-CC23-D650-1C30-09359F29B280 (d0, q0, r0, m0, 'resq/M01/telemetry', ... (356 bytes))
1785215997: Received PUBLISH from resq-firmware-sim-M01-ms47dwmn (d0, q0, r0, m0, 'resq/M01/telemetry', ... (355 bytes))
1785215997: Sending PUBLISH to hub-api-live-registry-1785215101795 (d0, q0, r0, m0, 'resq/M01/telemetry', ... (355 bytes))
1785215997: Sending PUBLISH to auto-6ACD9D50-CC23-D650-1C30-09359F29B280 (d0, q0, r0, m0, 'resq/M01/telemetry', ... (355 bytes))
1785215997: Received PUBLISH from resq-firmware-sim-M01-ms47dwmn (d0, q0, r0, m0, 'resq/M01/heartbeat', ... (221 bytes))
1785215997: Sending PUBLISH to hub-api-live-registry-1785215101795 (d0, q0, r0, m0, 'resq/M01/heartbeat', ... (221 bytes))
1785215997: Sending PUBLISH to auto-6ACD9D50-CC23-D650-1C30-09359F29B280 (d0, q0, r0, m0, 'resq/M01/heartbeat', ... (221 bytes))
1785215998: Received PUBLISH from resq-firmware-sim-M01-ms47dwmn (d0, q0, r0, m0, 'resq/M01/telemetry', ... (356 bytes))
1785215998: Sending PUBLISH to hub-api-live-registry-1785215101795 (d0, q0, r0, m0, 'resq/M01/telemetry', ... (356 bytes))
1785215998: Sending PUBLISH to auto-6ACD9D50-CC23-D650-1C30-09359F29B280 (d0, q0, r0, m0, 'resq/M01/telemetry', ... (356 bytes))
1785215998: Received PUBLISH from resq-firmware-sim-M01-ms47dwmn (d0, q0, r0, m0, 'resq/M01/telemetry', ... (356 bytes))
1785215998: Sending PUBLISH to hub-api-live-registry-1785215101795 (d0, q0, r0, m0, 'resq/M01/telemetry', ... (356 bytes))
1785215998: Sending PUBLISH to auto-6ACD9D50-CC23-D650-1C30-09359F29B280 (d0, q0, r0, m0, 'resq/M01/telemetry', ... (356 bytes))
1785215998: Received PUBLISH from resq-firmware-sim-M01-ms47dwmn (d0, q0, r0, m0, 'resq/M01/telemetry', ... (356 bytes))
1785215998: Sending PUBLISH to hub-api-live-registry-1785215101795 (d0, q0, r0, m0, 'resq/M01/telemetry', ... (356 bytes))
1785215998: Sending PUBLISH to auto-6ACD9D50-CC23-D650-1C30-09359F29B280 (d0, q0, r0, m0, 'resq/M01/telemetry', ... (356 bytes))
1785215999: Received PUBLISH from resq-firmware-sim-M01-ms47dwmn (d0, q0, r0, m0, 'resq/M01/heartbeat', ... (221 bytes))
1785215999: Sending PUBLISH to hub-api-live-registry-1785215101795 (d0, q0, r0, m0, 'resq/M01/heartbeat', ... (221 bytes))
1785215999: Sending PUBLISH to auto-6ACD9D50-CC23-D650-1C30-09359F29B280 (d0, q0, r0, m0, 'resq/M01/heartbeat', ... (221 bytes))
1785215999: Received PUBLISH from resq-firmware-sim-M01-ms47dwmn (d0, q0, r0, m0, 'resq/M01/telemetry', ... (357 bytes))
1785215999: Sending PUBLISH to hub-api-live-registry-1785215101795 (d0, q0, r0, m0, 'resq/M01/telemetry', ... (357 bytes))
1785215999: Sending PUBLISH to auto-6ACD9D50-CC23-D650-1C30-09359F29B280 (d0, q0, r0, m0, 'resq/M01/telemetry', ... (357 bytes))
1785215999: Received PUBLISH from resq-firmware-sim-M01-ms47dwmn (d0, q0, r0, m0, 'resq/M01/telemetry', ... (356 bytes))
1785215999: Sending PUBLISH to hub-api-live-registry-1785215101795 (d0, q0, r0, m0, 'resq/M01/telemetry', ... (356 bytes))
1785215999: Sending PUBLISH to auto-6ACD9D50-CC23-D650-1C30-09359F29B280 (d0, q0, r0, m0, 'resq/M01/telemetry', ... (356 bytes))
1785215999: Received PUBLISH from resq-firmware-sim-M01-ms47dwmn (d0, q0, r0, m0, 'resq/M01/telemetry', ... (357 bytes))
1785215999: Sending PUBLISH to hub-api-live-registry-1785215101795 (d0, q0, r0, m0, 'resq/M01/telemetry', ... (357 bytes))
1785215999: Sending PUBLISH to auto-6ACD9D50-CC23-D650-1C30-09359F29B280 (d0, q0, r0, m0, 'resq/M01/telemetry', ... (357 bytes))
1785215999: Received PUBLISH from resq-firmware-sim-M01-ms47dwmn (d0, q0, r0, m0, 'resq/M01/telemetry', ... (356 bytes))
1785215999: Sending PUBLISH to hub-api-live-registry-1785215101795 (d0, q0, r0, m0, 'resq/M01/telemetry', ... (356 bytes))
1785215999: Sending PUBLISH to auto-6ACD9D50-CC23-D650-1C30-09359F29B280 (d0, q0, r0, m0, 'resq/M01/telemetry', ... (356 bytes))
1785216000: Received PUBLISH from resq-firmware-sim-M01-ms47dwmn (d0, q0, r0, m0, 'resq/M01/heartbeat', ... (221 bytes))
1785216000: Sending PUBLISH to hub-api-live-registry-1785215101795 (d0, q0, r0, m0, 'resq/M01/heartbeat', ... (221 bytes))
1785216000: Sending PUBLISH to auto-6ACD9D50-CC23-D650-1C30-09359F29B280 (d0, q0, r0, m0, 'resq/M01/heartbeat', ... (221 bytes))
1785216000: Received PUBLISH from resq-firmware-sim-M01-ms47dwmn (d0, q0, r0, m0, 'resq/M01/telemetry', ... (356 bytes))
1785216000: Sending PUBLISH to hub-api-live-registry-1785215101795 (d0, q0, r0, m0, 'resq/M01/telemetry', ... (356 bytes))
1785216000: Sending PUBLISH to auto-6ACD9D50-CC23-D650-1C30-09359F29B280 (d0, q0, r0, m0, 'resq/M01/telemetry', ... (356 bytes))
1785216000: Received PUBLISH from resq-firmware-sim-M01-ms47dwmn (d0, q0, r0, m0, 'resq/M01/telemetry', ... (356 bytes))
1785216000: Sending PUBLISH to hub-api-live-registry-1785215101795 (d0, q0, r0, m0, 'resq/M01/telemetry', ... (356 bytes))
1785216000: Sending PUBLISH to auto-6ACD9D50-CC23-D650-1C30-09359F29B280 (d0, q0, r0, m0, 'resq/M01/telemetry', ... (356 bytes))
1785216000: Received PUBLISH from resq-firmware-sim-M01-ms47dwmn (d0, q0, r0, m0, 'resq/M01/telemetry', ... (355 bytes))
1785216000: Sending PUBLISH to hub-api-live-registry-1785215101795 (d0, q0, r0, m0, 'resq/M01/telemetry', ... (355 bytes))
1785216000: Sending PUBLISH to auto-6ACD9D50-CC23-D650-1C30-09359F29B280 (d0, q0, r0, m0, 'resq/M01/telemetry', ... (355 bytes))
1785216000: Received PUBLISH from resq-firmware-sim-M01-ms47dwmn (d0, q0, r0, m0, 'resq/M01/telemetry', ... (355 bytes))
1785216000: Sending PUBLISH to hub-api-live-registry-1785215101795 (d0, q0, r0, m0, 'resq/M01/telemetry', ... (355 bytes))
1785216000: Sending PUBLISH to auto-6ACD9D50-CC23-D650-1C30-09359F29B280 (d0, q0, r0, m0, 'resq/M01/telemetry', ... (355 bytes))
1785216001: Received PUBLISH from resq-firmware-sim-M01-ms47dwmn (d0, q0, r0, m0, 'resq/M01/telemetry', ... (356 bytes))
1785216001: Sending PUBLISH to hub-api-live-registry-1785215101795 (d0, q0, r0, m0, 'resq/M01/telemetry', ... (356 bytes))
1785216001: Sending PUBLISH to auto-6ACD9D50-CC23-D650-1C30-09359F29B280 (d0, q0, r0, m0, 'resq/M01/telemetry', ... (356 bytes))
1785216001: Received PUBLISH from resq-firmware-sim-M01-ms47dwmn (d0, q0, r0, m0, 'resq/M01/heartbeat', ... (221 bytes))
1785216001: Sending PUBLISH to hub-api-live-registry-1785215101795 (d0, q0, r0, m0, 'resq/M01/heartbeat', ... (221 bytes))
1785216001: Sending PUBLISH to auto-6ACD9D50-CC23-D650-1C30-09359F29B280 (d0, q0, r0, m0, 'resq/M01/heartbeat', ... (221 bytes))
1785216001: Received PUBLISH from resq-firmware-sim-M01-ms47dwmn (d0, q0, r0, m0, 'resq/M01/telemetry', ... (356 bytes))
1785216001: Sending PUBLISH to hub-api-live-registry-1785215101795 (d0, q0, r0, m0, 'resq/M01/telemetry', ... (356 bytes))
1785216001: Sending PUBLISH to auto-6ACD9D50-CC23-D650-1C30-09359F29B280 (d0, q0, r0, m0, 'resq/M01/telemetry', ... (356 bytes))
1785216001: Received PUBLISH from resq-firmware-sim-M01-ms47dwmn (d0, q0, r0, m0, 'resq/M01/telemetry', ... (357 bytes))
1785216001: Sending PUBLISH to hub-api-live-registry-1785215101795 (d0, q0, r0, m0, 'resq/M01/telemetry', ... (357 bytes))
1785216001: Sending PUBLISH to auto-6ACD9D50-CC23-D650-1C30-09359F29B280 (d0, q0, r0, m0, 'resq/M01/telemetry', ... (357 bytes))
1785216002: Received PUBLISH from resq-firmware-sim-M01-ms47dwmn (d0, q0, r0, m0, 'resq/M01/telemetry', ... (356 bytes))
1785216002: Sending PUBLISH to hub-api-live-registry-1785215101795 (d0, q0, r0, m0, 'resq/M01/telemetry', ... (356 bytes))
1785216002: Sending PUBLISH to auto-6ACD9D50-CC23-D650-1C30-09359F29B280 (d0, q0, r0, m0, 'resq/M01/telemetry', ... (356 bytes))
1785216002: Received PINGREQ from hub-api-session-commands-1785215101465
1785216002: Sending PINGRESP to hub-api-session-commands-1785215101465
1785216002: Received PUBLISH from resq-firmware-sim-M01-ms47dwmn (d0, q0, r0, m0, 'resq/M01/telemetry', ... (357 bytes))
1785216002: Sending PUBLISH to hub-api-live-registry-1785215101795 (d0, q0, r0, m0, 'resq/M01/telemetry', ... (357 bytes))
1785216002: Sending PUBLISH to auto-6ACD9D50-CC23-D650-1C30-09359F29B280 (d0, q0, r0, m0, 'resq/M01/telemetry', ... (357 bytes))
1785216002: Received PUBLISH from resq-firmware-sim-M01-ms47dwmn (d0, q0, r0, m0, 'resq/M01/heartbeat', ... (221 bytes))
1785216002: Sending PUBLISH to hub-api-live-registry-1785215101795 (d0, q0, r0, m0, 'resq/M01/heartbeat', ... (221 bytes))
1785216002: Sending PUBLISH to auto-6ACD9D50-CC23-D650-1C30-09359F29B280 (d0, q0, r0, m0, 'resq/M01/heartbeat', ... (221 bytes))
1785216002: Received PINGREQ from hub-api-live-registry-1785215101795
1785216002: Sending PINGRESP to hub-api-live-registry-1785215101795
1785216002: Received PUBLISH from resq-firmware-sim-M01-ms47dwmn (d0, q0, r0, m0, 'resq/M01/telemetry', ... (356 bytes))
1785216002: Sending PUBLISH to hub-api-live-registry-1785215101795 (d0, q0, r0, m0, 'resq/M01/telemetry', ... (356 bytes))
1785216002: Sending PUBLISH to auto-6ACD9D50-CC23-D650-1C30-09359F29B280 (d0, q0, r0, m0, 'resq/M01/telemetry', ... (356 bytes))
1785216002: Received PUBLISH from resq-firmware-sim-M01-ms47dwmn (d0, q0, r0, m0, 'resq/M01/telemetry', ... (356 bytes))
1785216002: Sending PUBLISH to hub-api-live-registry-1785215101795 (d0, q0, r0, m0, 'resq/M01/telemetry', ... (356 bytes))
1785216002: Sending PUBLISH to auto-6ACD9D50-CC23-D650-1C30-09359F29B280 (d0, q0, r0, m0, 'resq/M01/telemetry', ... (356 bytes))
1785216003: Received PUBLISH from resq-firmware-sim-M01-ms47dwmn (d0, q0, r0, m0, 'resq/M01/telemetry', ... (356 bytes))
1785216003: Sending PUBLISH to hub-api-live-registry-1785215101795 (d0, q0, r0, m0, 'resq/M01/telemetry', ... (356 bytes))
1785216003: Sending PUBLISH to auto-6ACD9D50-CC23-D650-1C30-09359F29B280 (d0, q0, r0, m0, 'resq/M01/telemetry', ... (356 bytes))
1785216003: Received PUBLISH from resq-firmware-sim-M01-ms47dwmn (d0, q0, r0, m0, 'resq/M01/telemetry', ... (355 bytes))
1785216003: Sending PUBLISH to hub-api-live-registry-1785215101795 (d0, q0, r0, m0, 'resq/M01/telemetry', ... (355 bytes))
1785216003: Sending PUBLISH to auto-6ACD9D50-CC23-D650-1C30-09359F29B280 (d0, q0, r0, m0, 'resq/M01/telemetry', ... (355 bytes))
1785216003: Received PUBLISH from resq-firmware-sim-M01-ms47dwmn (d0, q0, r0, m0, 'resq/M01/heartbeat', ... (221 bytes))
1785216003: Sending PUBLISH to hub-api-live-registry-1785215101795 (d0, q0, r0, m0, 'resq/M01/heartbeat', ... (221 bytes))
1785216003: Sending PUBLISH to auto-6ACD9D50-CC23-D650-1C30-09359F29B280 (d0, q0, r0, m0, 'resq/M01/heartbeat', ... (221 bytes))
1785216003: Received PUBLISH from resq-firmware-sim-M01-ms47dwmn (d0, q0, r0, m0, 'resq/M01/telemetry', ... (356 bytes))
1785216003: Sending PUBLISH to hub-api-live-registry-1785215101795 (d0, q0, r0, m0, 'resq/M01/telemetry', ... (356 bytes))
1785216003: Sending PUBLISH to auto-6ACD9D50-CC23-D650-1C30-09359F29B280 (d0, q0, r0, m0, 'resq/M01/telemetry', ... (356 bytes))
1785216003: Received PUBLISH from resq-firmware-sim-M01-ms47dwmn (d0, q0, r0, m0, 'resq/M01/telemetry', ... (355 bytes))
1785216003: Sending PUBLISH to hub-api-live-registry-1785215101795 (d0, q0, r0, m0, 'resq/M01/telemetry', ... (355 bytes))
1785216003: Sending PUBLISH to auto-6ACD9D50-CC23-D650-1C30-09359F29B280 (d0, q0, r0, m0, 'resq/M01/telemetry', ... (355 bytes))
1785216004: Received PUBLISH from resq-firmware-sim-M01-ms47dwmn (d0, q0, r0, m0, 'resq/M01/telemetry', ... (357 bytes))
1785216004: Sending PUBLISH to hub-api-live-registry-1785215101795 (d0, q0, r0, m0, 'resq/M01/telemetry', ... (357 bytes))
1785216004: Sending PUBLISH to auto-6ACD9D50-CC23-D650-1C30-09359F29B280 (d0, q0, r0, m0, 'resq/M01/telemetry', ... (357 bytes))
1785216004: Received PUBLISH from resq-firmware-sim-M01-ms47dwmn (d0, q0, r0, m0, 'resq/M01/heartbeat', ... (221 bytes))
1785216004: Sending PUBLISH to hub-api-live-registry-1785215101795 (d0, q0, r0, m0, 'resq/M01/heartbeat', ... (221 bytes))
1785216004: Sending PUBLISH to auto-6ACD9D50-CC23-D650-1C30-09359F29B280 (d0, q0, r0, m0, 'resq/M01/heartbeat', ... (221 bytes))
1785216004: Received PUBLISH from resq-firmware-sim-M01-ms47dwmn (d0, q0, r0, m0, 'resq/M01/telemetry', ... (357 bytes))
1785216004: Sending PUBLISH to hub-api-live-registry-1785215101795 (d0, q0, r0, m0, 'resq/M01/telemetry', ... (357 bytes))
1785216004: Sending PUBLISH to auto-6ACD9D50-CC23-D650-1C30-09359F29B280 (d0, q0, r0, m0, 'resq/M01/telemetry', ... (357 bytes))
1785216004: Received PUBLISH from resq-firmware-sim-M01-ms47dwmn (d0, q0, r0, m0, 'resq/M01/telemetry', ... (357 bytes))
1785216004: Sending PUBLISH to hub-api-live-registry-1785215101795 (d0, q0, r0, m0, 'resq/M01/telemetry', ... (357 bytes))
1785216004: Sending PUBLISH to auto-6ACD9D50-CC23-D650-1C30-09359F29B280 (d0, q0, r0, m0, 'resq/M01/telemetry', ... (357 bytes))
1785216005: Received PUBLISH from resq-firmware-sim-M01-ms47dwmn (d0, q0, r0, m0, 'resq/M01/telemetry', ... (356 bytes))
1785216005: Sending PUBLISH to hub-api-live-registry-1785215101795 (d0, q0, r0, m0, 'resq/M01/telemetry', ... (356 bytes))
1785216005: Sending PUBLISH to auto-6ACD9D50-CC23-D650-1C30-09359F29B280 (d0, q0, r0, m0, 'resq/M01/telemetry', ... (356 bytes))
1785216005: Received PUBLISH from resq-firmware-sim-M01-ms47dwmn (d0, q0, r0, m0, 'resq/M01/heartbeat', ... (221 bytes))
1785216005: Sending PUBLISH to hub-api-live-registry-1785215101795 (d0, q0, r0, m0, 'resq/M01/heartbeat', ... (221 bytes))
1785216005: Sending PUBLISH to auto-6ACD9D50-CC23-D650-1C30-09359F29B280 (d0, q0, r0, m0, 'resq/M01/heartbeat', ... (221 bytes))
1785216005: Received PUBLISH from resq-firmware-sim-M01-ms47dwmn (d0, q0, r0, m0, 'resq/M01/telemetry', ... (356 bytes))
1785216005: Sending PUBLISH to hub-api-live-registry-1785215101795 (d0, q0, r0, m0, 'resq/M01/telemetry', ... (356 bytes))
1785216005: Sending PUBLISH to auto-6ACD9D50-CC23-D650-1C30-09359F29B280 (d0, q0, r0, m0, 'resq/M01/telemetry', ... (356 bytes))
1785216006: Received PUBLISH from resq-firmware-sim-M01-ms47dwmn (d0, q0, r0, m0, 'resq/M01/telemetry', ... (356 bytes))
1785216006: Sending PUBLISH to hub-api-live-registry-1785215101795 (d0, q0, r0, m0, 'resq/M01/telemetry', ... (356 bytes))
1785216006: Sending PUBLISH to auto-6ACD9D50-CC23-D650-1C30-09359F29B280 (d0, q0, r0, m0, 'resq/M01/telemetry', ... (356 bytes))
1785216006: Received PUBLISH from resq-firmware-sim-M01-ms47dwmn (d0, q0, r0, m0, 'resq/M01/telemetry', ... (356 bytes))
1785216006: Sending PUBLISH to hub-api-live-registry-1785215101795 (d0, q0, r0, m0, 'resq/M01/telemetry', ... (356 bytes))
1785216006: Sending PUBLISH to auto-6ACD9D50-CC23-D650-1C30-09359F29B280 (d0, q0, r0, m0, 'resq/M01/telemetry', ... (356 bytes))
1785216006: Received PUBLISH from resq-firmware-sim-M01-ms47dwmn (d0, q0, r0, m0, 'resq/M01/heartbeat', ... (221 bytes))
1785216006: Sending PUBLISH to hub-api-live-registry-1785215101795 (d0, q0, r0, m0, 'resq/M01/heartbeat', ... (221 bytes))
1785216006: Sending PUBLISH to auto-6ACD9D50-CC23-D650-1C30-09359F29B280 (d0, q0, r0, m0, 'resq/M01/heartbeat', ... (221 bytes))
1785216007: Received PUBLISH from resq-firmware-sim-M01-ms47dwmn (d0, q0, r0, m0, 'resq/M01/telemetry', ... (356 bytes))
1785216007: Sending PUBLISH to hub-api-live-registry-1785215101795 (d0, q0, r0, m0, 'resq/M01/telemetry', ... (356 bytes))
1785216007: Sending PUBLISH to auto-6ACD9D50-CC23-D650-1C30-09359F29B280 (d0, q0, r0, m0, 'resq/M01/telemetry', ... (356 bytes))
1785216007: Received PUBLISH from resq-firmware-sim-M01-ms47dwmn (d0, q0, r0, m0, 'resq/M01/telemetry', ... (355 bytes))
1785216007: Sending PUBLISH to hub-api-live-registry-1785215101795 (d0, q0, r0, m0, 'resq/M01/telemetry', ... (355 bytes))
1785216007: Sending PUBLISH to auto-6ACD9D50-CC23-D650-1C30-09359F29B280 (d0, q0, r0, m0, 'resq/M01/telemetry', ... (355 bytes))
1785216007: Received PUBLISH from resq-firmware-sim-M01-ms47dwmn (d0, q0, r0, m0, 'resq/M01/heartbeat', ... (221 bytes))
1785216007: Sending PUBLISH to hub-api-live-registry-1785215101795 (d0, q0, r0, m0, 'resq/M01/heartbeat', ... (221 bytes))
1785216007: Sending PUBLISH to auto-6ACD9D50-CC23-D650-1C30-09359F29B280 (d0, q0, r0, m0, 'resq/M01/heartbeat', ... (221 bytes))
1785216008: Received PUBLISH from resq-firmware-sim-M01-ms47dwmn (d0, q0, r0, m0, 'resq/M01/telemetry', ... (357 bytes))
1785216008: Sending PUBLISH to hub-api-live-registry-1785215101795 (d0, q0, r0, m0, 'resq/M01/telemetry', ... (357 bytes))
1785216008: Sending PUBLISH to auto-6ACD9D50-CC23-D650-1C30-09359F29B280 (d0, q0, r0, m0, 'resq/M01/telemetry', ... (357 bytes))
1785216008: Received PUBLISH from resq-firmware-sim-M01-ms47dwmn (d0, q0, r0, m0, 'resq/M01/telemetry', ... (356 bytes))
1785216008: Sending PUBLISH to hub-api-live-registry-1785215101795 (d0, q0, r0, m0, 'resq/M01/telemetry', ... (356 bytes))
1785216008: Sending PUBLISH to auto-6ACD9D50-CC23-D650-1C30-09359F29B280 (d0, q0, r0, m0, 'resq/M01/telemetry', ... (356 bytes))
1785216008: Received PUBLISH from resq-firmware-sim-M01-ms47dwmn (d0, q0, r0, m0, 'resq/M01/telemetry', ... (357 bytes))
1785216008: Sending PUBLISH to hub-api-live-registry-1785215101795 (d0, q0, r0, m0, 'resq/M01/telemetry', ... (357 bytes))
1785216008: Sending PUBLISH to auto-6ACD9D50-CC23-D650-1C30-09359F29B280 (d0, q0, r0, m0, 'resq/M01/telemetry', ... (357 bytes))
1785216008: Received PUBLISH from resq-firmware-sim-M01-ms47dwmn (d0, q0, r0, m0, 'resq/M01/telemetry', ... (357 bytes))
1785216008: Sending PUBLISH to hub-api-live-registry-1785215101795 (d0, q0, r0, m0, 'resq/M01/telemetry', ... (357 bytes))
1785216008: Sending PUBLISH to auto-6ACD9D50-CC23-D650-1C30-09359F29B280 (d0, q0, r0, m0, 'resq/M01/telemetry', ... (357 bytes))
1785216008: Received PUBLISH from resq-firmware-sim-M01-ms47dwmn (d0, q0, r0, m0, 'resq/M01/heartbeat', ... (221 bytes))
1785216008: Sending PUBLISH to hub-api-live-registry-1785215101795 (d0, q0, r0, m0, 'resq/M01/heartbeat', ... (221 bytes))
1785216008: Sending PUBLISH to auto-6ACD9D50-CC23-D650-1C30-09359F29B280 (d0, q0, r0, m0, 'resq/M01/heartbeat', ... (221 bytes))
1785216008: Received PUBLISH from resq-firmware-sim-M01-ms47dwmn (d0, q0, r0, m0, 'resq/M01/telemetry', ... (355 bytes))
1785216008: Sending PUBLISH to hub-api-live-registry-1785215101795 (d0, q0, r0, m0, 'resq/M01/telemetry', ... (355 bytes))
1785216008: Sending PUBLISH to auto-6ACD9D50-CC23-D650-1C30-09359F29B280 (d0, q0, r0, m0, 'resq/M01/telemetry', ... (355 bytes))
1785216009: Received PUBLISH from resq-firmware-sim-M01-ms47dwmn (d0, q0, r0, m0, 'resq/M01/telemetry', ... (355 bytes))
1785216009: Sending PUBLISH to hub-api-live-registry-1785215101795 (d0, q0, r0, m0, 'resq/M01/telemetry', ... (355 bytes))
1785216009: Sending PUBLISH to auto-6ACD9D50-CC23-D650-1C30-09359F29B280 (d0, q0, r0, m0, 'resq/M01/telemetry', ... (355 bytes))
1785216009: Received PUBLISH from resq-firmware-sim-M01-ms47dwmn (d0, q0, r0, m0, 'resq/M01/telemetry', ... (355 bytes))
1785216009: Sending PUBLISH to hub-api-live-registry-1785215101795 (d0, q0, r0, m0, 'resq/M01/telemetry', ... (355 bytes))
1785216009: Sending PUBLISH to auto-6ACD9D50-CC23-D650-1C30-09359F29B280 (d0, q0, r0, m0, 'resq/M01/telemetry', ... (355 bytes))
1785216009: Received PUBLISH from resq-firmware-sim-M01-ms47dwmn (d0, q0, r0, m0, 'resq/M01/telemetry', ... (355 bytes))
1785216009: Sending PUBLISH to hub-api-live-registry-1785215101795 (d0, q0, r0, m0, 'resq/M01/telemetry', ... (355 bytes))
1785216009: Sending PUBLISH to auto-6ACD9D50-CC23-D650-1C30-09359F29B280 (d0, q0, r0, m0, 'resq/M01/telemetry', ... (355 bytes))
1785216009: Received PUBLISH from resq-firmware-sim-M01-ms47dwmn (d0, q0, r0, m0, 'resq/M01/heartbeat', ... (221 bytes))
1785216009: Sending PUBLISH to hub-api-live-registry-1785215101795 (d0, q0, r0, m0, 'resq/M01/heartbeat', ... (221 bytes))
1785216009: Sending PUBLISH to auto-6ACD9D50-CC23-D650-1C30-09359F29B280 (d0, q0, r0, m0, 'resq/M01/heartbeat', ... (221 bytes))
1785216010: Received PUBLISH from resq-firmware-sim-M01-ms47dwmn (d0, q0, r0, m0, 'resq/M01/telemetry', ... (356 bytes))
1785216010: Sending PUBLISH to hub-api-live-registry-1785215101795 (d0, q0, r0, m0, 'resq/M01/telemetry', ... (356 bytes))
1785216010: Sending PUBLISH to auto-6ACD9D50-CC23-D650-1C30-09359F29B280 (d0, q0, r0, m0, 'resq/M01/telemetry', ... (356 bytes))
1785216010: Received PUBLISH from resq-firmware-sim-M01-ms47dwmn (d0, q0, r0, m0, 'resq/M01/telemetry', ... (356 bytes))
1785216010: Sending PUBLISH to hub-api-live-registry-1785215101795 (d0, q0, r0, m0, 'resq/M01/telemetry', ... (356 bytes))
1785216010: Sending PUBLISH to auto-6ACD9D50-CC23-D650-1C30-09359F29B280 (d0, q0, r0, m0, 'resq/M01/telemetry', ... (356 bytes))
1785216010: Received PUBLISH from resq-firmware-sim-M01-ms47dwmn (d0, q0, r0, m0, 'resq/M01/telemetry', ... (357 bytes))
1785216010: Sending PUBLISH to hub-api-live-registry-1785215101795 (d0, q0, r0, m0, 'resq/M01/telemetry', ... (357 bytes))
1785216010: Sending PUBLISH to auto-6ACD9D50-CC23-D650-1C30-09359F29B280 (d0, q0, r0, m0, 'resq/M01/telemetry', ... (357 bytes))
1785216010: Received PUBLISH from resq-firmware-sim-M01-ms47dwmn (d0, q0, r0, m0, 'resq/M01/heartbeat', ... (221 bytes))
1785216010: Sending PUBLISH to hub-api-live-registry-1785215101795 (d0, q0, r0, m0, 'resq/M01/heartbeat', ... (221 bytes))
1785216010: Sending PUBLISH to auto-6ACD9D50-CC23-D650-1C30-09359F29B280 (d0, q0, r0, m0, 'resq/M01/heartbeat', ... (221 bytes))
1785216011: Received PUBLISH from resq-firmware-sim-M01-ms47dwmn (d0, q0, r0, m0, 'resq/M01/telemetry', ... (356 bytes))
1785216011: Sending PUBLISH to hub-api-live-registry-1785215101795 (d0, q0, r0, m0, 'resq/M01/telemetry', ... (356 bytes))
1785216011: Sending PUBLISH to auto-6ACD9D50-CC23-D650-1C30-09359F29B280 (d0, q0, r0, m0, 'resq/M01/telemetry', ... (356 bytes))
1785216011: Received PUBLISH from resq-firmware-sim-M01-ms47dwmn (d0, q0, r0, m0, 'resq/M01/telemetry', ... (358 bytes))
1785216011: Sending PUBLISH to hub-api-live-registry-1785215101795 (d0, q0, r0, m0, 'resq/M01/telemetry', ... (358 bytes))
1785216011: Sending PUBLISH to auto-6ACD9D50-CC23-D650-1C30-09359F29B280 (d0, q0, r0, m0, 'resq/M01/telemetry', ... (358 bytes))
1785216011: Received PUBLISH from resq-firmware-sim-M01-ms47dwmn (d0, q0, r0, m0, 'resq/M01/telemetry', ... (359 bytes))
1785216011: Sending PUBLISH to hub-api-live-registry-1785215101795 (d0, q0, r0, m0, 'resq/M01/telemetry', ... (359 bytes))
1785216011: Sending PUBLISH to auto-6ACD9D50-CC23-D650-1C30-09359F29B280 (d0, q0, r0, m0, 'resq/M01/telemetry', ... (359 bytes))
1785216011: Received PUBLISH from resq-firmware-sim-M01-ms47dwmn (d0, q0, r0, m0, 'resq/M01/heartbeat', ... (221 bytes))
1785216011: Sending PUBLISH to hub-api-live-registry-1785215101795 (d0, q0, r0, m0, 'resq/M01/heartbeat', ... (221 bytes))
1785216011: Sending PUBLISH to auto-6ACD9D50-CC23-D650-1C30-09359F29B280 (d0, q0, r0, m0, 'resq/M01/heartbeat', ... (221 bytes))
1785216012: Received PUBLISH from resq-firmware-sim-M01-ms47dwmn (d0, q0, r0, m0, 'resq/M01/telemetry', ... (359 bytes))
1785216012: Sending PUBLISH to hub-api-live-registry-1785215101795 (d0, q0, r0, m0, 'resq/M01/telemetry', ... (359 bytes))
1785216012: Sending PUBLISH to auto-6ACD9D50-CC23-D650-1C30-09359F29B280 (d0, q0, r0, m0, 'resq/M01/telemetry', ... (359 bytes))
1785216012: Received PUBLISH from resq-firmware-sim-M01-ms47dwmn (d0, q0, r0, m0, 'resq/M01/telemetry', ... (358 bytes))
1785216012: Sending PUBLISH to hub-api-live-registry-1785215101795 (d0, q0, r0, m0, 'resq/M01/telemetry', ... (358 bytes))
1785216012: Sending PUBLISH to auto-6ACD9D50-CC23-D650-1C30-09359F29B280 (d0, q0, r0, m0, 'resq/M01/telemetry', ... (358 bytes))
1785216012: Received PUBLISH from resq-firmware-sim-M01-ms47dwmn (d0, q0, r0, m0, 'resq/M01/telemetry', ... (359 bytes))
1785216012: Sending PUBLISH to hub-api-live-registry-1785215101795 (d0, q0, r0, m0, 'resq/M01/telemetry', ... (359 bytes))
1785216012: Sending PUBLISH to auto-6ACD9D50-CC23-D650-1C30-09359F29B280 (d0, q0, r0, m0, 'resq/M01/telemetry', ... (359 bytes))
1785216012: Received PUBLISH from resq-firmware-sim-M01-ms47dwmn (d0, q0, r0, m0, 'resq/M01/heartbeat', ... (221 bytes))
1785216012: Sending PUBLISH to hub-api-live-registry-1785215101795 (d0, q0, r0, m0, 'resq/M01/heartbeat', ... (221 bytes))
1785216012: Sending PUBLISH to auto-6ACD9D50-CC23-D650-1C30-09359F29B280 (d0, q0, r0, m0, 'resq/M01/heartbeat', ... (221 bytes))
1785216013: Received PUBLISH from resq-firmware-sim-M01-ms47dwmn (d0, q0, r0, m0, 'resq/M01/telemetry', ... (359 bytes))
1785216013: Sending PUBLISH to hub-api-live-registry-1785215101795 (d0, q0, r0, m0, 'resq/M01/telemetry', ... (359 bytes))
1785216013: Sending PUBLISH to auto-6ACD9D50-CC23-D650-1C30-09359F29B280 (d0, q0, r0, m0, 'resq/M01/telemetry', ... (359 bytes))
1785216013: Received PUBLISH from resq-firmware-sim-M01-ms47dwmn (d0, q0, r0, m0, 'resq/M01/telemetry', ... (359 bytes))
1785216013: Sending PUBLISH to hub-api-live-registry-1785215101795 (d0, q0, r0, m0, 'resq/M01/telemetry', ... (359 bytes))
1785216013: Sending PUBLISH to auto-6ACD9D50-CC23-D650-1C30-09359F29B280 (d0, q0, r0, m0, 'resq/M01/telemetry', ... (359 bytes))
1785216014: Received PUBLISH from resq-firmware-sim-M01-ms47dwmn (d0, q0, r0, m0, 'resq/M01/heartbeat', ... (221 bytes))
1785216014: Sending PUBLISH to hub-api-live-registry-1785215101795 (d0, q0, r0, m0, 'resq/M01/heartbeat', ... (221 bytes))
1785216014: Sending PUBLISH to auto-6ACD9D50-CC23-D650-1C30-09359F29B280 (d0, q0, r0, m0, 'resq/M01/heartbeat', ... (221 bytes))
1785216014: Received PUBLISH from resq-firmware-sim-M01-ms47dwmn (d0, q0, r0, m0, 'resq/M01/telemetry', ... (360 bytes))
1785216014: Sending PUBLISH to hub-api-live-registry-1785215101795 (d0, q0, r0, m0, 'resq/M01/telemetry', ... (360 bytes))
1785216014: Sending PUBLISH to auto-6ACD9D50-CC23-D650-1C30-09359F29B280 (d0, q0, r0, m0, 'resq/M01/telemetry', ... (360 bytes))
1785216014: Received PUBLISH from resq-firmware-sim-M01-ms47dwmn (d0, q0, r0, m0, 'resq/M01/telemetry', ... (360 bytes))
1785216014: Sending PUBLISH to hub-api-live-registry-1785215101795 (d0, q0, r0, m0, 'resq/M01/telemetry', ... (360 bytes))
1785216014: Sending PUBLISH to auto-6ACD9D50-CC23-D650-1C30-09359F29B280 (d0, q0, r0, m0, 'resq/M01/telemetry', ... (360 bytes))
1785216014: Received PUBLISH from resq-firmware-sim-M01-ms47dwmn (d0, q0, r0, m0, 'resq/M01/telemetry', ... (360 bytes))
1785216014: Sending PUBLISH to hub-api-live-registry-1785215101795 (d0, q0, r0, m0, 'resq/M01/telemetry', ... (360 bytes))
1785216014: Sending PUBLISH to auto-6ACD9D50-CC23-D650-1C30-09359F29B280 (d0, q0, r0, m0, 'resq/M01/telemetry', ... (360 bytes))
1785216014: Received PUBLISH from resq-firmware-sim-M01-ms47dwmn (d0, q0, r0, m0, 'resq/M01/telemetry', ... (360 bytes))
1785216014: Sending PUBLISH to hub-api-live-registry-1785215101795 (d0, q0, r0, m0, 'resq/M01/telemetry', ... (360 bytes))
1785216014: Sending PUBLISH to auto-6ACD9D50-CC23-D650-1C30-09359F29B280 (d0, q0, r0, m0, 'resq/M01/telemetry', ... (360 bytes))
1785216015: Received PUBLISH from resq-firmware-sim-M01-ms47dwmn (d0, q0, r0, m0, 'resq/M01/heartbeat', ... (221 bytes))
1785216015: Sending PUBLISH to hub-api-live-registry-1785215101795 (d0, q0, r0, m0, 'resq/M01/heartbeat', ... (221 bytes))
1785216015: Sending PUBLISH to auto-6ACD9D50-CC23-D650-1C30-09359F29B280 (d0, q0, r0, m0, 'resq/M01/heartbeat', ... (221 bytes))
1785216015: Received PUBLISH from resq-firmware-sim-M01-ms47dwmn (d0, q0, r0, m0, 'resq/M01/telemetry', ... (357 bytes))
1785216015: Sending PUBLISH to hub-api-live-registry-1785215101795 (d0, q0, r0, m0, 'resq/M01/telemetry', ... (357 bytes))
1785216015: Sending PUBLISH to auto-6ACD9D50-CC23-D650-1C30-09359F29B280 (d0, q0, r0, m0, 'resq/M01/telemetry', ... (357 bytes))
1785216015: Received PUBLISH from resq-firmware-sim-M01-ms47dwmn (d0, q0, r0, m0, 'resq/M01/telemetry', ... (359 bytes))
1785216015: Sending PUBLISH to hub-api-live-registry-1785215101795 (d0, q0, r0, m0, 'resq/M01/telemetry', ... (359 bytes))
1785216015: Sending PUBLISH to auto-6ACD9D50-CC23-D650-1C30-09359F29B280 (d0, q0, r0, m0, 'resq/M01/telemetry', ... (359 bytes))
1785216015: Received PUBLISH from resq-firmware-sim-M01-ms47dwmn (d0, q0, r0, m0, 'resq/M01/telemetry', ... (359 bytes))
1785216015: Sending PUBLISH to hub-api-live-registry-1785215101795 (d0, q0, r0, m0, 'resq/M01/telemetry', ... (359 bytes))
1785216015: Sending PUBLISH to auto-6ACD9D50-CC23-D650-1C30-09359F29B280 (d0, q0, r0, m0, 'resq/M01/telemetry', ... (359 bytes))
1785216016: Received PUBLISH from resq-firmware-sim-M01-ms47dwmn (d0, q0, r0, m0, 'resq/M01/telemetry', ... (359 bytes))
1785216016: Sending PUBLISH to hub-api-live-registry-1785215101795 (d0, q0, r0, m0, 'resq/M01/telemetry', ... (359 bytes))
1785216016: Sending PUBLISH to auto-6ACD9D50-CC23-D650-1C30-09359F29B280 (d0, q0, r0, m0, 'resq/M01/telemetry', ... (359 bytes))
1785216016: Received PUBLISH from resq-firmware-sim-M01-ms47dwmn (d0, q0, r0, m0, 'resq/M01/heartbeat', ... (221 bytes))
1785216016: Sending PUBLISH to hub-api-live-registry-1785215101795 (d0, q0, r0, m0, 'resq/M01/heartbeat', ... (221 bytes))
1785216016: Sending PUBLISH to auto-6ACD9D50-CC23-D650-1C30-09359F29B280 (d0, q0, r0, m0, 'resq/M01/heartbeat', ... (221 bytes))
1785216016: Received PUBLISH from resq-firmware-sim-M01-ms47dwmn (d0, q0, r0, m0, 'resq/M01/telemetry', ... (359 bytes))
1785216016: Sending PUBLISH to hub-api-live-registry-1785215101795 (d0, q0, r0, m0, 'resq/M01/telemetry', ... (359 bytes))
1785216016: Sending PUBLISH to auto-6ACD9D50-CC23-D650-1C30-09359F29B280 (d0, q0, r0, m0, 'resq/M01/telemetry', ... (359 bytes))
1785216016: Received PUBLISH from resq-firmware-sim-M01-ms47dwmn (d0, q0, r0, m0, 'resq/M01/telemetry', ... (358 bytes))
1785216016: Sending PUBLISH to hub-api-live-registry-1785215101795 (d0, q0, r0, m0, 'resq/M01/telemetry', ... (358 bytes))
1785216016: Sending PUBLISH to auto-6ACD9D50-CC23-D650-1C30-09359F29B280 (d0, q0, r0, m0, 'resq/M01/telemetry', ... (358 bytes))
1785216016: Received PUBLISH from resq-firmware-sim-M01-ms47dwmn (d0, q0, r0, m0, 'resq/M01/telemetry', ... (360 bytes))
1785216016: Sending PUBLISH to hub-api-live-registry-1785215101795 (d0, q0, r0, m0, 'resq/M01/telemetry', ... (360 bytes))
1785216016: Sending PUBLISH to auto-6ACD9D50-CC23-D650-1C30-09359F29B280 (d0, q0, r0, m0, 'resq/M01/telemetry', ... (360 bytes))
1785216016: Received PUBLISH from resq-firmware-sim-M01-ms47dwmn (d0, q0, r0, m0, 'resq/M01/telemetry', ... (360 bytes))
1785216016: Sending PUBLISH to hub-api-live-registry-1785215101795 (d0, q0, r0, m0, 'resq/M01/telemetry', ... (360 bytes))
1785216016: Sending PUBLISH to auto-6ACD9D50-CC23-D650-1C30-09359F29B280 (d0, q0, r0, m0, 'resq/M01/telemetry', ... (360 bytes))
1785216017: Received PUBLISH from resq-firmware-sim-M01-ms47dwmn (d0, q0, r0, m0, 'resq/M01/telemetry', ... (360 bytes))
1785216017: Sending PUBLISH to hub-api-live-registry-1785215101795 (d0, q0, r0, m0, 'resq/M01/telemetry', ... (360 bytes))
1785216017: Sending PUBLISH to auto-6ACD9D50-CC23-D650-1C30-09359F29B280 (d0, q0, r0, m0, 'resq/M01/telemetry', ... (360 bytes))
1785216017: Received PUBLISH from resq-firmware-sim-M01-ms47dwmn (d0, q0, r0, m0, 'resq/M01/heartbeat', ... (221 bytes))
1785216017: Sending PUBLISH to hub-api-live-registry-1785215101795 (d0, q0, r0, m0, 'resq/M01/heartbeat', ... (221 bytes))
1785216017: Sending PUBLISH to auto-6ACD9D50-CC23-D650-1C30-09359F29B280 (d0, q0, r0, m0, 'resq/M01/heartbeat', ... (221 bytes))
1785216017: Received PUBLISH from resq-firmware-sim-M01-ms47dwmn (d0, q0, r0, m0, 'resq/M01/telemetry', ... (359 bytes))
1785216017: Sending PUBLISH to hub-api-live-registry-1785215101795 (d0, q0, r0, m0, 'resq/M01/telemetry', ... (359 bytes))
1785216017: Sending PUBLISH to auto-6ACD9D50-CC23-D650-1C30-09359F29B280 (d0, q0, r0, m0, 'resq/M01/telemetry', ... (359 bytes))
1785216017: Received PUBLISH from resq-firmware-sim-M01-ms47dwmn (d0, q0, r0, m0, 'resq/M01/telemetry', ... (359 bytes))
1785216017: Sending PUBLISH to hub-api-live-registry-1785215101795 (d0, q0, r0, m0, 'resq/M01/telemetry', ... (359 bytes))
1785216017: Sending PUBLISH to auto-6ACD9D50-CC23-D650-1C30-09359F29B280 (d0, q0, r0, m0, 'resq/M01/telemetry', ... (359 bytes))
1785216017: Received PUBLISH from resq-firmware-sim-M01-ms47dwmn (d0, q0, r0, m0, 'resq/M01/telemetry', ... (359 bytes))
1785216017: Sending PUBLISH to hub-api-live-registry-1785215101795 (d0, q0, r0, m0, 'resq/M01/telemetry', ... (359 bytes))
1785216017: Sending PUBLISH to auto-6ACD9D50-CC23-D650-1C30-09359F29B280 (d0, q0, r0, m0, 'resq/M01/telemetry', ... (359 bytes))
1785216018: Received PUBLISH from resq-firmware-sim-M01-ms47dwmn (d0, q0, r0, m0, 'resq/M01/telemetry', ... (358 bytes))
1785216018: Sending PUBLISH to hub-api-live-registry-1785215101795 (d0, q0, r0, m0, 'resq/M01/telemetry', ... (358 bytes))
1785216018: Sending PUBLISH to auto-6ACD9D50-CC23-D650-1C30-09359F29B280 (d0, q0, r0, m0, 'resq/M01/telemetry', ... (358 bytes))
1785216018: Received PUBLISH from resq-firmware-sim-M01-ms47dwmn (d0, q0, r0, m0, 'resq/M01/heartbeat', ... (221 bytes))
1785216018: Sending PUBLISH to hub-api-live-registry-1785215101795 (d0, q0, r0, m0, 'resq/M01/heartbeat', ... (221 bytes))
1785216018: Sending PUBLISH to auto-6ACD9D50-CC23-D650-1C30-09359F29B280 (d0, q0, r0, m0, 'resq/M01/heartbeat', ... (221 bytes))
1785216018: Received PUBLISH from resq-firmware-sim-M01-ms47dwmn (d0, q0, r0, m0, 'resq/M01/telemetry', ... (357 bytes))
1785216018: Sending PUBLISH to hub-api-live-registry-1785215101795 (d0, q0, r0, m0, 'resq/M01/telemetry', ... (357 bytes))
1785216018: Sending PUBLISH to auto-6ACD9D50-CC23-D650-1C30-09359F29B280 (d0, q0, r0, m0, 'resq/M01/telemetry', ... (357 bytes))
1785216018: Received PUBLISH from resq-firmware-sim-M01-ms47dwmn (d0, q0, r0, m0, 'resq/M01/telemetry', ... (359 bytes))
1785216018: Sending PUBLISH to hub-api-live-registry-1785215101795 (d0, q0, r0, m0, 'resq/M01/telemetry', ... (359 bytes))
1785216018: Sending PUBLISH to auto-6ACD9D50-CC23-D650-1C30-09359F29B280 (d0, q0, r0, m0, 'resq/M01/telemetry', ... (359 bytes))
1785216019: Received PUBLISH from resq-firmware-sim-M01-ms47dwmn (d0, q0, r0, m0, 'resq/M01/telemetry', ... (360 bytes))
1785216019: Sending PUBLISH to hub-api-live-registry-1785215101795 (d0, q0, r0, m0, 'resq/M01/telemetry', ... (360 bytes))
1785216019: Sending PUBLISH to auto-6ACD9D50-CC23-D650-1C30-09359F29B280 (d0, q0, r0, m0, 'resq/M01/telemetry', ... (360 bytes))
1785216019: Received PUBLISH from resq-firmware-sim-M01-ms47dwmn (d0, q0, r0, m0, 'resq/M01/heartbeat', ... (221 bytes))
1785216019: Sending PUBLISH to hub-api-live-registry-1785215101795 (d0, q0, r0, m0, 'resq/M01/heartbeat', ... (221 bytes))
1785216019: Sending PUBLISH to auto-6ACD9D50-CC23-D650-1C30-09359F29B280 (d0, q0, r0, m0, 'resq/M01/heartbeat', ... (221 bytes))
1785216019: Received PUBLISH from resq-firmware-sim-M01-ms47dwmn (d0, q0, r0, m0, 'resq/M01/telemetry', ... (360 bytes))
1785216019: Sending PUBLISH to hub-api-live-registry-1785215101795 (d0, q0, r0, m0, 'resq/M01/telemetry', ... (360 bytes))
1785216019: Sending PUBLISH to auto-6ACD9D50-CC23-D650-1C30-09359F29B280 (d0, q0, r0, m0, 'resq/M01/telemetry', ... (360 bytes))
1785216019: Received PUBLISH from resq-firmware-sim-M01-ms47dwmn (d0, q0, r0, m0, 'resq/M01/telemetry', ... (358 bytes))
1785216019: Sending PUBLISH to hub-api-live-registry-1785215101795 (d0, q0, r0, m0, 'resq/M01/telemetry', ... (358 bytes))
1785216019: Sending PUBLISH to auto-6ACD9D50-CC23-D650-1C30-09359F29B280 (d0, q0, r0, m0, 'resq/M01/telemetry', ... (358 bytes))
1785216019: Received PUBLISH from resq-firmware-sim-M01-ms47dwmn (d0, q0, r0, m0, 'resq/M01/telemetry', ... (359 bytes))
1785216019: Sending PUBLISH to hub-api-live-registry-1785215101795 (d0, q0, r0, m0, 'resq/M01/telemetry', ... (359 bytes))
1785216019: Sending PUBLISH to auto-6ACD9D50-CC23-D650-1C30-09359F29B280 (d0, q0, r0, m0, 'resq/M01/telemetry', ... (359 bytes))
1785216020: Received PUBLISH from resq-firmware-sim-M01-ms47dwmn (d0, q0, r0, m0, 'resq/M01/telemetry', ... (359 bytes))
1785216020: Sending PUBLISH to hub-api-live-registry-1785215101795 (d0, q0, r0, m0, 'resq/M01/telemetry', ... (359 bytes))
1785216020: Sending PUBLISH to auto-6ACD9D50-CC23-D650-1C30-09359F29B280 (d0, q0, r0, m0, 'resq/M01/telemetry', ... (359 bytes))
1785216020: Received PUBLISH from resq-firmware-sim-M01-ms47dwmn (d0, q0, r0, m0, 'resq/M01/heartbeat', ... (221 bytes))
1785216020: Sending PUBLISH to hub-api-live-registry-1785215101795 (d0, q0, r0, m0, 'resq/M01/heartbeat', ... (221 bytes))
1785216020: Sending PUBLISH to auto-6ACD9D50-CC23-D650-1C30-09359F29B280 (d0, q0, r0, m0, 'resq/M01/heartbeat', ... (221 bytes))
1785216020: Received PUBLISH from resq-firmware-sim-M01-ms47dwmn (d0, q0, r0, m0, 'resq/M01/telemetry', ... (358 bytes))
1785216020: Sending PUBLISH to hub-api-live-registry-1785215101795 (d0, q0, r0, m0, 'resq/M01/telemetry', ... (358 bytes))
1785216020: Sending PUBLISH to auto-6ACD9D50-CC23-D650-1C30-09359F29B280 (d0, q0, r0, m0, 'resq/M01/telemetry', ... (358 bytes))
1785216020: Received PUBLISH from resq-firmware-sim-M01-ms47dwmn (d0, q0, r0, m0, 'resq/M01/telemetry', ... (359 bytes))
1785216020: Sending PUBLISH to hub-api-live-registry-1785215101795 (d0, q0, r0, m0, 'resq/M01/telemetry', ... (359 bytes))
1785216020: Sending PUBLISH to auto-6ACD9D50-CC23-D650-1C30-09359F29B280 (d0, q0, r0, m0, 'resq/M01/telemetry', ... (359 bytes))
1785216020: Received PUBLISH from resq-firmware-sim-M01-ms47dwmn (d0, q0, r0, m0, 'resq/M01/telemetry', ... (359 bytes))
1785216020: Sending PUBLISH to hub-api-live-registry-1785215101795 (d0, q0, r0, m0, 'resq/M01/telemetry', ... (359 bytes))
1785216020: Sending PUBLISH to auto-6ACD9D50-CC23-D650-1C30-09359F29B280 (d0, q0, r0, m0, 'resq/M01/telemetry', ... (359 bytes))
1785216021: Received PUBLISH from resq-firmware-sim-M01-ms47dwmn (d0, q0, r0, m0, 'resq/M01/telemetry', ... (359 bytes))
1785216021: Sending PUBLISH to hub-api-live-registry-1785215101795 (d0, q0, r0, m0, 'resq/M01/telemetry', ... (359 bytes))
1785216021: Sending PUBLISH to auto-6ACD9D50-CC23-D650-1C30-09359F29B280 (d0, q0, r0, m0, 'resq/M01/telemetry', ... (359 bytes))
1785216021: Received PUBLISH from resq-firmware-sim-M01-ms47dwmn (d0, q0, r0, m0, 'resq/M01/heartbeat', ... (221 bytes))
1785216021: Sending PUBLISH to hub-api-live-registry-1785215101795 (d0, q0, r0, m0, 'resq/M01/heartbeat', ... (221 bytes))
1785216021: Sending PUBLISH to auto-6ACD9D50-CC23-D650-1C30-09359F29B280 (d0, q0, r0, m0, 'resq/M01/heartbeat', ... (221 bytes))
1785216021: Received PUBLISH from resq-firmware-sim-M01-ms47dwmn (d0, q0, r0, m0, 'resq/M01/telemetry', ... (360 bytes))
1785216021: Sending PUBLISH to hub-api-live-registry-1785215101795 (d0, q0, r0, m0, 'resq/M01/telemetry', ... (360 bytes))
1785216021: Sending PUBLISH to auto-6ACD9D50-CC23-D650-1C30-09359F29B280 (d0, q0, r0, m0, 'resq/M01/telemetry', ... (360 bytes))
1785216021: Received PUBLISH from resq-firmware-sim-M01-ms47dwmn (d0, q0, r0, m0, 'resq/M01/telemetry', ... (360 bytes))
1785216021: Sending PUBLISH to hub-api-live-registry-1785215101795 (d0, q0, r0, m0, 'resq/M01/telemetry', ... (360 bytes))
1785216021: Sending PUBLISH to auto-6ACD9D50-CC23-D650-1C30-09359F29B280 (d0, q0, r0, m0, 'resq/M01/telemetry', ... (360 bytes))
1785216022: Received PUBLISH from resq-firmware-sim-M01-ms47dwmn (d0, q0, r0, m0, 'resq/M01/telemetry', ... (360 bytes))
1785216022: Sending PUBLISH to hub-api-live-registry-1785215101795 (d0, q0, r0, m0, 'resq/M01/telemetry', ... (360 bytes))
1785216022: Sending PUBLISH to auto-6ACD9D50-CC23-D650-1C30-09359F29B280 (d0, q0, r0, m0, 'resq/M01/telemetry', ... (360 bytes))
1785216022: Received PUBLISH from resq-firmware-sim-M01-ms47dwmn (d0, q0, r0, m0, 'resq/M01/telemetry', ... (360 bytes))
1785216022: Sending PUBLISH to hub-api-live-registry-1785215101795 (d0, q0, r0, m0, 'resq/M01/telemetry', ... (360 bytes))
1785216022: Sending PUBLISH to auto-6ACD9D50-CC23-D650-1C30-09359F29B280 (d0, q0, r0, m0, 'resq/M01/telemetry', ... (360 bytes))
1785216022: Received PUBLISH from resq-firmware-sim-M01-ms47dwmn (d0, q0, r0, m0, 'resq/M01/heartbeat', ... (221 bytes))
1785216022: Sending PUBLISH to hub-api-live-registry-1785215101795 (d0, q0, r0, m0, 'resq/M01/heartbeat', ... (221 bytes))
1785216022: Sending PUBLISH to auto-6ACD9D50-CC23-D650-1C30-09359F29B280 (d0, q0, r0, m0, 'resq/M01/heartbeat', ... (221 bytes))
1785216022: Received PUBLISH from resq-firmware-sim-M01-ms47dwmn (d0, q0, r0, m0, 'resq/M01/telemetry', ... (359 bytes))
1785216022: Sending PUBLISH to hub-api-live-registry-1785215101795 (d0, q0, r0, m0, 'resq/M01/telemetry', ... (359 bytes))
1785216022: Sending PUBLISH to auto-6ACD9D50-CC23-D650-1C30-09359F29B280 (d0, q0, r0, m0, 'resq/M01/telemetry', ... (359 bytes))
1785216023: Received PUBLISH from resq-firmware-sim-M01-ms47dwmn (d0, q0, r0, m0, 'resq/M01/telemetry', ... (359 bytes))
1785216023: Sending PUBLISH to hub-api-live-registry-1785215101795 (d0, q0, r0, m0, 'resq/M01/telemetry', ... (359 bytes))
1785216023: Sending PUBLISH to auto-6ACD9D50-CC23-D650-1C30-09359F29B280 (d0, q0, r0, m0, 'resq/M01/telemetry', ... (359 bytes))
1785216023: Received PUBLISH from resq-firmware-sim-M01-ms47dwmn (d0, q0, r0, m0, 'resq/M01/telemetry', ... (359 bytes))
1785216023: Sending PUBLISH to hub-api-live-registry-1785215101795 (d0, q0, r0, m0, 'resq/M01/telemetry', ... (359 bytes))
1785216023: Sending PUBLISH to auto-6ACD9D50-CC23-D650-1C30-09359F29B280 (d0, q0, r0, m0, 'resq/M01/telemetry', ... (359 bytes))
1785216023: Received PUBLISH from resq-firmware-sim-M01-ms47dwmn (d0, q0, r0, m0, 'resq/M01/telemetry', ... (359 bytes))
1785216023: Sending PUBLISH to hub-api-live-registry-1785215101795 (d0, q0, r0, m0, 'resq/M01/telemetry', ... (359 bytes))
1785216023: Sending PUBLISH to auto-6ACD9D50-CC23-D650-1C30-09359F29B280 (d0, q0, r0, m0, 'resq/M01/telemetry', ... (359 bytes))
1785216023: Received PUBLISH from resq-firmware-sim-M01-ms47dwmn (d0, q0, r0, m0, 'resq/M01/telemetry', ... (358 bytes))
1785216023: Sending PUBLISH to hub-api-live-registry-1785215101795 (d0, q0, r0, m0, 'resq/M01/telemetry', ... (358 bytes))
1785216023: Sending PUBLISH to auto-6ACD9D50-CC23-D650-1C30-09359F29B280 (d0, q0, r0, m0, 'resq/M01/telemetry', ... (358 bytes))
1785216023: Received PUBLISH from resq-firmware-sim-M01-ms47dwmn (d0, q0, r0, m0, 'resq/M01/heartbeat', ... (221 bytes))
1785216023: Sending PUBLISH to hub-api-live-registry-1785215101795 (d0, q0, r0, m0, 'resq/M01/heartbeat', ... (221 bytes))
1785216023: Sending PUBLISH to auto-6ACD9D50-CC23-D650-1C30-09359F29B280 (d0, q0, r0, m0, 'resq/M01/heartbeat', ... (221 bytes))
1785216023: Received PUBLISH from resq-firmware-sim-M01-ms47dwmn (d0, q0, r0, m0, 'resq/M01/telemetry', ... (355 bytes))
1785216023: Sending PUBLISH to hub-api-live-registry-1785215101795 (d0, q0, r0, m0, 'resq/M01/telemetry', ... (355 bytes))
1785216023: Sending PUBLISH to auto-6ACD9D50-CC23-D650-1C30-09359F29B280 (d0, q0, r0, m0, 'resq/M01/telemetry', ... (355 bytes))
1785216024: Received PUBLISH from resq-firmware-sim-M01-ms47dwmn (d0, q0, r0, m0, 'resq/M01/telemetry', ... (360 bytes))
1785216024: Sending PUBLISH to hub-api-live-registry-1785215101795 (d0, q0, r0, m0, 'resq/M01/telemetry', ... (360 bytes))
1785216024: Sending PUBLISH to auto-6ACD9D50-CC23-D650-1C30-09359F29B280 (d0, q0, r0, m0, 'resq/M01/telemetry', ... (360 bytes))
1785216024: Received PUBLISH from resq-firmware-sim-M01-ms47dwmn (d0, q0, r0, m0, 'resq/M01/telemetry', ... (360 bytes))
1785216024: Sending PUBLISH to hub-api-live-registry-1785215101795 (d0, q0, r0, m0, 'resq/M01/telemetry', ... (360 bytes))
1785216024: Sending PUBLISH to auto-6ACD9D50-CC23-D650-1C30-09359F29B280 (d0, q0, r0, m0, 'resq/M01/telemetry', ... (360 bytes))
1785216024: Received PUBLISH from resq-firmware-sim-M01-ms47dwmn (d0, q0, r0, m0, 'resq/M01/telemetry', ... (360 bytes))
1785216024: Sending PUBLISH to hub-api-live-registry-1785215101795 (d0, q0, r0, m0, 'resq/M01/telemetry', ... (360 bytes))
1785216024: Sending PUBLISH to auto-6ACD9D50-CC23-D650-1C30-09359F29B280 (d0, q0, r0, m0, 'resq/M01/telemetry', ... (360 bytes))
1785216024: Received PUBLISH from resq-firmware-sim-M01-ms47dwmn (d0, q0, r0, m0, 'resq/M01/heartbeat', ... (221 bytes))
1785216024: Sending PUBLISH to hub-api-live-registry-1785215101795 (d0, q0, r0, m0, 'resq/M01/heartbeat', ... (221 bytes))
1785216024: Sending PUBLISH to auto-6ACD9D50-CC23-D650-1C30-09359F29B280 (d0, q0, r0, m0, 'resq/M01/heartbeat', ... (221 bytes))
1785216024: Received PUBLISH from resq-firmware-sim-M01-ms47dwmn (d0, q0, r0, m0, 'resq/M01/telemetry', ... (359 bytes))
1785216024: Sending PUBLISH to hub-api-live-registry-1785215101795 (d0, q0, r0, m0, 'resq/M01/telemetry', ... (359 bytes))
1785216024: Sending PUBLISH to auto-6ACD9D50-CC23-D650-1C30-09359F29B280 (d0, q0, r0, m0, 'resq/M01/telemetry', ... (359 bytes))
1785216025: Received PUBLISH from resq-firmware-sim-M01-ms47dwmn (d0, q0, r0, m0, 'resq/M01/telemetry', ... (359 bytes))
1785216025: Sending PUBLISH to hub-api-live-registry-1785215101795 (d0, q0, r0, m0, 'resq/M01/telemetry', ... (359 bytes))
1785216025: Sending PUBLISH to auto-6ACD9D50-CC23-D650-1C30-09359F29B280 (d0, q0, r0, m0, 'resq/M01/telemetry', ... (359 bytes))
1785216025: Received PUBLISH from resq-firmware-sim-M01-ms47dwmn (d0, q0, r0, m0, 'resq/M01/telemetry', ... (359 bytes))
1785216025: Sending PUBLISH to hub-api-live-registry-1785215101795 (d0, q0, r0, m0, 'resq/M01/telemetry', ... (359 bytes))
1785216025: Sending PUBLISH to auto-6ACD9D50-CC23-D650-1C30-09359F29B280 (d0, q0, r0, m0, 'resq/M01/telemetry', ... (359 bytes))
1785216025: Received PUBLISH from resq-firmware-sim-M01-ms47dwmn (d0, q0, r0, m0, 'resq/M01/telemetry', ... (359 bytes))
1785216025: Sending PUBLISH to hub-api-live-registry-1785215101795 (d0, q0, r0, m0, 'resq/M01/telemetry', ... (359 bytes))
1785216025: Sending PUBLISH to auto-6ACD9D50-CC23-D650-1C30-09359F29B280 (d0, q0, r0, m0, 'resq/M01/telemetry', ... (359 bytes))
1785216025: Received PUBLISH from resq-firmware-sim-M01-ms47dwmn (d0, q0, r0, m0, 'resq/M01/heartbeat', ... (221 bytes))
1785216025: Sending PUBLISH to hub-api-live-registry-1785215101795 (d0, q0, r0, m0, 'resq/M01/heartbeat', ... (221 bytes))
1785216025: Sending PUBLISH to auto-6ACD9D50-CC23-D650-1C30-09359F29B280 (d0, q0, r0, m0, 'resq/M01/heartbeat', ... (221 bytes))
1785216026: Received PUBLISH from resq-firmware-sim-M01-ms47dwmn (d0, q0, r0, m0, 'resq/M01/telemetry', ... (359 bytes))
1785216026: Sending PUBLISH to hub-api-live-registry-1785215101795 (d0, q0, r0, m0, 'resq/M01/telemetry', ... (359 bytes))
1785216026: Sending PUBLISH to auto-6ACD9D50-CC23-D650-1C30-09359F29B280 (d0, q0, r0, m0, 'resq/M01/telemetry', ... (359 bytes))
1785216026: Received PUBLISH from resq-firmware-sim-M01-ms47dwmn (d0, q0, r0, m0, 'resq/M01/telemetry', ... (358 bytes))
1785216026: Sending PUBLISH to hub-api-live-registry-1785215101795 (d0, q0, r0, m0, 'resq/M01/telemetry', ... (358 bytes))
1785216026: Sending PUBLISH to auto-6ACD9D50-CC23-D650-1C30-09359F29B280 (d0, q0, r0, m0, 'resq/M01/telemetry', ... (358 bytes))
1785216026: Received PUBLISH from resq-firmware-sim-M01-ms47dwmn (d0, q0, r0, m0, 'resq/M01/telemetry', ... (360 bytes))
1785216026: Sending PUBLISH to hub-api-live-registry-1785215101795 (d0, q0, r0, m0, 'resq/M01/telemetry', ... (360 bytes))
1785216026: Sending PUBLISH to auto-6ACD9D50-CC23-D650-1C30-09359F29B280 (d0, q0, r0, m0, 'resq/M01/telemetry', ... (360 bytes))
1785216026: Received PUBLISH from resq-firmware-sim-M01-ms47dwmn (d0, q0, r0, m0, 'resq/M01/telemetry', ... (359 bytes))
1785216026: Sending PUBLISH to hub-api-live-registry-1785215101795 (d0, q0, r0, m0, 'resq/M01/telemetry', ... (359 bytes))
1785216026: Sending PUBLISH to auto-6ACD9D50-CC23-D650-1C30-09359F29B280 (d0, q0, r0, m0, 'resq/M01/telemetry', ... (359 bytes))
1785216027: Received PUBLISH from resq-firmware-sim-M01-ms47dwmn (d0, q0, r0, m0, 'resq/M01/heartbeat', ... (221 bytes))
1785216027: Sending PUBLISH to hub-api-live-registry-1785215101795 (d0, q0, r0, m0, 'resq/M01/heartbeat', ... (221 bytes))
1785216027: Sending PUBLISH to auto-6ACD9D50-CC23-D650-1C30-09359F29B280 (d0, q0, r0, m0, 'resq/M01/heartbeat', ... (221 bytes))
1785216027: Received PUBLISH from resq-firmware-sim-M01-ms47dwmn (d0, q0, r0, m0, 'resq/M01/telemetry', ... (360 bytes))
1785216027: Sending PUBLISH to hub-api-live-registry-1785215101795 (d0, q0, r0, m0, 'resq/M01/telemetry', ... (360 bytes))
1785216027: Sending PUBLISH to auto-6ACD9D50-CC23-D650-1C30-09359F29B280 (d0, q0, r0, m0, 'resq/M01/telemetry', ... (360 bytes))
1785216027: Received PUBLISH from resq-firmware-sim-M01-ms47dwmn (d0, q0, r0, m0, 'resq/M01/telemetry', ... (360 bytes))
1785216027: Sending PUBLISH to hub-api-live-registry-1785215101795 (d0, q0, r0, m0, 'resq/M01/telemetry', ... (360 bytes))
1785216027: Sending PUBLISH to auto-6ACD9D50-CC23-D650-1C30-09359F29B280 (d0, q0, r0, m0, 'resq/M01/telemetry', ... (360 bytes))
1785216027: Received PUBLISH from resq-firmware-sim-M01-ms47dwmn (d0, q0, r0, m0, 'resq/M01/telemetry', ... (358 bytes))
1785216027: Sending PUBLISH to hub-api-live-registry-1785215101795 (d0, q0, r0, m0, 'resq/M01/telemetry', ... (358 bytes))
1785216027: Sending PUBLISH to auto-6ACD9D50-CC23-D650-1C30-09359F29B280 (d0, q0, r0, m0, 'resq/M01/telemetry', ... (358 bytes))
1785216027: Received PUBLISH from resq-firmware-sim-M01-ms47dwmn (d0, q0, r0, m0, 'resq/M01/telemetry', ... (358 bytes))
1785216027: Sending PUBLISH to hub-api-live-registry-1785215101795 (d0, q0, r0, m0, 'resq/M01/telemetry', ... (358 bytes))
1785216027: Sending PUBLISH to auto-6ACD9D50-CC23-D650-1C30-09359F29B280 (d0, q0, r0, m0, 'resq/M01/telemetry', ... (358 bytes))
1785216028: Received PUBLISH from resq-firmware-sim-M01-ms47dwmn (d0, q0, r0, m0, 'resq/M01/heartbeat', ... (221 bytes))
1785216028: Sending PUBLISH to hub-api-live-registry-1785215101795 (d0, q0, r0, m0, 'resq/M01/heartbeat', ... (221 bytes))
1785216028: Sending PUBLISH to auto-6ACD9D50-CC23-D650-1C30-09359F29B280 (d0, q0, r0, m0, 'resq/M01/heartbeat', ... (221 bytes))
1785216028: Received PUBLISH from resq-firmware-sim-M01-ms47dwmn (d0, q0, r0, m0, 'resq/M01/telemetry', ... (359 bytes))
1785216028: Sending PUBLISH to hub-api-live-registry-1785215101795 (d0, q0, r0, m0, 'resq/M01/telemetry', ... (359 bytes))
1785216028: Sending PUBLISH to auto-6ACD9D50-CC23-D650-1C30-09359F29B280 (d0, q0, r0, m0, 'resq/M01/telemetry', ... (359 bytes))
1785216028: Received PUBLISH from resq-firmware-sim-M01-ms47dwmn (d0, q0, r0, m0, 'resq/M01/telemetry', ... (359 bytes))
1785216028: Sending PUBLISH to hub-api-live-registry-1785215101795 (d0, q0, r0, m0, 'resq/M01/telemetry', ... (359 bytes))
1785216028: Sending PUBLISH to auto-6ACD9D50-CC23-D650-1C30-09359F29B280 (d0, q0, r0, m0, 'resq/M01/telemetry', ... (359 bytes))
1785216028: Received PUBLISH from resq-firmware-sim-M01-ms47dwmn (d0, q0, r0, m0, 'resq/M01/telemetry', ... (358 bytes))
1785216028: Sending PUBLISH to hub-api-live-registry-1785215101795 (d0, q0, r0, m0, 'resq/M01/telemetry', ... (358 bytes))
1785216028: Sending PUBLISH to auto-6ACD9D50-CC23-D650-1C30-09359F29B280 (d0, q0, r0, m0, 'resq/M01/telemetry', ... (358 bytes))
1785216028: Received PUBLISH from resq-firmware-sim-M01-ms47dwmn (d0, q0, r0, m0, 'resq/M01/telemetry', ... (357 bytes))
1785216028: Sending PUBLISH to hub-api-live-registry-1785215101795 (d0, q0, r0, m0, 'resq/M01/telemetry', ... (357 bytes))
1785216028: Sending PUBLISH to auto-6ACD9D50-CC23-D650-1C30-09359F29B280 (d0, q0, r0, m0, 'resq/M01/telemetry', ... (357 bytes))
1785216028: Received PUBLISH from resq-firmware-sim-M01-ms47dwmn (d0, q0, r0, m0, 'resq/M01/telemetry', ... (359 bytes))
1785216028: Sending PUBLISH to hub-api-live-registry-1785215101795 (d0, q0, r0, m0, 'resq/M01/telemetry', ... (359 bytes))
1785216028: Sending PUBLISH to auto-6ACD9D50-CC23-D650-1C30-09359F29B280 (d0, q0, r0, m0, 'resq/M01/telemetry', ... (359 bytes))
1785216029: Received PUBLISH from resq-firmware-sim-M01-ms47dwmn (d0, q0, r0, m0, 'resq/M01/heartbeat', ... (221 bytes))
1785216029: Sending PUBLISH to hub-api-live-registry-1785215101795 (d0, q0, r0, m0, 'resq/M01/heartbeat', ... (221 bytes))
1785216029: Sending PUBLISH to auto-6ACD9D50-CC23-D650-1C30-09359F29B280 (d0, q0, r0, m0, 'resq/M01/heartbeat', ... (221 bytes))
1785216029: Received PUBLISH from resq-firmware-sim-M01-ms47dwmn (d0, q0, r0, m0, 'resq/M01/telemetry', ... (360 bytes))
1785216029: Sending PUBLISH to hub-api-live-registry-1785215101795 (d0, q0, r0, m0, 'resq/M01/telemetry', ... (360 bytes))
1785216029: Sending PUBLISH to auto-6ACD9D50-CC23-D650-1C30-09359F29B280 (d0, q0, r0, m0, 'resq/M01/telemetry', ... (360 bytes))
1785216029: Received PUBLISH from resq-firmware-sim-M01-ms47dwmn (d0, q0, r0, m0, 'resq/M01/telemetry', ... (360 bytes))
1785216029: Sending PUBLISH to hub-api-live-registry-1785215101795 (d0, q0, r0, m0, 'resq/M01/telemetry', ... (360 bytes))
1785216029: Sending PUBLISH to auto-6ACD9D50-CC23-D650-1C30-09359F29B280 (d0, q0, r0, m0, 'resq/M01/telemetry', ... (360 bytes))
1785216029: Received PUBLISH from resq-firmware-sim-M01-ms47dwmn (d0, q0, r0, m0, 'resq/M01/telemetry', ... (359 bytes))
1785216029: Sending PUBLISH to hub-api-live-registry-1785215101795 (d0, q0, r0, m0, 'resq/M01/telemetry', ... (359 bytes))
1785216029: Sending PUBLISH to auto-6ACD9D50-CC23-D650-1C30-09359F29B280 (d0, q0, r0, m0, 'resq/M01/telemetry', ... (359 bytes))
1785216030: Received PUBLISH from resq-firmware-sim-M01-ms47dwmn (d0, q0, r0, m0, 'resq/M01/telemetry', ... (359 bytes))
1785216030: Sending PUBLISH to hub-api-live-registry-1785215101795 (d0, q0, r0, m0, 'resq/M01/telemetry', ... (359 bytes))
1785216030: Sending PUBLISH to auto-6ACD9D50-CC23-D650-1C30-09359F29B280 (d0, q0, r0, m0, 'resq/M01/telemetry', ... (359 bytes))
1785216030: Received PUBLISH from resq-firmware-sim-M01-ms47dwmn (d0, q0, r0, m0, 'resq/M01/heartbeat', ... (221 bytes))
1785216030: Sending PUBLISH to hub-api-live-registry-1785215101795 (d0, q0, r0, m0, 'resq/M01/heartbeat', ... (221 bytes))
1785216030: Sending PUBLISH to auto-6ACD9D50-CC23-D650-1C30-09359F29B280 (d0, q0, r0, m0, 'resq/M01/heartbeat', ... (221 bytes))
1785216030: Received PUBLISH from resq-firmware-sim-M01-ms47dwmn (d0, q0, r0, m0, 'resq/M01/telemetry', ... (357 bytes))
1785216030: Sending PUBLISH to hub-api-live-registry-1785215101795 (d0, q0, r0, m0, 'resq/M01/telemetry', ... (357 bytes))
1785216030: Sending PUBLISH to auto-6ACD9D50-CC23-D650-1C30-09359F29B280 (d0, q0, r0, m0, 'resq/M01/telemetry', ... (357 bytes))
1785216030: Received PUBLISH from resq-firmware-sim-M01-ms47dwmn (d0, q0, r0, m0, 'resq/M01/telemetry', ... (359 bytes))
1785216030: Sending PUBLISH to hub-api-live-registry-1785215101795 (d0, q0, r0, m0, 'resq/M01/telemetry', ... (359 bytes))
1785216030: Sending PUBLISH to auto-6ACD9D50-CC23-D650-1C30-09359F29B280 (d0, q0, r0, m0, 'resq/M01/telemetry', ... (359 bytes))
1785216030: Received PUBLISH from resq-firmware-sim-M01-ms47dwmn (d0, q0, r0, m0, 'resq/M01/telemetry', ... (358 bytes))
1785216030: Sending PUBLISH to hub-api-live-registry-1785215101795 (d0, q0, r0, m0, 'resq/M01/telemetry', ... (358 bytes))
1785216030: Sending PUBLISH to auto-6ACD9D50-CC23-D650-1C30-09359F29B280 (d0, q0, r0, m0, 'resq/M01/telemetry', ... (358 bytes))
1785216031: Received PUBLISH from resq-firmware-sim-M01-ms47dwmn (d0, q0, r0, m0, 'resq/M01/telemetry', ... (358 bytes))
1785216031: Sending PUBLISH to hub-api-live-registry-1785215101795 (d0, q0, r0, m0, 'resq/M01/telemetry', ... (358 bytes))
1785216031: Sending PUBLISH to auto-6ACD9D50-CC23-D650-1C30-09359F29B280 (d0, q0, r0, m0, 'resq/M01/telemetry', ... (358 bytes))
1785216031: Received PUBLISH from resq-firmware-sim-M01-ms47dwmn (d0, q0, r0, m0, 'resq/M01/heartbeat', ... (221 bytes))
1785216031: Sending PUBLISH to hub-api-live-registry-1785215101795 (d0, q0, r0, m0, 'resq/M01/heartbeat', ... (221 bytes))
1785216031: Sending PUBLISH to auto-6ACD9D50-CC23-D650-1C30-09359F29B280 (d0, q0, r0, m0, 'resq/M01/heartbeat', ... (221 bytes))
1785216031: Received PUBLISH from resq-firmware-sim-M01-ms47dwmn (d0, q0, r0, m0, 'resq/M01/telemetry', ... (360 bytes))
1785216031: Sending PUBLISH to hub-api-live-registry-1785215101795 (d0, q0, r0, m0, 'resq/M01/telemetry', ... (360 bytes))
1785216031: Sending PUBLISH to auto-6ACD9D50-CC23-D650-1C30-09359F29B280 (d0, q0, r0, m0, 'resq/M01/telemetry', ... (360 bytes))
1785216031: Received PUBLISH from resq-firmware-sim-M01-ms47dwmn (d0, q0, r0, m0, 'resq/M01/telemetry', ... (360 bytes))
1785216031: Sending PUBLISH to hub-api-live-registry-1785215101795 (d0, q0, r0, m0, 'resq/M01/telemetry', ... (360 bytes))
1785216031: Sending PUBLISH to auto-6ACD9D50-CC23-D650-1C30-09359F29B280 (d0, q0, r0, m0, 'resq/M01/telemetry', ... (360 bytes))
1785216032: Received PUBLISH from resq-firmware-sim-M01-ms47dwmn (d0, q0, r0, m0, 'resq/M01/telemetry', ... (359 bytes))
1785216032: Sending PUBLISH to hub-api-live-registry-1785215101795 (d0, q0, r0, m0, 'resq/M01/telemetry', ... (359 bytes))
1785216032: Sending PUBLISH to auto-6ACD9D50-CC23-D650-1C30-09359F29B280 (d0, q0, r0, m0, 'resq/M01/telemetry', ... (359 bytes))
1785216032: Received PUBLISH from resq-firmware-sim-M01-ms47dwmn (d0, q0, r0, m0, 'resq/M01/telemetry', ... (360 bytes))
1785216032: Sending PUBLISH to hub-api-live-registry-1785215101795 (d0, q0, r0, m0, 'resq/M01/telemetry', ... (360 bytes))
1785216032: Sending PUBLISH to auto-6ACD9D50-CC23-D650-1C30-09359F29B280 (d0, q0, r0, m0, 'resq/M01/telemetry', ... (360 bytes))
1785216032: Received PUBLISH from resq-firmware-sim-M01-ms47dwmn (d0, q0, r0, m0, 'resq/M01/heartbeat', ... (221 bytes))
1785216032: Sending PUBLISH to hub-api-live-registry-1785215101795 (d0, q0, r0, m0, 'resq/M01/heartbeat', ... (221 bytes))
1785216032: Sending PUBLISH to auto-6ACD9D50-CC23-D650-1C30-09359F29B280 (d0, q0, r0, m0, 'resq/M01/heartbeat', ... (221 bytes))
1785216032: Received PUBLISH from resq-firmware-sim-M01-ms47dwmn (d0, q0, r0, m0, 'resq/M01/telemetry', ... (359 bytes))
1785216032: Sending PUBLISH to hub-api-live-registry-1785215101795 (d0, q0, r0, m0, 'resq/M01/telemetry', ... (359 bytes))
1785216032: Sending PUBLISH to auto-6ACD9D50-CC23-D650-1C30-09359F29B280 (d0, q0, r0, m0, 'resq/M01/telemetry', ... (359 bytes))
1785216033: Received PUBLISH from resq-firmware-sim-M01-ms47dwmn (d0, q0, r0, m0, 'resq/M01/telemetry', ... (358 bytes))
1785216033: Sending PUBLISH to hub-api-live-registry-1785215101795 (d0, q0, r0, m0, 'resq/M01/telemetry', ... (358 bytes))
1785216033: Sending PUBLISH to auto-6ACD9D50-CC23-D650-1C30-09359F29B280 (d0, q0, r0, m0, 'resq/M01/telemetry', ... (358 bytes))
1785216033: Received PUBLISH from resq-firmware-sim-M01-ms47dwmn (d0, q0, r0, m0, 'resq/M01/heartbeat', ... (221 bytes))
1785216033: Sending PUBLISH to hub-api-live-registry-1785215101795 (d0, q0, r0, m0, 'resq/M01/heartbeat', ... (221 bytes))
1785216033: Sending PUBLISH to auto-6ACD9D50-CC23-D650-1C30-09359F29B280 (d0, q0, r0, m0, 'resq/M01/heartbeat', ... (221 bytes))
1785216033: Received PUBLISH from resq-firmware-sim-M01-ms47dwmn (d0, q0, r0, m0, 'resq/M01/telemetry', ... (359 bytes))
1785216033: Sending PUBLISH to hub-api-live-registry-1785215101795 (d0, q0, r0, m0, 'resq/M01/telemetry', ... (359 bytes))
1785216033: Sending PUBLISH to auto-6ACD9D50-CC23-D650-1C30-09359F29B280 (d0, q0, r0, m0, 'resq/M01/telemetry', ... (359 bytes))
1785216033: Received PUBLISH from resq-firmware-sim-M01-ms47dwmn (d0, q0, r0, m0, 'resq/M01/telemetry', ... (358 bytes))
1785216033: Sending PUBLISH to hub-api-live-registry-1785215101795 (d0, q0, r0, m0, 'resq/M01/telemetry', ... (358 bytes))
1785216033: Sending PUBLISH to auto-6ACD9D50-CC23-D650-1C30-09359F29B280 (d0, q0, r0, m0, 'resq/M01/telemetry', ... (358 bytes))
1785216033: Received PUBLISH from resq-firmware-sim-M01-ms47dwmn (d0, q0, r0, m0, 'resq/M01/telemetry', ... (358 bytes))
1785216033: Sending PUBLISH to hub-api-live-registry-1785215101795 (d0, q0, r0, m0, 'resq/M01/telemetry', ... (358 bytes))
1785216033: Sending PUBLISH to auto-6ACD9D50-CC23-D650-1C30-09359F29B280 (d0, q0, r0, m0, 'resq/M01/telemetry', ... (358 bytes))
1785216034: Received PUBLISH from resq-firmware-sim-M01-ms47dwmn (d0, q0, r0, m0, 'resq/M01/telemetry', ... (359 bytes))
1785216034: Sending PUBLISH to hub-api-live-registry-1785215101795 (d0, q0, r0, m0, 'resq/M01/telemetry', ... (359 bytes))
1785216034: Sending PUBLISH to auto-6ACD9D50-CC23-D650-1C30-09359F29B280 (d0, q0, r0, m0, 'resq/M01/telemetry', ... (359 bytes))
1785216034: Received PINGREQ from resq-firmware-sim-M01-ms47dwmn
1785216034: Sending PINGRESP to resq-firmware-sim-M01-ms47dwmn
1785216034: Received PUBLISH from resq-firmware-sim-M01-ms47dwmn (d0, q0, r0, m0, 'resq/M01/telemetry', ... (360 bytes))
1785216034: Sending PUBLISH to hub-api-live-registry-1785215101795 (d0, q0, r0, m0, 'resq/M01/telemetry', ... (360 bytes))
1785216034: Sending PUBLISH to auto-6ACD9D50-CC23-D650-1C30-09359F29B280 (d0, q0, r0, m0, 'resq/M01/telemetry', ... (360 bytes))
1785216034: Received PUBLISH from resq-firmware-sim-M01-ms47dwmn (d0, q0, r0, m0, 'resq/M01/heartbeat', ... (221 bytes))
1785216034: Sending PUBLISH to hub-api-live-registry-1785215101795 (d0, q0, r0, m0, 'resq/M01/heartbeat', ... (221 bytes))
1785216034: Sending PUBLISH to auto-6ACD9D50-CC23-D650-1C30-09359F29B280 (d0, q0, r0, m0, 'resq/M01/heartbeat', ... (221 bytes))
1785216034: Received PUBLISH from resq-firmware-sim-M01-ms47dwmn (d0, q0, r0, m0, 'resq/M01/telemetry', ... (360 bytes))
1785216034: Sending PUBLISH to hub-api-live-registry-1785215101795 (d0, q0, r0, m0, 'resq/M01/telemetry', ... (360 bytes))
1785216034: Sending PUBLISH to auto-6ACD9D50-CC23-D650-1C30-09359F29B280 (d0, q0, r0, m0, 'resq/M01/telemetry', ... (360 bytes))
1785216034: Received PUBLISH from resq-firmware-sim-M01-ms47dwmn (d0, q0, r0, m0, 'resq/M01/telemetry', ... (360 bytes))
1785216034: Sending PUBLISH to hub-api-live-registry-1785215101795 (d0, q0, r0, m0, 'resq/M01/telemetry', ... (360 bytes))
1785216034: Sending PUBLISH to auto-6ACD9D50-CC23-D650-1C30-09359F29B280 (d0, q0, r0, m0, 'resq/M01/telemetry', ... (360 bytes))
1785216035: Received PUBLISH from resq-firmware-sim-M01-ms47dwmn (d0, q0, r0, m0, 'resq/M01/telemetry', ... (359 bytes))
1785216035: Sending PUBLISH to hub-api-live-registry-1785215101795 (d0, q0, r0, m0, 'resq/M01/telemetry', ... (359 bytes))
1785216035: Sending PUBLISH to auto-6ACD9D50-CC23-D650-1C30-09359F29B280 (d0, q0, r0, m0, 'resq/M01/telemetry', ... (359 bytes))
1785216035: Received PUBLISH from resq-firmware-sim-M01-ms47dwmn (d0, q0, r0, m0, 'resq/M01/telemetry', ... (359 bytes))
1785216035: Sending PUBLISH to hub-api-live-registry-1785215101795 (d0, q0, r0, m0, 'resq/M01/telemetry', ... (359 bytes))
1785216035: Sending PUBLISH to auto-6ACD9D50-CC23-D650-1C30-09359F29B280 (d0, q0, r0, m0, 'resq/M01/telemetry', ... (359 bytes))
1785216035: Received PUBLISH from resq-firmware-sim-M01-ms47dwmn (d0, q0, r0, m0, 'resq/M01/telemetry', ... (359 bytes))
1785216035: Sending PUBLISH to hub-api-live-registry-1785215101795 (d0, q0, r0, m0, 'resq/M01/telemetry', ... (359 bytes))
1785216035: Sending PUBLISH to auto-6ACD9D50-CC23-D650-1C30-09359F29B280 (d0, q0, r0, m0, 'resq/M01/telemetry', ... (359 bytes))
1785216035: Received PUBLISH from resq-firmware-sim-M01-ms47dwmn (d0, q0, r0, m0, 'resq/M01/heartbeat', ... (221 bytes))
1785216035: Sending PUBLISH to hub-api-live-registry-1785215101795 (d0, q0, r0, m0, 'resq/M01/heartbeat', ... (221 bytes))
1785216035: Sending PUBLISH to auto-6ACD9D50-CC23-D650-1C30-09359F29B280 (d0, q0, r0, m0, 'resq/M01/heartbeat', ... (221 bytes))
1785216035: Received PUBLISH from resq-firmware-sim-M01-ms47dwmn (d0, q0, r0, m0, 'resq/M01/telemetry', ... (359 bytes))
1785216035: Sending PUBLISH to hub-api-live-registry-1785215101795 (d0, q0, r0, m0, 'resq/M01/telemetry', ... (359 bytes))
1785216035: Sending PUBLISH to auto-6ACD9D50-CC23-D650-1C30-09359F29B280 (d0, q0, r0, m0, 'resq/M01/telemetry', ... (359 bytes))
1785216035: Received PUBLISH from resq-firmware-sim-M01-ms47dwmn (d0, q0, r0, m0, 'resq/M01/telemetry', ... (359 bytes))
1785216035: Sending PUBLISH to hub-api-live-registry-1785215101795 (d0, q0, r0, m0, 'resq/M01/telemetry', ... (359 bytes))
1785216035: Sending PUBLISH to auto-6ACD9D50-CC23-D650-1C30-09359F29B280 (d0, q0, r0, m0, 'resq/M01/telemetry', ... (359 bytes))
1785216036: Received PUBLISH from resq-firmware-sim-M01-ms47dwmn (d0, q0, r0, m0, 'resq/M01/telemetry', ... (359 bytes))
1785216036: Sending PUBLISH to hub-api-live-registry-1785215101795 (d0, q0, r0, m0, 'resq/M01/telemetry', ... (359 bytes))
1785216036: Sending PUBLISH to auto-6ACD9D50-CC23-D650-1C30-09359F29B280 (d0, q0, r0, m0, 'resq/M01/telemetry', ... (359 bytes))
1785216036: Received PUBLISH from resq-firmware-sim-M01-ms47dwmn (d0, q0, r0, m0, 'resq/M01/telemetry', ... (360 bytes))
1785216036: Sending PUBLISH to hub-api-live-registry-1785215101795 (d0, q0, r0, m0, 'resq/M01/telemetry', ... (360 bytes))
1785216036: Sending PUBLISH to auto-6ACD9D50-CC23-D650-1C30-09359F29B280 (d0, q0, r0, m0, 'resq/M01/telemetry', ... (360 bytes))
1785216036: Received PUBLISH from resq-firmware-sim-M01-ms47dwmn (d0, q0, r0, m0, 'resq/M01/heartbeat', ... (221 bytes))
1785216036: Sending PUBLISH to hub-api-live-registry-1785215101795 (d0, q0, r0, m0, 'resq/M01/heartbeat', ... (221 bytes))
1785216036: Sending PUBLISH to auto-6ACD9D50-CC23-D650-1C30-09359F29B280 (d0, q0, r0, m0, 'resq/M01/heartbeat', ... (221 bytes))
1785216036: Received PUBLISH from resq-firmware-sim-M01-ms47dwmn (d0, q0, r0, m0, 'resq/M01/telemetry', ... (360 bytes))
1785216036: Sending PUBLISH to hub-api-live-registry-1785215101795 (d0, q0, r0, m0, 'resq/M01/telemetry', ... (360 bytes))
1785216036: Sending PUBLISH to auto-6ACD9D50-CC23-D650-1C30-09359F29B280 (d0, q0, r0, m0, 'resq/M01/telemetry', ... (360 bytes))
1785216037: Received PUBLISH from resq-firmware-sim-M01-ms47dwmn (d0, q0, r0, m0, 'resq/M01/telemetry', ... (360 bytes))
1785216037: Sending PUBLISH to hub-api-live-registry-1785215101795 (d0, q0, r0, m0, 'resq/M01/telemetry', ... (360 bytes))
1785216037: Sending PUBLISH to auto-6ACD9D50-CC23-D650-1C30-09359F29B280 (d0, q0, r0, m0, 'resq/M01/telemetry', ... (360 bytes))
1785216037: Received PUBLISH from resq-firmware-sim-M01-ms47dwmn (d0, q0, r0, m0, 'resq/M01/telemetry', ... (358 bytes))
1785216037: Sending PUBLISH to hub-api-live-registry-1785215101795 (d0, q0, r0, m0, 'resq/M01/telemetry', ... (358 bytes))
1785216037: Sending PUBLISH to auto-6ACD9D50-CC23-D650-1C30-09359F29B280 (d0, q0, r0, m0, 'resq/M01/telemetry', ... (358 bytes))
1785216037: Received PUBLISH from resq-firmware-sim-M01-ms47dwmn (d0, q0, r0, m0, 'resq/M01/telemetry', ... (359 bytes))
1785216037: Sending PUBLISH to hub-api-live-registry-1785215101795 (d0, q0, r0, m0, 'resq/M01/telemetry', ... (359 bytes))
1785216037: Sending PUBLISH to auto-6ACD9D50-CC23-D650-1C30-09359F29B280 (d0, q0, r0, m0, 'resq/M01/telemetry', ... (359 bytes))
1785216037: Received PUBLISH from resq-firmware-sim-M01-ms47dwmn (d0, q0, r0, m0, 'resq/M01/heartbeat', ... (221 bytes))
1785216037: Sending PUBLISH to hub-api-live-registry-1785215101795 (d0, q0, r0, m0, 'resq/M01/heartbeat', ... (221 bytes))
1785216037: Sending PUBLISH to auto-6ACD9D50-CC23-D650-1C30-09359F29B280 (d0, q0, r0, m0, 'resq/M01/heartbeat', ... (221 bytes))
1785216038: Received PUBLISH from resq-firmware-sim-M01-ms47dwmn (d0, q0, r0, m0, 'resq/M01/telemetry', ... (359 bytes))
1785216038: Sending PUBLISH to hub-api-live-registry-1785215101795 (d0, q0, r0, m0, 'resq/M01/telemetry', ... (359 bytes))
1785216038: Sending PUBLISH to auto-6ACD9D50-CC23-D650-1C30-09359F29B280 (d0, q0, r0, m0, 'resq/M01/telemetry', ... (359 bytes))
1785216038: Received PUBLISH from resq-firmware-sim-M01-ms47dwmn (d0, q0, r0, m0, 'resq/M01/telemetry', ... (357 bytes))
1785216038: Sending PUBLISH to hub-api-live-registry-1785215101795 (d0, q0, r0, m0, 'resq/M01/telemetry', ... (357 bytes))
1785216038: Sending PUBLISH to auto-6ACD9D50-CC23-D650-1C30-09359F29B280 (d0, q0, r0, m0, 'resq/M01/telemetry', ... (357 bytes))
1785216038: Received PUBLISH from resq-firmware-sim-M01-ms47dwmn (d0, q0, r0, m0, 'resq/M01/telemetry', ... (358 bytes))
1785216038: Sending PUBLISH to hub-api-live-registry-1785215101795 (d0, q0, r0, m0, 'resq/M01/telemetry', ... (358 bytes))
1785216038: Sending PUBLISH to auto-6ACD9D50-CC23-D650-1C30-09359F29B280 (d0, q0, r0, m0, 'resq/M01/telemetry', ... (358 bytes))
1785216038: Received PUBLISH from resq-firmware-sim-M01-ms47dwmn (d0, q0, r0, m0, 'resq/M01/telemetry', ... (359 bytes))
1785216038: Sending PUBLISH to hub-api-live-registry-1785215101795 (d0, q0, r0, m0, 'resq/M01/telemetry', ... (359 bytes))
1785216038: Sending PUBLISH to auto-6ACD9D50-CC23-D650-1C30-09359F29B280 (d0, q0, r0, m0, 'resq/M01/telemetry', ... (359 bytes))
1785216038: Received PINGREQ from auto-6ACD9D50-CC23-D650-1C30-09359F29B280
1785216038: Sending PINGRESP to auto-6ACD9D50-CC23-D650-1C30-09359F29B280
1785216038: Received PUBLISH from resq-firmware-sim-M01-ms47dwmn (d0, q0, r0, m0, 'resq/M01/heartbeat', ... (221 bytes))
1785216038: Sending PUBLISH to hub-api-live-registry-1785215101795 (d0, q0, r0, m0, 'resq/M01/heartbeat', ... (221 bytes))
1785216038: Sending PUBLISH to auto-6ACD9D50-CC23-D650-1C30-09359F29B280 (d0, q0, r0, m0, 'resq/M01/heartbeat', ... (221 bytes))
1785216039: Received PUBLISH from resq-firmware-sim-M01-ms47dwmn (d0, q0, r0, m0, 'resq/M01/telemetry', ... (360 bytes))
1785216039: Sending PUBLISH to hub-api-live-registry-1785215101795 (d0, q0, r0, m0, 'resq/M01/telemetry', ... (360 bytes))
1785216039: Sending PUBLISH to auto-6ACD9D50-CC23-D650-1C30-09359F29B280 (d0, q0, r0, m0, 'resq/M01/telemetry', ... (360 bytes))
1785216039: Received PUBLISH from resq-firmware-sim-M01-ms47dwmn (d0, q0, r0, m0, 'resq/M01/telemetry', ... (358 bytes))
1785216039: Sending PUBLISH to hub-api-live-registry-1785215101795 (d0, q0, r0, m0, 'resq/M01/telemetry', ... (358 bytes))
1785216039: Sending PUBLISH to auto-6ACD9D50-CC23-D650-1C30-09359F29B280 (d0, q0, r0, m0, 'resq/M01/telemetry', ... (358 bytes))
1785216039: Received PUBLISH from resq-firmware-sim-M01-ms47dwmn (d0, q0, r0, m0, 'resq/M01/telemetry', ... (360 bytes))
1785216039: Sending PUBLISH to hub-api-live-registry-1785215101795 (d0, q0, r0, m0, 'resq/M01/telemetry', ... (360 bytes))
1785216039: Sending PUBLISH to auto-6ACD9D50-CC23-D650-1C30-09359F29B280 (d0, q0, r0, m0, 'resq/M01/telemetry', ... (360 bytes))
1785216040: Received PUBLISH from resq-firmware-sim-M01-ms47dwmn (d0, q0, r0, m0, 'resq/M01/heartbeat', ... (221 bytes))
1785216040: Sending PUBLISH to hub-api-live-registry-1785215101795 (d0, q0, r0, m0, 'resq/M01/heartbeat', ... (221 bytes))
1785216040: Sending PUBLISH to auto-6ACD9D50-CC23-D650-1C30-09359F29B280 (d0, q0, r0, m0, 'resq/M01/heartbeat', ... (221 bytes))
1785216040: Received PUBLISH from resq-firmware-sim-M01-ms47dwmn (d0, q0, r0, m0, 'resq/M01/telemetry', ... (359 bytes))
1785216040: Sending PUBLISH to hub-api-live-registry-1785215101795 (d0, q0, r0, m0, 'resq/M01/telemetry', ... (359 bytes))
1785216040: Sending PUBLISH to auto-6ACD9D50-CC23-D650-1C30-09359F29B280 (d0, q0, r0, m0, 'resq/M01/telemetry', ... (359 bytes))
1785216040: Received PUBLISH from resq-firmware-sim-M01-ms47dwmn (d0, q0, r0, m0, 'resq/M01/telemetry', ... (359 bytes))
1785216040: Sending PUBLISH to hub-api-live-registry-1785215101795 (d0, q0, r0, m0, 'resq/M01/telemetry', ... (359 bytes))
1785216040: Sending PUBLISH to auto-6ACD9D50-CC23-D650-1C30-09359F29B280 (d0, q0, r0, m0, 'resq/M01/telemetry', ... (359 bytes))
1785216040: Received PUBLISH from resq-firmware-sim-M01-ms47dwmn (d0, q0, r0, m0, 'resq/M01/telemetry', ... (359 bytes))
1785216040: Sending PUBLISH to hub-api-live-registry-1785215101795 (d0, q0, r0, m0, 'resq/M01/telemetry', ... (359 bytes))
1785216040: Sending PUBLISH to auto-6ACD9D50-CC23-D650-1C30-09359F29B280 (d0, q0, r0, m0, 'resq/M01/telemetry', ... (359 bytes))
1785216040: Received PUBLISH from resq-firmware-sim-M01-ms47dwmn (d0, q0, r0, m0, 'resq/M01/telemetry', ... (359 bytes))
1785216040: Sending PUBLISH to hub-api-live-registry-1785215101795 (d0, q0, r0, m0, 'resq/M01/telemetry', ... (359 bytes))
1785216040: Sending PUBLISH to auto-6ACD9D50-CC23-D650-1C30-09359F29B280 (d0, q0, r0, m0, 'resq/M01/telemetry', ... (359 bytes))
1785216041: Received PUBLISH from resq-firmware-sim-M01-ms47dwmn (d0, q0, r0, m0, 'resq/M01/heartbeat', ... (221 bytes))
1785216041: Sending PUBLISH to hub-api-live-registry-1785215101795 (d0, q0, r0, m0, 'resq/M01/heartbeat', ... (221 bytes))
1785216041: Sending PUBLISH to auto-6ACD9D50-CC23-D650-1C30-09359F29B280 (d0, q0, r0, m0, 'resq/M01/heartbeat', ... (221 bytes))
1785216041: Received PUBLISH from resq-firmware-sim-M01-ms47dwmn (d0, q0, r0, m0, 'resq/M01/telemetry', ... (359 bytes))
1785216041: Sending PUBLISH to hub-api-live-registry-1785215101795 (d0, q0, r0, m0, 'resq/M01/telemetry', ... (359 bytes))
1785216041: Sending PUBLISH to auto-6ACD9D50-CC23-D650-1C30-09359F29B280 (d0, q0, r0, m0, 'resq/M01/telemetry', ... (359 bytes))
1785216041: Received PUBLISH from resq-firmware-sim-M01-ms47dwmn (d0, q0, r0, m0, 'resq/M01/telemetry', ... (358 bytes))
1785216041: Sending PUBLISH to hub-api-live-registry-1785215101795 (d0, q0, r0, m0, 'resq/M01/telemetry', ... (358 bytes))
1785216041: Sending PUBLISH to auto-6ACD9D50-CC23-D650-1C30-09359F29B280 (d0, q0, r0, m0, 'resq/M01/telemetry', ... (358 bytes))
1785216041: Received PUBLISH from resq-firmware-sim-M01-ms47dwmn (d0, q0, r0, m0, 'resq/M01/telemetry', ... (359 bytes))
1785216041: Sending PUBLISH to hub-api-live-registry-1785215101795 (d0, q0, r0, m0, 'resq/M01/telemetry', ... (359 bytes))
1785216041: Sending PUBLISH to auto-6ACD9D50-CC23-D650-1C30-09359F29B280 (d0, q0, r0, m0, 'resq/M01/telemetry', ... (359 bytes))
1785216042: Received PUBLISH from resq-firmware-sim-M01-ms47dwmn (d0, q0, r0, m0, 'resq/M01/telemetry', ... (359 bytes))
1785216042: Sending PUBLISH to hub-api-live-registry-1785215101795 (d0, q0, r0, m0, 'resq/M01/telemetry', ... (359 bytes))
1785216042: Sending PUBLISH to auto-6ACD9D50-CC23-D650-1C30-09359F29B280 (d0, q0, r0, m0, 'resq/M01/telemetry', ... (359 bytes))
1785216042: Received PUBLISH from resq-firmware-sim-M01-ms47dwmn (d0, q0, r0, m0, 'resq/M01/heartbeat', ... (221 bytes))
1785216042: Sending PUBLISH to hub-api-live-registry-1785215101795 (d0, q0, r0, m0, 'resq/M01/heartbeat', ... (221 bytes))
1785216042: Sending PUBLISH to auto-6ACD9D50-CC23-D650-1C30-09359F29B280 (d0, q0, r0, m0, 'resq/M01/heartbeat', ... (221 bytes))
1785216042: Received PUBLISH from resq-firmware-sim-M01-ms47dwmn (d0, q0, r0, m0, 'resq/M01/telemetry', ... (360 bytes))
1785216042: Sending PUBLISH to hub-api-live-registry-1785215101795 (d0, q0, r0, m0, 'resq/M01/telemetry', ... (360 bytes))
1785216042: Sending PUBLISH to auto-6ACD9D50-CC23-D650-1C30-09359F29B280 (d0, q0, r0, m0, 'resq/M01/telemetry', ... (360 bytes))
1785216042: Received PUBLISH from resq-firmware-sim-M01-ms47dwmn (d0, q0, r0, m0, 'resq/M01/telemetry', ... (359 bytes))
1785216042: Sending PUBLISH to hub-api-live-registry-1785215101795 (d0, q0, r0, m0, 'resq/M01/telemetry', ... (359 bytes))
1785216042: Sending PUBLISH to auto-6ACD9D50-CC23-D650-1C30-09359F29B280 (d0, q0, r0, m0, 'resq/M01/telemetry', ... (359 bytes))
1785216042: Received PUBLISH from resq-firmware-sim-M01-ms47dwmn (d0, q0, r0, m0, 'resq/M01/telemetry', ... (359 bytes))
1785216042: Sending PUBLISH to hub-api-live-registry-1785215101795 (d0, q0, r0, m0, 'resq/M01/telemetry', ... (359 bytes))
1785216042: Sending PUBLISH to auto-6ACD9D50-CC23-D650-1C30-09359F29B280 (d0, q0, r0, m0, 'resq/M01/telemetry', ... (359 bytes))
1785216043: Received PUBLISH from resq-firmware-sim-M01-ms47dwmn (d0, q0, r0, m0, 'resq/M01/telemetry', ... (359 bytes))
1785216043: Sending PUBLISH to hub-api-live-registry-1785215101795 (d0, q0, r0, m0, 'resq/M01/telemetry', ... (359 bytes))
1785216043: Sending PUBLISH to auto-6ACD9D50-CC23-D650-1C30-09359F29B280 (d0, q0, r0, m0, 'resq/M01/telemetry', ... (359 bytes))
1785216043: Received PUBLISH from resq-firmware-sim-M01-ms47dwmn (d0, q0, r0, m0, 'resq/M01/heartbeat', ... (221 bytes))
1785216043: Sending PUBLISH to hub-api-live-registry-1785215101795 (d0, q0, r0, m0, 'resq/M01/heartbeat', ... (221 bytes))
1785216043: Sending PUBLISH to auto-6ACD9D50-CC23-D650-1C30-09359F29B280 (d0, q0, r0, m0, 'resq/M01/heartbeat', ... (221 bytes))
1785216043: Received PUBLISH from resq-firmware-sim-M01-ms47dwmn (d0, q0, r0, m0, 'resq/M01/telemetry', ... (358 bytes))
1785216043: Sending PUBLISH to hub-api-live-registry-1785215101795 (d0, q0, r0, m0, 'resq/M01/telemetry', ... (358 bytes))
1785216043: Sending PUBLISH to auto-6ACD9D50-CC23-D650-1C30-09359F29B280 (d0, q0, r0, m0, 'resq/M01/telemetry', ... (358 bytes))
1785216043: Received PUBLISH from resq-firmware-sim-M01-ms47dwmn (d0, q0, r0, m0, 'resq/M01/telemetry', ... (359 bytes))
1785216043: Sending PUBLISH to hub-api-live-registry-1785215101795 (d0, q0, r0, m0, 'resq/M01/telemetry', ... (359 bytes))
1785216043: Sending PUBLISH to auto-6ACD9D50-CC23-D650-1C30-09359F29B280 (d0, q0, r0, m0, 'resq/M01/telemetry', ... (359 bytes))
1785216043: Received PUBLISH from resq-firmware-sim-M01-ms47dwmn (d0, q0, r0, m0, 'resq/M01/telemetry', ... (359 bytes))
1785216043: Sending PUBLISH to hub-api-live-registry-1785215101795 (d0, q0, r0, m0, 'resq/M01/telemetry', ... (359 bytes))
1785216043: Sending PUBLISH to auto-6ACD9D50-CC23-D650-1C30-09359F29B280 (d0, q0, r0, m0, 'resq/M01/telemetry', ... (359 bytes))
1785216044: Received PUBLISH from resq-firmware-sim-M01-ms47dwmn (d0, q0, r0, m0, 'resq/M01/telemetry', ... (359 bytes))
1785216044: Sending PUBLISH to hub-api-live-registry-1785215101795 (d0, q0, r0, m0, 'resq/M01/telemetry', ... (359 bytes))
1785216044: Sending PUBLISH to auto-6ACD9D50-CC23-D650-1C30-09359F29B280 (d0, q0, r0, m0, 'resq/M01/telemetry', ... (359 bytes))
1785216044: Received PUBLISH from resq-firmware-sim-M01-ms47dwmn (d0, q0, r0, m0, 'resq/M01/heartbeat', ... (221 bytes))
1785216044: Sending PUBLISH to hub-api-live-registry-1785215101795 (d0, q0, r0, m0, 'resq/M01/heartbeat', ... (221 bytes))
1785216044: Sending PUBLISH to auto-6ACD9D50-CC23-D650-1C30-09359F29B280 (d0, q0, r0, m0, 'resq/M01/heartbeat', ... (221 bytes))
1785216044: Received PUBLISH from resq-firmware-sim-M01-ms47dwmn (d0, q0, r0, m0, 'resq/M01/telemetry', ... (359 bytes))
1785216044: Sending PUBLISH to hub-api-live-registry-1785215101795 (d0, q0, r0, m0, 'resq/M01/telemetry', ... (359 bytes))
1785216044: Sending PUBLISH to auto-6ACD9D50-CC23-D650-1C30-09359F29B280 (d0, q0, r0, m0, 'resq/M01/telemetry', ... (359 bytes))
1785216044: Received PUBLISH from resq-firmware-sim-M01-ms47dwmn (d0, q0, r0, m0, 'resq/M01/telemetry', ... (360 bytes))
1785216044: Sending PUBLISH to hub-api-live-registry-1785215101795 (d0, q0, r0, m0, 'resq/M01/telemetry', ... (360 bytes))
1785216044: Sending PUBLISH to auto-6ACD9D50-CC23-D650-1C30-09359F29B280 (d0, q0, r0, m0, 'resq/M01/telemetry', ... (360 bytes))
1785216044: Received PUBLISH from resq-firmware-sim-M01-ms47dwmn (d0, q0, r0, m0, 'resq/M01/telemetry', ... (360 bytes))
1785216044: Sending PUBLISH to hub-api-live-registry-1785215101795 (d0, q0, r0, m0, 'resq/M01/telemetry', ... (360 bytes))
1785216044: Sending PUBLISH to auto-6ACD9D50-CC23-D650-1C30-09359F29B280 (d0, q0, r0, m0, 'resq/M01/telemetry', ... (360 bytes))
1785216045: Received PUBLISH from resq-firmware-sim-M01-ms47dwmn (d0, q0, r0, m0, 'resq/M01/telemetry', ... (359 bytes))
1785216045: Sending PUBLISH to hub-api-live-registry-1785215101795 (d0, q0, r0, m0, 'resq/M01/telemetry', ... (359 bytes))
1785216045: Sending PUBLISH to auto-6ACD9D50-CC23-D650-1C30-09359F29B280 (d0, q0, r0, m0, 'resq/M01/telemetry', ... (359 bytes))
1785216045: Received PUBLISH from resq-firmware-sim-M01-ms47dwmn (d0, q0, r0, m0, 'resq/M01/heartbeat', ... (221 bytes))
1785216045: Sending PUBLISH to hub-api-live-registry-1785215101795 (d0, q0, r0, m0, 'resq/M01/heartbeat', ... (221 bytes))
1785216045: Sending PUBLISH to auto-6ACD9D50-CC23-D650-1C30-09359F29B280 (d0, q0, r0, m0, 'resq/M01/heartbeat', ... (221 bytes))
1785216045: Received PUBLISH from resq-firmware-sim-M01-ms47dwmn (d0, q0, r0, m0, 'resq/M01/telemetry', ... (359 bytes))
1785216045: Sending PUBLISH to hub-api-live-registry-1785215101795 (d0, q0, r0, m0, 'resq/M01/telemetry', ... (359 bytes))
1785216045: Sending PUBLISH to auto-6ACD9D50-CC23-D650-1C30-09359F29B280 (d0, q0, r0, m0, 'resq/M01/telemetry', ... (359 bytes))
1785216045: Received PUBLISH from resq-firmware-sim-M01-ms47dwmn (d0, q0, r0, m0, 'resq/M01/telemetry', ... (359 bytes))
1785216045: Sending PUBLISH to hub-api-live-registry-1785215101795 (d0, q0, r0, m0, 'resq/M01/telemetry', ... (359 bytes))
1785216045: Sending PUBLISH to auto-6ACD9D50-CC23-D650-1C30-09359F29B280 (d0, q0, r0, m0, 'resq/M01/telemetry', ... (359 bytes))
1785216046: Received PUBLISH from resq-firmware-sim-M01-ms47dwmn (d0, q0, r0, m0, 'resq/M01/telemetry', ... (359 bytes))
1785216046: Sending PUBLISH to hub-api-live-registry-1785215101795 (d0, q0, r0, m0, 'resq/M01/telemetry', ... (359 bytes))
1785216046: Sending PUBLISH to auto-6ACD9D50-CC23-D650-1C30-09359F29B280 (d0, q0, r0, m0, 'resq/M01/telemetry', ... (359 bytes))
1785216046: Received PUBLISH from resq-firmware-sim-M01-ms47dwmn (d0, q0, r0, m0, 'resq/M01/telemetry', ... (359 bytes))
1785216046: Sending PUBLISH to hub-api-live-registry-1785215101795 (d0, q0, r0, m0, 'resq/M01/telemetry', ... (359 bytes))
1785216046: Sending PUBLISH to auto-6ACD9D50-CC23-D650-1C30-09359F29B280 (d0, q0, r0, m0, 'resq/M01/telemetry', ... (359 bytes))
1785216046: Received PUBLISH from resq-firmware-sim-M01-ms47dwmn (d0, q0, r0, m0, 'resq/M01/heartbeat', ... (221 bytes))
1785216046: Sending PUBLISH to hub-api-live-registry-1785215101795 (d0, q0, r0, m0, 'resq/M01/heartbeat', ... (221 bytes))
1785216046: Sending PUBLISH to auto-6ACD9D50-CC23-D650-1C30-09359F29B280 (d0, q0, r0, m0, 'resq/M01/heartbeat', ... (221 bytes))
1785216046: Received PUBLISH from resq-firmware-sim-M01-ms47dwmn (d0, q0, r0, m0, 'resq/M01/telemetry', ... (359 bytes))
1785216046: Sending PUBLISH to hub-api-live-registry-1785215101795 (d0, q0, r0, m0, 'resq/M01/telemetry', ... (359 bytes))
1785216046: Sending PUBLISH to auto-6ACD9D50-CC23-D650-1C30-09359F29B280 (d0, q0, r0, m0, 'resq/M01/telemetry', ... (359 bytes))
1785216046: Received PUBLISH from resq-firmware-sim-M01-ms47dwmn (d0, q0, r0, m0, 'resq/M01/telemetry', ... (359 bytes))
1785216046: Sending PUBLISH to hub-api-live-registry-1785215101795 (d0, q0, r0, m0, 'resq/M01/telemetry', ... (359 bytes))
1785216046: Sending PUBLISH to auto-6ACD9D50-CC23-D650-1C30-09359F29B280 (d0, q0, r0, m0, 'resq/M01/telemetry', ... (359 bytes))
1785216047: Received PUBLISH from resq-firmware-sim-M01-ms47dwmn (d0, q0, r0, m0, 'resq/M01/telemetry', ... (360 bytes))
1785216047: Sending PUBLISH to hub-api-live-registry-1785215101795 (d0, q0, r0, m0, 'resq/M01/telemetry', ... (360 bytes))
1785216047: Sending PUBLISH to auto-6ACD9D50-CC23-D650-1C30-09359F29B280 (d0, q0, r0, m0, 'resq/M01/telemetry', ... (360 bytes))
1785216047: Received PUBLISH from resq-firmware-sim-M01-ms47dwmn (d0, q0, r0, m0, 'resq/M01/heartbeat', ... (221 bytes))
1785216047: Sending PUBLISH to hub-api-live-registry-1785215101795 (d0, q0, r0, m0, 'resq/M01/heartbeat', ... (221 bytes))
1785216047: Sending PUBLISH to auto-6ACD9D50-CC23-D650-1C30-09359F29B280 (d0, q0, r0, m0, 'resq/M01/heartbeat', ... (221 bytes))
1785216047: Received PUBLISH from resq-firmware-sim-M01-ms47dwmn (d0, q0, r0, m0, 'resq/M01/telemetry', ... (359 bytes))
1785216047: Sending PUBLISH to hub-api-live-registry-1785215101795 (d0, q0, r0, m0, 'resq/M01/telemetry', ... (359 bytes))
1785216047: Sending PUBLISH to auto-6ACD9D50-CC23-D650-1C30-09359F29B280 (d0, q0, r0, m0, 'resq/M01/telemetry', ... (359 bytes))
1785216047: Received PUBLISH from resq-firmware-sim-M01-ms47dwmn (d0, q0, r0, m0, 'resq/M01/telemetry', ... (359 bytes))
1785216047: Sending PUBLISH to hub-api-live-registry-1785215101795 (d0, q0, r0, m0, 'resq/M01/telemetry', ... (359 bytes))
1785216047: Sending PUBLISH to auto-6ACD9D50-CC23-D650-1C30-09359F29B280 (d0, q0, r0, m0, 'resq/M01/telemetry', ... (359 bytes))
1785216048: Received PUBLISH from resq-firmware-sim-M01-ms47dwmn (d0, q0, r0, m0, 'resq/M01/telemetry', ... (359 bytes))
1785216048: Sending PUBLISH to hub-api-live-registry-1785215101795 (d0, q0, r0, m0, 'resq/M01/telemetry', ... (359 bytes))
1785216048: Sending PUBLISH to auto-6ACD9D50-CC23-D650-1C30-09359F29B280 (d0, q0, r0, m0, 'resq/M01/telemetry', ... (359 bytes))
1785216048: Received PUBLISH from resq-firmware-sim-M01-ms47dwmn (d0, q0, r0, m0, 'resq/M01/telemetry', ... (359 bytes))
1785216048: Sending PUBLISH to hub-api-live-registry-1785215101795 (d0, q0, r0, m0, 'resq/M01/telemetry', ... (359 bytes))
1785216048: Sending PUBLISH to auto-6ACD9D50-CC23-D650-1C30-09359F29B280 (d0, q0, r0, m0, 'resq/M01/telemetry', ... (359 bytes))
1785216048: Received PUBLISH from resq-firmware-sim-M01-ms47dwmn (d0, q0, r0, m0, 'resq/M01/heartbeat', ... (221 bytes))
1785216048: Sending PUBLISH to hub-api-live-registry-1785215101795 (d0, q0, r0, m0, 'resq/M01/heartbeat', ... (221 bytes))
1785216048: Sending PUBLISH to auto-6ACD9D50-CC23-D650-1C30-09359F29B280 (d0, q0, r0, m0, 'resq/M01/heartbeat', ... (221 bytes))
1785216048: Received PUBLISH from resq-firmware-sim-M01-ms47dwmn (d0, q0, r0, m0, 'resq/M01/telemetry', ... (359 bytes))
1785216048: Sending PUBLISH to hub-api-live-registry-1785215101795 (d0, q0, r0, m0, 'resq/M01/telemetry', ... (359 bytes))
1785216048: Sending PUBLISH to auto-6ACD9D50-CC23-D650-1C30-09359F29B280 (d0, q0, r0, m0, 'resq/M01/telemetry', ... (359 bytes))
1785216048: Received PUBLISH from resq-firmware-sim-M01-ms47dwmn (d0, q0, r0, m0, 'resq/M01/telemetry', ... (359 bytes))
1785216048: Sending PUBLISH to hub-api-live-registry-1785215101795 (d0, q0, r0, m0, 'resq/M01/telemetry', ... (359 bytes))
1785216048: Sending PUBLISH to auto-6ACD9D50-CC23-D650-1C30-09359F29B280 (d0, q0, r0, m0, 'resq/M01/telemetry', ... (359 bytes))
1785216049: Received PUBLISH from resq-firmware-sim-M01-ms47dwmn (d0, q0, r0, m0, 'resq/M01/telemetry', ... (358 bytes))
1785216049: Sending PUBLISH to hub-api-live-registry-1785215101795 (d0, q0, r0, m0, 'resq/M01/telemetry', ... (358 bytes))
1785216049: Sending PUBLISH to auto-6ACD9D50-CC23-D650-1C30-09359F29B280 (d0, q0, r0, m0, 'resq/M01/telemetry', ... (358 bytes))
1785216049: Received PUBLISH from resq-firmware-sim-M01-ms47dwmn (d0, q0, r0, m0, 'resq/M01/telemetry', ... (358 bytes))
1785216049: Sending PUBLISH to hub-api-live-registry-1785215101795 (d0, q0, r0, m0, 'resq/M01/telemetry', ... (358 bytes))
1785216049: Sending PUBLISH to auto-6ACD9D50-CC23-D650-1C30-09359F29B280 (d0, q0, r0, m0, 'resq/M01/telemetry', ... (358 bytes))
1785216049: Received PUBLISH from resq-firmware-sim-M01-ms47dwmn (d0, q0, r0, m0, 'resq/M01/heartbeat', ... (221 bytes))
1785216049: Sending PUBLISH to hub-api-live-registry-1785215101795 (d0, q0, r0, m0, 'resq/M01/heartbeat', ... (221 bytes))
1785216049: Sending PUBLISH to auto-6ACD9D50-CC23-D650-1C30-09359F29B280 (d0, q0, r0, m0, 'resq/M01/heartbeat', ... (221 bytes))
1785216049: Received PUBLISH from resq-firmware-sim-M01-ms47dwmn (d0, q0, r0, m0, 'resq/M01/telemetry', ... (360 bytes))
1785216049: Sending PUBLISH to hub-api-live-registry-1785215101795 (d0, q0, r0, m0, 'resq/M01/telemetry', ... (360 bytes))
1785216049: Sending PUBLISH to auto-6ACD9D50-CC23-D650-1C30-09359F29B280 (d0, q0, r0, m0, 'resq/M01/telemetry', ... (360 bytes))
1785216050: Received PUBLISH from resq-firmware-sim-M01-ms47dwmn (d0, q0, r0, m0, 'resq/M01/telemetry', ... (359 bytes))
1785216050: Sending PUBLISH to hub-api-live-registry-1785215101795 (d0, q0, r0, m0, 'resq/M01/telemetry', ... (359 bytes))
1785216050: Sending PUBLISH to auto-6ACD9D50-CC23-D650-1C30-09359F29B280 (d0, q0, r0, m0, 'resq/M01/telemetry', ... (359 bytes))
1785216050: Received PUBLISH from resq-firmware-sim-M01-ms47dwmn (d0, q0, r0, m0, 'resq/M01/telemetry', ... (360 bytes))
1785216050: Sending PUBLISH to hub-api-live-registry-1785215101795 (d0, q0, r0, m0, 'resq/M01/telemetry', ... (360 bytes))
1785216050: Sending PUBLISH to auto-6ACD9D50-CC23-D650-1C30-09359F29B280 (d0, q0, r0, m0, 'resq/M01/telemetry', ... (360 bytes))
1785216050: Received PUBLISH from resq-firmware-sim-M01-ms47dwmn (d0, q0, r0, m0, 'resq/M01/telemetry', ... (359 bytes))
1785216050: Sending PUBLISH to hub-api-live-registry-1785215101795 (d0, q0, r0, m0, 'resq/M01/telemetry', ... (359 bytes))
1785216050: Sending PUBLISH to auto-6ACD9D50-CC23-D650-1C30-09359F29B280 (d0, q0, r0, m0, 'resq/M01/telemetry', ... (359 bytes))
1785216050: Received PUBLISH from resq-firmware-sim-M01-ms47dwmn (d0, q0, r0, m0, 'resq/M01/heartbeat', ... (221 bytes))
1785216050: Sending PUBLISH to hub-api-live-registry-1785215101795 (d0, q0, r0, m0, 'resq/M01/heartbeat', ... (221 bytes))
1785216050: Sending PUBLISH to auto-6ACD9D50-CC23-D650-1C30-09359F29B280 (d0, q0, r0, m0, 'resq/M01/heartbeat', ... (221 bytes))
1785216050: Received PUBLISH from resq-firmware-sim-M01-ms47dwmn (d0, q0, r0, m0, 'resq/M01/telemetry', ... (359 bytes))
1785216050: Sending PUBLISH to hub-api-live-registry-1785215101795 (d0, q0, r0, m0, 'resq/M01/telemetry', ... (359 bytes))
1785216050: Sending PUBLISH to auto-6ACD9D50-CC23-D650-1C30-09359F29B280 (d0, q0, r0, m0, 'resq/M01/telemetry', ... (359 bytes))
1785216051: Received PUBLISH from resq-firmware-sim-M01-ms47dwmn (d0, q0, r0, m0, 'resq/M01/telemetry', ... (359 bytes))
1785216051: Sending PUBLISH to hub-api-live-registry-1785215101795 (d0, q0, r0, m0, 'resq/M01/telemetry', ... (359 bytes))
1785216051: Sending PUBLISH to auto-6ACD9D50-CC23-D650-1C30-09359F29B280 (d0, q0, r0, m0, 'resq/M01/telemetry', ... (359 bytes))
1785216051: Received PUBLISH from resq-firmware-sim-M01-ms47dwmn (d0, q0, r0, m0, 'resq/M01/telemetry', ... (359 bytes))
1785216051: Sending PUBLISH to hub-api-live-registry-1785215101795 (d0, q0, r0, m0, 'resq/M01/telemetry', ... (359 bytes))
1785216051: Sending PUBLISH to auto-6ACD9D50-CC23-D650-1C30-09359F29B280 (d0, q0, r0, m0, 'resq/M01/telemetry', ... (359 bytes))
1785216051: Received PUBLISH from resq-firmware-sim-M01-ms47dwmn (d0, q0, r0, m0, 'resq/M01/telemetry', ... (359 bytes))
1785216051: Sending PUBLISH to hub-api-live-registry-1785215101795 (d0, q0, r0, m0, 'resq/M01/telemetry', ... (359 bytes))
1785216051: Sending PUBLISH to auto-6ACD9D50-CC23-D650-1C30-09359F29B280 (d0, q0, r0, m0, 'resq/M01/telemetry', ... (359 bytes))
1785216051: Received PUBLISH from resq-firmware-sim-M01-ms47dwmn (d0, q0, r0, m0, 'resq/M01/heartbeat', ... (221 bytes))
1785216051: Sending PUBLISH to hub-api-live-registry-1785215101795 (d0, q0, r0, m0, 'resq/M01/heartbeat', ... (221 bytes))
1785216051: Sending PUBLISH to auto-6ACD9D50-CC23-D650-1C30-09359F29B280 (d0, q0, r0, m0, 'resq/M01/heartbeat', ... (221 bytes))
1785216051: Received PUBLISH from resq-firmware-sim-M01-ms47dwmn (d0, q0, r0, m0, 'resq/M01/telemetry', ... (359 bytes))
1785216051: Sending PUBLISH to hub-api-live-registry-1785215101795 (d0, q0, r0, m0, 'resq/M01/telemetry', ... (359 bytes))
1785216051: Sending PUBLISH to auto-6ACD9D50-CC23-D650-1C30-09359F29B280 (d0, q0, r0, m0, 'resq/M01/telemetry', ... (359 bytes))
1785216052: Received PUBLISH from resq-firmware-sim-M01-ms47dwmn (d0, q0, r0, m0, 'resq/M01/telemetry', ... (359 bytes))
1785216052: Sending PUBLISH to hub-api-live-registry-1785215101795 (d0, q0, r0, m0, 'resq/M01/telemetry', ... (359 bytes))
1785216052: Sending PUBLISH to auto-6ACD9D50-CC23-D650-1C30-09359F29B280 (d0, q0, r0, m0, 'resq/M01/telemetry', ... (359 bytes))
1785216052: Received PUBLISH from resq-firmware-sim-M01-ms47dwmn (d0, q0, r0, m0, 'resq/M01/telemetry', ... (360 bytes))
1785216052: Sending PUBLISH to hub-api-live-registry-1785215101795 (d0, q0, r0, m0, 'resq/M01/telemetry', ... (360 bytes))
1785216052: Sending PUBLISH to auto-6ACD9D50-CC23-D650-1C30-09359F29B280 (d0, q0, r0, m0, 'resq/M01/telemetry', ... (360 bytes))
1785216052: Received PUBLISH from resq-firmware-sim-M01-ms47dwmn (d0, q0, r0, m0, 'resq/M01/telemetry', ... (360 bytes))
1785216052: Sending PUBLISH to hub-api-live-registry-1785215101795 (d0, q0, r0, m0, 'resq/M01/telemetry', ... (360 bytes))
1785216052: Sending PUBLISH to auto-6ACD9D50-CC23-D650-1C30-09359F29B280 (d0, q0, r0, m0, 'resq/M01/telemetry', ... (360 bytes))
1785216052: Received PUBLISH from resq-firmware-sim-M01-ms47dwmn (d0, q0, r0, m0, 'resq/M01/heartbeat', ... (221 bytes))
1785216052: Sending PUBLISH to hub-api-live-registry-1785215101795 (d0, q0, r0, m0, 'resq/M01/heartbeat', ... (221 bytes))
1785216052: Sending PUBLISH to auto-6ACD9D50-CC23-D650-1C30-09359F29B280 (d0, q0, r0, m0, 'resq/M01/heartbeat', ... (221 bytes))
1785216052: Received PUBLISH from resq-firmware-sim-M01-ms47dwmn (d0, q0, r0, m0, 'resq/M01/telemetry', ... (360 bytes))
1785216052: Sending PUBLISH to hub-api-live-registry-1785215101795 (d0, q0, r0, m0, 'resq/M01/telemetry', ... (360 bytes))
1785216052: Sending PUBLISH to auto-6ACD9D50-CC23-D650-1C30-09359F29B280 (d0, q0, r0, m0, 'resq/M01/telemetry', ... (360 bytes))
1785216053: Received PUBLISH from resq-firmware-sim-M01-ms47dwmn (d0, q0, r0, m0, 'resq/M01/telemetry', ... (359 bytes))
1785216053: Sending PUBLISH to hub-api-live-registry-1785215101795 (d0, q0, r0, m0, 'resq/M01/telemetry', ... (359 bytes))
1785216053: Sending PUBLISH to auto-6ACD9D50-CC23-D650-1C30-09359F29B280 (d0, q0, r0, m0, 'resq/M01/telemetry', ... (359 bytes))
1785216053: Received PUBLISH from resq-firmware-sim-M01-ms47dwmn (d0, q0, r0, m0, 'resq/M01/telemetry', ... (359 bytes))
1785216053: Sending PUBLISH to hub-api-live-registry-1785215101795 (d0, q0, r0, m0, 'resq/M01/telemetry', ... (359 bytes))
1785216053: Sending PUBLISH to auto-6ACD9D50-CC23-D650-1C30-09359F29B280 (d0, q0, r0, m0, 'resq/M01/telemetry', ... (359 bytes))
1785216053: Received PUBLISH from resq-firmware-sim-M01-ms47dwmn (d0, q0, r0, m0, 'resq/M01/telemetry', ... (359 bytes))
1785216053: Sending PUBLISH to hub-api-live-registry-1785215101795 (d0, q0, r0, m0, 'resq/M01/telemetry', ... (359 bytes))
1785216053: Sending PUBLISH to auto-6ACD9D50-CC23-D650-1C30-09359F29B280 (d0, q0, r0, m0, 'resq/M01/telemetry', ... (359 bytes))
1785216053: Received PUBLISH from resq-firmware-sim-M01-ms47dwmn (d0, q0, r0, m0, 'resq/M01/heartbeat', ... (221 bytes))
1785216053: Sending PUBLISH to hub-api-live-registry-1785215101795 (d0, q0, r0, m0, 'resq/M01/heartbeat', ... (221 bytes))
1785216053: Sending PUBLISH to auto-6ACD9D50-CC23-D650-1C30-09359F29B280 (d0, q0, r0, m0, 'resq/M01/heartbeat', ... (221 bytes))
1785216054: Received PUBLISH from resq-firmware-sim-M01-ms47dwmn (d0, q0, r0, m0, 'resq/M01/telemetry', ... (359 bytes))
1785216054: Sending PUBLISH to hub-api-live-registry-1785215101795 (d0, q0, r0, m0, 'resq/M01/telemetry', ... (359 bytes))
1785216054: Sending PUBLISH to auto-6ACD9D50-CC23-D650-1C30-09359F29B280 (d0, q0, r0, m0, 'resq/M01/telemetry', ... (359 bytes))
1785216054: Received PUBLISH from resq-firmware-sim-M01-ms47dwmn (d0, q0, r0, m0, 'resq/M01/telemetry', ... (359 bytes))
1785216054: Sending PUBLISH to hub-api-live-registry-1785215101795 (d0, q0, r0, m0, 'resq/M01/telemetry', ... (359 bytes))
1785216054: Sending PUBLISH to auto-6ACD9D50-CC23-D650-1C30-09359F29B280 (d0, q0, r0, m0, 'resq/M01/telemetry', ... (359 bytes))
1785216054: Received PUBLISH from resq-firmware-sim-M01-ms47dwmn (d0, q0, r0, m0, 'resq/M01/telemetry', ... (359 bytes))
1785216054: Sending PUBLISH to hub-api-live-registry-1785215101795 (d0, q0, r0, m0, 'resq/M01/telemetry', ... (359 bytes))
1785216054: Sending PUBLISH to auto-6ACD9D50-CC23-D650-1C30-09359F29B280 (d0, q0, r0, m0, 'resq/M01/telemetry', ... (359 bytes))
1785216055: Received PUBLISH from resq-firmware-sim-M01-ms47dwmn (d0, q0, r0, m0, 'resq/M01/telemetry', ... (360 bytes))
1785216055: Sending PUBLISH to hub-api-live-registry-1785215101795 (d0, q0, r0, m0, 'resq/M01/telemetry', ... (360 bytes))
1785216055: Sending PUBLISH to auto-6ACD9D50-CC23-D650-1C30-09359F29B280 (d0, q0, r0, m0, 'resq/M01/telemetry', ... (360 bytes))
1785216055: Received PUBLISH from resq-firmware-sim-M01-ms47dwmn (d0, q0, r0, m0, 'resq/M01/heartbeat', ... (221 bytes))
1785216055: Sending PUBLISH to hub-api-live-registry-1785215101795 (d0, q0, r0, m0, 'resq/M01/heartbeat', ... (221 bytes))
1785216055: Sending PUBLISH to auto-6ACD9D50-CC23-D650-1C30-09359F29B280 (d0, q0, r0, m0, 'resq/M01/heartbeat', ... (221 bytes))
1785216055: Received PUBLISH from resq-firmware-sim-M01-ms47dwmn (d0, q0, r0, m0, 'resq/M01/telemetry', ... (359 bytes))
1785216055: Sending PUBLISH to hub-api-live-registry-1785215101795 (d0, q0, r0, m0, 'resq/M01/telemetry', ... (359 bytes))
1785216055: Sending PUBLISH to auto-6ACD9D50-CC23-D650-1C30-09359F29B280 (d0, q0, r0, m0, 'resq/M01/telemetry', ... (359 bytes))
1785216055: Received PUBLISH from resq-firmware-sim-M01-ms47dwmn (d0, q0, r0, m0, 'resq/M01/telemetry', ... (360 bytes))
1785216055: Sending PUBLISH to hub-api-live-registry-1785215101795 (d0, q0, r0, m0, 'resq/M01/telemetry', ... (360 bytes))
1785216055: Sending PUBLISH to auto-6ACD9D50-CC23-D650-1C30-09359F29B280 (d0, q0, r0, m0, 'resq/M01/telemetry', ... (360 bytes))
1785216055: Received PUBLISH from resq-firmware-sim-M01-ms47dwmn (d0, q0, r0, m0, 'resq/M01/telemetry', ... (359 bytes))
1785216055: Sending PUBLISH to hub-api-live-registry-1785215101795 (d0, q0, r0, m0, 'resq/M01/telemetry', ... (359 bytes))
1785216055: Sending PUBLISH to auto-6ACD9D50-CC23-D650-1C30-09359F29B280 (d0, q0, r0, m0, 'resq/M01/telemetry', ... (359 bytes))
1785216056: Received PUBLISH from resq-firmware-sim-M01-ms47dwmn (d0, q0, r0, m0, 'resq/M01/telemetry', ... (359 bytes))
1785216056: Sending PUBLISH to hub-api-live-registry-1785215101795 (d0, q0, r0, m0, 'resq/M01/telemetry', ... (359 bytes))
1785216056: Sending PUBLISH to auto-6ACD9D50-CC23-D650-1C30-09359F29B280 (d0, q0, r0, m0, 'resq/M01/telemetry', ... (359 bytes))
1785216056: Received PUBLISH from resq-firmware-sim-M01-ms47dwmn (d0, q0, r0, m0, 'resq/M01/heartbeat', ... (221 bytes))
1785216056: Sending PUBLISH to hub-api-live-registry-1785215101795 (d0, q0, r0, m0, 'resq/M01/heartbeat', ... (221 bytes))
1785216056: Sending PUBLISH to auto-6ACD9D50-CC23-D650-1C30-09359F29B280 (d0, q0, r0, m0, 'resq/M01/heartbeat', ... (221 bytes))
1785216056: Received PUBLISH from resq-firmware-sim-M01-ms47dwmn (d0, q0, r0, m0, 'resq/M01/telemetry', ... (359 bytes))
1785216056: Sending PUBLISH to hub-api-live-registry-1785215101795 (d0, q0, r0, m0, 'resq/M01/telemetry', ... (359 bytes))
1785216056: Sending PUBLISH to auto-6ACD9D50-CC23-D650-1C30-09359F29B280 (d0, q0, r0, m0, 'resq/M01/telemetry', ... (359 bytes))
1785216056: Received PUBLISH from resq-firmware-sim-M01-ms47dwmn (d0, q0, r0, m0, 'resq/M01/telemetry', ... (359 bytes))
1785216056: Sending PUBLISH to hub-api-live-registry-1785215101795 (d0, q0, r0, m0, 'resq/M01/telemetry', ... (359 bytes))
1785216056: Sending PUBLISH to auto-6ACD9D50-CC23-D650-1C30-09359F29B280 (d0, q0, r0, m0, 'resq/M01/telemetry', ... (359 bytes))
1785216056: Received PUBLISH from resq-firmware-sim-M01-ms47dwmn (d0, q0, r0, m0, 'resq/M01/telemetry', ... (359 bytes))
1785216056: Sending PUBLISH to hub-api-live-registry-1785215101795 (d0, q0, r0, m0, 'resq/M01/telemetry', ... (359 bytes))
1785216056: Sending PUBLISH to auto-6ACD9D50-CC23-D650-1C30-09359F29B280 (d0, q0, r0, m0, 'resq/M01/telemetry', ... (359 bytes))
1785216057: Received PUBLISH from resq-firmware-sim-M01-ms47dwmn (d0, q0, r0, m0, 'resq/M01/telemetry', ... (359 bytes))
1785216057: Sending PUBLISH to hub-api-live-registry-1785215101795 (d0, q0, r0, m0, 'resq/M01/telemetry', ... (359 bytes))
1785216057: Sending PUBLISH to auto-6ACD9D50-CC23-D650-1C30-09359F29B280 (d0, q0, r0, m0, 'resq/M01/telemetry', ... (359 bytes))
1785216057: Received PUBLISH from resq-firmware-sim-M01-ms47dwmn (d0, q0, r0, m0, 'resq/M01/heartbeat', ... (221 bytes))
1785216057: Sending PUBLISH to hub-api-live-registry-1785215101795 (d0, q0, r0, m0, 'resq/M01/heartbeat', ... (221 bytes))
1785216057: Sending PUBLISH to auto-6ACD9D50-CC23-D650-1C30-09359F29B280 (d0, q0, r0, m0, 'resq/M01/heartbeat', ... (221 bytes))
1785216057: Received PUBLISH from resq-firmware-sim-M01-ms47dwmn (d0, q0, r0, m0, 'resq/M01/telemetry', ... (360 bytes))
1785216057: Sending PUBLISH to hub-api-live-registry-1785215101795 (d0, q0, r0, m0, 'resq/M01/telemetry', ... (360 bytes))
1785216057: Sending PUBLISH to auto-6ACD9D50-CC23-D650-1C30-09359F29B280 (d0, q0, r0, m0, 'resq/M01/telemetry', ... (360 bytes))
1785216057: Received PUBLISH from resq-firmware-sim-M01-ms47dwmn (d0, q0, r0, m0, 'resq/M01/telemetry', ... (360 bytes))
1785216057: Sending PUBLISH to hub-api-live-registry-1785215101795 (d0, q0, r0, m0, 'resq/M01/telemetry', ... (360 bytes))
1785216057: Sending PUBLISH to auto-6ACD9D50-CC23-D650-1C30-09359F29B280 (d0, q0, r0, m0, 'resq/M01/telemetry', ... (360 bytes))
1785216057: Received PUBLISH from resq-firmware-sim-M01-ms47dwmn (d0, q0, r0, m0, 'resq/M01/telemetry', ... (360 bytes))
1785216057: Sending PUBLISH to hub-api-live-registry-1785215101795 (d0, q0, r0, m0, 'resq/M01/telemetry', ... (360 bytes))
1785216057: Sending PUBLISH to auto-6ACD9D50-CC23-D650-1C30-09359F29B280 (d0, q0, r0, m0, 'resq/M01/telemetry', ... (360 bytes))
1785216058: Received PUBLISH from resq-firmware-sim-M01-ms47dwmn (d0, q0, r0, m0, 'resq/M01/heartbeat', ... (221 bytes))
1785216058: Sending PUBLISH to hub-api-live-registry-1785215101795 (d0, q0, r0, m0, 'resq/M01/heartbeat', ... (221 bytes))
1785216058: Sending PUBLISH to auto-6ACD9D50-CC23-D650-1C30-09359F29B280 (d0, q0, r0, m0, 'resq/M01/heartbeat', ... (221 bytes))
1785216058: Received PUBLISH from resq-firmware-sim-M01-ms47dwmn (d0, q0, r0, m0, 'resq/M01/telemetry', ... (360 bytes))
1785216058: Sending PUBLISH to hub-api-live-registry-1785215101795 (d0, q0, r0, m0, 'resq/M01/telemetry', ... (360 bytes))
1785216058: Sending PUBLISH to auto-6ACD9D50-CC23-D650-1C30-09359F29B280 (d0, q0, r0, m0, 'resq/M01/telemetry', ... (360 bytes))
1785216058: Received PUBLISH from resq-firmware-sim-M01-ms47dwmn (d0, q0, r0, m0, 'resq/M01/telemetry', ... (359 bytes))
1785216058: Sending PUBLISH to hub-api-live-registry-1785215101795 (d0, q0, r0, m0, 'resq/M01/telemetry', ... (359 bytes))
1785216058: Sending PUBLISH to auto-6ACD9D50-CC23-D650-1C30-09359F29B280 (d0, q0, r0, m0, 'resq/M01/telemetry', ... (359 bytes))
1785216058: Received PUBLISH from resq-firmware-sim-M01-ms47dwmn (d0, q0, r0, m0, 'resq/M01/telemetry', ... (359 bytes))
1785216058: Sending PUBLISH to hub-api-live-registry-1785215101795 (d0, q0, r0, m0, 'resq/M01/telemetry', ... (359 bytes))
1785216058: Sending PUBLISH to auto-6ACD9D50-CC23-D650-1C30-09359F29B280 (d0, q0, r0, m0, 'resq/M01/telemetry', ... (359 bytes))
1785216059: Received PUBLISH from resq-firmware-sim-M01-ms47dwmn (d0, q0, r0, m0, 'resq/M01/telemetry', ... (359 bytes))
1785216059: Sending PUBLISH to hub-api-live-registry-1785215101795 (d0, q0, r0, m0, 'resq/M01/telemetry', ... (359 bytes))
1785216059: Sending PUBLISH to auto-6ACD9D50-CC23-D650-1C30-09359F29B280 (d0, q0, r0, m0, 'resq/M01/telemetry', ... (359 bytes))
1785216059: Received PUBLISH from resq-firmware-sim-M01-ms47dwmn (d0, q0, r0, m0, 'resq/M01/heartbeat', ... (221 bytes))
1785216059: Sending PUBLISH to hub-api-live-registry-1785215101795 (d0, q0, r0, m0, 'resq/M01/heartbeat', ... (221 bytes))
1785216059: Sending PUBLISH to auto-6ACD9D50-CC23-D650-1C30-09359F29B280 (d0, q0, r0, m0, 'resq/M01/heartbeat', ... (221 bytes))
1785216059: Received PUBLISH from resq-firmware-sim-M01-ms47dwmn (d0, q0, r0, m0, 'resq/M01/telemetry', ... (359 bytes))
1785216059: Sending PUBLISH to hub-api-live-registry-1785215101795 (d0, q0, r0, m0, 'resq/M01/telemetry', ... (359 bytes))
1785216059: Sending PUBLISH to auto-6ACD9D50-CC23-D650-1C30-09359F29B280 (d0, q0, r0, m0, 'resq/M01/telemetry', ... (359 bytes))
1785216059: Received PUBLISH from resq-firmware-sim-M01-ms47dwmn (d0, q0, r0, m0, 'resq/M01/telemetry', ... (359 bytes))
1785216059: Sending PUBLISH to hub-api-live-registry-1785215101795 (d0, q0, r0, m0, 'resq/M01/telemetry', ... (359 bytes))
1785216059: Sending PUBLISH to auto-6ACD9D50-CC23-D650-1C30-09359F29B280 (d0, q0, r0, m0, 'resq/M01/telemetry', ... (359 bytes))
1785216060: Received PUBLISH from resq-firmware-sim-M01-ms47dwmn (d0, q0, r0, m0, 'resq/M01/telemetry', ... (359 bytes))
1785216060: Sending PUBLISH to hub-api-live-registry-1785215101795 (d0, q0, r0, m0, 'resq/M01/telemetry', ... (359 bytes))
1785216060: Sending PUBLISH to auto-6ACD9D50-CC23-D650-1C30-09359F29B280 (d0, q0, r0, m0, 'resq/M01/telemetry', ... (359 bytes))
1785216060: Received PUBLISH from resq-firmware-sim-M01-ms47dwmn (d0, q0, r0, m0, 'resq/M01/telemetry', ... (360 bytes))
1785216060: Sending PUBLISH to hub-api-live-registry-1785215101795 (d0, q0, r0, m0, 'resq/M01/telemetry', ... (360 bytes))
1785216060: Sending PUBLISH to auto-6ACD9D50-CC23-D650-1C30-09359F29B280 (d0, q0, r0, m0, 'resq/M01/telemetry', ... (360 bytes))
1785216060: Received PUBLISH from resq-firmware-sim-M01-ms47dwmn (d0, q0, r0, m0, 'resq/M01/heartbeat', ... (221 bytes))
1785216060: Sending PUBLISH to hub-api-live-registry-1785215101795 (d0, q0, r0, m0, 'resq/M01/heartbeat', ... (221 bytes))
1785216060: Sending PUBLISH to auto-6ACD9D50-CC23-D650-1C30-09359F29B280 (d0, q0, r0, m0, 'resq/M01/heartbeat', ... (221 bytes))
1785216060: Received PUBLISH from resq-firmware-sim-M01-ms47dwmn (d0, q0, r0, m0, 'resq/M01/telemetry', ... (360 bytes))
1785216060: Sending PUBLISH to hub-api-live-registry-1785215101795 (d0, q0, r0, m0, 'resq/M01/telemetry', ... (360 bytes))
1785216060: Sending PUBLISH to auto-6ACD9D50-CC23-D650-1C30-09359F29B280 (d0, q0, r0, m0, 'resq/M01/telemetry', ... (360 bytes))
1785216060: Received PUBLISH from resq-firmware-sim-M01-ms47dwmn (d0, q0, r0, m0, 'resq/M01/telemetry', ... (360 bytes))
1785216060: Sending PUBLISH to hub-api-live-registry-1785215101795 (d0, q0, r0, m0, 'resq/M01/telemetry', ... (360 bytes))
1785216060: Sending PUBLISH to auto-6ACD9D50-CC23-D650-1C30-09359F29B280 (d0, q0, r0, m0, 'resq/M01/telemetry', ... (360 bytes))
1785216061: Received PUBLISH from resq-firmware-sim-M01-ms47dwmn (d0, q0, r0, m0, 'resq/M01/telemetry', ... (359 bytes))
1785216061: Sending PUBLISH to hub-api-live-registry-1785215101795 (d0, q0, r0, m0, 'resq/M01/telemetry', ... (359 bytes))
1785216061: Sending PUBLISH to auto-6ACD9D50-CC23-D650-1C30-09359F29B280 (d0, q0, r0, m0, 'resq/M01/telemetry', ... (359 bytes))
1785216061: Received PUBLISH from resq-firmware-sim-M01-ms47dwmn (d0, q0, r0, m0, 'resq/M01/telemetry', ... (359 bytes))
1785216061: Sending PUBLISH to hub-api-live-registry-1785215101795 (d0, q0, r0, m0, 'resq/M01/telemetry', ... (359 bytes))
1785216061: Sending PUBLISH to auto-6ACD9D50-CC23-D650-1C30-09359F29B280 (d0, q0, r0, m0, 'resq/M01/telemetry', ... (359 bytes))
1785216061: Received PUBLISH from resq-firmware-sim-M01-ms47dwmn (d0, q0, r0, m0, 'resq/M01/heartbeat', ... (221 bytes))
1785216061: Sending PUBLISH to hub-api-live-registry-1785215101795 (d0, q0, r0, m0, 'resq/M01/heartbeat', ... (221 bytes))
1785216061: Sending PUBLISH to auto-6ACD9D50-CC23-D650-1C30-09359F29B280 (d0, q0, r0, m0, 'resq/M01/heartbeat', ... (221 bytes))
1785216061: Received PUBLISH from resq-firmware-sim-M01-ms47dwmn (d0, q0, r0, m0, 'resq/M01/telemetry', ... (359 bytes))
1785216061: Sending PUBLISH to hub-api-live-registry-1785215101795 (d0, q0, r0, m0, 'resq/M01/telemetry', ... (359 bytes))
1785216061: Sending PUBLISH to auto-6ACD9D50-CC23-D650-1C30-09359F29B280 (d0, q0, r0, m0, 'resq/M01/telemetry', ... (359 bytes))
1785216061: Received PUBLISH from resq-firmware-sim-M01-ms47dwmn (d0, q0, r0, m0, 'resq/M01/telemetry', ... (359 bytes))
1785216061: Sending PUBLISH to hub-api-live-registry-1785215101795 (d0, q0, r0, m0, 'resq/M01/telemetry', ... (359 bytes))
1785216061: Sending PUBLISH to auto-6ACD9D50-CC23-D650-1C30-09359F29B280 (d0, q0, r0, m0, 'resq/M01/telemetry', ... (359 bytes))
1785216062: Received PUBLISH from resq-firmware-sim-M01-ms47dwmn (d0, q0, r0, m0, 'resq/M01/telemetry', ... (359 bytes))
1785216062: Sending PUBLISH to hub-api-live-registry-1785215101795 (d0, q0, r0, m0, 'resq/M01/telemetry', ... (359 bytes))
1785216062: Sending PUBLISH to auto-6ACD9D50-CC23-D650-1C30-09359F29B280 (d0, q0, r0, m0, 'resq/M01/telemetry', ... (359 bytes))
1785216062: Received PINGREQ from hub-api-session-commands-1785215101465
1785216062: Sending PINGRESP to hub-api-session-commands-1785215101465
1785216062: Received PUBLISH from resq-firmware-sim-M01-ms47dwmn (d0, q0, r0, m0, 'resq/M01/telemetry', ... (359 bytes))
1785216062: Sending PUBLISH to hub-api-live-registry-1785215101795 (d0, q0, r0, m0, 'resq/M01/telemetry', ... (359 bytes))
1785216062: Sending PUBLISH to auto-6ACD9D50-CC23-D650-1C30-09359F29B280 (d0, q0, r0, m0, 'resq/M01/telemetry', ... (359 bytes))
1785216062: Received PINGREQ from hub-api-live-registry-1785215101795
1785216062: Sending PINGRESP to hub-api-live-registry-1785215101795
1785216062: Received PUBLISH from resq-firmware-sim-M01-ms47dwmn (d0, q0, r0, m0, 'resq/M01/heartbeat', ... (221 bytes))
1785216062: Sending PUBLISH to hub-api-live-registry-1785215101795 (d0, q0, r0, m0, 'resq/M01/heartbeat', ... (221 bytes))
1785216062: Sending PUBLISH to auto-6ACD9D50-CC23-D650-1C30-09359F29B280 (d0, q0, r0, m0, 'resq/M01/heartbeat', ... (221 bytes))
1785216062: Received PUBLISH from resq-firmware-sim-M01-ms47dwmn (d0, q0, r0, m0, 'resq/M01/telemetry', ... (360 bytes))
1785216062: Sending PUBLISH to hub-api-live-registry-1785215101795 (d0, q0, r0, m0, 'resq/M01/telemetry', ... (360 bytes))
1785216062: Sending PUBLISH to auto-6ACD9D50-CC23-D650-1C30-09359F29B280 (d0, q0, r0, m0, 'resq/M01/telemetry', ... (360 bytes))
1785216063: Received PUBLISH from resq-firmware-sim-M01-ms47dwmn (d0, q0, r0, m0, 'resq/M01/telemetry', ... (360 bytes))
1785216063: Sending PUBLISH to hub-api-live-registry-1785215101795 (d0, q0, r0, m0, 'resq/M01/telemetry', ... (360 bytes))
1785216063: Sending PUBLISH to auto-6ACD9D50-CC23-D650-1C30-09359F29B280 (d0, q0, r0, m0, 'resq/M01/telemetry', ... (360 bytes))
1785216063: Received PUBLISH from resq-firmware-sim-M01-ms47dwmn (d0, q0, r0, m0, 'resq/M01/telemetry', ... (360 bytes))
1785216063: Sending PUBLISH to hub-api-live-registry-1785215101795 (d0, q0, r0, m0, 'resq/M01/telemetry', ... (360 bytes))
1785216063: Sending PUBLISH to auto-6ACD9D50-CC23-D650-1C30-09359F29B280 (d0, q0, r0, m0, 'resq/M01/telemetry', ... (360 bytes))
1785216063: Received PUBLISH from resq-firmware-sim-M01-ms47dwmn (d0, q0, r0, m0, 'resq/M01/heartbeat', ... (221 bytes))
1785216063: Sending PUBLISH to hub-api-live-registry-1785215101795 (d0, q0, r0, m0, 'resq/M01/heartbeat', ... (221 bytes))
1785216063: Sending PUBLISH to auto-6ACD9D50-CC23-D650-1C30-09359F29B280 (d0, q0, r0, m0, 'resq/M01/heartbeat', ... (221 bytes))
1785216063: Received PUBLISH from resq-firmware-sim-M01-ms47dwmn (d0, q0, r0, m0, 'resq/M01/telemetry', ... (360 bytes))
1785216063: Sending PUBLISH to hub-api-live-registry-1785215101795 (d0, q0, r0, m0, 'resq/M01/telemetry', ... (360 bytes))
1785216063: Sending PUBLISH to auto-6ACD9D50-CC23-D650-1C30-09359F29B280 (d0, q0, r0, m0, 'resq/M01/telemetry', ... (360 bytes))
1785216064: Received PUBLISH from resq-firmware-sim-M01-ms47dwmn (d0, q0, r0, m0, 'resq/M01/telemetry', ... (359 bytes))
1785216064: Sending PUBLISH to hub-api-live-registry-1785215101795 (d0, q0, r0, m0, 'resq/M01/telemetry', ... (359 bytes))
1785216064: Sending PUBLISH to auto-6ACD9D50-CC23-D650-1C30-09359F29B280 (d0, q0, r0, m0, 'resq/M01/telemetry', ... (359 bytes))
1785216064: Received PUBLISH from resq-firmware-sim-M01-ms47dwmn (d0, q0, r0, m0, 'resq/M01/telemetry', ... (359 bytes))
1785216064: Sending PUBLISH to hub-api-live-registry-1785215101795 (d0, q0, r0, m0, 'resq/M01/telemetry', ... (359 bytes))
1785216064: Sending PUBLISH to auto-6ACD9D50-CC23-D650-1C30-09359F29B280 (d0, q0, r0, m0, 'resq/M01/telemetry', ... (359 bytes))
1785216064: Received PUBLISH from resq-firmware-sim-M01-ms47dwmn (d0, q0, r0, m0, 'resq/M01/telemetry', ... (359 bytes))
1785216064: Sending PUBLISH to hub-api-live-registry-1785215101795 (d0, q0, r0, m0, 'resq/M01/telemetry', ... (359 bytes))
1785216064: Sending PUBLISH to auto-6ACD9D50-CC23-D650-1C30-09359F29B280 (d0, q0, r0, m0, 'resq/M01/telemetry', ... (359 bytes))
1785216064: Received PUBLISH from resq-firmware-sim-M01-ms47dwmn (d0, q0, r0, m0, 'resq/M01/heartbeat', ... (221 bytes))
1785216064: Sending PUBLISH to hub-api-live-registry-1785215101795 (d0, q0, r0, m0, 'resq/M01/heartbeat', ... (221 bytes))
1785216064: Sending PUBLISH to auto-6ACD9D50-CC23-D650-1C30-09359F29B280 (d0, q0, r0, m0, 'resq/M01/heartbeat', ... (221 bytes))
1785216064: Received PUBLISH from resq-firmware-sim-M01-ms47dwmn (d0, q0, r0, m0, 'resq/M01/telemetry', ... (359 bytes))
1785216064: Sending PUBLISH to hub-api-live-registry-1785215101795 (d0, q0, r0, m0, 'resq/M01/telemetry', ... (359 bytes))
1785216064: Sending PUBLISH to auto-6ACD9D50-CC23-D650-1C30-09359F29B280 (d0, q0, r0, m0, 'resq/M01/telemetry', ... (359 bytes))
1785216065: Received PUBLISH from resq-firmware-sim-M01-ms47dwmn (d0, q0, r0, m0, 'resq/M01/telemetry', ... (359 bytes))
1785216065: Sending PUBLISH to hub-api-live-registry-1785215101795 (d0, q0, r0, m0, 'resq/M01/telemetry', ... (359 bytes))
1785216065: Sending PUBLISH to auto-6ACD9D50-CC23-D650-1C30-09359F29B280 (d0, q0, r0, m0, 'resq/M01/telemetry', ... (359 bytes))
1785216065: Received PUBLISH from resq-firmware-sim-M01-ms47dwmn (d0, q0, r0, m0, 'resq/M01/telemetry', ... (359 bytes))
1785216065: Sending PUBLISH to hub-api-live-registry-1785215101795 (d0, q0, r0, m0, 'resq/M01/telemetry', ... (359 bytes))
1785216065: Sending PUBLISH to auto-6ACD9D50-CC23-D650-1C30-09359F29B280 (d0, q0, r0, m0, 'resq/M01/telemetry', ... (359 bytes))
1785216065: Received PUBLISH from resq-firmware-sim-M01-ms47dwmn (d0, q0, r0, m0, 'resq/M01/telemetry', ... (360 bytes))
1785216065: Sending PUBLISH to hub-api-live-registry-1785215101795 (d0, q0, r0, m0, 'resq/M01/telemetry', ... (360 bytes))
1785216065: Sending PUBLISH to auto-6ACD9D50-CC23-D650-1C30-09359F29B280 (d0, q0, r0, m0, 'resq/M01/telemetry', ... (360 bytes))
1785216066: Received PUBLISH from resq-firmware-sim-M01-ms47dwmn (d0, q0, r0, m0, 'resq/M01/heartbeat', ... (221 bytes))
1785216066: Sending PUBLISH to hub-api-live-registry-1785215101795 (d0, q0, r0, m0, 'resq/M01/heartbeat', ... (221 bytes))
1785216066: Sending PUBLISH to auto-6ACD9D50-CC23-D650-1C30-09359F29B280 (d0, q0, r0, m0, 'resq/M01/heartbeat', ... (221 bytes))
1785216066: Received PUBLISH from resq-firmware-sim-M01-ms47dwmn (d0, q0, r0, m0, 'resq/M01/telemetry', ... (360 bytes))
1785216066: Sending PUBLISH to hub-api-live-registry-1785215101795 (d0, q0, r0, m0, 'resq/M01/telemetry', ... (360 bytes))
1785216066: Sending PUBLISH to auto-6ACD9D50-CC23-D650-1C30-09359F29B280 (d0, q0, r0, m0, 'resq/M01/telemetry', ... (360 bytes))
1785216066: Received PUBLISH from resq-firmware-sim-M01-ms47dwmn (d0, q0, r0, m0, 'resq/M01/telemetry', ... (359 bytes))
1785216066: Sending PUBLISH to hub-api-live-registry-1785215101795 (d0, q0, r0, m0, 'resq/M01/telemetry', ... (359 bytes))
1785216066: Sending PUBLISH to auto-6ACD9D50-CC23-D650-1C30-09359F29B280 (d0, q0, r0, m0, 'resq/M01/telemetry', ... (359 bytes))
1785216066: Received PUBLISH from resq-firmware-sim-M01-ms47dwmn (d0, q0, r0, m0, 'resq/M01/telemetry', ... (359 bytes))
1785216066: Sending PUBLISH to hub-api-live-registry-1785215101795 (d0, q0, r0, m0, 'resq/M01/telemetry', ... (359 bytes))
1785216066: Sending PUBLISH to auto-6ACD9D50-CC23-D650-1C30-09359F29B280 (d0, q0, r0, m0, 'resq/M01/telemetry', ... (359 bytes))
1785216067: Received PUBLISH from resq-firmware-sim-M01-ms47dwmn (d0, q0, r0, m0, 'resq/M01/telemetry', ... (359 bytes))
1785216067: Sending PUBLISH to hub-api-live-registry-1785215101795 (d0, q0, r0, m0, 'resq/M01/telemetry', ... (359 bytes))
1785216067: Sending PUBLISH to auto-6ACD9D50-CC23-D650-1C30-09359F29B280 (d0, q0, r0, m0, 'resq/M01/telemetry', ... (359 bytes))
1785216067: Received PUBLISH from resq-firmware-sim-M01-ms47dwmn (d0, q0, r0, m0, 'resq/M01/heartbeat', ... (221 bytes))
1785216067: Sending PUBLISH to hub-api-live-registry-1785215101795 (d0, q0, r0, m0, 'resq/M01/heartbeat', ... (221 bytes))
1785216067: Sending PUBLISH to auto-6ACD9D50-CC23-D650-1C30-09359F29B280 (d0, q0, r0, m0, 'resq/M01/heartbeat', ... (221 bytes))
1785216067: Received PUBLISH from resq-firmware-sim-M01-ms47dwmn (d0, q0, r0, m0, 'resq/M01/telemetry', ... (359 bytes))
1785216067: Sending PUBLISH to hub-api-live-registry-1785215101795 (d0, q0, r0, m0, 'resq/M01/telemetry', ... (359 bytes))
1785216067: Sending PUBLISH to auto-6ACD9D50-CC23-D650-1C30-09359F29B280 (d0, q0, r0, m0, 'resq/M01/telemetry', ... (359 bytes))
1785216069: Received PUBLISH from resq-firmware-sim-M01-ms47dwmn (d0, q0, r0, m0, 'resq/M01/telemetry', ... (359 bytes))
1785216069: Sending PUBLISH to hub-api-live-registry-1785215101795 (d0, q0, r0, m0, 'resq/M01/telemetry', ... (359 bytes))
1785216069: Sending PUBLISH to auto-6ACD9D50-CC23-D650-1C30-09359F29B280 (d0, q0, r0, m0, 'resq/M01/telemetry', ... (359 bytes))
1785216069: Received PUBLISH from resq-firmware-sim-M01-ms47dwmn (d0, q0, r0, m0, 'resq/M01/heartbeat', ... (221 bytes))
1785216069: Sending PUBLISH to hub-api-live-registry-1785215101795 (d0, q0, r0, m0, 'resq/M01/heartbeat', ... (221 bytes))
1785216069: Sending PUBLISH to auto-6ACD9D50-CC23-D650-1C30-09359F29B280 (d0, q0, r0, m0, 'resq/M01/heartbeat', ... (221 bytes))
1785216070: Received PUBLISH from resq-firmware-sim-M01-ms47dwmn (d0, q0, r0, m0, 'resq/M01/telemetry', ... (359 bytes))
1785216070: Sending PUBLISH to hub-api-live-registry-1785215101795 (d0, q0, r0, m0, 'resq/M01/telemetry', ... (359 bytes))
1785216070: Sending PUBLISH to auto-6ACD9D50-CC23-D650-1C30-09359F29B280 (d0, q0, r0, m0, 'resq/M01/telemetry', ... (359 bytes))
1785216070: Received PUBLISH from resq-firmware-sim-M01-ms47dwmn (d0, q0, r0, m0, 'resq/M01/heartbeat', ... (221 bytes))
1785216070: Sending PUBLISH to hub-api-live-registry-1785215101795 (d0, q0, r0, m0, 'resq/M01/heartbeat', ... (221 bytes))
1785216070: Sending PUBLISH to auto-6ACD9D50-CC23-D650-1C30-09359F29B280 (d0, q0, r0, m0, 'resq/M01/heartbeat', ... (221 bytes))
1785216070: Received PUBLISH from resq-firmware-sim-M01-ms47dwmn (d0, q0, r0, m0, 'resq/M01/telemetry', ... (359 bytes))
1785216070: Sending PUBLISH to hub-api-live-registry-1785215101795 (d0, q0, r0, m0, 'resq/M01/telemetry', ... (359 bytes))
1785216070: Sending PUBLISH to auto-6ACD9D50-CC23-D650-1C30-09359F29B280 (d0, q0, r0, m0, 'resq/M01/telemetry', ... (359 bytes))
1785216070: Received PUBLISH from resq-firmware-sim-M01-ms47dwmn (d0, q0, r0, m0, 'resq/M01/telemetry', ... (360 bytes))
1785216070: Sending PUBLISH to hub-api-live-registry-1785215101795 (d0, q0, r0, m0, 'resq/M01/telemetry', ... (360 bytes))
1785216070: Sending PUBLISH to auto-6ACD9D50-CC23-D650-1C30-09359F29B280 (d0, q0, r0, m0, 'resq/M01/telemetry', ... (360 bytes))
1785216070: Received PUBLISH from resq-firmware-sim-M01-ms47dwmn (d0, q0, r0, m0, 'resq/M01/telemetry', ... (360 bytes))
1785216070: Sending PUBLISH to hub-api-live-registry-1785215101795 (d0, q0, r0, m0, 'resq/M01/telemetry', ... (360 bytes))
1785216070: Sending PUBLISH to auto-6ACD9D50-CC23-D650-1C30-09359F29B280 (d0, q0, r0, m0, 'resq/M01/telemetry', ... (360 bytes))
1785216071: Received PUBLISH from resq-firmware-sim-M01-ms47dwmn (d0, q0, r0, m0, 'resq/M01/telemetry', ... (359 bytes))
1785216071: Sending PUBLISH to hub-api-live-registry-1785215101795 (d0, q0, r0, m0, 'resq/M01/telemetry', ... (359 bytes))
1785216071: Sending PUBLISH to auto-6ACD9D50-CC23-D650-1C30-09359F29B280 (d0, q0, r0, m0, 'resq/M01/telemetry', ... (359 bytes))
1785216071: Received PUBLISH from resq-firmware-sim-M01-ms47dwmn (d0, q0, r0, m0, 'resq/M01/heartbeat', ... (221 bytes))
1785216071: Sending PUBLISH to hub-api-live-registry-1785215101795 (d0, q0, r0, m0, 'resq/M01/heartbeat', ... (221 bytes))
1785216071: Sending PUBLISH to auto-6ACD9D50-CC23-D650-1C30-09359F29B280 (d0, q0, r0, m0, 'resq/M01/heartbeat', ... (221 bytes))
1785216071: Received PUBLISH from resq-firmware-sim-M01-ms47dwmn (d0, q0, r0, m0, 'resq/M01/telemetry', ... (359 bytes))
1785216071: Sending PUBLISH to hub-api-live-registry-1785215101795 (d0, q0, r0, m0, 'resq/M01/telemetry', ... (359 bytes))
1785216071: Sending PUBLISH to auto-6ACD9D50-CC23-D650-1C30-09359F29B280 (d0, q0, r0, m0, 'resq/M01/telemetry', ... (359 bytes))
1785216071: Received PUBLISH from resq-firmware-sim-M01-ms47dwmn (d0, q0, r0, m0, 'resq/M01/telemetry', ... (359 bytes))
1785216071: Sending PUBLISH to hub-api-live-registry-1785215101795 (d0, q0, r0, m0, 'resq/M01/telemetry', ... (359 bytes))
1785216071: Sending PUBLISH to auto-6ACD9D50-CC23-D650-1C30-09359F29B280 (d0, q0, r0, m0, 'resq/M01/telemetry', ... (359 bytes))
1785216072: Received PUBLISH from resq-firmware-sim-M01-ms47dwmn (d0, q0, r0, m0, 'resq/M01/telemetry', ... (358 bytes))
1785216072: Sending PUBLISH to hub-api-live-registry-1785215101795 (d0, q0, r0, m0, 'resq/M01/telemetry', ... (358 bytes))
1785216072: Sending PUBLISH to auto-6ACD9D50-CC23-D650-1C30-09359F29B280 (d0, q0, r0, m0, 'resq/M01/telemetry', ... (358 bytes))
1785216073: Received PUBLISH from resq-firmware-sim-M01-ms47dwmn (d0, q0, r0, m0, 'resq/M01/heartbeat', ... (221 bytes))
1785216073: Sending PUBLISH to hub-api-live-registry-1785215101795 (d0, q0, r0, m0, 'resq/M01/heartbeat', ... (221 bytes))
1785216073: Sending PUBLISH to auto-6ACD9D50-CC23-D650-1C30-09359F29B280 (d0, q0, r0, m0, 'resq/M01/heartbeat', ... (221 bytes))
1785216073: Received PUBLISH from resq-firmware-sim-M01-ms47dwmn (d0, q0, r0, m0, 'resq/M01/telemetry', ... (359 bytes))
1785216073: Sending PUBLISH to hub-api-live-registry-1785215101795 (d0, q0, r0, m0, 'resq/M01/telemetry', ... (359 bytes))
1785216073: Sending PUBLISH to auto-6ACD9D50-CC23-D650-1C30-09359F29B280 (d0, q0, r0, m0, 'resq/M01/telemetry', ... (359 bytes))
1785216074: Received PUBLISH from resq-firmware-sim-M01-ms47dwmn (d0, q0, r0, m0, 'resq/M01/telemetry', ... (358 bytes))
1785216074: Sending PUBLISH to hub-api-live-registry-1785215101795 (d0, q0, r0, m0, 'resq/M01/telemetry', ... (358 bytes))
1785216074: Sending PUBLISH to auto-6ACD9D50-CC23-D650-1C30-09359F29B280 (d0, q0, r0, m0, 'resq/M01/telemetry', ... (358 bytes))
1785216074: Received PUBLISH from resq-firmware-sim-M01-ms47dwmn (d0, q0, r0, m0, 'resq/M01/telemetry', ... (359 bytes))
1785216074: Sending PUBLISH to hub-api-live-registry-1785215101795 (d0, q0, r0, m0, 'resq/M01/telemetry', ... (359 bytes))
1785216074: Sending PUBLISH to auto-6ACD9D50-CC23-D650-1C30-09359F29B280 (d0, q0, r0, m0, 'resq/M01/telemetry', ... (359 bytes))
1785216074: Received PUBLISH from resq-firmware-sim-M01-ms47dwmn (d0, q0, r0, m0, 'resq/M01/heartbeat', ... (221 bytes))
1785216074: Sending PUBLISH to hub-api-live-registry-1785215101795 (d0, q0, r0, m0, 'resq/M01/heartbeat', ... (221 bytes))
1785216074: Sending PUBLISH to auto-6ACD9D50-CC23-D650-1C30-09359F29B280 (d0, q0, r0, m0, 'resq/M01/heartbeat', ... (221 bytes))
1785216074: Received PUBLISH from resq-firmware-sim-M01-ms47dwmn (d0, q0, r0, m0, 'resq/M01/telemetry', ... (359 bytes))
1785216074: Sending PUBLISH to hub-api-live-registry-1785215101795 (d0, q0, r0, m0, 'resq/M01/telemetry', ... (359 bytes))
1785216074: Sending PUBLISH to auto-6ACD9D50-CC23-D650-1C30-09359F29B280 (d0, q0, r0, m0, 'resq/M01/telemetry', ... (359 bytes))
1785216074: Received PUBLISH from resq-firmware-sim-M01-ms47dwmn (d0, q0, r0, m0, 'resq/M01/telemetry', ... (360 bytes))
1785216074: Sending PUBLISH to hub-api-live-registry-1785215101795 (d0, q0, r0, m0, 'resq/M01/telemetry', ... (360 bytes))
1785216074: Sending PUBLISH to auto-6ACD9D50-CC23-D650-1C30-09359F29B280 (d0, q0, r0, m0, 'resq/M01/telemetry', ... (360 bytes))
1785216074: Received PUBLISH from resq-firmware-sim-M01-ms47dwmn (d0, q0, r0, m0, 'resq/M01/telemetry', ... (360 bytes))
1785216074: Sending PUBLISH to hub-api-live-registry-1785215101795 (d0, q0, r0, m0, 'resq/M01/telemetry', ... (360 bytes))
1785216074: Sending PUBLISH to auto-6ACD9D50-CC23-D650-1C30-09359F29B280 (d0, q0, r0, m0, 'resq/M01/telemetry', ... (360 bytes))
1785216075: Received PUBLISH from resq-firmware-sim-M01-ms47dwmn (d0, q0, r0, m0, 'resq/M01/telemetry', ... (360 bytes))
1785216075: Sending PUBLISH to hub-api-live-registry-1785215101795 (d0, q0, r0, m0, 'resq/M01/telemetry', ... (360 bytes))
1785216075: Sending PUBLISH to auto-6ACD9D50-CC23-D650-1C30-09359F29B280 (d0, q0, r0, m0, 'resq/M01/telemetry', ... (360 bytes))
1785216075: Received PUBLISH from resq-firmware-sim-M01-ms47dwmn (d0, q0, r0, m0, 'resq/M01/telemetry', ... (359 bytes))
1785216075: Sending PUBLISH to hub-api-live-registry-1785215101795 (d0, q0, r0, m0, 'resq/M01/telemetry', ... (359 bytes))
1785216075: Sending PUBLISH to auto-6ACD9D50-CC23-D650-1C30-09359F29B280 (d0, q0, r0, m0, 'resq/M01/telemetry', ... (359 bytes))
1785216076: Received PUBLISH from resq-firmware-sim-M01-ms47dwmn (d0, q0, r0, m0, 'resq/M01/heartbeat', ... (221 bytes))
1785216076: Sending PUBLISH to hub-api-live-registry-1785215101795 (d0, q0, r0, m0, 'resq/M01/heartbeat', ... (221 bytes))
1785216076: Sending PUBLISH to auto-6ACD9D50-CC23-D650-1C30-09359F29B280 (d0, q0, r0, m0, 'resq/M01/heartbeat', ... (221 bytes))
1785216076: Received PUBLISH from resq-firmware-sim-M01-ms47dwmn (d0, q0, r0, m0, 'resq/M01/telemetry', ... (359 bytes))
1785216076: Sending PUBLISH to hub-api-live-registry-1785215101795 (d0, q0, r0, m0, 'resq/M01/telemetry', ... (359 bytes))
1785216076: Sending PUBLISH to auto-6ACD9D50-CC23-D650-1C30-09359F29B280 (d0, q0, r0, m0, 'resq/M01/telemetry', ... (359 bytes))
1785216077: Received PUBLISH from resq-firmware-sim-M01-ms47dwmn (d0, q0, r0, m0, 'resq/M01/telemetry', ... (357 bytes))
1785216077: Sending PUBLISH to hub-api-live-registry-1785215101795 (d0, q0, r0, m0, 'resq/M01/telemetry', ... (357 bytes))
1785216077: Sending PUBLISH to auto-6ACD9D50-CC23-D650-1C30-09359F29B280 (d0, q0, r0, m0, 'resq/M01/telemetry', ... (357 bytes))
1785216078: Received PUBLISH from resq-firmware-sim-M01-ms47dwmn (d0, q0, r0, m0, 'resq/M01/heartbeat', ... (221 bytes))
1785216078: Sending PUBLISH to hub-api-live-registry-1785215101795 (d0, q0, r0, m0, 'resq/M01/heartbeat', ... (221 bytes))
1785216078: Sending PUBLISH to auto-6ACD9D50-CC23-D650-1C30-09359F29B280 (d0, q0, r0, m0, 'resq/M01/heartbeat', ... (221 bytes))
1785216078: Received PUBLISH from resq-firmware-sim-M01-ms47dwmn (d0, q0, r0, m0, 'resq/M01/telemetry', ... (357 bytes))
1785216078: Sending PUBLISH to hub-api-live-registry-1785215101795 (d0, q0, r0, m0, 'resq/M01/telemetry', ... (357 bytes))
1785216078: Sending PUBLISH to auto-6ACD9D50-CC23-D650-1C30-09359F29B280 (d0, q0, r0, m0, 'resq/M01/telemetry', ... (357 bytes))
1785216079: Received PUBLISH from resq-firmware-sim-M01-ms47dwmn (d0, q0, r0, m0, 'resq/M01/telemetry', ... (359 bytes))
1785216079: Sending PUBLISH to hub-api-live-registry-1785215101795 (d0, q0, r0, m0, 'resq/M01/telemetry', ... (359 bytes))
1785216079: Sending PUBLISH to auto-6ACD9D50-CC23-D650-1C30-09359F29B280 (d0, q0, r0, m0, 'resq/M01/telemetry', ... (359 bytes))
1785216079: Received PUBLISH from resq-firmware-sim-M01-ms47dwmn (d0, q0, r0, m0, 'resq/M01/heartbeat', ... (221 bytes))
1785216079: Sending PUBLISH to hub-api-live-registry-1785215101795 (d0, q0, r0, m0, 'resq/M01/heartbeat', ... (221 bytes))
1785216079: Sending PUBLISH to auto-6ACD9D50-CC23-D650-1C30-09359F29B280 (d0, q0, r0, m0, 'resq/M01/heartbeat', ... (221 bytes))
1785216081: Received PUBLISH from resq-firmware-sim-M01-ms47dwmn (d0, q0, r0, m0, 'resq/M01/telemetry', ... (359 bytes))
1785216081: Sending PUBLISH to hub-api-live-registry-1785215101795 (d0, q0, r0, m0, 'resq/M01/telemetry', ... (359 bytes))
1785216081: Sending PUBLISH to auto-6ACD9D50-CC23-D650-1C30-09359F29B280 (d0, q0, r0, m0, 'resq/M01/telemetry', ... (359 bytes))
1785216081: Received PUBLISH from resq-firmware-sim-M01-ms47dwmn (d0, q0, r0, m0, 'resq/M01/heartbeat', ... (221 bytes))
1785216081: Sending PUBLISH to hub-api-live-registry-1785215101795 (d0, q0, r0, m0, 'resq/M01/heartbeat', ... (221 bytes))
1785216081: Sending PUBLISH to auto-6ACD9D50-CC23-D650-1C30-09359F29B280 (d0, q0, r0, m0, 'resq/M01/heartbeat', ... (221 bytes))
1785216081: Received PUBLISH from resq-firmware-sim-M01-ms47dwmn (d0, q0, r0, m0, 'resq/M01/telemetry', ... (360 bytes))
1785216081: Sending PUBLISH to hub-api-live-registry-1785215101795 (d0, q0, r0, m0, 'resq/M01/telemetry', ... (360 bytes))
1785216081: Sending PUBLISH to auto-6ACD9D50-CC23-D650-1C30-09359F29B280 (d0, q0, r0, m0, 'resq/M01/telemetry', ... (360 bytes))
1785216081: Received PUBLISH from resq-firmware-sim-M01-ms47dwmn (d0, q0, r0, m0, 'resq/M01/telemetry', ... (358 bytes))
1785216081: Sending PUBLISH to hub-api-live-registry-1785215101795 (d0, q0, r0, m0, 'resq/M01/telemetry', ... (358 bytes))
1785216081: Sending PUBLISH to auto-6ACD9D50-CC23-D650-1C30-09359F29B280 (d0, q0, r0, m0, 'resq/M01/telemetry', ... (358 bytes))
1785216081: Received PUBLISH from resq-firmware-sim-M01-ms47dwmn (d0, q0, r0, m0, 'resq/M01/telemetry', ... (360 bytes))
1785216081: Sending PUBLISH to hub-api-live-registry-1785215101795 (d0, q0, r0, m0, 'resq/M01/telemetry', ... (360 bytes))
1785216081: Sending PUBLISH to auto-6ACD9D50-CC23-D650-1C30-09359F29B280 (d0, q0, r0, m0, 'resq/M01/telemetry', ... (360 bytes))
1785216082: Received PUBLISH from resq-firmware-sim-M01-ms47dwmn (d0, q0, r0, m0, 'resq/M01/telemetry', ... (358 bytes))
1785216082: Sending PUBLISH to hub-api-live-registry-1785215101795 (d0, q0, r0, m0, 'resq/M01/telemetry', ... (358 bytes))
1785216082: Sending PUBLISH to auto-6ACD9D50-CC23-D650-1C30-09359F29B280 (d0, q0, r0, m0, 'resq/M01/telemetry', ... (358 bytes))
1785216082: Received PUBLISH from resq-firmware-sim-M01-ms47dwmn (d0, q0, r0, m0, 'resq/M01/heartbeat', ... (221 bytes))
1785216082: Sending PUBLISH to hub-api-live-registry-1785215101795 (d0, q0, r0, m0, 'resq/M01/heartbeat', ... (221 bytes))
1785216082: Sending PUBLISH to auto-6ACD9D50-CC23-D650-1C30-09359F29B280 (d0, q0, r0, m0, 'resq/M01/heartbeat', ... (221 bytes))
1785216082: Received PUBLISH from resq-firmware-sim-M01-ms47dwmn (d0, q0, r0, m0, 'resq/M01/telemetry', ... (359 bytes))
1785216082: Sending PUBLISH to hub-api-live-registry-1785215101795 (d0, q0, r0, m0, 'resq/M01/telemetry', ... (359 bytes))
1785216082: Sending PUBLISH to auto-6ACD9D50-CC23-D650-1C30-09359F29B280 (d0, q0, r0, m0, 'resq/M01/telemetry', ... (359 bytes))
1785216083: Received PUBLISH from resq-firmware-sim-M01-ms47dwmn (d0, q0, r0, m0, 'resq/M01/telemetry', ... (359 bytes))
1785216083: Sending PUBLISH to hub-api-live-registry-1785215101795 (d0, q0, r0, m0, 'resq/M01/telemetry', ... (359 bytes))
1785216083: Sending PUBLISH to auto-6ACD9D50-CC23-D650-1C30-09359F29B280 (d0, q0, r0, m0, 'resq/M01/telemetry', ... (359 bytes))
1785216083: Received PUBLISH from resq-firmware-sim-M01-ms47dwmn (d0, q0, r0, m0, 'resq/M01/telemetry', ... (359 bytes))
1785216083: Sending PUBLISH to hub-api-live-registry-1785215101795 (d0, q0, r0, m0, 'resq/M01/telemetry', ... (359 bytes))
1785216083: Sending PUBLISH to auto-6ACD9D50-CC23-D650-1C30-09359F29B280 (d0, q0, r0, m0, 'resq/M01/telemetry', ... (359 bytes))
1785216083: Received PUBLISH from resq-firmware-sim-M01-ms47dwmn (d0, q0, r0, m0, 'resq/M01/heartbeat', ... (221 bytes))
1785216083: Sending PUBLISH to hub-api-live-registry-1785215101795 (d0, q0, r0, m0, 'resq/M01/heartbeat', ... (221 bytes))
1785216083: Sending PUBLISH to auto-6ACD9D50-CC23-D650-1C30-09359F29B280 (d0, q0, r0, m0, 'resq/M01/heartbeat', ... (221 bytes))
1785216083: Received PUBLISH from resq-firmware-sim-M01-ms47dwmn (d0, q0, r0, m0, 'resq/M01/telemetry', ... (359 bytes))
1785216083: Sending PUBLISH to hub-api-live-registry-1785215101795 (d0, q0, r0, m0, 'resq/M01/telemetry', ... (359 bytes))
1785216083: Sending PUBLISH to auto-6ACD9D50-CC23-D650-1C30-09359F29B280 (d0, q0, r0, m0, 'resq/M01/telemetry', ... (359 bytes))
1785216083: Received PUBLISH from resq-firmware-sim-M01-ms47dwmn (d0, q0, r0, m0, 'resq/M01/telemetry', ... (357 bytes))
1785216083: Sending PUBLISH to hub-api-live-registry-1785215101795 (d0, q0, r0, m0, 'resq/M01/telemetry', ... (357 bytes))
1785216083: Sending PUBLISH to auto-6ACD9D50-CC23-D650-1C30-09359F29B280 (d0, q0, r0, m0, 'resq/M01/telemetry', ... (357 bytes))
1785216083: Received PUBLISH from resq-firmware-sim-M01-ms47dwmn (d0, q0, r0, m0, 'resq/M01/telemetry', ... (359 bytes))
1785216083: Sending PUBLISH to hub-api-live-registry-1785215101795 (d0, q0, r0, m0, 'resq/M01/telemetry', ... (359 bytes))
1785216083: Sending PUBLISH to auto-6ACD9D50-CC23-D650-1C30-09359F29B280 (d0, q0, r0, m0, 'resq/M01/telemetry', ... (359 bytes))
1785216083: Received PUBLISH from resq-firmware-sim-M01-ms47dwmn (d0, q0, r0, m0, 'resq/M01/telemetry', ... (359 bytes))
1785216083: Sending PUBLISH to hub-api-live-registry-1785215101795 (d0, q0, r0, m0, 'resq/M01/telemetry', ... (359 bytes))
1785216083: Sending PUBLISH to auto-6ACD9D50-CC23-D650-1C30-09359F29B280 (d0, q0, r0, m0, 'resq/M01/telemetry', ... (359 bytes))
1785216084: Received PUBLISH from resq-firmware-sim-M01-ms47dwmn (d0, q0, r0, m0, 'resq/M01/telemetry', ... (360 bytes))
1785216084: Sending PUBLISH to hub-api-live-registry-1785215101795 (d0, q0, r0, m0, 'resq/M01/telemetry', ... (360 bytes))
1785216084: Sending PUBLISH to auto-6ACD9D50-CC23-D650-1C30-09359F29B280 (d0, q0, r0, m0, 'resq/M01/telemetry', ... (360 bytes))
1785216084: Received PUBLISH from resq-firmware-sim-M01-ms47dwmn (d0, q0, r0, m0, 'resq/M01/heartbeat', ... (221 bytes))
1785216084: Sending PUBLISH to hub-api-live-registry-1785215101795 (d0, q0, r0, m0, 'resq/M01/heartbeat', ... (221 bytes))
1785216084: Sending PUBLISH to auto-6ACD9D50-CC23-D650-1C30-09359F29B280 (d0, q0, r0, m0, 'resq/M01/heartbeat', ... (221 bytes))
1785216086: Received PUBLISH from resq-firmware-sim-M01-ms47dwmn (d0, q0, r0, m0, 'resq/M01/telemetry', ... (357 bytes))
1785216086: Sending PUBLISH to hub-api-live-registry-1785215101795 (d0, q0, r0, m0, 'resq/M01/telemetry', ... (357 bytes))
1785216086: Sending PUBLISH to auto-6ACD9D50-CC23-D650-1C30-09359F29B280 (d0, q0, r0, m0, 'resq/M01/telemetry', ... (357 bytes))
1785216086: Received PUBLISH from resq-firmware-sim-M01-ms47dwmn (d0, q0, r0, m0, 'resq/M01/heartbeat', ... (221 bytes))
1785216086: Sending PUBLISH to hub-api-live-registry-1785215101795 (d0, q0, r0, m0, 'resq/M01/heartbeat', ... (221 bytes))
1785216086: Sending PUBLISH to auto-6ACD9D50-CC23-D650-1C30-09359F29B280 (d0, q0, r0, m0, 'resq/M01/heartbeat', ... (221 bytes))
1785216087: Received PUBLISH from resq-firmware-sim-M01-ms47dwmn (d0, q0, r0, m0, 'resq/M01/telemetry', ... (358 bytes))
1785216087: Sending PUBLISH to hub-api-live-registry-1785215101795 (d0, q0, r0, m0, 'resq/M01/telemetry', ... (358 bytes))
1785216087: Sending PUBLISH to auto-6ACD9D50-CC23-D650-1C30-09359F29B280 (d0, q0, r0, m0, 'resq/M01/telemetry', ... (358 bytes))
1785216087: Received PUBLISH from resq-firmware-sim-M01-ms47dwmn (d0, q0, r0, m0, 'resq/M01/heartbeat', ... (221 bytes))
1785216087: Sending PUBLISH to hub-api-live-registry-1785215101795 (d0, q0, r0, m0, 'resq/M01/heartbeat', ... (221 bytes))
1785216087: Sending PUBLISH to auto-6ACD9D50-CC23-D650-1C30-09359F29B280 (d0, q0, r0, m0, 'resq/M01/heartbeat', ... (221 bytes))
1785216088: Received PUBLISH from resq-firmware-sim-M01-ms47dwmn (d0, q0, r0, m0, 'resq/M01/telemetry', ... (359 bytes))
1785216088: Sending PUBLISH to hub-api-live-registry-1785215101795 (d0, q0, r0, m0, 'resq/M01/telemetry', ... (359 bytes))
1785216088: Sending PUBLISH to auto-6ACD9D50-CC23-D650-1C30-09359F29B280 (d0, q0, r0, m0, 'resq/M01/telemetry', ... (359 bytes))
1785216088: Received PUBLISH from resq-firmware-sim-M01-ms47dwmn (d0, q0, r0, m0, 'resq/M01/telemetry', ... (359 bytes))
1785216088: Sending PUBLISH to hub-api-live-registry-1785215101795 (d0, q0, r0, m0, 'resq/M01/telemetry', ... (359 bytes))
1785216088: Sending PUBLISH to auto-6ACD9D50-CC23-D650-1C30-09359F29B280 (d0, q0, r0, m0, 'resq/M01/telemetry', ... (359 bytes))
1785216088: Received PUBLISH from resq-firmware-sim-M01-ms47dwmn (d0, q0, r0, m0, 'resq/M01/heartbeat', ... (221 bytes))
1785216088: Sending PUBLISH to hub-api-live-registry-1785215101795 (d0, q0, r0, m0, 'resq/M01/heartbeat', ... (221 bytes))
1785216088: Sending PUBLISH to auto-6ACD9D50-CC23-D650-1C30-09359F29B280 (d0, q0, r0, m0, 'resq/M01/heartbeat', ... (221 bytes))
1785216089: Received PUBLISH from resq-firmware-sim-M01-ms47dwmn (d0, q0, r0, m0, 'resq/M01/telemetry', ... (359 bytes))
1785216089: Sending PUBLISH to hub-api-live-registry-1785215101795 (d0, q0, r0, m0, 'resq/M01/telemetry', ... (359 bytes))
1785216089: Sending PUBLISH to auto-6ACD9D50-CC23-D650-1C30-09359F29B280 (d0, q0, r0, m0, 'resq/M01/telemetry', ... (359 bytes))
1785216089: Received PUBLISH from resq-firmware-sim-M01-ms47dwmn (d0, q0, r0, m0, 'resq/M01/telemetry', ... (359 bytes))
1785216089: Sending PUBLISH to hub-api-live-registry-1785215101795 (d0, q0, r0, m0, 'resq/M01/telemetry', ... (359 bytes))
1785216089: Sending PUBLISH to auto-6ACD9D50-CC23-D650-1C30-09359F29B280 (d0, q0, r0, m0, 'resq/M01/telemetry', ... (359 bytes))
1785216089: Received PUBLISH from resq-firmware-sim-M01-ms47dwmn (d0, q0, r0, m0, 'resq/M01/telemetry', ... (359 bytes))
1785216089: Sending PUBLISH to hub-api-live-registry-1785215101795 (d0, q0, r0, m0, 'resq/M01/telemetry', ... (359 bytes))
1785216089: Sending PUBLISH to auto-6ACD9D50-CC23-D650-1C30-09359F29B280 (d0, q0, r0, m0, 'resq/M01/telemetry', ... (359 bytes))
1785216089: Received PUBLISH from resq-firmware-sim-M01-ms47dwmn (d0, q0, r0, m0, 'resq/M01/telemetry', ... (360 bytes))
1785216089: Sending PUBLISH to hub-api-live-registry-1785215101795 (d0, q0, r0, m0, 'resq/M01/telemetry', ... (360 bytes))
1785216089: Sending PUBLISH to auto-6ACD9D50-CC23-D650-1C30-09359F29B280 (d0, q0, r0, m0, 'resq/M01/telemetry', ... (360 bytes))
1785216089: Received PUBLISH from resq-firmware-sim-M01-ms47dwmn (d0, q0, r0, m0, 'resq/M01/heartbeat', ... (221 bytes))
1785216089: Sending PUBLISH to hub-api-live-registry-1785215101795 (d0, q0, r0, m0, 'resq/M01/heartbeat', ... (221 bytes))
1785216089: Sending PUBLISH to auto-6ACD9D50-CC23-D650-1C30-09359F29B280 (d0, q0, r0, m0, 'resq/M01/heartbeat', ... (221 bytes))
1785216089: Received PUBLISH from resq-firmware-sim-M01-ms47dwmn (d0, q0, r0, m0, 'resq/M01/telemetry', ... (360 bytes))
1785216089: Sending PUBLISH to hub-api-live-registry-1785215101795 (d0, q0, r0, m0, 'resq/M01/telemetry', ... (360 bytes))
1785216089: Sending PUBLISH to auto-6ACD9D50-CC23-D650-1C30-09359F29B280 (d0, q0, r0, m0, 'resq/M01/telemetry', ... (360 bytes))
1785216090: Received PUBLISH from resq-firmware-sim-M01-ms47dwmn (d0, q0, r0, m0, 'resq/M01/telemetry', ... (360 bytes))
1785216090: Sending PUBLISH to hub-api-live-registry-1785215101795 (d0, q0, r0, m0, 'resq/M01/telemetry', ... (360 bytes))
1785216090: Sending PUBLISH to auto-6ACD9D50-CC23-D650-1C30-09359F29B280 (d0, q0, r0, m0, 'resq/M01/telemetry', ... (360 bytes))
1785216090: Received PUBLISH from resq-firmware-sim-M01-ms47dwmn (d0, q0, r0, m0, 'resq/M01/telemetry', ... (359 bytes))
1785216090: Sending PUBLISH to hub-api-live-registry-1785215101795 (d0, q0, r0, m0, 'resq/M01/telemetry', ... (359 bytes))
1785216090: Sending PUBLISH to auto-6ACD9D50-CC23-D650-1C30-09359F29B280 (d0, q0, r0, m0, 'resq/M01/telemetry', ... (359 bytes))
1785216090: Received PUBLISH from resq-firmware-sim-M01-ms47dwmn (d0, q0, r0, m0, 'resq/M01/telemetry', ... (359 bytes))
1785216090: Sending PUBLISH to hub-api-live-registry-1785215101795 (d0, q0, r0, m0, 'resq/M01/telemetry', ... (359 bytes))
1785216090: Sending PUBLISH to auto-6ACD9D50-CC23-D650-1C30-09359F29B280 (d0, q0, r0, m0, 'resq/M01/telemetry', ... (359 bytes))
1785216090: Received PUBLISH from resq-firmware-sim-M01-ms47dwmn (d0, q0, r0, m0, 'resq/M01/telemetry', ... (359 bytes))
1785216090: Sending PUBLISH to hub-api-live-registry-1785215101795 (d0, q0, r0, m0, 'resq/M01/telemetry', ... (359 bytes))
1785216090: Sending PUBLISH to auto-6ACD9D50-CC23-D650-1C30-09359F29B280 (d0, q0, r0, m0, 'resq/M01/telemetry', ... (359 bytes))
1785216091: Received PUBLISH from resq-firmware-sim-M01-ms47dwmn (d0, q0, r0, m0, 'resq/M01/heartbeat', ... (221 bytes))
1785216091: Sending PUBLISH to hub-api-live-registry-1785215101795 (d0, q0, r0, m0, 'resq/M01/heartbeat', ... (221 bytes))
1785216091: Sending PUBLISH to auto-6ACD9D50-CC23-D650-1C30-09359F29B280 (d0, q0, r0, m0, 'resq/M01/heartbeat', ... (221 bytes))
1785216091: Received PUBLISH from resq-firmware-sim-M01-ms47dwmn (d0, q0, r0, m0, 'resq/M01/telemetry', ... (359 bytes))
1785216091: Sending PUBLISH to hub-api-live-registry-1785215101795 (d0, q0, r0, m0, 'resq/M01/telemetry', ... (359 bytes))
1785216091: Sending PUBLISH to auto-6ACD9D50-CC23-D650-1C30-09359F29B280 (d0, q0, r0, m0, 'resq/M01/telemetry', ... (359 bytes))
1785216091: Received PUBLISH from resq-firmware-sim-M01-ms47dwmn (d0, q0, r0, m0, 'resq/M01/telemetry', ... (358 bytes))
1785216091: Sending PUBLISH to hub-api-live-registry-1785215101795 (d0, q0, r0, m0, 'resq/M01/telemetry', ... (358 bytes))
1785216091: Sending PUBLISH to auto-6ACD9D50-CC23-D650-1C30-09359F29B280 (d0, q0, r0, m0, 'resq/M01/telemetry', ... (358 bytes))
1785216091: Received PUBLISH from resq-firmware-sim-M01-ms47dwmn (d0, q0, r0, m0, 'resq/M01/telemetry', ... (359 bytes))
1785216091: Sending PUBLISH to hub-api-live-registry-1785215101795 (d0, q0, r0, m0, 'resq/M01/telemetry', ... (359 bytes))
1785216091: Sending PUBLISH to auto-6ACD9D50-CC23-D650-1C30-09359F29B280 (d0, q0, r0, m0, 'resq/M01/telemetry', ... (359 bytes))
1785216091: Received PUBLISH from resq-firmware-sim-M01-ms47dwmn (d0, q0, r0, m0, 'resq/M01/telemetry', ... (360 bytes))
1785216091: Sending PUBLISH to hub-api-live-registry-1785215101795 (d0, q0, r0, m0, 'resq/M01/telemetry', ... (360 bytes))
1785216091: Sending PUBLISH to auto-6ACD9D50-CC23-D650-1C30-09359F29B280 (d0, q0, r0, m0, 'resq/M01/telemetry', ... (360 bytes))
1785216091: Received PUBLISH from resq-firmware-sim-M01-ms47dwmn (d0, q0, r0, m0, 'resq/M01/telemetry', ... (360 bytes))
1785216091: Sending PUBLISH to hub-api-live-registry-1785215101795 (d0, q0, r0, m0, 'resq/M01/telemetry', ... (360 bytes))
1785216091: Sending PUBLISH to auto-6ACD9D50-CC23-D650-1C30-09359F29B280 (d0, q0, r0, m0, 'resq/M01/telemetry', ... (360 bytes))
1785216092: Received PUBLISH from resq-firmware-sim-M01-ms47dwmn (d0, q0, r0, m0, 'resq/M01/heartbeat', ... (221 bytes))
1785216092: Sending PUBLISH to hub-api-live-registry-1785215101795 (d0, q0, r0, m0, 'resq/M01/heartbeat', ... (221 bytes))
1785216092: Sending PUBLISH to auto-6ACD9D50-CC23-D650-1C30-09359F29B280 (d0, q0, r0, m0, 'resq/M01/heartbeat', ... (221 bytes))
1785216092: Received PUBLISH from resq-firmware-sim-M01-ms47dwmn (d0, q0, r0, m0, 'resq/M01/telemetry', ... (358 bytes))
1785216092: Sending PUBLISH to hub-api-live-registry-1785215101795 (d0, q0, r0, m0, 'resq/M01/telemetry', ... (358 bytes))
1785216092: Sending PUBLISH to auto-6ACD9D50-CC23-D650-1C30-09359F29B280 (d0, q0, r0, m0, 'resq/M01/telemetry', ... (358 bytes))
1785216092: Received PUBLISH from resq-firmware-sim-M01-ms47dwmn (d0, q0, r0, m0, 'resq/M01/telemetry', ... (360 bytes))
1785216092: Sending PUBLISH to hub-api-live-registry-1785215101795 (d0, q0, r0, m0, 'resq/M01/telemetry', ... (360 bytes))
1785216092: Sending PUBLISH to auto-6ACD9D50-CC23-D650-1C30-09359F29B280 (d0, q0, r0, m0, 'resq/M01/telemetry', ... (360 bytes))
1785216092: Received PUBLISH from resq-firmware-sim-M01-ms47dwmn (d0, q0, r0, m0, 'resq/M01/telemetry', ... (359 bytes))
1785216092: Sending PUBLISH to hub-api-live-registry-1785215101795 (d0, q0, r0, m0, 'resq/M01/telemetry', ... (359 bytes))
1785216092: Sending PUBLISH to auto-6ACD9D50-CC23-D650-1C30-09359F29B280 (d0, q0, r0, m0, 'resq/M01/telemetry', ... (359 bytes))
1785216092: Received PUBLISH from resq-firmware-sim-M01-ms47dwmn (d0, q0, r0, m0, 'resq/M01/telemetry', ... (359 bytes))
1785216092: Sending PUBLISH to hub-api-live-registry-1785215101795 (d0, q0, r0, m0, 'resq/M01/telemetry', ... (359 bytes))
1785216092: Sending PUBLISH to auto-6ACD9D50-CC23-D650-1C30-09359F29B280 (d0, q0, r0, m0, 'resq/M01/telemetry', ... (359 bytes))
1785216092: Received PUBLISH from resq-firmware-sim-M01-ms47dwmn (d0, q0, r0, m0, 'resq/M01/telemetry', ... (357 bytes))
1785216092: Sending PUBLISH to hub-api-live-registry-1785215101795 (d0, q0, r0, m0, 'resq/M01/telemetry', ... (357 bytes))
1785216092: Sending PUBLISH to auto-6ACD9D50-CC23-D650-1C30-09359F29B280 (d0, q0, r0, m0, 'resq/M01/telemetry', ... (357 bytes))
1785216093: Received PUBLISH from resq-firmware-sim-M01-ms47dwmn (d0, q0, r0, m0, 'resq/M01/heartbeat', ... (221 bytes))
1785216093: Sending PUBLISH to hub-api-live-registry-1785215101795 (d0, q0, r0, m0, 'resq/M01/heartbeat', ... (221 bytes))
1785216093: Sending PUBLISH to auto-6ACD9D50-CC23-D650-1C30-09359F29B280 (d0, q0, r0, m0, 'resq/M01/heartbeat', ... (221 bytes))
1785216093: Received PUBLISH from resq-firmware-sim-M01-ms47dwmn (d0, q0, r0, m0, 'resq/M01/telemetry', ... (359 bytes))
1785216093: Sending PUBLISH to hub-api-live-registry-1785215101795 (d0, q0, r0, m0, 'resq/M01/telemetry', ... (359 bytes))
1785216093: Sending PUBLISH to auto-6ACD9D50-CC23-D650-1C30-09359F29B280 (d0, q0, r0, m0, 'resq/M01/telemetry', ... (359 bytes))
1785216093: Received PUBLISH from resq-firmware-sim-M01-ms47dwmn (d0, q0, r0, m0, 'resq/M01/telemetry', ... (359 bytes))
1785216093: Sending PUBLISH to hub-api-live-registry-1785215101795 (d0, q0, r0, m0, 'resq/M01/telemetry', ... (359 bytes))
1785216093: Sending PUBLISH to auto-6ACD9D50-CC23-D650-1C30-09359F29B280 (d0, q0, r0, m0, 'resq/M01/telemetry', ... (359 bytes))
1785216093: Received PUBLISH from resq-firmware-sim-M01-ms47dwmn (d0, q0, r0, m0, 'resq/M01/telemetry', ... (359 bytes))
1785216093: Sending PUBLISH to hub-api-live-registry-1785215101795 (d0, q0, r0, m0, 'resq/M01/telemetry', ... (359 bytes))
1785216093: Sending PUBLISH to auto-6ACD9D50-CC23-D650-1C30-09359F29B280 (d0, q0, r0, m0, 'resq/M01/telemetry', ... (359 bytes))
1785216093: Received PUBLISH from resq-firmware-sim-M01-ms47dwmn (d0, q0, r0, m0, 'resq/M01/telemetry', ... (360 bytes))
1785216093: Sending PUBLISH to hub-api-live-registry-1785215101795 (d0, q0, r0, m0, 'resq/M01/telemetry', ... (360 bytes))
1785216093: Sending PUBLISH to auto-6ACD9D50-CC23-D650-1C30-09359F29B280 (d0, q0, r0, m0, 'resq/M01/telemetry', ... (360 bytes))
1785216093: Received PUBLISH from resq-firmware-sim-M01-ms47dwmn (d0, q0, r0, m0, 'resq/M01/telemetry', ... (360 bytes))
1785216093: Sending PUBLISH to hub-api-live-registry-1785215101795 (d0, q0, r0, m0, 'resq/M01/telemetry', ... (360 bytes))
1785216093: Sending PUBLISH to auto-6ACD9D50-CC23-D650-1C30-09359F29B280 (d0, q0, r0, m0, 'resq/M01/telemetry', ... (360 bytes))
1785216094: Received PUBLISH from resq-firmware-sim-M01-ms47dwmn (d0, q0, r0, m0, 'resq/M01/heartbeat', ... (221 bytes))
1785216094: Sending PUBLISH to hub-api-live-registry-1785215101795 (d0, q0, r0, m0, 'resq/M01/heartbeat', ... (221 bytes))
1785216094: Sending PUBLISH to auto-6ACD9D50-CC23-D650-1C30-09359F29B280 (d0, q0, r0, m0, 'resq/M01/heartbeat', ... (221 bytes))
1785216094: Received PUBLISH from resq-firmware-sim-M01-ms47dwmn (d0, q0, r0, m0, 'resq/M01/telemetry', ... (360 bytes))
1785216094: Sending PUBLISH to hub-api-live-registry-1785215101795 (d0, q0, r0, m0, 'resq/M01/telemetry', ... (360 bytes))
1785216094: Sending PUBLISH to auto-6ACD9D50-CC23-D650-1C30-09359F29B280 (d0, q0, r0, m0, 'resq/M01/telemetry', ... (360 bytes))
1785216094: Received PUBLISH from resq-firmware-sim-M01-ms47dwmn (d0, q0, r0, m0, 'resq/M01/telemetry', ... (359 bytes))
1785216094: Sending PUBLISH to hub-api-live-registry-1785215101795 (d0, q0, r0, m0, 'resq/M01/telemetry', ... (359 bytes))
1785216094: Sending PUBLISH to auto-6ACD9D50-CC23-D650-1C30-09359F29B280 (d0, q0, r0, m0, 'resq/M01/telemetry', ... (359 bytes))
1785216094: Received PINGREQ from resq-firmware-sim-M01-ms47dwmn
1785216094: Sending PINGRESP to resq-firmware-sim-M01-ms47dwmn
1785216094: Received PUBLISH from resq-firmware-sim-M01-ms47dwmn (d0, q0, r0, m0, 'resq/M01/telemetry', ... (359 bytes))
1785216094: Sending PUBLISH to hub-api-live-registry-1785215101795 (d0, q0, r0, m0, 'resq/M01/telemetry', ... (359 bytes))
1785216094: Sending PUBLISH to auto-6ACD9D50-CC23-D650-1C30-09359F29B280 (d0, q0, r0, m0, 'resq/M01/telemetry', ... (359 bytes))
1785216094: Received PUBLISH from resq-firmware-sim-M01-ms47dwmn (d0, q0, r0, m0, 'resq/M01/telemetry', ... (358 bytes))
1785216094: Sending PUBLISH to hub-api-live-registry-1785215101795 (d0, q0, r0, m0, 'resq/M01/telemetry', ... (358 bytes))
1785216094: Sending PUBLISH to auto-6ACD9D50-CC23-D650-1C30-09359F29B280 (d0, q0, r0, m0, 'resq/M01/telemetry', ... (358 bytes))
1785216095: Received PUBLISH from resq-firmware-sim-M01-ms47dwmn (d0, q0, r0, m0, 'resq/M01/telemetry', ... (359 bytes))
1785216095: Sending PUBLISH to hub-api-live-registry-1785215101795 (d0, q0, r0, m0, 'resq/M01/telemetry', ... (359 bytes))
1785216095: Sending PUBLISH to auto-6ACD9D50-CC23-D650-1C30-09359F29B280 (d0, q0, r0, m0, 'resq/M01/telemetry', ... (359 bytes))
1785216095: Received PUBLISH from resq-firmware-sim-M01-ms47dwmn (d0, q0, r0, m0, 'resq/M01/heartbeat', ... (221 bytes))
1785216095: Sending PUBLISH to hub-api-live-registry-1785215101795 (d0, q0, r0, m0, 'resq/M01/heartbeat', ... (221 bytes))
1785216095: Sending PUBLISH to auto-6ACD9D50-CC23-D650-1C30-09359F29B280 (d0, q0, r0, m0, 'resq/M01/heartbeat', ... (221 bytes))
1785216095: Received PUBLISH from resq-firmware-sim-M01-ms47dwmn (d0, q0, r0, m0, 'resq/M01/telemetry', ... (358 bytes))
1785216095: Sending PUBLISH to hub-api-live-registry-1785215101795 (d0, q0, r0, m0, 'resq/M01/telemetry', ... (358 bytes))
1785216095: Sending PUBLISH to auto-6ACD9D50-CC23-D650-1C30-09359F29B280 (d0, q0, r0, m0, 'resq/M01/telemetry', ... (358 bytes))
1785216095: Received PUBLISH from resq-firmware-sim-M01-ms47dwmn (d0, q0, r0, m0, 'resq/M01/telemetry', ... (359 bytes))
1785216095: Sending PUBLISH to hub-api-live-registry-1785215101795 (d0, q0, r0, m0, 'resq/M01/telemetry', ... (359 bytes))
1785216095: Sending PUBLISH to auto-6ACD9D50-CC23-D650-1C30-09359F29B280 (d0, q0, r0, m0, 'resq/M01/telemetry', ... (359 bytes))
1785216095: Received PUBLISH from resq-firmware-sim-M01-ms47dwmn (d0, q0, r0, m0, 'resq/M01/telemetry', ... (360 bytes))
1785216095: Sending PUBLISH to hub-api-live-registry-1785215101795 (d0, q0, r0, m0, 'resq/M01/telemetry', ... (360 bytes))
1785216095: Sending PUBLISH to auto-6ACD9D50-CC23-D650-1C30-09359F29B280 (d0, q0, r0, m0, 'resq/M01/telemetry', ... (360 bytes))
1785216095: Received PUBLISH from resq-firmware-sim-M01-ms47dwmn (d0, q0, r0, m0, 'resq/M01/telemetry', ... (360 bytes))
1785216095: Sending PUBLISH to hub-api-live-registry-1785215101795 (d0, q0, r0, m0, 'resq/M01/telemetry', ... (360 bytes))
1785216095: Sending PUBLISH to auto-6ACD9D50-CC23-D650-1C30-09359F29B280 (d0, q0, r0, m0, 'resq/M01/telemetry', ... (360 bytes))
1785216096: Received PUBLISH from resq-firmware-sim-M01-ms47dwmn (d0, q0, r0, m0, 'resq/M01/telemetry', ... (360 bytes))
1785216096: Sending PUBLISH to hub-api-live-registry-1785215101795 (d0, q0, r0, m0, 'resq/M01/telemetry', ... (360 bytes))
1785216096: Sending PUBLISH to auto-6ACD9D50-CC23-D650-1C30-09359F29B280 (d0, q0, r0, m0, 'resq/M01/telemetry', ... (360 bytes))
1785216096: Received PUBLISH from resq-firmware-sim-M01-ms47dwmn (d0, q0, r0, m0, 'resq/M01/heartbeat', ... (221 bytes))
1785216096: Sending PUBLISH to hub-api-live-registry-1785215101795 (d0, q0, r0, m0, 'resq/M01/heartbeat', ... (221 bytes))
1785216096: Sending PUBLISH to auto-6ACD9D50-CC23-D650-1C30-09359F29B280 (d0, q0, r0, m0, 'resq/M01/heartbeat', ... (221 bytes))
1785216096: Received PUBLISH from resq-firmware-sim-M01-ms47dwmn (d0, q0, r0, m0, 'resq/M01/telemetry', ... (359 bytes))
1785216096: Sending PUBLISH to hub-api-live-registry-1785215101795 (d0, q0, r0, m0, 'resq/M01/telemetry', ... (359 bytes))
1785216096: Sending PUBLISH to auto-6ACD9D50-CC23-D650-1C30-09359F29B280 (d0, q0, r0, m0, 'resq/M01/telemetry', ... (359 bytes))
1785216096: Received PUBLISH from resq-firmware-sim-M01-ms47dwmn (d0, q0, r0, m0, 'resq/M01/telemetry', ... (359 bytes))
1785216096: Sending PUBLISH to hub-api-live-registry-1785215101795 (d0, q0, r0, m0, 'resq/M01/telemetry', ... (359 bytes))
1785216096: Sending PUBLISH to auto-6ACD9D50-CC23-D650-1C30-09359F29B280 (d0, q0, r0, m0, 'resq/M01/telemetry', ... (359 bytes))
1785216096: Received PUBLISH from resq-firmware-sim-M01-ms47dwmn (d0, q0, r0, m0, 'resq/M01/telemetry', ... (359 bytes))
1785216096: Sending PUBLISH to hub-api-live-registry-1785215101795 (d0, q0, r0, m0, 'resq/M01/telemetry', ... (359 bytes))
1785216096: Sending PUBLISH to auto-6ACD9D50-CC23-D650-1C30-09359F29B280 (d0, q0, r0, m0, 'resq/M01/telemetry', ... (359 bytes))
1785216096: Received PUBLISH from resq-firmware-sim-M01-ms47dwmn (d0, q0, r0, m0, 'resq/M01/telemetry', ... (359 bytes))
1785216096: Sending PUBLISH to hub-api-live-registry-1785215101795 (d0, q0, r0, m0, 'resq/M01/telemetry', ... (359 bytes))
1785216096: Sending PUBLISH to auto-6ACD9D50-CC23-D650-1C30-09359F29B280 (d0, q0, r0, m0, 'resq/M01/telemetry', ... (359 bytes))
1785216097: Received PUBLISH from resq-firmware-sim-M01-ms47dwmn (d0, q0, r0, m0, 'resq/M01/heartbeat', ... (221 bytes))
1785216097: Sending PUBLISH to hub-api-live-registry-1785215101795 (d0, q0, r0, m0, 'resq/M01/heartbeat', ... (221 bytes))
1785216097: Sending PUBLISH to auto-6ACD9D50-CC23-D650-1C30-09359F29B280 (d0, q0, r0, m0, 'resq/M01/heartbeat', ... (221 bytes))
1785216097: Received PUBLISH from resq-firmware-sim-M01-ms47dwmn (d0, q0, r0, m0, 'resq/M01/telemetry', ... (359 bytes))
1785216097: Sending PUBLISH to hub-api-live-registry-1785215101795 (d0, q0, r0, m0, 'resq/M01/telemetry', ... (359 bytes))
1785216097: Sending PUBLISH to auto-6ACD9D50-CC23-D650-1C30-09359F29B280 (d0, q0, r0, m0, 'resq/M01/telemetry', ... (359 bytes))
1785216097: Received PUBLISH from resq-firmware-sim-M01-ms47dwmn (d0, q0, r0, m0, 'resq/M01/telemetry', ... (359 bytes))
1785216097: Sending PUBLISH to hub-api-live-registry-1785215101795 (d0, q0, r0, m0, 'resq/M01/telemetry', ... (359 bytes))
1785216097: Sending PUBLISH to auto-6ACD9D50-CC23-D650-1C30-09359F29B280 (d0, q0, r0, m0, 'resq/M01/telemetry', ... (359 bytes))
1785216097: Received PUBLISH from resq-firmware-sim-M01-ms47dwmn (d0, q0, r0, m0, 'resq/M01/telemetry', ... (358 bytes))
1785216097: Sending PUBLISH to hub-api-live-registry-1785215101795 (d0, q0, r0, m0, 'resq/M01/telemetry', ... (358 bytes))
1785216097: Sending PUBLISH to auto-6ACD9D50-CC23-D650-1C30-09359F29B280 (d0, q0, r0, m0, 'resq/M01/telemetry', ... (358 bytes))
1785216097: Received PUBLISH from resq-firmware-sim-M01-ms47dwmn (d0, q0, r0, m0, 'resq/M01/telemetry', ... (359 bytes))
1785216097: Sending PUBLISH to hub-api-live-registry-1785215101795 (d0, q0, r0, m0, 'resq/M01/telemetry', ... (359 bytes))
1785216097: Sending PUBLISH to auto-6ACD9D50-CC23-D650-1C30-09359F29B280 (d0, q0, r0, m0, 'resq/M01/telemetry', ... (359 bytes))
1785216097: Received PUBLISH from resq-firmware-sim-M01-ms47dwmn (d0, q0, r0, m0, 'resq/M01/telemetry', ... (360 bytes))
1785216097: Sending PUBLISH to hub-api-live-registry-1785215101795 (d0, q0, r0, m0, 'resq/M01/telemetry', ... (360 bytes))
1785216097: Sending PUBLISH to auto-6ACD9D50-CC23-D650-1C30-09359F29B280 (d0, q0, r0, m0, 'resq/M01/telemetry', ... (360 bytes))
1785216098: Received PUBLISH from resq-firmware-sim-M01-ms47dwmn (d0, q0, r0, m0, 'resq/M01/heartbeat', ... (221 bytes))
1785216098: Sending PUBLISH to hub-api-live-registry-1785215101795 (d0, q0, r0, m0, 'resq/M01/heartbeat', ... (221 bytes))
1785216098: Sending PUBLISH to auto-6ACD9D50-CC23-D650-1C30-09359F29B280 (d0, q0, r0, m0, 'resq/M01/heartbeat', ... (221 bytes))
1785216098: Received PUBLISH from resq-firmware-sim-M01-ms47dwmn (d0, q0, r0, m0, 'resq/M01/telemetry', ... (360 bytes))
1785216098: Sending PUBLISH to hub-api-live-registry-1785215101795 (d0, q0, r0, m0, 'resq/M01/telemetry', ... (360 bytes))
1785216098: Sending PUBLISH to auto-6ACD9D50-CC23-D650-1C30-09359F29B280 (d0, q0, r0, m0, 'resq/M01/telemetry', ... (360 bytes))
1785216098: Received PUBLISH from resq-firmware-sim-M01-ms47dwmn (d0, q0, r0, m0, 'resq/M01/telemetry', ... (358 bytes))
1785216098: Sending PUBLISH to hub-api-live-registry-1785215101795 (d0, q0, r0, m0, 'resq/M01/telemetry', ... (358 bytes))
1785216098: Sending PUBLISH to auto-6ACD9D50-CC23-D650-1C30-09359F29B280 (d0, q0, r0, m0, 'resq/M01/telemetry', ... (358 bytes))
1785216098: Received PUBLISH from resq-firmware-sim-M01-ms47dwmn (d0, q0, r0, m0, 'resq/M01/telemetry', ... (359 bytes))
1785216098: Sending PUBLISH to hub-api-live-registry-1785215101795 (d0, q0, r0, m0, 'resq/M01/telemetry', ... (359 bytes))
1785216098: Sending PUBLISH to auto-6ACD9D50-CC23-D650-1C30-09359F29B280 (d0, q0, r0, m0, 'resq/M01/telemetry', ... (359 bytes))
1785216098: Received PUBLISH from resq-firmware-sim-M01-ms47dwmn (d0, q0, r0, m0, 'resq/M01/telemetry', ... (359 bytes))
1785216098: Sending PUBLISH to hub-api-live-registry-1785215101795 (d0, q0, r0, m0, 'resq/M01/telemetry', ... (359 bytes))
1785216098: Sending PUBLISH to auto-6ACD9D50-CC23-D650-1C30-09359F29B280 (d0, q0, r0, m0, 'resq/M01/telemetry', ... (359 bytes))
1785216098: Received PUBLISH from resq-firmware-sim-M01-ms47dwmn (d0, q0, r0, m0, 'resq/M01/telemetry', ... (359 bytes))
1785216098: Sending PUBLISH to hub-api-live-registry-1785215101795 (d0, q0, r0, m0, 'resq/M01/telemetry', ... (359 bytes))
1785216098: Sending PUBLISH to auto-6ACD9D50-CC23-D650-1C30-09359F29B280 (d0, q0, r0, m0, 'resq/M01/telemetry', ... (359 bytes))
1785216098: Received PINGREQ from auto-6ACD9D50-CC23-D650-1C30-09359F29B280
1785216098: Sending PINGRESP to auto-6ACD9D50-CC23-D650-1C30-09359F29B280
1785216099: Received PUBLISH from resq-firmware-sim-M01-ms47dwmn (d0, q0, r0, m0, 'resq/M01/heartbeat', ... (221 bytes))
1785216099: Sending PUBLISH to hub-api-live-registry-1785215101795 (d0, q0, r0, m0, 'resq/M01/heartbeat', ... (221 bytes))
1785216099: Sending PUBLISH to auto-6ACD9D50-CC23-D650-1C30-09359F29B280 (d0, q0, r0, m0, 'resq/M01/heartbeat', ... (221 bytes))
1785216099: Received PUBLISH from resq-firmware-sim-M01-ms47dwmn (d0, q0, r0, m0, 'resq/M01/telemetry', ... (358 bytes))
1785216099: Sending PUBLISH to hub-api-live-registry-1785215101795 (d0, q0, r0, m0, 'resq/M01/telemetry', ... (358 bytes))
1785216099: Sending PUBLISH to auto-6ACD9D50-CC23-D650-1C30-09359F29B280 (d0, q0, r0, m0, 'resq/M01/telemetry', ... (358 bytes))
1785216099: Received PUBLISH from resq-firmware-sim-M01-ms47dwmn (d0, q0, r0, m0, 'resq/M01/telemetry', ... (357 bytes))
1785216099: Sending PUBLISH to hub-api-live-registry-1785215101795 (d0, q0, r0, m0, 'resq/M01/telemetry', ... (357 bytes))
1785216099: Sending PUBLISH to auto-6ACD9D50-CC23-D650-1C30-09359F29B280 (d0, q0, r0, m0, 'resq/M01/telemetry', ... (357 bytes))
1785216099: Received PUBLISH from resq-firmware-sim-M01-ms47dwmn (d0, q0, r0, m0, 'resq/M01/telemetry', ... (360 bytes))
1785216099: Sending PUBLISH to hub-api-live-registry-1785215101795 (d0, q0, r0, m0, 'resq/M01/telemetry', ... (360 bytes))
1785216099: Sending PUBLISH to auto-6ACD9D50-CC23-D650-1C30-09359F29B280 (d0, q0, r0, m0, 'resq/M01/telemetry', ... (360 bytes))
1785216099: Received PUBLISH from resq-firmware-sim-M01-ms47dwmn (d0, q0, r0, m0, 'resq/M01/telemetry', ... (359 bytes))
1785216099: Sending PUBLISH to hub-api-live-registry-1785215101795 (d0, q0, r0, m0, 'resq/M01/telemetry', ... (359 bytes))
1785216099: Sending PUBLISH to auto-6ACD9D50-CC23-D650-1C30-09359F29B280 (d0, q0, r0, m0, 'resq/M01/telemetry', ... (359 bytes))
1785216099: Received PUBLISH from resq-firmware-sim-M01-ms47dwmn (d0, q0, r0, m0, 'resq/M01/telemetry', ... (360 bytes))
1785216099: Sending PUBLISH to hub-api-live-registry-1785215101795 (d0, q0, r0, m0, 'resq/M01/telemetry', ... (360 bytes))
1785216099: Sending PUBLISH to auto-6ACD9D50-CC23-D650-1C30-09359F29B280 (d0, q0, r0, m0, 'resq/M01/telemetry', ... (360 bytes))
1785216100: Received PUBLISH from resq-firmware-sim-M01-ms47dwmn (d0, q0, r0, m0, 'resq/M01/heartbeat', ... (221 bytes))
1785216100: Sending PUBLISH to hub-api-live-registry-1785215101795 (d0, q0, r0, m0, 'resq/M01/heartbeat', ... (221 bytes))
1785216100: Sending PUBLISH to auto-6ACD9D50-CC23-D650-1C30-09359F29B280 (d0, q0, r0, m0, 'resq/M01/heartbeat', ... (221 bytes))
1785216100: Received PUBLISH from resq-firmware-sim-M01-ms47dwmn (d0, q0, r0, m0, 'resq/M01/telemetry', ... (357 bytes))
1785216100: Sending PUBLISH to hub-api-live-registry-1785215101795 (d0, q0, r0, m0, 'resq/M01/telemetry', ... (357 bytes))
1785216100: Sending PUBLISH to auto-6ACD9D50-CC23-D650-1C30-09359F29B280 (d0, q0, r0, m0, 'resq/M01/telemetry', ... (357 bytes))
1785216100: Received PUBLISH from resq-firmware-sim-M01-ms47dwmn (d0, q0, r0, m0, 'resq/M01/telemetry', ... (359 bytes))
1785216100: Sending PUBLISH to hub-api-live-registry-1785215101795 (d0, q0, r0, m0, 'resq/M01/telemetry', ... (359 bytes))
1785216100: Sending PUBLISH to auto-6ACD9D50-CC23-D650-1C30-09359F29B280 (d0, q0, r0, m0, 'resq/M01/telemetry', ... (359 bytes))
1785216100: Received PUBLISH from resq-firmware-sim-M01-ms47dwmn (d0, q0, r0, m0, 'resq/M01/telemetry', ... (359 bytes))
1785216100: Sending PUBLISH to hub-api-live-registry-1785215101795 (d0, q0, r0, m0, 'resq/M01/telemetry', ... (359 bytes))
1785216100: Sending PUBLISH to auto-6ACD9D50-CC23-D650-1C30-09359F29B280 (d0, q0, r0, m0, 'resq/M01/telemetry', ... (359 bytes))
1785216100: Received PUBLISH from resq-firmware-sim-M01-ms47dwmn (d0, q0, r0, m0, 'resq/M01/telemetry', ... (358 bytes))
1785216100: Sending PUBLISH to hub-api-live-registry-1785215101795 (d0, q0, r0, m0, 'resq/M01/telemetry', ... (358 bytes))
1785216100: Sending PUBLISH to auto-6ACD9D50-CC23-D650-1C30-09359F29B280 (d0, q0, r0, m0, 'resq/M01/telemetry', ... (358 bytes))
1785216101: Received PUBLISH from resq-firmware-sim-M01-ms47dwmn (d0, q0, r0, m0, 'resq/M01/telemetry', ... (358 bytes))
1785216101: Sending PUBLISH to hub-api-live-registry-1785215101795 (d0, q0, r0, m0, 'resq/M01/telemetry', ... (358 bytes))
1785216101: Sending PUBLISH to auto-6ACD9D50-CC23-D650-1C30-09359F29B280 (d0, q0, r0, m0, 'resq/M01/telemetry', ... (358 bytes))
1785216101: Received PUBLISH from resq-firmware-sim-M01-ms47dwmn (d0, q0, r0, m0, 'resq/M01/heartbeat', ... (221 bytes))
1785216101: Sending PUBLISH to hub-api-live-registry-1785215101795 (d0, q0, r0, m0, 'resq/M01/heartbeat', ... (221 bytes))
1785216101: Sending PUBLISH to auto-6ACD9D50-CC23-D650-1C30-09359F29B280 (d0, q0, r0, m0, 'resq/M01/heartbeat', ... (221 bytes))
1785216101: Received PUBLISH from resq-firmware-sim-M01-ms47dwmn (d0, q0, r0, m0, 'resq/M01/telemetry', ... (359 bytes))
1785216101: Sending PUBLISH to hub-api-live-registry-1785215101795 (d0, q0, r0, m0, 'resq/M01/telemetry', ... (359 bytes))
1785216101: Sending PUBLISH to auto-6ACD9D50-CC23-D650-1C30-09359F29B280 (d0, q0, r0, m0, 'resq/M01/telemetry', ... (359 bytes))
1785216101: Received PUBLISH from resq-firmware-sim-M01-ms47dwmn (d0, q0, r0, m0, 'resq/M01/telemetry', ... (360 bytes))
1785216101: Sending PUBLISH to hub-api-live-registry-1785215101795 (d0, q0, r0, m0, 'resq/M01/telemetry', ... (360 bytes))
1785216101: Sending PUBLISH to auto-6ACD9D50-CC23-D650-1C30-09359F29B280 (d0, q0, r0, m0, 'resq/M01/telemetry', ... (360 bytes))
1785216101: Received PUBLISH from resq-firmware-sim-M01-ms47dwmn (d0, q0, r0, m0, 'resq/M01/telemetry', ... (360 bytes))
1785216101: Sending PUBLISH to hub-api-live-registry-1785215101795 (d0, q0, r0, m0, 'resq/M01/telemetry', ... (360 bytes))
1785216101: Sending PUBLISH to auto-6ACD9D50-CC23-D650-1C30-09359F29B280 (d0, q0, r0, m0, 'resq/M01/telemetry', ... (360 bytes))
1785216101: Received PUBLISH from resq-firmware-sim-M01-ms47dwmn (d0, q0, r0, m0, 'resq/M01/telemetry', ... (359 bytes))
1785216101: Sending PUBLISH to hub-api-live-registry-1785215101795 (d0, q0, r0, m0, 'resq/M01/telemetry', ... (359 bytes))
1785216101: Sending PUBLISH to auto-6ACD9D50-CC23-D650-1C30-09359F29B280 (d0, q0, r0, m0, 'resq/M01/telemetry', ... (359 bytes))
1785216102: Received PUBLISH from resq-firmware-sim-M01-ms47dwmn (d0, q0, r0, m0, 'resq/M01/telemetry', ... (360 bytes))
1785216102: Sending PUBLISH to hub-api-live-registry-1785215101795 (d0, q0, r0, m0, 'resq/M01/telemetry', ... (360 bytes))
1785216102: Sending PUBLISH to auto-6ACD9D50-CC23-D650-1C30-09359F29B280 (d0, q0, r0, m0, 'resq/M01/telemetry', ... (360 bytes))
1785216102: Received PUBLISH from resq-firmware-sim-M01-ms47dwmn (d0, q0, r0, m0, 'resq/M01/heartbeat', ... (221 bytes))
1785216102: Sending PUBLISH to hub-api-live-registry-1785215101795 (d0, q0, r0, m0, 'resq/M01/heartbeat', ... (221 bytes))
1785216102: Sending PUBLISH to auto-6ACD9D50-CC23-D650-1C30-09359F29B280 (d0, q0, r0, m0, 'resq/M01/heartbeat', ... (221 bytes))
1785216102: Received PUBLISH from resq-firmware-sim-M01-ms47dwmn (d0, q0, r0, m0, 'resq/M01/telemetry', ... (359 bytes))
1785216102: Sending PUBLISH to hub-api-live-registry-1785215101795 (d0, q0, r0, m0, 'resq/M01/telemetry', ... (359 bytes))
1785216102: Sending PUBLISH to auto-6ACD9D50-CC23-D650-1C30-09359F29B280 (d0, q0, r0, m0, 'resq/M01/telemetry', ... (359 bytes))
1785216102: Client auto-6ACD9D50-CC23-D650-1C30-09359F29B280 [127.0.0.1:63123] disconnected: connection closed by client.
1785216102: Received PUBLISH from resq-firmware-sim-M01-ms47dwmn (d0, q0, r0, m0, 'resq/M01/telemetry', ... (359 bytes))
1785216102: Sending PUBLISH to hub-api-live-registry-1785215101795 (d0, q0, r0, m0, 'resq/M01/telemetry', ... (359 bytes))
1785216102: New connection from 127.0.0.1:56543 on port 1883.
1785216102: New client connected from 127.0.0.1:56543 as auto-37FDFD8E-9569-98E9-34FF-1F306093EC4D (p4, c1, k60).
1785216102: No will message specified.
1785216102: Sending CONNACK to auto-37FDFD8E-9569-98E9-34FF-1F306093EC4D (0, 0)
1785216102: Received PUBLISH from auto-37FDFD8E-9569-98E9-34FF-1F306093EC4D (d0, q1, r0, m1, 'resq/M01/cmd/session/stop', ... (95 bytes))
1785216102: Sending PUBLISH to resq-firmware-sim-M01-ms47dwmn (d0, q0, r0, m0, 'resq/M01/cmd/session/stop', ... (95 bytes))
1785216102: Sending PUBACK to auto-37FDFD8E-9569-98E9-34FF-1F306093EC4D (m1, rc0)
1785216102: Client auto-37FDFD8E-9569-98E9-34FF-1F306093EC4D [127.0.0.1:56543] disconnected: connection closed by client.
1785216102: Received PUBLISH from resq-firmware-sim-M01-ms47dwmn (d0, q0, r0, m0, 'resq/M01/events', ... (292 bytes))
1785216102: Sending PUBLISH to hub-api-live-registry-1785215101795 (d0, q0, r0, m0, 'resq/M01/events', ... (292 bytes))
1785216102: Received PUBLISH from resq-firmware-sim-M01-ms47dwmn (d0, q0, r1, m0, 'resq/M01/status', ... (146 bytes))
1785216102: Sending PUBLISH to hub-api-live-registry-1785215101795 (d0, q0, r0, m0, 'resq/M01/status', ... (146 bytes))
1785216102: Client resq-firmware-sim-M01-ms47dwmn [127.0.0.1:52133] disconnected: connection closed by client.
1785216122: Received PINGREQ from hub-api-session-commands-1785215101465
1785216122: Sending PINGRESP to hub-api-session-commands-1785215101465
1785216122: Received PINGREQ from hub-api-live-registry-1785215101795
1785216122: Sending PINGRESP to hub-api-live-registry-1785215101795
1785216182: Received PINGREQ from hub-api-session-commands-1785215101465
1785216182: Sending PINGRESP to hub-api-session-commands-1785215101465
1785216182: Received PINGREQ from hub-api-live-registry-1785215101795
1785216182: Sending PINGRESP to hub-api-live-registry-1785215101795
1785216227: New connection from 127.0.0.1:50395 on port 1883.
1785216227: New client connected from 127.0.0.1:50395 as resq-firmware-sim-M01-ms47nd1f (p4, c1, k60).
1785216227: No will message specified.
1785216227: Sending CONNACK to resq-firmware-sim-M01-ms47nd1f (0, 0)
1785216227: Received SUBSCRIBE from resq-firmware-sim-M01-ms47nd1f
1785216227: 	resq/M01/cmd/# (QoS 0)
1785216227: resq-firmware-sim-M01-ms47nd1f 0 resq/M01/cmd/#
1785216227: Sending SUBACK to resq-firmware-sim-M01-ms47nd1f
1785216227: Received PUBLISH from resq-firmware-sim-M01-ms47nd1f (d0, q0, r1, m0, 'resq/M01/status', ... (137 bytes))
1785216227: Sending PUBLISH to hub-api-live-registry-1785215101795 (d0, q0, r0, m0, 'resq/M01/status', ... (137 bytes))
1785216227: Received PUBLISH from resq-firmware-sim-M01-ms47nd1f (d0, q0, r0, m0, 'resq/M01/heartbeat', ... (200 bytes))
1785216227: Sending PUBLISH to hub-api-live-registry-1785215101795 (d0, q0, r0, m0, 'resq/M01/heartbeat', ... (200 bytes))
1785216228: Received PUBLISH from resq-firmware-sim-M01-ms47nd1f (d0, q0, r0, m0, 'resq/M01/heartbeat', ... (204 bytes))
1785216228: Sending PUBLISH to hub-api-live-registry-1785215101795 (d0, q0, r0, m0, 'resq/M01/heartbeat', ... (204 bytes))
1785216229: Received PUBLISH from resq-firmware-sim-M01-ms47nd1f (d0, q0, r0, m0, 'resq/M01/heartbeat', ... (204 bytes))
1785216229: Sending PUBLISH to hub-api-live-registry-1785215101795 (d0, q0, r0, m0, 'resq/M01/heartbeat', ... (204 bytes))
1785216230: Received PUBLISH from resq-firmware-sim-M01-ms47nd1f (d0, q0, r0, m0, 'resq/M01/heartbeat', ... (204 bytes))
1785216230: Sending PUBLISH to hub-api-live-registry-1785215101795 (d0, q0, r0, m0, 'resq/M01/heartbeat', ... (204 bytes))
1785216231: Received PUBLISH from resq-firmware-sim-M01-ms47nd1f (d0, q0, r0, m0, 'resq/M01/heartbeat', ... (204 bytes))
1785216231: Sending PUBLISH to hub-api-live-registry-1785215101795 (d0, q0, r0, m0, 'resq/M01/heartbeat', ... (204 bytes))
1785216232: Received PUBLISH from resq-firmware-sim-M01-ms47nd1f (d0, q0, r0, m0, 'resq/M01/heartbeat', ... (204 bytes))
1785216232: Sending PUBLISH to hub-api-live-registry-1785215101795 (d0, q0, r0, m0, 'resq/M01/heartbeat', ... (204 bytes))
1785216233: Received PUBLISH from resq-firmware-sim-M01-ms47nd1f (d0, q0, r0, m0, 'resq/M01/heartbeat', ... (204 bytes))
1785216233: Sending PUBLISH to hub-api-live-registry-1785215101795 (d0, q0, r0, m0, 'resq/M01/heartbeat', ... (204 bytes))
1785216234: Received PUBLISH from resq-firmware-sim-M01-ms47nd1f (d0, q0, r0, m0, 'resq/M01/heartbeat', ... (204 bytes))
1785216234: Sending PUBLISH to hub-api-live-registry-1785215101795 (d0, q0, r0, m0, 'resq/M01/heartbeat', ... (204 bytes))
1785216235: Received PUBLISH from resq-firmware-sim-M01-ms47nd1f (d0, q0, r0, m0, 'resq/M01/heartbeat', ... (204 bytes))
1785216235: Sending PUBLISH to hub-api-live-registry-1785215101795 (d0, q0, r0, m0, 'resq/M01/heartbeat', ... (204 bytes))
1785216236: Received PUBLISH from resq-firmware-sim-M01-ms47nd1f (d0, q0, r0, m0, 'resq/M01/heartbeat', ... (204 bytes))
1785216236: Sending PUBLISH to hub-api-live-registry-1785215101795 (d0, q0, r0, m0, 'resq/M01/heartbeat', ... (204 bytes))
1785216237: New connection from 127.0.0.1:50399 on port 1883.
1785216237: New client connected from 127.0.0.1:50399 as auto-35FF3D96-1C85-F808-3FC6-04D424F1779D (p4, c1, k60).
1785216237: No will message specified.
1785216237: Sending CONNACK to auto-35FF3D96-1C85-F808-3FC6-04D424F1779D (0, 0)
1785216237: Received SUBSCRIBE from auto-35FF3D96-1C85-F808-3FC6-04D424F1779D
1785216237: 	resq/# (QoS 0)
1785216237: auto-35FF3D96-1C85-F808-3FC6-04D424F1779D 0 resq/#
1785216237: Sending SUBACK to auto-35FF3D96-1C85-F808-3FC6-04D424F1779D
1785216237: Sending PUBLISH to auto-35FF3D96-1C85-F808-3FC6-04D424F1779D (d0, q0, r1, m0, 'resq/M01/status', ... (137 bytes))
1785216237: Received PUBLISH from resq-firmware-sim-M01-ms47nd1f (d0, q0, r0, m0, 'resq/M01/heartbeat', ... (206 bytes))
1785216237: Sending PUBLISH to hub-api-live-registry-1785215101795 (d0, q0, r0, m0, 'resq/M01/heartbeat', ... (206 bytes))
1785216237: Sending PUBLISH to auto-35FF3D96-1C85-F808-3FC6-04D424F1779D (d0, q0, r0, m0, 'resq/M01/heartbeat', ... (206 bytes))
1785216237: New connection from 127.0.0.1:50402 on port 1883.
1785216237: New client connected from 127.0.0.1:50402 as auto-A8828A38-F993-B632-96F7-EBA0AB7CA205 (p4, c1, k60).
1785216237: No will message specified.
1785216237: Sending CONNACK to auto-A8828A38-F993-B632-96F7-EBA0AB7CA205 (0, 0)
1785216237: Received PUBLISH from auto-A8828A38-F993-B632-96F7-EBA0AB7CA205 (d0, q1, r0, m1, 'resq/M01/cmd/telemetry', ... (104 bytes))
1785216237: Sending PUBLISH to resq-firmware-sim-M01-ms47nd1f (d0, q0, r0, m0, 'resq/M01/cmd/telemetry', ... (104 bytes))
1785216237: Sending PUBLISH to auto-35FF3D96-1C85-F808-3FC6-04D424F1779D (d0, q0, r0, m0, 'resq/M01/cmd/telemetry', ... (104 bytes))
1785216237: Sending PUBACK to auto-A8828A38-F993-B632-96F7-EBA0AB7CA205 (m1, rc0)
1785216237: Client auto-A8828A38-F993-B632-96F7-EBA0AB7CA205 [127.0.0.1:50402] disconnected: connection closed by client.
1785216237: Received PUBLISH from resq-firmware-sim-M01-ms47nd1f (d0, q0, r0, m0, 'resq/M01/status', ... (140 bytes))
1785216237: Sending PUBLISH to hub-api-live-registry-1785215101795 (d0, q0, r0, m0, 'resq/M01/status', ... (140 bytes))
1785216237: Sending PUBLISH to auto-35FF3D96-1C85-F808-3FC6-04D424F1779D (d0, q0, r0, m0, 'resq/M01/status', ... (140 bytes))
1785216237: Received PUBLISH from resq-firmware-sim-M01-ms47nd1f (d0, q0, r0, m0, 'resq/M01/telemetry', ... (370 bytes))
1785216237: Sending PUBLISH to hub-api-live-registry-1785215101795 (d0, q0, r0, m0, 'resq/M01/telemetry', ... (370 bytes))
1785216237: Sending PUBLISH to auto-35FF3D96-1C85-F808-3FC6-04D424F1779D (d0, q0, r0, m0, 'resq/M01/telemetry', ... (370 bytes))
1785216237: Received PUBLISH from resq-firmware-sim-M01-ms47nd1f (d0, q0, r0, m0, 'resq/M01/status', ... (140 bytes))
1785216237: Sending PUBLISH to hub-api-live-registry-1785215101795 (d0, q0, r0, m0, 'resq/M01/status', ... (140 bytes))
1785216237: Sending PUBLISH to auto-35FF3D96-1C85-F808-3FC6-04D424F1779D (d0, q0, r0, m0, 'resq/M01/status', ... (140 bytes))
1785216237: Received PUBLISH from resq-firmware-sim-M01-ms47nd1f (d0, q0, r0, m0, 'resq/M01/events', ... (139 bytes))
1785216237: Sending PUBLISH to hub-api-live-registry-1785215101795 (d0, q0, r0, m0, 'resq/M01/events', ... (139 bytes))
1785216237: Sending PUBLISH to auto-35FF3D96-1C85-F808-3FC6-04D424F1779D (d0, q0, r0, m0, 'resq/M01/events', ... (139 bytes))
1785216238: Received PUBLISH from resq-firmware-sim-M01-ms47nd1f (d0, q0, r0, m0, 'resq/M01/telemetry', ... (372 bytes))
1785216238: Sending PUBLISH to hub-api-live-registry-1785215101795 (d0, q0, r0, m0, 'resq/M01/telemetry', ... (372 bytes))
1785216238: Sending PUBLISH to auto-35FF3D96-1C85-F808-3FC6-04D424F1779D (d0, q0, r0, m0, 'resq/M01/telemetry', ... (372 bytes))
1785216238: Received PUBLISH from resq-firmware-sim-M01-ms47nd1f (d0, q0, r0, m0, 'resq/M01/telemetry', ... (372 bytes))
1785216238: Sending PUBLISH to hub-api-live-registry-1785215101795 (d0, q0, r0, m0, 'resq/M01/telemetry', ... (372 bytes))
1785216238: Sending PUBLISH to auto-35FF3D96-1C85-F808-3FC6-04D424F1779D (d0, q0, r0, m0, 'resq/M01/telemetry', ... (372 bytes))
1785216238: Received PUBLISH from resq-firmware-sim-M01-ms47nd1f (d0, q0, r0, m0, 'resq/M01/telemetry', ... (370 bytes))
1785216238: Sending PUBLISH to hub-api-live-registry-1785215101795 (d0, q0, r0, m0, 'resq/M01/telemetry', ... (370 bytes))
1785216238: Sending PUBLISH to auto-35FF3D96-1C85-F808-3FC6-04D424F1779D (d0, q0, r0, m0, 'resq/M01/telemetry', ... (370 bytes))
1785216238: Received PUBLISH from resq-firmware-sim-M01-ms47nd1f (d0, q0, r0, m0, 'resq/M01/heartbeat', ... (205 bytes))
1785216238: Sending PUBLISH to hub-api-live-registry-1785215101795 (d0, q0, r0, m0, 'resq/M01/heartbeat', ... (205 bytes))
1785216238: Sending PUBLISH to auto-35FF3D96-1C85-F808-3FC6-04D424F1779D (d0, q0, r0, m0, 'resq/M01/heartbeat', ... (205 bytes))
1785216238: Received PUBLISH from resq-firmware-sim-M01-ms47nd1f (d0, q0, r0, m0, 'resq/M01/telemetry', ... (373 bytes))
1785216238: Sending PUBLISH to hub-api-live-registry-1785215101795 (d0, q0, r0, m0, 'resq/M01/telemetry', ... (373 bytes))
1785216238: Sending PUBLISH to auto-35FF3D96-1C85-F808-3FC6-04D424F1779D (d0, q0, r0, m0, 'resq/M01/telemetry', ... (373 bytes))
1785216239: Received PUBLISH from resq-firmware-sim-M01-ms47nd1f (d0, q0, r0, m0, 'resq/M01/telemetry', ... (368 bytes))
1785216239: Sending PUBLISH to hub-api-live-registry-1785215101795 (d0, q0, r0, m0, 'resq/M01/telemetry', ... (368 bytes))
1785216239: Sending PUBLISH to auto-35FF3D96-1C85-F808-3FC6-04D424F1779D (d0, q0, r0, m0, 'resq/M01/telemetry', ... (368 bytes))
1785216239: Received PUBLISH from resq-firmware-sim-M01-ms47nd1f (d0, q0, r0, m0, 'resq/M01/telemetry', ... (373 bytes))
1785216239: Sending PUBLISH to hub-api-live-registry-1785215101795 (d0, q0, r0, m0, 'resq/M01/telemetry', ... (373 bytes))
1785216239: Sending PUBLISH to auto-35FF3D96-1C85-F808-3FC6-04D424F1779D (d0, q0, r0, m0, 'resq/M01/telemetry', ... (373 bytes))
1785216239: Received PUBLISH from resq-firmware-sim-M01-ms47nd1f (d0, q0, r0, m0, 'resq/M01/telemetry', ... (373 bytes))
1785216239: Sending PUBLISH to hub-api-live-registry-1785215101795 (d0, q0, r0, m0, 'resq/M01/telemetry', ... (373 bytes))
1785216239: Sending PUBLISH to auto-35FF3D96-1C85-F808-3FC6-04D424F1779D (d0, q0, r0, m0, 'resq/M01/telemetry', ... (373 bytes))
1785216239: Received PUBLISH from resq-firmware-sim-M01-ms47nd1f (d0, q0, r0, m0, 'resq/M01/telemetry', ... (373 bytes))
1785216239: Sending PUBLISH to hub-api-live-registry-1785215101795 (d0, q0, r0, m0, 'resq/M01/telemetry', ... (373 bytes))
1785216239: Sending PUBLISH to auto-35FF3D96-1C85-F808-3FC6-04D424F1779D (d0, q0, r0, m0, 'resq/M01/telemetry', ... (373 bytes))
1785216239: Received PUBLISH from resq-firmware-sim-M01-ms47nd1f (d0, q0, r0, m0, 'resq/M01/heartbeat', ... (205 bytes))
1785216239: Sending PUBLISH to hub-api-live-registry-1785215101795 (d0, q0, r0, m0, 'resq/M01/heartbeat', ... (205 bytes))
1785216239: Sending PUBLISH to auto-35FF3D96-1C85-F808-3FC6-04D424F1779D (d0, q0, r0, m0, 'resq/M01/heartbeat', ... (205 bytes))
1785216239: Received PUBLISH from resq-firmware-sim-M01-ms47nd1f (d0, q0, r0, m0, 'resq/M01/telemetry', ... (370 bytes))
1785216239: Sending PUBLISH to hub-api-live-registry-1785215101795 (d0, q0, r0, m0, 'resq/M01/telemetry', ... (370 bytes))
1785216239: Sending PUBLISH to auto-35FF3D96-1C85-F808-3FC6-04D424F1779D (d0, q0, r0, m0, 'resq/M01/telemetry', ... (370 bytes))
1785216240: Received PUBLISH from resq-firmware-sim-M01-ms47nd1f (d0, q0, r0, m0, 'resq/M01/telemetry', ... (373 bytes))
1785216240: Sending PUBLISH to hub-api-live-registry-1785215101795 (d0, q0, r0, m0, 'resq/M01/telemetry', ... (373 bytes))
1785216240: Sending PUBLISH to auto-35FF3D96-1C85-F808-3FC6-04D424F1779D (d0, q0, r0, m0, 'resq/M01/telemetry', ... (373 bytes))
1785216240: Received PUBLISH from resq-firmware-sim-M01-ms47nd1f (d0, q0, r0, m0, 'resq/M01/telemetry', ... (373 bytes))
1785216240: Sending PUBLISH to hub-api-live-registry-1785215101795 (d0, q0, r0, m0, 'resq/M01/telemetry', ... (373 bytes))
1785216240: Sending PUBLISH to auto-35FF3D96-1C85-F808-3FC6-04D424F1779D (d0, q0, r0, m0, 'resq/M01/telemetry', ... (373 bytes))
1785216240: Received PUBLISH from resq-firmware-sim-M01-ms47nd1f (d0, q0, r0, m0, 'resq/M01/telemetry', ... (375 bytes))
1785216240: Sending PUBLISH to hub-api-live-registry-1785215101795 (d0, q0, r0, m0, 'resq/M01/telemetry', ... (375 bytes))
1785216240: Sending PUBLISH to auto-35FF3D96-1C85-F808-3FC6-04D424F1779D (d0, q0, r0, m0, 'resq/M01/telemetry', ... (375 bytes))
1785216240: Received PUBLISH from resq-firmware-sim-M01-ms47nd1f (d0, q0, r0, m0, 'resq/M01/telemetry', ... (373 bytes))
1785216240: Sending PUBLISH to hub-api-live-registry-1785215101795 (d0, q0, r0, m0, 'resq/M01/telemetry', ... (373 bytes))
1785216240: Sending PUBLISH to auto-35FF3D96-1C85-F808-3FC6-04D424F1779D (d0, q0, r0, m0, 'resq/M01/telemetry', ... (373 bytes))
1785216240: Received PUBLISH from resq-firmware-sim-M01-ms47nd1f (d0, q0, r0, m0, 'resq/M01/heartbeat', ... (205 bytes))
1785216240: Sending PUBLISH to hub-api-live-registry-1785215101795 (d0, q0, r0, m0, 'resq/M01/heartbeat', ... (205 bytes))
1785216240: Sending PUBLISH to auto-35FF3D96-1C85-F808-3FC6-04D424F1779D (d0, q0, r0, m0, 'resq/M01/heartbeat', ... (205 bytes))
1785216240: Received PUBLISH from resq-firmware-sim-M01-ms47nd1f (d0, q0, r0, m0, 'resq/M01/telemetry', ... (373 bytes))
1785216240: Sending PUBLISH to hub-api-live-registry-1785215101795 (d0, q0, r0, m0, 'resq/M01/telemetry', ... (373 bytes))
1785216240: Sending PUBLISH to auto-35FF3D96-1C85-F808-3FC6-04D424F1779D (d0, q0, r0, m0, 'resq/M01/telemetry', ... (373 bytes))
1785216241: Received PUBLISH from resq-firmware-sim-M01-ms47nd1f (d0, q0, r0, m0, 'resq/M01/telemetry', ... (373 bytes))
1785216241: Sending PUBLISH to hub-api-live-registry-1785215101795 (d0, q0, r0, m0, 'resq/M01/telemetry', ... (373 bytes))
1785216241: Sending PUBLISH to auto-35FF3D96-1C85-F808-3FC6-04D424F1779D (d0, q0, r0, m0, 'resq/M01/telemetry', ... (373 bytes))
1785216241: Received PUBLISH from resq-firmware-sim-M01-ms47nd1f (d0, q0, r0, m0, 'resq/M01/telemetry', ... (373 bytes))
1785216241: Sending PUBLISH to hub-api-live-registry-1785215101795 (d0, q0, r0, m0, 'resq/M01/telemetry', ... (373 bytes))
1785216241: Sending PUBLISH to auto-35FF3D96-1C85-F808-3FC6-04D424F1779D (d0, q0, r0, m0, 'resq/M01/telemetry', ... (373 bytes))
1785216241: Received PUBLISH from resq-firmware-sim-M01-ms47nd1f (d0, q0, r0, m0, 'resq/M01/telemetry', ... (373 bytes))
1785216241: Sending PUBLISH to hub-api-live-registry-1785215101795 (d0, q0, r0, m0, 'resq/M01/telemetry', ... (373 bytes))
1785216241: Sending PUBLISH to auto-35FF3D96-1C85-F808-3FC6-04D424F1779D (d0, q0, r0, m0, 'resq/M01/telemetry', ... (373 bytes))
1785216241: Received PUBLISH from resq-firmware-sim-M01-ms47nd1f (d0, q0, r0, m0, 'resq/M01/telemetry', ... (366 bytes))
1785216241: Sending PUBLISH to hub-api-live-registry-1785215101795 (d0, q0, r0, m0, 'resq/M01/telemetry', ... (366 bytes))
1785216241: Sending PUBLISH to auto-35FF3D96-1C85-F808-3FC6-04D424F1779D (d0, q0, r0, m0, 'resq/M01/telemetry', ... (366 bytes))
1785216241: Received PUBLISH from resq-firmware-sim-M01-ms47nd1f (d0, q0, r0, m0, 'resq/M01/heartbeat', ... (205 bytes))
1785216241: Sending PUBLISH to hub-api-live-registry-1785215101795 (d0, q0, r0, m0, 'resq/M01/heartbeat', ... (205 bytes))
1785216241: Sending PUBLISH to auto-35FF3D96-1C85-F808-3FC6-04D424F1779D (d0, q0, r0, m0, 'resq/M01/heartbeat', ... (205 bytes))
1785216241: Received PUBLISH from resq-firmware-sim-M01-ms47nd1f (d0, q0, r0, m0, 'resq/M01/telemetry', ... (372 bytes))
1785216241: Sending PUBLISH to hub-api-live-registry-1785215101795 (d0, q0, r0, m0, 'resq/M01/telemetry', ... (372 bytes))
1785216241: Sending PUBLISH to auto-35FF3D96-1C85-F808-3FC6-04D424F1779D (d0, q0, r0, m0, 'resq/M01/telemetry', ... (372 bytes))
1785216242: Received PUBLISH from resq-firmware-sim-M01-ms47nd1f (d0, q0, r0, m0, 'resq/M01/telemetry', ... (373 bytes))
1785216242: Sending PUBLISH to hub-api-live-registry-1785215101795 (d0, q0, r0, m0, 'resq/M01/telemetry', ... (373 bytes))
1785216242: Sending PUBLISH to auto-35FF3D96-1C85-F808-3FC6-04D424F1779D (d0, q0, r0, m0, 'resq/M01/telemetry', ... (373 bytes))
1785216242: Received PINGREQ from hub-api-session-commands-1785215101465
1785216242: Sending PINGRESP to hub-api-session-commands-1785215101465
1785216242: Received PUBLISH from resq-firmware-sim-M01-ms47nd1f (d0, q0, r0, m0, 'resq/M01/telemetry', ... (373 bytes))
1785216242: Sending PUBLISH to hub-api-live-registry-1785215101795 (d0, q0, r0, m0, 'resq/M01/telemetry', ... (373 bytes))
1785216242: Sending PUBLISH to auto-35FF3D96-1C85-F808-3FC6-04D424F1779D (d0, q0, r0, m0, 'resq/M01/telemetry', ... (373 bytes))
1785216242: Received PUBLISH from resq-firmware-sim-M01-ms47nd1f (d0, q0, r0, m0, 'resq/M01/telemetry', ... (372 bytes))
1785216242: Sending PUBLISH to hub-api-live-registry-1785215101795 (d0, q0, r0, m0, 'resq/M01/telemetry', ... (372 bytes))
1785216242: Sending PUBLISH to auto-35FF3D96-1C85-F808-3FC6-04D424F1779D (d0, q0, r0, m0, 'resq/M01/telemetry', ... (372 bytes))
1785216242: Received PINGREQ from hub-api-live-registry-1785215101795
1785216242: Sending PINGRESP to hub-api-live-registry-1785215101795
1785216242: Received PUBLISH from resq-firmware-sim-M01-ms47nd1f (d0, q0, r0, m0, 'resq/M01/heartbeat', ... (205 bytes))
1785216242: Sending PUBLISH to hub-api-live-registry-1785215101795 (d0, q0, r0, m0, 'resq/M01/heartbeat', ... (205 bytes))
1785216242: Sending PUBLISH to auto-35FF3D96-1C85-F808-3FC6-04D424F1779D (d0, q0, r0, m0, 'resq/M01/heartbeat', ... (205 bytes))
1785216242: Received PUBLISH from resq-firmware-sim-M01-ms47nd1f (d0, q0, r0, m0, 'resq/M01/telemetry', ... (372 bytes))
1785216242: Sending PUBLISH to hub-api-live-registry-1785215101795 (d0, q0, r0, m0, 'resq/M01/telemetry', ... (372 bytes))
1785216242: Sending PUBLISH to auto-35FF3D96-1C85-F808-3FC6-04D424F1779D (d0, q0, r0, m0, 'resq/M01/telemetry', ... (372 bytes))
1785216242: Received PUBLISH from resq-firmware-sim-M01-ms47nd1f (d0, q0, r0, m0, 'resq/M01/telemetry', ... (373 bytes))
1785216242: Sending PUBLISH to hub-api-live-registry-1785215101795 (d0, q0, r0, m0, 'resq/M01/telemetry', ... (373 bytes))
1785216242: Sending PUBLISH to auto-35FF3D96-1C85-F808-3FC6-04D424F1779D (d0, q0, r0, m0, 'resq/M01/telemetry', ... (373 bytes))
1785216243: Received PUBLISH from resq-firmware-sim-M01-ms47nd1f (d0, q0, r0, m0, 'resq/M01/telemetry', ... (375 bytes))
1785216243: Sending PUBLISH to hub-api-live-registry-1785215101795 (d0, q0, r0, m0, 'resq/M01/telemetry', ... (375 bytes))
1785216243: Sending PUBLISH to auto-35FF3D96-1C85-F808-3FC6-04D424F1779D (d0, q0, r0, m0, 'resq/M01/telemetry', ... (375 bytes))
1785216243: Received PUBLISH from resq-firmware-sim-M01-ms47nd1f (d0, q0, r0, m0, 'resq/M01/telemetry', ... (373 bytes))
1785216243: Sending PUBLISH to hub-api-live-registry-1785215101795 (d0, q0, r0, m0, 'resq/M01/telemetry', ... (373 bytes))
1785216243: Sending PUBLISH to auto-35FF3D96-1C85-F808-3FC6-04D424F1779D (d0, q0, r0, m0, 'resq/M01/telemetry', ... (373 bytes))
1785216243: Received PUBLISH from resq-firmware-sim-M01-ms47nd1f (d0, q0, r0, m0, 'resq/M01/telemetry', ... (373 bytes))
1785216243: Sending PUBLISH to hub-api-live-registry-1785215101795 (d0, q0, r0, m0, 'resq/M01/telemetry', ... (373 bytes))
1785216243: Sending PUBLISH to auto-35FF3D96-1C85-F808-3FC6-04D424F1779D (d0, q0, r0, m0, 'resq/M01/telemetry', ... (373 bytes))
1785216243: Received PUBLISH from resq-firmware-sim-M01-ms47nd1f (d0, q0, r0, m0, 'resq/M01/heartbeat', ... (205 bytes))
1785216243: Sending PUBLISH to hub-api-live-registry-1785215101795 (d0, q0, r0, m0, 'resq/M01/heartbeat', ... (205 bytes))
1785216243: Sending PUBLISH to auto-35FF3D96-1C85-F808-3FC6-04D424F1779D (d0, q0, r0, m0, 'resq/M01/heartbeat', ... (205 bytes))
1785216243: Received PUBLISH from resq-firmware-sim-M01-ms47nd1f (d0, q0, r0, m0, 'resq/M01/telemetry', ... (373 bytes))
1785216243: Sending PUBLISH to hub-api-live-registry-1785215101795 (d0, q0, r0, m0, 'resq/M01/telemetry', ... (373 bytes))
1785216243: Sending PUBLISH to auto-35FF3D96-1C85-F808-3FC6-04D424F1779D (d0, q0, r0, m0, 'resq/M01/telemetry', ... (373 bytes))
1785216244: Received PUBLISH from resq-firmware-sim-M01-ms47nd1f (d0, q0, r0, m0, 'resq/M01/telemetry', ... (373 bytes))
1785216244: Sending PUBLISH to hub-api-live-registry-1785215101795 (d0, q0, r0, m0, 'resq/M01/telemetry', ... (373 bytes))
1785216244: Sending PUBLISH to auto-35FF3D96-1C85-F808-3FC6-04D424F1779D (d0, q0, r0, m0, 'resq/M01/telemetry', ... (373 bytes))
1785216244: Received PUBLISH from resq-firmware-sim-M01-ms47nd1f (d0, q0, r0, m0, 'resq/M01/telemetry', ... (369 bytes))
1785216244: Sending PUBLISH to hub-api-live-registry-1785215101795 (d0, q0, r0, m0, 'resq/M01/telemetry', ... (369 bytes))
1785216244: Sending PUBLISH to auto-35FF3D96-1C85-F808-3FC6-04D424F1779D (d0, q0, r0, m0, 'resq/M01/telemetry', ... (369 bytes))
1785216244: Received PUBLISH from resq-firmware-sim-M01-ms47nd1f (d0, q0, r0, m0, 'resq/M01/telemetry', ... (373 bytes))
1785216244: Sending PUBLISH to hub-api-live-registry-1785215101795 (d0, q0, r0, m0, 'resq/M01/telemetry', ... (373 bytes))
1785216244: Sending PUBLISH to auto-35FF3D96-1C85-F808-3FC6-04D424F1779D (d0, q0, r0, m0, 'resq/M01/telemetry', ... (373 bytes))
1785216244: Received PUBLISH from resq-firmware-sim-M01-ms47nd1f (d0, q0, r0, m0, 'resq/M01/telemetry', ... (373 bytes))
1785216244: Sending PUBLISH to hub-api-live-registry-1785215101795 (d0, q0, r0, m0, 'resq/M01/telemetry', ... (373 bytes))
1785216244: Sending PUBLISH to auto-35FF3D96-1C85-F808-3FC6-04D424F1779D (d0, q0, r0, m0, 'resq/M01/telemetry', ... (373 bytes))
1785216244: Received PUBLISH from resq-firmware-sim-M01-ms47nd1f (d0, q0, r0, m0, 'resq/M01/heartbeat', ... (205 bytes))
1785216244: Sending PUBLISH to hub-api-live-registry-1785215101795 (d0, q0, r0, m0, 'resq/M01/heartbeat', ... (205 bytes))
1785216244: Sending PUBLISH to auto-35FF3D96-1C85-F808-3FC6-04D424F1779D (d0, q0, r0, m0, 'resq/M01/heartbeat', ... (205 bytes))
1785216244: Received PUBLISH from resq-firmware-sim-M01-ms47nd1f (d0, q0, r0, m0, 'resq/M01/telemetry', ... (372 bytes))
1785216244: Sending PUBLISH to hub-api-live-registry-1785215101795 (d0, q0, r0, m0, 'resq/M01/telemetry', ... (372 bytes))
1785216244: Sending PUBLISH to auto-35FF3D96-1C85-F808-3FC6-04D424F1779D (d0, q0, r0, m0, 'resq/M01/telemetry', ... (372 bytes))
1785216245: Received PUBLISH from resq-firmware-sim-M01-ms47nd1f (d0, q0, r0, m0, 'resq/M01/telemetry', ... (371 bytes))
1785216245: Sending PUBLISH to hub-api-live-registry-1785215101795 (d0, q0, r0, m0, 'resq/M01/telemetry', ... (371 bytes))
1785216245: Sending PUBLISH to auto-35FF3D96-1C85-F808-3FC6-04D424F1779D (d0, q0, r0, m0, 'resq/M01/telemetry', ... (371 bytes))
1785216245: Received PUBLISH from resq-firmware-sim-M01-ms47nd1f (d0, q0, r0, m0, 'resq/M01/telemetry', ... (373 bytes))
1785216245: Sending PUBLISH to hub-api-live-registry-1785215101795 (d0, q0, r0, m0, 'resq/M01/telemetry', ... (373 bytes))
1785216245: Sending PUBLISH to auto-35FF3D96-1C85-F808-3FC6-04D424F1779D (d0, q0, r0, m0, 'resq/M01/telemetry', ... (373 bytes))
1785216245: Received PUBLISH from resq-firmware-sim-M01-ms47nd1f (d0, q0, r0, m0, 'resq/M01/telemetry', ... (372 bytes))
1785216245: Sending PUBLISH to hub-api-live-registry-1785215101795 (d0, q0, r0, m0, 'resq/M01/telemetry', ... (372 bytes))
1785216245: Sending PUBLISH to auto-35FF3D96-1C85-F808-3FC6-04D424F1779D (d0, q0, r0, m0, 'resq/M01/telemetry', ... (372 bytes))
1785216245: Received PUBLISH from resq-firmware-sim-M01-ms47nd1f (d0, q0, r0, m0, 'resq/M01/telemetry', ... (373 bytes))
1785216245: Sending PUBLISH to hub-api-live-registry-1785215101795 (d0, q0, r0, m0, 'resq/M01/telemetry', ... (373 bytes))
1785216245: Sending PUBLISH to auto-35FF3D96-1C85-F808-3FC6-04D424F1779D (d0, q0, r0, m0, 'resq/M01/telemetry', ... (373 bytes))
1785216245: Received PUBLISH from resq-firmware-sim-M01-ms47nd1f (d0, q0, r0, m0, 'resq/M01/heartbeat', ... (205 bytes))
1785216245: Sending PUBLISH to hub-api-live-registry-1785215101795 (d0, q0, r0, m0, 'resq/M01/heartbeat', ... (205 bytes))
1785216245: Sending PUBLISH to auto-35FF3D96-1C85-F808-3FC6-04D424F1779D (d0, q0, r0, m0, 'resq/M01/heartbeat', ... (205 bytes))
1785216245: Received PUBLISH from resq-firmware-sim-M01-ms47nd1f (d0, q0, r0, m0, 'resq/M01/telemetry', ... (374 bytes))
1785216245: Sending PUBLISH to hub-api-live-registry-1785215101795 (d0, q0, r0, m0, 'resq/M01/telemetry', ... (374 bytes))
1785216245: Sending PUBLISH to auto-35FF3D96-1C85-F808-3FC6-04D424F1779D (d0, q0, r0, m0, 'resq/M01/telemetry', ... (374 bytes))
1785216246: Received PUBLISH from resq-firmware-sim-M01-ms47nd1f (d0, q0, r0, m0, 'resq/M01/telemetry', ... (373 bytes))
1785216246: Sending PUBLISH to hub-api-live-registry-1785215101795 (d0, q0, r0, m0, 'resq/M01/telemetry', ... (373 bytes))
1785216246: Sending PUBLISH to auto-35FF3D96-1C85-F808-3FC6-04D424F1779D (d0, q0, r0, m0, 'resq/M01/telemetry', ... (373 bytes))
1785216246: Received PUBLISH from resq-firmware-sim-M01-ms47nd1f (d0, q0, r0, m0, 'resq/M01/telemetry', ... (373 bytes))
1785216246: Sending PUBLISH to hub-api-live-registry-1785215101795 (d0, q0, r0, m0, 'resq/M01/telemetry', ... (373 bytes))
1785216246: Sending PUBLISH to auto-35FF3D96-1C85-F808-3FC6-04D424F1779D (d0, q0, r0, m0, 'resq/M01/telemetry', ... (373 bytes))
1785216246: Received PUBLISH from resq-firmware-sim-M01-ms47nd1f (d0, q0, r0, m0, 'resq/M01/telemetry', ... (370 bytes))
1785216246: Sending PUBLISH to hub-api-live-registry-1785215101795 (d0, q0, r0, m0, 'resq/M01/telemetry', ... (370 bytes))
1785216246: Sending PUBLISH to auto-35FF3D96-1C85-F808-3FC6-04D424F1779D (d0, q0, r0, m0, 'resq/M01/telemetry', ... (370 bytes))
1785216246: Received PUBLISH from resq-firmware-sim-M01-ms47nd1f (d0, q0, r0, m0, 'resq/M01/telemetry', ... (373 bytes))
1785216246: Sending PUBLISH to hub-api-live-registry-1785215101795 (d0, q0, r0, m0, 'resq/M01/telemetry', ... (373 bytes))
1785216246: Sending PUBLISH to auto-35FF3D96-1C85-F808-3FC6-04D424F1779D (d0, q0, r0, m0, 'resq/M01/telemetry', ... (373 bytes))
1785216246: Received PUBLISH from resq-firmware-sim-M01-ms47nd1f (d0, q0, r0, m0, 'resq/M01/heartbeat', ... (205 bytes))
1785216246: Sending PUBLISH to hub-api-live-registry-1785215101795 (d0, q0, r0, m0, 'resq/M01/heartbeat', ... (205 bytes))
1785216246: Sending PUBLISH to auto-35FF3D96-1C85-F808-3FC6-04D424F1779D (d0, q0, r0, m0, 'resq/M01/heartbeat', ... (205 bytes))
1785216246: Received PUBLISH from resq-firmware-sim-M01-ms47nd1f (d0, q0, r0, m0, 'resq/M01/telemetry', ... (366 bytes))
1785216246: Sending PUBLISH to hub-api-live-registry-1785215101795 (d0, q0, r0, m0, 'resq/M01/telemetry', ... (366 bytes))
1785216246: Sending PUBLISH to auto-35FF3D96-1C85-F808-3FC6-04D424F1779D (d0, q0, r0, m0, 'resq/M01/telemetry', ... (366 bytes))
1785216247: Received PUBLISH from resq-firmware-sim-M01-ms47nd1f (d0, q0, r0, m0, 'resq/M01/telemetry', ... (373 bytes))
1785216247: Sending PUBLISH to hub-api-live-registry-1785215101795 (d0, q0, r0, m0, 'resq/M01/telemetry', ... (373 bytes))
1785216247: Sending PUBLISH to auto-35FF3D96-1C85-F808-3FC6-04D424F1779D (d0, q0, r0, m0, 'resq/M01/telemetry', ... (373 bytes))
1785216247: Received PUBLISH from resq-firmware-sim-M01-ms47nd1f (d0, q0, r0, m0, 'resq/M01/telemetry', ... (371 bytes))
1785216247: Sending PUBLISH to hub-api-live-registry-1785215101795 (d0, q0, r0, m0, 'resq/M01/telemetry', ... (371 bytes))
1785216247: Sending PUBLISH to auto-35FF3D96-1C85-F808-3FC6-04D424F1779D (d0, q0, r0, m0, 'resq/M01/telemetry', ... (371 bytes))
1785216247: Received PUBLISH from resq-firmware-sim-M01-ms47nd1f (d0, q0, r0, m0, 'resq/M01/telemetry', ... (373 bytes))
1785216247: Sending PUBLISH to hub-api-live-registry-1785215101795 (d0, q0, r0, m0, 'resq/M01/telemetry', ... (373 bytes))
1785216247: Sending PUBLISH to auto-35FF3D96-1C85-F808-3FC6-04D424F1779D (d0, q0, r0, m0, 'resq/M01/telemetry', ... (373 bytes))
1785216247: Received PUBLISH from resq-firmware-sim-M01-ms47nd1f (d0, q0, r0, m0, 'resq/M01/telemetry', ... (373 bytes))
1785216247: Sending PUBLISH to hub-api-live-registry-1785215101795 (d0, q0, r0, m0, 'resq/M01/telemetry', ... (373 bytes))
1785216247: Sending PUBLISH to auto-35FF3D96-1C85-F808-3FC6-04D424F1779D (d0, q0, r0, m0, 'resq/M01/telemetry', ... (373 bytes))
1785216247: Received PUBLISH from resq-firmware-sim-M01-ms47nd1f (d0, q0, r0, m0, 'resq/M01/heartbeat', ... (205 bytes))
1785216247: Sending PUBLISH to hub-api-live-registry-1785215101795 (d0, q0, r0, m0, 'resq/M01/heartbeat', ... (205 bytes))
1785216247: Sending PUBLISH to auto-35FF3D96-1C85-F808-3FC6-04D424F1779D (d0, q0, r0, m0, 'resq/M01/heartbeat', ... (205 bytes))
1785216247: Received PUBLISH from resq-firmware-sim-M01-ms47nd1f (d0, q0, r0, m0, 'resq/M01/telemetry', ... (373 bytes))
1785216247: Sending PUBLISH to hub-api-live-registry-1785215101795 (d0, q0, r0, m0, 'resq/M01/telemetry', ... (373 bytes))
1785216247: Sending PUBLISH to auto-35FF3D96-1C85-F808-3FC6-04D424F1779D (d0, q0, r0, m0, 'resq/M01/telemetry', ... (373 bytes))
1785216248: Received PUBLISH from resq-firmware-sim-M01-ms47nd1f (d0, q0, r0, m0, 'resq/M01/telemetry', ... (373 bytes))
1785216248: Sending PUBLISH to hub-api-live-registry-1785215101795 (d0, q0, r0, m0, 'resq/M01/telemetry', ... (373 bytes))
1785216248: Sending PUBLISH to auto-35FF3D96-1C85-F808-3FC6-04D424F1779D (d0, q0, r0, m0, 'resq/M01/telemetry', ... (373 bytes))
1785216248: Received PUBLISH from resq-firmware-sim-M01-ms47nd1f (d0, q0, r0, m0, 'resq/M01/telemetry', ... (373 bytes))
1785216248: Sending PUBLISH to hub-api-live-registry-1785215101795 (d0, q0, r0, m0, 'resq/M01/telemetry', ... (373 bytes))
1785216248: Sending PUBLISH to auto-35FF3D96-1C85-F808-3FC6-04D424F1779D (d0, q0, r0, m0, 'resq/M01/telemetry', ... (373 bytes))
1785216248: Received PUBLISH from resq-firmware-sim-M01-ms47nd1f (d0, q0, r0, m0, 'resq/M01/telemetry', ... (374 bytes))
1785216248: Sending PUBLISH to hub-api-live-registry-1785215101795 (d0, q0, r0, m0, 'resq/M01/telemetry', ... (374 bytes))
1785216248: Sending PUBLISH to auto-35FF3D96-1C85-F808-3FC6-04D424F1779D (d0, q0, r0, m0, 'resq/M01/telemetry', ... (374 bytes))
1785216248: Received PUBLISH from resq-firmware-sim-M01-ms47nd1f (d0, q0, r0, m0, 'resq/M01/heartbeat', ... (205 bytes))
1785216248: Sending PUBLISH to hub-api-live-registry-1785215101795 (d0, q0, r0, m0, 'resq/M01/heartbeat', ... (205 bytes))
1785216248: Sending PUBLISH to auto-35FF3D96-1C85-F808-3FC6-04D424F1779D (d0, q0, r0, m0, 'resq/M01/heartbeat', ... (205 bytes))
1785216248: Received PUBLISH from resq-firmware-sim-M01-ms47nd1f (d0, q0, r0, m0, 'resq/M01/telemetry', ... (373 bytes))
1785216248: Sending PUBLISH to hub-api-live-registry-1785215101795 (d0, q0, r0, m0, 'resq/M01/telemetry', ... (373 bytes))
1785216248: Sending PUBLISH to auto-35FF3D96-1C85-F808-3FC6-04D424F1779D (d0, q0, r0, m0, 'resq/M01/telemetry', ... (373 bytes))
1785216248: Received PUBLISH from resq-firmware-sim-M01-ms47nd1f (d0, q0, r0, m0, 'resq/M01/telemetry', ... (373 bytes))
1785216248: Sending PUBLISH to hub-api-live-registry-1785215101795 (d0, q0, r0, m0, 'resq/M01/telemetry', ... (373 bytes))
1785216248: Sending PUBLISH to auto-35FF3D96-1C85-F808-3FC6-04D424F1779D (d0, q0, r0, m0, 'resq/M01/telemetry', ... (373 bytes))
1785216249: Received PUBLISH from resq-firmware-sim-M01-ms47nd1f (d0, q0, r0, m0, 'resq/M01/telemetry', ... (373 bytes))
1785216249: Sending PUBLISH to hub-api-live-registry-1785215101795 (d0, q0, r0, m0, 'resq/M01/telemetry', ... (373 bytes))
1785216249: Sending PUBLISH to auto-35FF3D96-1C85-F808-3FC6-04D424F1779D (d0, q0, r0, m0, 'resq/M01/telemetry', ... (373 bytes))
1785216249: Received PUBLISH from resq-firmware-sim-M01-ms47nd1f (d0, q0, r0, m0, 'resq/M01/telemetry', ... (373 bytes))
1785216249: Sending PUBLISH to hub-api-live-registry-1785215101795 (d0, q0, r0, m0, 'resq/M01/telemetry', ... (373 bytes))
1785216249: Sending PUBLISH to auto-35FF3D96-1C85-F808-3FC6-04D424F1779D (d0, q0, r0, m0, 'resq/M01/telemetry', ... (373 bytes))
1785216249: Received PUBLISH from resq-firmware-sim-M01-ms47nd1f (d0, q0, r0, m0, 'resq/M01/telemetry', ... (372 bytes))
1785216249: Sending PUBLISH to hub-api-live-registry-1785215101795 (d0, q0, r0, m0, 'resq/M01/telemetry', ... (372 bytes))
1785216249: Sending PUBLISH to auto-35FF3D96-1C85-F808-3FC6-04D424F1779D (d0, q0, r0, m0, 'resq/M01/telemetry', ... (372 bytes))
1785216249: Received PUBLISH from resq-firmware-sim-M01-ms47nd1f (d0, q0, r0, m0, 'resq/M01/heartbeat', ... (205 bytes))
1785216249: Sending PUBLISH to hub-api-live-registry-1785215101795 (d0, q0, r0, m0, 'resq/M01/heartbeat', ... (205 bytes))
1785216249: Sending PUBLISH to auto-35FF3D96-1C85-F808-3FC6-04D424F1779D (d0, q0, r0, m0, 'resq/M01/heartbeat', ... (205 bytes))
1785216249: Received PUBLISH from resq-firmware-sim-M01-ms47nd1f (d0, q0, r0, m0, 'resq/M01/telemetry', ... (373 bytes))
1785216249: Sending PUBLISH to hub-api-live-registry-1785215101795 (d0, q0, r0, m0, 'resq/M01/telemetry', ... (373 bytes))
1785216249: Sending PUBLISH to auto-35FF3D96-1C85-F808-3FC6-04D424F1779D (d0, q0, r0, m0, 'resq/M01/telemetry', ... (373 bytes))
1785216250: Received PUBLISH from resq-firmware-sim-M01-ms47nd1f (d0, q0, r0, m0, 'resq/M01/telemetry', ... (373 bytes))
1785216250: Sending PUBLISH to hub-api-live-registry-1785215101795 (d0, q0, r0, m0, 'resq/M01/telemetry', ... (373 bytes))
1785216250: Sending PUBLISH to auto-35FF3D96-1C85-F808-3FC6-04D424F1779D (d0, q0, r0, m0, 'resq/M01/telemetry', ... (373 bytes))
1785216250: Received PUBLISH from resq-firmware-sim-M01-ms47nd1f (d0, q0, r0, m0, 'resq/M01/telemetry', ... (373 bytes))
1785216250: Sending PUBLISH to hub-api-live-registry-1785215101795 (d0, q0, r0, m0, 'resq/M01/telemetry', ... (373 bytes))
1785216250: Sending PUBLISH to auto-35FF3D96-1C85-F808-3FC6-04D424F1779D (d0, q0, r0, m0, 'resq/M01/telemetry', ... (373 bytes))
1785216250: Received PUBLISH from resq-firmware-sim-M01-ms47nd1f (d0, q0, r0, m0, 'resq/M01/telemetry', ... (373 bytes))
1785216250: Sending PUBLISH to hub-api-live-registry-1785215101795 (d0, q0, r0, m0, 'resq/M01/telemetry', ... (373 bytes))
1785216250: Sending PUBLISH to auto-35FF3D96-1C85-F808-3FC6-04D424F1779D (d0, q0, r0, m0, 'resq/M01/telemetry', ... (373 bytes))
1785216250: Received PUBLISH from resq-firmware-sim-M01-ms47nd1f (d0, q0, r0, m0, 'resq/M01/telemetry', ... (373 bytes))
1785216250: Sending PUBLISH to hub-api-live-registry-1785215101795 (d0, q0, r0, m0, 'resq/M01/telemetry', ... (373 bytes))
1785216250: Sending PUBLISH to auto-35FF3D96-1C85-F808-3FC6-04D424F1779D (d0, q0, r0, m0, 'resq/M01/telemetry', ... (373 bytes))
1785216250: Received PUBLISH from resq-firmware-sim-M01-ms47nd1f (d0, q0, r0, m0, 'resq/M01/heartbeat', ... (205 bytes))
1785216250: Sending PUBLISH to hub-api-live-registry-1785215101795 (d0, q0, r0, m0, 'resq/M01/heartbeat', ... (205 bytes))
1785216250: Sending PUBLISH to auto-35FF3D96-1C85-F808-3FC6-04D424F1779D (d0, q0, r0, m0, 'resq/M01/heartbeat', ... (205 bytes))
1785216250: Received PUBLISH from resq-firmware-sim-M01-ms47nd1f (d0, q0, r0, m0, 'resq/M01/telemetry', ... (373 bytes))
1785216250: Sending PUBLISH to hub-api-live-registry-1785215101795 (d0, q0, r0, m0, 'resq/M01/telemetry', ... (373 bytes))
1785216250: Sending PUBLISH to auto-35FF3D96-1C85-F808-3FC6-04D424F1779D (d0, q0, r0, m0, 'resq/M01/telemetry', ... (373 bytes))
1785216251: Received PUBLISH from resq-firmware-sim-M01-ms47nd1f (d0, q0, r0, m0, 'resq/M01/telemetry', ... (373 bytes))
1785216251: Sending PUBLISH to hub-api-live-registry-1785215101795 (d0, q0, r0, m0, 'resq/M01/telemetry', ... (373 bytes))
1785216251: Sending PUBLISH to auto-35FF3D96-1C85-F808-3FC6-04D424F1779D (d0, q0, r0, m0, 'resq/M01/telemetry', ... (373 bytes))
1785216251: Received PUBLISH from resq-firmware-sim-M01-ms47nd1f (d0, q0, r0, m0, 'resq/M01/telemetry', ... (375 bytes))
1785216251: Sending PUBLISH to hub-api-live-registry-1785215101795 (d0, q0, r0, m0, 'resq/M01/telemetry', ... (375 bytes))
1785216251: Sending PUBLISH to auto-35FF3D96-1C85-F808-3FC6-04D424F1779D (d0, q0, r0, m0, 'resq/M01/telemetry', ... (375 bytes))
1785216251: Received PUBLISH from resq-firmware-sim-M01-ms47nd1f (d0, q0, r0, m0, 'resq/M01/telemetry', ... (373 bytes))
1785216251: Sending PUBLISH to hub-api-live-registry-1785215101795 (d0, q0, r0, m0, 'resq/M01/telemetry', ... (373 bytes))
1785216251: Sending PUBLISH to auto-35FF3D96-1C85-F808-3FC6-04D424F1779D (d0, q0, r0, m0, 'resq/M01/telemetry', ... (373 bytes))
1785216251: Received PUBLISH from resq-firmware-sim-M01-ms47nd1f (d0, q0, r0, m0, 'resq/M01/telemetry', ... (373 bytes))
1785216251: Sending PUBLISH to hub-api-live-registry-1785215101795 (d0, q0, r0, m0, 'resq/M01/telemetry', ... (373 bytes))
1785216251: Sending PUBLISH to auto-35FF3D96-1C85-F808-3FC6-04D424F1779D (d0, q0, r0, m0, 'resq/M01/telemetry', ... (373 bytes))
1785216251: Received PUBLISH from resq-firmware-sim-M01-ms47nd1f (d0, q0, r0, m0, 'resq/M01/heartbeat', ... (205 bytes))
1785216251: Sending PUBLISH to hub-api-live-registry-1785215101795 (d0, q0, r0, m0, 'resq/M01/heartbeat', ... (205 bytes))
1785216251: Sending PUBLISH to auto-35FF3D96-1C85-F808-3FC6-04D424F1779D (d0, q0, r0, m0, 'resq/M01/heartbeat', ... (205 bytes))
1785216251: Received PUBLISH from resq-firmware-sim-M01-ms47nd1f (d0, q0, r0, m0, 'resq/M01/telemetry', ... (372 bytes))
1785216251: Sending PUBLISH to hub-api-live-registry-1785215101795 (d0, q0, r0, m0, 'resq/M01/telemetry', ... (372 bytes))
1785216251: Sending PUBLISH to auto-35FF3D96-1C85-F808-3FC6-04D424F1779D (d0, q0, r0, m0, 'resq/M01/telemetry', ... (372 bytes))
1785216252: Received PUBLISH from resq-firmware-sim-M01-ms47nd1f (d0, q0, r0, m0, 'resq/M01/telemetry', ... (366 bytes))
1785216252: Sending PUBLISH to hub-api-live-registry-1785215101795 (d0, q0, r0, m0, 'resq/M01/telemetry', ... (366 bytes))
1785216252: Sending PUBLISH to auto-35FF3D96-1C85-F808-3FC6-04D424F1779D (d0, q0, r0, m0, 'resq/M01/telemetry', ... (366 bytes))
1785216252: Received PUBLISH from resq-firmware-sim-M01-ms47nd1f (d0, q0, r0, m0, 'resq/M01/telemetry', ... (373 bytes))
1785216252: Sending PUBLISH to hub-api-live-registry-1785215101795 (d0, q0, r0, m0, 'resq/M01/telemetry', ... (373 bytes))
1785216252: Sending PUBLISH to auto-35FF3D96-1C85-F808-3FC6-04D424F1779D (d0, q0, r0, m0, 'resq/M01/telemetry', ... (373 bytes))
1785216252: Received PUBLISH from resq-firmware-sim-M01-ms47nd1f (d0, q0, r0, m0, 'resq/M01/telemetry', ... (373 bytes))
1785216252: Sending PUBLISH to hub-api-live-registry-1785215101795 (d0, q0, r0, m0, 'resq/M01/telemetry', ... (373 bytes))
1785216252: Sending PUBLISH to auto-35FF3D96-1C85-F808-3FC6-04D424F1779D (d0, q0, r0, m0, 'resq/M01/telemetry', ... (373 bytes))
1785216252: Received PUBLISH from resq-firmware-sim-M01-ms47nd1f (d0, q0, r0, m0, 'resq/M01/telemetry', ... (370 bytes))
1785216252: Sending PUBLISH to hub-api-live-registry-1785215101795 (d0, q0, r0, m0, 'resq/M01/telemetry', ... (370 bytes))
1785216252: Sending PUBLISH to auto-35FF3D96-1C85-F808-3FC6-04D424F1779D (d0, q0, r0, m0, 'resq/M01/telemetry', ... (370 bytes))
1785216252: Received PUBLISH from resq-firmware-sim-M01-ms47nd1f (d0, q0, r0, m0, 'resq/M01/heartbeat', ... (205 bytes))
1785216252: Sending PUBLISH to hub-api-live-registry-1785215101795 (d0, q0, r0, m0, 'resq/M01/heartbeat', ... (205 bytes))
1785216252: Sending PUBLISH to auto-35FF3D96-1C85-F808-3FC6-04D424F1779D (d0, q0, r0, m0, 'resq/M01/heartbeat', ... (205 bytes))
1785216252: Received PUBLISH from resq-firmware-sim-M01-ms47nd1f (d0, q0, r0, m0, 'resq/M01/telemetry', ... (373 bytes))
1785216252: Sending PUBLISH to hub-api-live-registry-1785215101795 (d0, q0, r0, m0, 'resq/M01/telemetry', ... (373 bytes))
1785216252: Sending PUBLISH to auto-35FF3D96-1C85-F808-3FC6-04D424F1779D (d0, q0, r0, m0, 'resq/M01/telemetry', ... (373 bytes))
1785216253: Received PUBLISH from resq-firmware-sim-M01-ms47nd1f (d0, q0, r0, m0, 'resq/M01/telemetry', ... (373 bytes))
1785216253: Sending PUBLISH to hub-api-live-registry-1785215101795 (d0, q0, r0, m0, 'resq/M01/telemetry', ... (373 bytes))
1785216253: Sending PUBLISH to auto-35FF3D96-1C85-F808-3FC6-04D424F1779D (d0, q0, r0, m0, 'resq/M01/telemetry', ... (373 bytes))
1785216253: Received PUBLISH from resq-firmware-sim-M01-ms47nd1f (d0, q0, r0, m0, 'resq/M01/telemetry', ... (373 bytes))
1785216253: Sending PUBLISH to hub-api-live-registry-1785215101795 (d0, q0, r0, m0, 'resq/M01/telemetry', ... (373 bytes))
1785216253: Sending PUBLISH to auto-35FF3D96-1C85-F808-3FC6-04D424F1779D (d0, q0, r0, m0, 'resq/M01/telemetry', ... (373 bytes))
1785216253: Received PUBLISH from resq-firmware-sim-M01-ms47nd1f (d0, q0, r0, m0, 'resq/M01/telemetry', ... (373 bytes))
1785216253: Sending PUBLISH to hub-api-live-registry-1785215101795 (d0, q0, r0, m0, 'resq/M01/telemetry', ... (373 bytes))
1785216253: Sending PUBLISH to auto-35FF3D96-1C85-F808-3FC6-04D424F1779D (d0, q0, r0, m0, 'resq/M01/telemetry', ... (373 bytes))
1785216253: Received PUBLISH from resq-firmware-sim-M01-ms47nd1f (d0, q0, r0, m0, 'resq/M01/telemetry', ... (373 bytes))
1785216253: Sending PUBLISH to hub-api-live-registry-1785215101795 (d0, q0, r0, m0, 'resq/M01/telemetry', ... (373 bytes))
1785216253: Sending PUBLISH to auto-35FF3D96-1C85-F808-3FC6-04D424F1779D (d0, q0, r0, m0, 'resq/M01/telemetry', ... (373 bytes))
1785216253: Received PUBLISH from resq-firmware-sim-M01-ms47nd1f (d0, q0, r0, m0, 'resq/M01/heartbeat', ... (205 bytes))
1785216253: Sending PUBLISH to hub-api-live-registry-1785215101795 (d0, q0, r0, m0, 'resq/M01/heartbeat', ... (205 bytes))
1785216253: Sending PUBLISH to auto-35FF3D96-1C85-F808-3FC6-04D424F1779D (d0, q0, r0, m0, 'resq/M01/heartbeat', ... (205 bytes))
1785216253: Received PUBLISH from resq-firmware-sim-M01-ms47nd1f (d0, q0, r0, m0, 'resq/M01/telemetry', ... (375 bytes))
1785216253: Sending PUBLISH to hub-api-live-registry-1785215101795 (d0, q0, r0, m0, 'resq/M01/telemetry', ... (375 bytes))
1785216253: Sending PUBLISH to auto-35FF3D96-1C85-F808-3FC6-04D424F1779D (d0, q0, r0, m0, 'resq/M01/telemetry', ... (375 bytes))
1785216254: Received PUBLISH from resq-firmware-sim-M01-ms47nd1f (d0, q0, r0, m0, 'resq/M01/telemetry', ... (373 bytes))
1785216254: Sending PUBLISH to hub-api-live-registry-1785215101795 (d0, q0, r0, m0, 'resq/M01/telemetry', ... (373 bytes))
1785216254: Sending PUBLISH to auto-35FF3D96-1C85-F808-3FC6-04D424F1779D (d0, q0, r0, m0, 'resq/M01/telemetry', ... (373 bytes))
1785216254: Received PUBLISH from resq-firmware-sim-M01-ms47nd1f (d0, q0, r0, m0, 'resq/M01/telemetry', ... (372 bytes))
1785216254: Sending PUBLISH to hub-api-live-registry-1785215101795 (d0, q0, r0, m0, 'resq/M01/telemetry', ... (372 bytes))
1785216254: Sending PUBLISH to auto-35FF3D96-1C85-F808-3FC6-04D424F1779D (d0, q0, r0, m0, 'resq/M01/telemetry', ... (372 bytes))
1785216254: Received PUBLISH from resq-firmware-sim-M01-ms47nd1f (d0, q0, r0, m0, 'resq/M01/telemetry', ... (373 bytes))
1785216254: Sending PUBLISH to hub-api-live-registry-1785215101795 (d0, q0, r0, m0, 'resq/M01/telemetry', ... (373 bytes))
1785216254: Sending PUBLISH to auto-35FF3D96-1C85-F808-3FC6-04D424F1779D (d0, q0, r0, m0, 'resq/M01/telemetry', ... (373 bytes))
1785216254: Received PUBLISH from resq-firmware-sim-M01-ms47nd1f (d0, q0, r0, m0, 'resq/M01/telemetry', ... (368 bytes))
1785216254: Sending PUBLISH to hub-api-live-registry-1785215101795 (d0, q0, r0, m0, 'resq/M01/telemetry', ... (368 bytes))
1785216254: Sending PUBLISH to auto-35FF3D96-1C85-F808-3FC6-04D424F1779D (d0, q0, r0, m0, 'resq/M01/telemetry', ... (368 bytes))
1785216254: Received PUBLISH from resq-firmware-sim-M01-ms47nd1f (d0, q0, r0, m0, 'resq/M01/heartbeat', ... (205 bytes))
1785216254: Sending PUBLISH to hub-api-live-registry-1785215101795 (d0, q0, r0, m0, 'resq/M01/heartbeat', ... (205 bytes))
1785216254: Sending PUBLISH to auto-35FF3D96-1C85-F808-3FC6-04D424F1779D (d0, q0, r0, m0, 'resq/M01/heartbeat', ... (205 bytes))
1785216254: Received PUBLISH from resq-firmware-sim-M01-ms47nd1f (d0, q0, r0, m0, 'resq/M01/telemetry', ... (373 bytes))
1785216254: Sending PUBLISH to hub-api-live-registry-1785215101795 (d0, q0, r0, m0, 'resq/M01/telemetry', ... (373 bytes))
1785216254: Sending PUBLISH to auto-35FF3D96-1C85-F808-3FC6-04D424F1779D (d0, q0, r0, m0, 'resq/M01/telemetry', ... (373 bytes))
1785216255: Received PUBLISH from resq-firmware-sim-M01-ms47nd1f (d0, q0, r0, m0, 'resq/M01/telemetry', ... (369 bytes))
1785216255: Sending PUBLISH to hub-api-live-registry-1785215101795 (d0, q0, r0, m0, 'resq/M01/telemetry', ... (369 bytes))
1785216255: Sending PUBLISH to auto-35FF3D96-1C85-F808-3FC6-04D424F1779D (d0, q0, r0, m0, 'resq/M01/telemetry', ... (369 bytes))
1785216255: Received PUBLISH from resq-firmware-sim-M01-ms47nd1f (d0, q0, r0, m0, 'resq/M01/telemetry', ... (373 bytes))
1785216255: Sending PUBLISH to hub-api-live-registry-1785215101795 (d0, q0, r0, m0, 'resq/M01/telemetry', ... (373 bytes))
1785216255: Sending PUBLISH to auto-35FF3D96-1C85-F808-3FC6-04D424F1779D (d0, q0, r0, m0, 'resq/M01/telemetry', ... (373 bytes))
1785216255: Received PUBLISH from resq-firmware-sim-M01-ms47nd1f (d0, q0, r0, m0, 'resq/M01/telemetry', ... (373 bytes))
1785216255: Sending PUBLISH to hub-api-live-registry-1785215101795 (d0, q0, r0, m0, 'resq/M01/telemetry', ... (373 bytes))
1785216255: Sending PUBLISH to auto-35FF3D96-1C85-F808-3FC6-04D424F1779D (d0, q0, r0, m0, 'resq/M01/telemetry', ... (373 bytes))
1785216255: Received PUBLISH from resq-firmware-sim-M01-ms47nd1f (d0, q0, r0, m0, 'resq/M01/telemetry', ... (372 bytes))
1785216255: Sending PUBLISH to hub-api-live-registry-1785215101795 (d0, q0, r0, m0, 'resq/M01/telemetry', ... (372 bytes))
1785216255: Sending PUBLISH to auto-35FF3D96-1C85-F808-3FC6-04D424F1779D (d0, q0, r0, m0, 'resq/M01/telemetry', ... (372 bytes))
1785216255: Received PUBLISH from resq-firmware-sim-M01-ms47nd1f (d0, q0, r0, m0, 'resq/M01/heartbeat', ... (205 bytes))
1785216255: Sending PUBLISH to hub-api-live-registry-1785215101795 (d0, q0, r0, m0, 'resq/M01/heartbeat', ... (205 bytes))
1785216255: Sending PUBLISH to auto-35FF3D96-1C85-F808-3FC6-04D424F1779D (d0, q0, r0, m0, 'resq/M01/heartbeat', ... (205 bytes))
1785216256: Received PUBLISH from resq-firmware-sim-M01-ms47nd1f (d0, q0, r0, m0, 'resq/M01/telemetry', ... (373 bytes))
1785216256: Sending PUBLISH to hub-api-live-registry-1785215101795 (d0, q0, r0, m0, 'resq/M01/telemetry', ... (373 bytes))
1785216256: Sending PUBLISH to auto-35FF3D96-1C85-F808-3FC6-04D424F1779D (d0, q0, r0, m0, 'resq/M01/telemetry', ... (373 bytes))
1785216256: Received PUBLISH from resq-firmware-sim-M01-ms47nd1f (d0, q0, r0, m0, 'resq/M01/telemetry', ... (370 bytes))
1785216256: Sending PUBLISH to hub-api-live-registry-1785215101795 (d0, q0, r0, m0, 'resq/M01/telemetry', ... (370 bytes))
1785216256: Sending PUBLISH to auto-35FF3D96-1C85-F808-3FC6-04D424F1779D (d0, q0, r0, m0, 'resq/M01/telemetry', ... (370 bytes))
1785216256: Received PUBLISH from resq-firmware-sim-M01-ms47nd1f (d0, q0, r0, m0, 'resq/M01/telemetry', ... (373 bytes))
1785216256: Sending PUBLISH to hub-api-live-registry-1785215101795 (d0, q0, r0, m0, 'resq/M01/telemetry', ... (373 bytes))
1785216256: Sending PUBLISH to auto-35FF3D96-1C85-F808-3FC6-04D424F1779D (d0, q0, r0, m0, 'resq/M01/telemetry', ... (373 bytes))
1785216256: Received PUBLISH from resq-firmware-sim-M01-ms47nd1f (d0, q0, r0, m0, 'resq/M01/telemetry', ... (375 bytes))
1785216256: Sending PUBLISH to hub-api-live-registry-1785215101795 (d0, q0, r0, m0, 'resq/M01/telemetry', ... (375 bytes))
1785216256: Sending PUBLISH to auto-35FF3D96-1C85-F808-3FC6-04D424F1779D (d0, q0, r0, m0, 'resq/M01/telemetry', ... (375 bytes))
1785216256: Received PUBLISH from resq-firmware-sim-M01-ms47nd1f (d0, q0, r0, m0, 'resq/M01/telemetry', ... (373 bytes))
1785216256: Sending PUBLISH to hub-api-live-registry-1785215101795 (d0, q0, r0, m0, 'resq/M01/telemetry', ... (373 bytes))
1785216256: Sending PUBLISH to auto-35FF3D96-1C85-F808-3FC6-04D424F1779D (d0, q0, r0, m0, 'resq/M01/telemetry', ... (373 bytes))
1785216256: Received PUBLISH from resq-firmware-sim-M01-ms47nd1f (d0, q0, r0, m0, 'resq/M01/heartbeat', ... (205 bytes))
1785216256: Sending PUBLISH to hub-api-live-registry-1785215101795 (d0, q0, r0, m0, 'resq/M01/heartbeat', ... (205 bytes))
1785216256: Sending PUBLISH to auto-35FF3D96-1C85-F808-3FC6-04D424F1779D (d0, q0, r0, m0, 'resq/M01/heartbeat', ... (205 bytes))
1785216257: Received PUBLISH from resq-firmware-sim-M01-ms47nd1f (d0, q0, r0, m0, 'resq/M01/telemetry', ... (373 bytes))
1785216257: Sending PUBLISH to hub-api-live-registry-1785215101795 (d0, q0, r0, m0, 'resq/M01/telemetry', ... (373 bytes))
1785216257: Sending PUBLISH to auto-35FF3D96-1C85-F808-3FC6-04D424F1779D (d0, q0, r0, m0, 'resq/M01/telemetry', ... (373 bytes))
1785216257: Received PUBLISH from resq-firmware-sim-M01-ms47nd1f (d0, q0, r0, m0, 'resq/M01/telemetry', ... (366 bytes))
1785216257: Sending PUBLISH to hub-api-live-registry-1785215101795 (d0, q0, r0, m0, 'resq/M01/telemetry', ... (366 bytes))
1785216257: Sending PUBLISH to auto-35FF3D96-1C85-F808-3FC6-04D424F1779D (d0, q0, r0, m0, 'resq/M01/telemetry', ... (366 bytes))
1785216257: Received PUBLISH from resq-firmware-sim-M01-ms47nd1f (d0, q0, r0, m0, 'resq/M01/telemetry', ... (373 bytes))
1785216257: Sending PUBLISH to hub-api-live-registry-1785215101795 (d0, q0, r0, m0, 'resq/M01/telemetry', ... (373 bytes))
1785216257: Sending PUBLISH to auto-35FF3D96-1C85-F808-3FC6-04D424F1779D (d0, q0, r0, m0, 'resq/M01/telemetry', ... (373 bytes))
1785216257: Received PUBLISH from resq-firmware-sim-M01-ms47nd1f (d0, q0, r0, m0, 'resq/M01/telemetry', ... (373 bytes))
1785216257: Sending PUBLISH to hub-api-live-registry-1785215101795 (d0, q0, r0, m0, 'resq/M01/telemetry', ... (373 bytes))
1785216257: Sending PUBLISH to auto-35FF3D96-1C85-F808-3FC6-04D424F1779D (d0, q0, r0, m0, 'resq/M01/telemetry', ... (373 bytes))
1785216257: Received PUBLISH from resq-firmware-sim-M01-ms47nd1f (d0, q0, r0, m0, 'resq/M01/heartbeat', ... (205 bytes))
1785216257: Sending PUBLISH to hub-api-live-registry-1785215101795 (d0, q0, r0, m0, 'resq/M01/heartbeat', ... (205 bytes))
1785216257: Sending PUBLISH to auto-35FF3D96-1C85-F808-3FC6-04D424F1779D (d0, q0, r0, m0, 'resq/M01/heartbeat', ... (205 bytes))
1785216257: Received PUBLISH from resq-firmware-sim-M01-ms47nd1f (d0, q0, r0, m0, 'resq/M01/telemetry', ... (373 bytes))
1785216257: Sending PUBLISH to hub-api-live-registry-1785215101795 (d0, q0, r0, m0, 'resq/M01/telemetry', ... (373 bytes))
1785216257: Sending PUBLISH to auto-35FF3D96-1C85-F808-3FC6-04D424F1779D (d0, q0, r0, m0, 'resq/M01/telemetry', ... (373 bytes))
1785216258: Received PUBLISH from resq-firmware-sim-M01-ms47nd1f (d0, q0, r0, m0, 'resq/M01/telemetry', ... (373 bytes))
1785216258: Sending PUBLISH to hub-api-live-registry-1785215101795 (d0, q0, r0, m0, 'resq/M01/telemetry', ... (373 bytes))
1785216258: Sending PUBLISH to auto-35FF3D96-1C85-F808-3FC6-04D424F1779D (d0, q0, r0, m0, 'resq/M01/telemetry', ... (373 bytes))
1785216258: Received PUBLISH from resq-firmware-sim-M01-ms47nd1f (d0, q0, r0, m0, 'resq/M01/telemetry', ... (371 bytes))
1785216258: Sending PUBLISH to hub-api-live-registry-1785215101795 (d0, q0, r0, m0, 'resq/M01/telemetry', ... (371 bytes))
1785216258: Sending PUBLISH to auto-35FF3D96-1C85-F808-3FC6-04D424F1779D (d0, q0, r0, m0, 'resq/M01/telemetry', ... (371 bytes))
1785216258: Received PUBLISH from resq-firmware-sim-M01-ms47nd1f (d0, q0, r0, m0, 'resq/M01/telemetry', ... (373 bytes))
1785216258: Sending PUBLISH to hub-api-live-registry-1785215101795 (d0, q0, r0, m0, 'resq/M01/telemetry', ... (373 bytes))
1785216258: Sending PUBLISH to auto-35FF3D96-1C85-F808-3FC6-04D424F1779D (d0, q0, r0, m0, 'resq/M01/telemetry', ... (373 bytes))
1785216258: Received PUBLISH from resq-firmware-sim-M01-ms47nd1f (d0, q0, r0, m0, 'resq/M01/telemetry', ... (373 bytes))
1785216258: Sending PUBLISH to hub-api-live-registry-1785215101795 (d0, q0, r0, m0, 'resq/M01/telemetry', ... (373 bytes))
1785216258: Sending PUBLISH to auto-35FF3D96-1C85-F808-3FC6-04D424F1779D (d0, q0, r0, m0, 'resq/M01/telemetry', ... (373 bytes))
1785216258: Received PUBLISH from resq-firmware-sim-M01-ms47nd1f (d0, q0, r0, m0, 'resq/M01/heartbeat', ... (205 bytes))
1785216258: Sending PUBLISH to hub-api-live-registry-1785215101795 (d0, q0, r0, m0, 'resq/M01/heartbeat', ... (205 bytes))
1785216258: Sending PUBLISH to auto-35FF3D96-1C85-F808-3FC6-04D424F1779D (d0, q0, r0, m0, 'resq/M01/heartbeat', ... (205 bytes))
1785216258: Received PUBLISH from resq-firmware-sim-M01-ms47nd1f (d0, q0, r0, m0, 'resq/M01/telemetry', ... (372 bytes))
1785216258: Sending PUBLISH to hub-api-live-registry-1785215101795 (d0, q0, r0, m0, 'resq/M01/telemetry', ... (372 bytes))
1785216258: Sending PUBLISH to auto-35FF3D96-1C85-F808-3FC6-04D424F1779D (d0, q0, r0, m0, 'resq/M01/telemetry', ... (372 bytes))
1785216259: Received PUBLISH from resq-firmware-sim-M01-ms47nd1f (d0, q0, r0, m0, 'resq/M01/telemetry', ... (373 bytes))
1785216259: Sending PUBLISH to hub-api-live-registry-1785215101795 (d0, q0, r0, m0, 'resq/M01/telemetry', ... (373 bytes))
1785216259: Sending PUBLISH to auto-35FF3D96-1C85-F808-3FC6-04D424F1779D (d0, q0, r0, m0, 'resq/M01/telemetry', ... (373 bytes))
1785216259: Received PUBLISH from resq-firmware-sim-M01-ms47nd1f (d0, q0, r0, m0, 'resq/M01/telemetry', ... (375 bytes))
1785216259: Sending PUBLISH to hub-api-live-registry-1785215101795 (d0, q0, r0, m0, 'resq/M01/telemetry', ... (375 bytes))
1785216259: Sending PUBLISH to auto-35FF3D96-1C85-F808-3FC6-04D424F1779D (d0, q0, r0, m0, 'resq/M01/telemetry', ... (375 bytes))
1785216259: Received PUBLISH from resq-firmware-sim-M01-ms47nd1f (d0, q0, r0, m0, 'resq/M01/telemetry', ... (373 bytes))
1785216259: Sending PUBLISH to hub-api-live-registry-1785215101795 (d0, q0, r0, m0, 'resq/M01/telemetry', ... (373 bytes))
1785216259: Sending PUBLISH to auto-35FF3D96-1C85-F808-3FC6-04D424F1779D (d0, q0, r0, m0, 'resq/M01/telemetry', ... (373 bytes))
1785216259: Received PUBLISH from resq-firmware-sim-M01-ms47nd1f (d0, q0, r0, m0, 'resq/M01/telemetry', ... (373 bytes))
1785216259: Sending PUBLISH to hub-api-live-registry-1785215101795 (d0, q0, r0, m0, 'resq/M01/telemetry', ... (373 bytes))
1785216259: Sending PUBLISH to auto-35FF3D96-1C85-F808-3FC6-04D424F1779D (d0, q0, r0, m0, 'resq/M01/telemetry', ... (373 bytes))
1785216259: Received PUBLISH from resq-firmware-sim-M01-ms47nd1f (d0, q0, r0, m0, 'resq/M01/heartbeat', ... (205 bytes))
1785216259: Sending PUBLISH to hub-api-live-registry-1785215101795 (d0, q0, r0, m0, 'resq/M01/heartbeat', ... (205 bytes))
1785216259: Sending PUBLISH to auto-35FF3D96-1C85-F808-3FC6-04D424F1779D (d0, q0, r0, m0, 'resq/M01/heartbeat', ... (205 bytes))
1785216259: Received PUBLISH from resq-firmware-sim-M01-ms47nd1f (d0, q0, r0, m0, 'resq/M01/telemetry', ... (365 bytes))
1785216259: Sending PUBLISH to hub-api-live-registry-1785215101795 (d0, q0, r0, m0, 'resq/M01/telemetry', ... (365 bytes))
1785216259: Sending PUBLISH to auto-35FF3D96-1C85-F808-3FC6-04D424F1779D (d0, q0, r0, m0, 'resq/M01/telemetry', ... (365 bytes))
1785216260: Received PUBLISH from resq-firmware-sim-M01-ms47nd1f (d0, q0, r0, m0, 'resq/M01/telemetry', ... (373 bytes))
1785216260: Sending PUBLISH to hub-api-live-registry-1785215101795 (d0, q0, r0, m0, 'resq/M01/telemetry', ... (373 bytes))
1785216260: Sending PUBLISH to auto-35FF3D96-1C85-F808-3FC6-04D424F1779D (d0, q0, r0, m0, 'resq/M01/telemetry', ... (373 bytes))
1785216260: Received PUBLISH from resq-firmware-sim-M01-ms47nd1f (d0, q0, r0, m0, 'resq/M01/telemetry', ... (373 bytes))
1785216260: Sending PUBLISH to hub-api-live-registry-1785215101795 (d0, q0, r0, m0, 'resq/M01/telemetry', ... (373 bytes))
1785216260: Sending PUBLISH to auto-35FF3D96-1C85-F808-3FC6-04D424F1779D (d0, q0, r0, m0, 'resq/M01/telemetry', ... (373 bytes))
1785216260: Received PUBLISH from resq-firmware-sim-M01-ms47nd1f (d0, q0, r0, m0, 'resq/M01/telemetry', ... (373 bytes))
1785216260: Sending PUBLISH to hub-api-live-registry-1785215101795 (d0, q0, r0, m0, 'resq/M01/telemetry', ... (373 bytes))
1785216260: Sending PUBLISH to auto-35FF3D96-1C85-F808-3FC6-04D424F1779D (d0, q0, r0, m0, 'resq/M01/telemetry', ... (373 bytes))
1785216260: Received PUBLISH from resq-firmware-sim-M01-ms47nd1f (d0, q0, r0, m0, 'resq/M01/telemetry', ... (369 bytes))
1785216260: Sending PUBLISH to hub-api-live-registry-1785215101795 (d0, q0, r0, m0, 'resq/M01/telemetry', ... (369 bytes))
1785216260: Sending PUBLISH to auto-35FF3D96-1C85-F808-3FC6-04D424F1779D (d0, q0, r0, m0, 'resq/M01/telemetry', ... (369 bytes))
1785216260: Received PUBLISH from resq-firmware-sim-M01-ms47nd1f (d0, q0, r0, m0, 'resq/M01/heartbeat', ... (205 bytes))
1785216260: Sending PUBLISH to hub-api-live-registry-1785215101795 (d0, q0, r0, m0, 'resq/M01/heartbeat', ... (205 bytes))
1785216260: Sending PUBLISH to auto-35FF3D96-1C85-F808-3FC6-04D424F1779D (d0, q0, r0, m0, 'resq/M01/heartbeat', ... (205 bytes))
1785216260: Received PUBLISH from resq-firmware-sim-M01-ms47nd1f (d0, q0, r0, m0, 'resq/M01/telemetry', ... (373 bytes))
1785216260: Sending PUBLISH to hub-api-live-registry-1785215101795 (d0, q0, r0, m0, 'resq/M01/telemetry', ... (373 bytes))
1785216260: Sending PUBLISH to auto-35FF3D96-1C85-F808-3FC6-04D424F1779D (d0, q0, r0, m0, 'resq/M01/telemetry', ... (373 bytes))
1785216261: Received PUBLISH from resq-firmware-sim-M01-ms47nd1f (d0, q0, r0, m0, 'resq/M01/telemetry', ... (373 bytes))
1785216261: Sending PUBLISH to hub-api-live-registry-1785215101795 (d0, q0, r0, m0, 'resq/M01/telemetry', ... (373 bytes))
1785216261: Sending PUBLISH to auto-35FF3D96-1C85-F808-3FC6-04D424F1779D (d0, q0, r0, m0, 'resq/M01/telemetry', ... (373 bytes))
1785216261: Received PUBLISH from resq-firmware-sim-M01-ms47nd1f (d0, q0, r0, m0, 'resq/M01/telemetry', ... (373 bytes))
1785216261: Sending PUBLISH to hub-api-live-registry-1785215101795 (d0, q0, r0, m0, 'resq/M01/telemetry', ... (373 bytes))
1785216261: Sending PUBLISH to auto-35FF3D96-1C85-F808-3FC6-04D424F1779D (d0, q0, r0, m0, 'resq/M01/telemetry', ... (373 bytes))
1785216261: Received PUBLISH from resq-firmware-sim-M01-ms47nd1f (d0, q0, r0, m0, 'resq/M01/telemetry', ... (373 bytes))
1785216261: Sending PUBLISH to hub-api-live-registry-1785215101795 (d0, q0, r0, m0, 'resq/M01/telemetry', ... (373 bytes))
1785216261: Sending PUBLISH to auto-35FF3D96-1C85-F808-3FC6-04D424F1779D (d0, q0, r0, m0, 'resq/M01/telemetry', ... (373 bytes))
1785216261: Received PUBLISH from resq-firmware-sim-M01-ms47nd1f (d0, q0, r0, m0, 'resq/M01/telemetry', ... (371 bytes))
1785216261: Sending PUBLISH to hub-api-live-registry-1785215101795 (d0, q0, r0, m0, 'resq/M01/telemetry', ... (371 bytes))
1785216261: Sending PUBLISH to auto-35FF3D96-1C85-F808-3FC6-04D424F1779D (d0, q0, r0, m0, 'resq/M01/telemetry', ... (371 bytes))
1785216261: Received PUBLISH from resq-firmware-sim-M01-ms47nd1f (d0, q0, r0, m0, 'resq/M01/heartbeat', ... (205 bytes))
1785216261: Sending PUBLISH to hub-api-live-registry-1785215101795 (d0, q0, r0, m0, 'resq/M01/heartbeat', ... (205 bytes))
1785216261: Sending PUBLISH to auto-35FF3D96-1C85-F808-3FC6-04D424F1779D (d0, q0, r0, m0, 'resq/M01/heartbeat', ... (205 bytes))
1785216261: Received PUBLISH from resq-firmware-sim-M01-ms47nd1f (d0, q0, r0, m0, 'resq/M01/telemetry', ... (373 bytes))
1785216261: Sending PUBLISH to hub-api-live-registry-1785215101795 (d0, q0, r0, m0, 'resq/M01/telemetry', ... (373 bytes))
1785216261: Sending PUBLISH to auto-35FF3D96-1C85-F808-3FC6-04D424F1779D (d0, q0, r0, m0, 'resq/M01/telemetry', ... (373 bytes))
1785216262: Received PUBLISH from resq-firmware-sim-M01-ms47nd1f (d0, q0, r0, m0, 'resq/M01/telemetry', ... (373 bytes))
1785216262: Sending PUBLISH to hub-api-live-registry-1785215101795 (d0, q0, r0, m0, 'resq/M01/telemetry', ... (373 bytes))
1785216262: Sending PUBLISH to auto-35FF3D96-1C85-F808-3FC6-04D424F1779D (d0, q0, r0, m0, 'resq/M01/telemetry', ... (373 bytes))
1785216262: Received PUBLISH from resq-firmware-sim-M01-ms47nd1f (d0, q0, r0, m0, 'resq/M01/telemetry', ... (370 bytes))
1785216262: Sending PUBLISH to hub-api-live-registry-1785215101795 (d0, q0, r0, m0, 'resq/M01/telemetry', ... (370 bytes))
1785216262: Sending PUBLISH to auto-35FF3D96-1C85-F808-3FC6-04D424F1779D (d0, q0, r0, m0, 'resq/M01/telemetry', ... (370 bytes))
1785216262: Received PUBLISH from resq-firmware-sim-M01-ms47nd1f (d0, q0, r0, m0, 'resq/M01/telemetry', ... (373 bytes))
1785216262: Sending PUBLISH to hub-api-live-registry-1785215101795 (d0, q0, r0, m0, 'resq/M01/telemetry', ... (373 bytes))
1785216262: Sending PUBLISH to auto-35FF3D96-1C85-F808-3FC6-04D424F1779D (d0, q0, r0, m0, 'resq/M01/telemetry', ... (373 bytes))
1785216262: Received PUBLISH from resq-firmware-sim-M01-ms47nd1f (d0, q0, r0, m0, 'resq/M01/telemetry', ... (371 bytes))
1785216262: Sending PUBLISH to hub-api-live-registry-1785215101795 (d0, q0, r0, m0, 'resq/M01/telemetry', ... (371 bytes))
1785216262: Sending PUBLISH to auto-35FF3D96-1C85-F808-3FC6-04D424F1779D (d0, q0, r0, m0, 'resq/M01/telemetry', ... (371 bytes))
1785216262: Received PUBLISH from resq-firmware-sim-M01-ms47nd1f (d0, q0, r0, m0, 'resq/M01/heartbeat', ... (205 bytes))
1785216262: Sending PUBLISH to hub-api-live-registry-1785215101795 (d0, q0, r0, m0, 'resq/M01/heartbeat', ... (205 bytes))
1785216262: Sending PUBLISH to auto-35FF3D96-1C85-F808-3FC6-04D424F1779D (d0, q0, r0, m0, 'resq/M01/heartbeat', ... (205 bytes))
1785216263: Received PUBLISH from resq-firmware-sim-M01-ms47nd1f (d0, q0, r0, m0, 'resq/M01/telemetry', ... (373 bytes))
1785216263: Sending PUBLISH to hub-api-live-registry-1785215101795 (d0, q0, r0, m0, 'resq/M01/telemetry', ... (373 bytes))
1785216263: Sending PUBLISH to auto-35FF3D96-1C85-F808-3FC6-04D424F1779D (d0, q0, r0, m0, 'resq/M01/telemetry', ... (373 bytes))
1785216263: Received PUBLISH from resq-firmware-sim-M01-ms47nd1f (d0, q0, r0, m0, 'resq/M01/telemetry', ... (373 bytes))
1785216263: Sending PUBLISH to hub-api-live-registry-1785215101795 (d0, q0, r0, m0, 'resq/M01/telemetry', ... (373 bytes))
1785216263: Sending PUBLISH to auto-35FF3D96-1C85-F808-3FC6-04D424F1779D (d0, q0, r0, m0, 'resq/M01/telemetry', ... (373 bytes))
1785216263: Received PUBLISH from resq-firmware-sim-M01-ms47nd1f (d0, q0, r0, m0, 'resq/M01/telemetry', ... (373 bytes))
1785216263: Sending PUBLISH to hub-api-live-registry-1785215101795 (d0, q0, r0, m0, 'resq/M01/telemetry', ... (373 bytes))
1785216263: Sending PUBLISH to auto-35FF3D96-1C85-F808-3FC6-04D424F1779D (d0, q0, r0, m0, 'resq/M01/telemetry', ... (373 bytes))
1785216263: Received PUBLISH from resq-firmware-sim-M01-ms47nd1f (d0, q0, r0, m0, 'resq/M01/telemetry', ... (371 bytes))
1785216263: Sending PUBLISH to hub-api-live-registry-1785215101795 (d0, q0, r0, m0, 'resq/M01/telemetry', ... (371 bytes))
1785216263: Sending PUBLISH to auto-35FF3D96-1C85-F808-3FC6-04D424F1779D (d0, q0, r0, m0, 'resq/M01/telemetry', ... (371 bytes))
1785216263: Received PUBLISH from resq-firmware-sim-M01-ms47nd1f (d0, q0, r0, m0, 'resq/M01/telemetry', ... (372 bytes))
1785216263: Sending PUBLISH to hub-api-live-registry-1785215101795 (d0, q0, r0, m0, 'resq/M01/telemetry', ... (372 bytes))
1785216263: Sending PUBLISH to auto-35FF3D96-1C85-F808-3FC6-04D424F1779D (d0, q0, r0, m0, 'resq/M01/telemetry', ... (372 bytes))
1785216263: Received PUBLISH from resq-firmware-sim-M01-ms47nd1f (d0, q0, r0, m0, 'resq/M01/heartbeat', ... (205 bytes))
1785216263: Sending PUBLISH to hub-api-live-registry-1785215101795 (d0, q0, r0, m0, 'resq/M01/heartbeat', ... (205 bytes))
1785216263: Sending PUBLISH to auto-35FF3D96-1C85-F808-3FC6-04D424F1779D (d0, q0, r0, m0, 'resq/M01/heartbeat', ... (205 bytes))
1785216264: Received PUBLISH from resq-firmware-sim-M01-ms47nd1f (d0, q0, r0, m0, 'resq/M01/telemetry', ... (372 bytes))
1785216264: Sending PUBLISH to hub-api-live-registry-1785215101795 (d0, q0, r0, m0, 'resq/M01/telemetry', ... (372 bytes))
1785216264: Sending PUBLISH to auto-35FF3D96-1C85-F808-3FC6-04D424F1779D (d0, q0, r0, m0, 'resq/M01/telemetry', ... (372 bytes))
1785216264: Received PUBLISH from resq-firmware-sim-M01-ms47nd1f (d0, q0, r0, m0, 'resq/M01/telemetry', ... (373 bytes))
1785216264: Sending PUBLISH to hub-api-live-registry-1785215101795 (d0, q0, r0, m0, 'resq/M01/telemetry', ... (373 bytes))
1785216264: Sending PUBLISH to auto-35FF3D96-1C85-F808-3FC6-04D424F1779D (d0, q0, r0, m0, 'resq/M01/telemetry', ... (373 bytes))
1785216264: Received PUBLISH from resq-firmware-sim-M01-ms47nd1f (d0, q0, r0, m0, 'resq/M01/telemetry', ... (373 bytes))
1785216264: Sending PUBLISH to hub-api-live-registry-1785215101795 (d0, q0, r0, m0, 'resq/M01/telemetry', ... (373 bytes))
1785216264: Sending PUBLISH to auto-35FF3D96-1C85-F808-3FC6-04D424F1779D (d0, q0, r0, m0, 'resq/M01/telemetry', ... (373 bytes))
1785216264: Received PUBLISH from resq-firmware-sim-M01-ms47nd1f (d0, q0, r0, m0, 'resq/M01/telemetry', ... (375 bytes))
1785216264: Sending PUBLISH to hub-api-live-registry-1785215101795 (d0, q0, r0, m0, 'resq/M01/telemetry', ... (375 bytes))
1785216264: Sending PUBLISH to auto-35FF3D96-1C85-F808-3FC6-04D424F1779D (d0, q0, r0, m0, 'resq/M01/telemetry', ... (375 bytes))
1785216264: Received PUBLISH from resq-firmware-sim-M01-ms47nd1f (d0, q0, r0, m0, 'resq/M01/telemetry', ... (373 bytes))
1785216264: Sending PUBLISH to hub-api-live-registry-1785215101795 (d0, q0, r0, m0, 'resq/M01/telemetry', ... (373 bytes))
1785216264: Sending PUBLISH to auto-35FF3D96-1C85-F808-3FC6-04D424F1779D (d0, q0, r0, m0, 'resq/M01/telemetry', ... (373 bytes))
1785216264: Received PUBLISH from resq-firmware-sim-M01-ms47nd1f (d0, q0, r0, m0, 'resq/M01/heartbeat', ... (205 bytes))
1785216264: Sending PUBLISH to hub-api-live-registry-1785215101795 (d0, q0, r0, m0, 'resq/M01/heartbeat', ... (205 bytes))
1785216264: Sending PUBLISH to auto-35FF3D96-1C85-F808-3FC6-04D424F1779D (d0, q0, r0, m0, 'resq/M01/heartbeat', ... (205 bytes))
1785216265: Received PUBLISH from resq-firmware-sim-M01-ms47nd1f (d0, q0, r0, m0, 'resq/M01/telemetry', ... (365 bytes))
1785216265: Sending PUBLISH to hub-api-live-registry-1785215101795 (d0, q0, r0, m0, 'resq/M01/telemetry', ... (365 bytes))
1785216265: Sending PUBLISH to auto-35FF3D96-1C85-F808-3FC6-04D424F1779D (d0, q0, r0, m0, 'resq/M01/telemetry', ... (365 bytes))
1785216265: Received PUBLISH from resq-firmware-sim-M01-ms47nd1f (d0, q0, r0, m0, 'resq/M01/telemetry', ... (373 bytes))
1785216265: Sending PUBLISH to hub-api-live-registry-1785215101795 (d0, q0, r0, m0, 'resq/M01/telemetry', ... (373 bytes))
1785216265: Sending PUBLISH to auto-35FF3D96-1C85-F808-3FC6-04D424F1779D (d0, q0, r0, m0, 'resq/M01/telemetry', ... (373 bytes))
1785216265: Received PUBLISH from resq-firmware-sim-M01-ms47nd1f (d0, q0, r0, m0, 'resq/M01/telemetry', ... (371 bytes))
1785216265: Sending PUBLISH to hub-api-live-registry-1785215101795 (d0, q0, r0, m0, 'resq/M01/telemetry', ... (371 bytes))
1785216265: Sending PUBLISH to auto-35FF3D96-1C85-F808-3FC6-04D424F1779D (d0, q0, r0, m0, 'resq/M01/telemetry', ... (371 bytes))
1785216265: Received PUBLISH from resq-firmware-sim-M01-ms47nd1f (d0, q0, r0, m0, 'resq/M01/telemetry', ... (373 bytes))
1785216265: Sending PUBLISH to hub-api-live-registry-1785215101795 (d0, q0, r0, m0, 'resq/M01/telemetry', ... (373 bytes))
1785216265: Sending PUBLISH to auto-35FF3D96-1C85-F808-3FC6-04D424F1779D (d0, q0, r0, m0, 'resq/M01/telemetry', ... (373 bytes))
1785216265: Received PUBLISH from resq-firmware-sim-M01-ms47nd1f (d0, q0, r0, m0, 'resq/M01/telemetry', ... (373 bytes))
1785216265: Sending PUBLISH to hub-api-live-registry-1785215101795 (d0, q0, r0, m0, 'resq/M01/telemetry', ... (373 bytes))
1785216265: Sending PUBLISH to auto-35FF3D96-1C85-F808-3FC6-04D424F1779D (d0, q0, r0, m0, 'resq/M01/telemetry', ... (373 bytes))
1785216265: Received PUBLISH from resq-firmware-sim-M01-ms47nd1f (d0, q0, r0, m0, 'resq/M01/heartbeat', ... (205 bytes))
1785216265: Sending PUBLISH to hub-api-live-registry-1785215101795 (d0, q0, r0, m0, 'resq/M01/heartbeat', ... (205 bytes))
1785216265: Sending PUBLISH to auto-35FF3D96-1C85-F808-3FC6-04D424F1779D (d0, q0, r0, m0, 'resq/M01/heartbeat', ... (205 bytes))
1785216266: Received PUBLISH from resq-firmware-sim-M01-ms47nd1f (d0, q0, r0, m0, 'resq/M01/telemetry', ... (373 bytes))
1785216266: Sending PUBLISH to hub-api-live-registry-1785215101795 (d0, q0, r0, m0, 'resq/M01/telemetry', ... (373 bytes))
1785216266: Sending PUBLISH to auto-35FF3D96-1C85-F808-3FC6-04D424F1779D (d0, q0, r0, m0, 'resq/M01/telemetry', ... (373 bytes))
1785216266: Received PUBLISH from resq-firmware-sim-M01-ms47nd1f (d0, q0, r0, m0, 'resq/M01/telemetry', ... (373 bytes))
1785216266: Sending PUBLISH to hub-api-live-registry-1785215101795 (d0, q0, r0, m0, 'resq/M01/telemetry', ... (373 bytes))
1785216266: Sending PUBLISH to auto-35FF3D96-1C85-F808-3FC6-04D424F1779D (d0, q0, r0, m0, 'resq/M01/telemetry', ... (373 bytes))
1785216266: Received PUBLISH from resq-firmware-sim-M01-ms47nd1f (d0, q0, r0, m0, 'resq/M01/telemetry', ... (373 bytes))
1785216266: Sending PUBLISH to hub-api-live-registry-1785215101795 (d0, q0, r0, m0, 'resq/M01/telemetry', ... (373 bytes))
1785216266: Sending PUBLISH to auto-35FF3D96-1C85-F808-3FC6-04D424F1779D (d0, q0, r0, m0, 'resq/M01/telemetry', ... (373 bytes))
1785216266: Received PUBLISH from resq-firmware-sim-M01-ms47nd1f (d0, q0, r0, m0, 'resq/M01/telemetry', ... (373 bytes))
1785216266: Sending PUBLISH to hub-api-live-registry-1785215101795 (d0, q0, r0, m0, 'resq/M01/telemetry', ... (373 bytes))
1785216266: Sending PUBLISH to auto-35FF3D96-1C85-F808-3FC6-04D424F1779D (d0, q0, r0, m0, 'resq/M01/telemetry', ... (373 bytes))
1785216266: Received PUBLISH from resq-firmware-sim-M01-ms47nd1f (d0, q0, r0, m0, 'resq/M01/heartbeat', ... (205 bytes))
1785216266: Sending PUBLISH to hub-api-live-registry-1785215101795 (d0, q0, r0, m0, 'resq/M01/heartbeat', ... (205 bytes))
1785216266: Sending PUBLISH to auto-35FF3D96-1C85-F808-3FC6-04D424F1779D (d0, q0, r0, m0, 'resq/M01/heartbeat', ... (205 bytes))
1785216266: Received PUBLISH from resq-firmware-sim-M01-ms47nd1f (d0, q0, r0, m0, 'resq/M01/telemetry', ... (372 bytes))
1785216266: Sending PUBLISH to hub-api-live-registry-1785215101795 (d0, q0, r0, m0, 'resq/M01/telemetry', ... (372 bytes))
1785216266: Sending PUBLISH to auto-35FF3D96-1C85-F808-3FC6-04D424F1779D (d0, q0, r0, m0, 'resq/M01/telemetry', ... (372 bytes))
1785216267: Received PUBLISH from resq-firmware-sim-M01-ms47nd1f (d0, q0, r0, m0, 'resq/M01/telemetry', ... (373 bytes))
1785216267: Sending PUBLISH to hub-api-live-registry-1785215101795 (d0, q0, r0, m0, 'resq/M01/telemetry', ... (373 bytes))
1785216267: Sending PUBLISH to auto-35FF3D96-1C85-F808-3FC6-04D424F1779D (d0, q0, r0, m0, 'resq/M01/telemetry', ... (373 bytes))
1785216267: Received PUBLISH from resq-firmware-sim-M01-ms47nd1f (d0, q0, r0, m0, 'resq/M01/telemetry', ... (375 bytes))
1785216267: Sending PUBLISH to hub-api-live-registry-1785215101795 (d0, q0, r0, m0, 'resq/M01/telemetry', ... (375 bytes))
1785216267: Sending PUBLISH to auto-35FF3D96-1C85-F808-3FC6-04D424F1779D (d0, q0, r0, m0, 'resq/M01/telemetry', ... (375 bytes))
1785216267: Received PUBLISH from resq-firmware-sim-M01-ms47nd1f (d0, q0, r0, m0, 'resq/M01/telemetry', ... (372 bytes))
1785216267: Sending PUBLISH to hub-api-live-registry-1785215101795 (d0, q0, r0, m0, 'resq/M01/telemetry', ... (372 bytes))
1785216267: Sending PUBLISH to auto-35FF3D96-1C85-F808-3FC6-04D424F1779D (d0, q0, r0, m0, 'resq/M01/telemetry', ... (372 bytes))
1785216267: Received PUBLISH from resq-firmware-sim-M01-ms47nd1f (d0, q0, r0, m0, 'resq/M01/telemetry', ... (372 bytes))
1785216267: Sending PUBLISH to hub-api-live-registry-1785215101795 (d0, q0, r0, m0, 'resq/M01/telemetry', ... (372 bytes))
1785216267: Sending PUBLISH to auto-35FF3D96-1C85-F808-3FC6-04D424F1779D (d0, q0, r0, m0, 'resq/M01/telemetry', ... (372 bytes))
1785216267: Received PUBLISH from resq-firmware-sim-M01-ms47nd1f (d0, q0, r0, m0, 'resq/M01/heartbeat', ... (205 bytes))
1785216267: Sending PUBLISH to hub-api-live-registry-1785215101795 (d0, q0, r0, m0, 'resq/M01/heartbeat', ... (205 bytes))
1785216267: Sending PUBLISH to auto-35FF3D96-1C85-F808-3FC6-04D424F1779D (d0, q0, r0, m0, 'resq/M01/heartbeat', ... (205 bytes))
1785216267: Received PUBLISH from resq-firmware-sim-M01-ms47nd1f (d0, q0, r0, m0, 'resq/M01/telemetry', ... (373 bytes))
1785216267: Sending PUBLISH to hub-api-live-registry-1785215101795 (d0, q0, r0, m0, 'resq/M01/telemetry', ... (373 bytes))
1785216267: Sending PUBLISH to auto-35FF3D96-1C85-F808-3FC6-04D424F1779D (d0, q0, r0, m0, 'resq/M01/telemetry', ... (373 bytes))
1785216268: Received PUBLISH from resq-firmware-sim-M01-ms47nd1f (d0, q0, r0, m0, 'resq/M01/telemetry', ... (373 bytes))
1785216268: Sending PUBLISH to hub-api-live-registry-1785215101795 (d0, q0, r0, m0, 'resq/M01/telemetry', ... (373 bytes))
1785216268: Sending PUBLISH to auto-35FF3D96-1C85-F808-3FC6-04D424F1779D (d0, q0, r0, m0, 'resq/M01/telemetry', ... (373 bytes))
1785216268: Received PUBLISH from resq-firmware-sim-M01-ms47nd1f (d0, q0, r0, m0, 'resq/M01/telemetry', ... (373 bytes))
1785216268: Sending PUBLISH to hub-api-live-registry-1785215101795 (d0, q0, r0, m0, 'resq/M01/telemetry', ... (373 bytes))
1785216268: Sending PUBLISH to auto-35FF3D96-1C85-F808-3FC6-04D424F1779D (d0, q0, r0, m0, 'resq/M01/telemetry', ... (373 bytes))
1785216268: Received PUBLISH from resq-firmware-sim-M01-ms47nd1f (d0, q0, r0, m0, 'resq/M01/telemetry', ... (373 bytes))
1785216268: Sending PUBLISH to hub-api-live-registry-1785215101795 (d0, q0, r0, m0, 'resq/M01/telemetry', ... (373 bytes))
1785216268: Sending PUBLISH to auto-35FF3D96-1C85-F808-3FC6-04D424F1779D (d0, q0, r0, m0, 'resq/M01/telemetry', ... (373 bytes))
1785216268: Received PUBLISH from resq-firmware-sim-M01-ms47nd1f (d0, q0, r0, m0, 'resq/M01/telemetry', ... (373 bytes))
1785216268: Sending PUBLISH to hub-api-live-registry-1785215101795 (d0, q0, r0, m0, 'resq/M01/telemetry', ... (373 bytes))
1785216268: Sending PUBLISH to auto-35FF3D96-1C85-F808-3FC6-04D424F1779D (d0, q0, r0, m0, 'resq/M01/telemetry', ... (373 bytes))
1785216268: Received PUBLISH from resq-firmware-sim-M01-ms47nd1f (d0, q0, r0, m0, 'resq/M01/heartbeat', ... (205 bytes))
1785216268: Sending PUBLISH to hub-api-live-registry-1785215101795 (d0, q0, r0, m0, 'resq/M01/heartbeat', ... (205 bytes))
1785216268: Sending PUBLISH to auto-35FF3D96-1C85-F808-3FC6-04D424F1779D (d0, q0, r0, m0, 'resq/M01/heartbeat', ... (205 bytes))
1785216269: Received PUBLISH from resq-firmware-sim-M01-ms47nd1f (d0, q0, r0, m0, 'resq/M01/telemetry', ... (373 bytes))
1785216269: Sending PUBLISH to hub-api-live-registry-1785215101795 (d0, q0, r0, m0, 'resq/M01/telemetry', ... (373 bytes))
1785216269: Sending PUBLISH to auto-35FF3D96-1C85-F808-3FC6-04D424F1779D (d0, q0, r0, m0, 'resq/M01/telemetry', ... (373 bytes))
1785216269: Received PUBLISH from resq-firmware-sim-M01-ms47nd1f (d0, q0, r0, m0, 'resq/M01/telemetry', ... (373 bytes))
1785216269: Sending PUBLISH to hub-api-live-registry-1785215101795 (d0, q0, r0, m0, 'resq/M01/telemetry', ... (373 bytes))
1785216269: Sending PUBLISH to auto-35FF3D96-1C85-F808-3FC6-04D424F1779D (d0, q0, r0, m0, 'resq/M01/telemetry', ... (373 bytes))
1785216269: Received PUBLISH from resq-firmware-sim-M01-ms47nd1f (d0, q0, r0, m0, 'resq/M01/telemetry', ... (373 bytes))
1785216269: Sending PUBLISH to hub-api-live-registry-1785215101795 (d0, q0, r0, m0, 'resq/M01/telemetry', ... (373 bytes))
1785216269: Sending PUBLISH to auto-35FF3D96-1C85-F808-3FC6-04D424F1779D (d0, q0, r0, m0, 'resq/M01/telemetry', ... (373 bytes))
1785216269: Received PUBLISH from resq-firmware-sim-M01-ms47nd1f (d0, q0, r0, m0, 'resq/M01/telemetry', ... (373 bytes))
1785216269: Sending PUBLISH to hub-api-live-registry-1785215101795 (d0, q0, r0, m0, 'resq/M01/telemetry', ... (373 bytes))
1785216269: Sending PUBLISH to auto-35FF3D96-1C85-F808-3FC6-04D424F1779D (d0, q0, r0, m0, 'resq/M01/telemetry', ... (373 bytes))
1785216269: Received PUBLISH from resq-firmware-sim-M01-ms47nd1f (d0, q0, r0, m0, 'resq/M01/telemetry', ... (373 bytes))
1785216269: Sending PUBLISH to hub-api-live-registry-1785215101795 (d0, q0, r0, m0, 'resq/M01/telemetry', ... (373 bytes))
1785216269: Sending PUBLISH to auto-35FF3D96-1C85-F808-3FC6-04D424F1779D (d0, q0, r0, m0, 'resq/M01/telemetry', ... (373 bytes))
1785216269: Received PUBLISH from resq-firmware-sim-M01-ms47nd1f (d0, q0, r0, m0, 'resq/M01/heartbeat', ... (205 bytes))
1785216269: Sending PUBLISH to hub-api-live-registry-1785215101795 (d0, q0, r0, m0, 'resq/M01/heartbeat', ... (205 bytes))
1785216269: Sending PUBLISH to auto-35FF3D96-1C85-F808-3FC6-04D424F1779D (d0, q0, r0, m0, 'resq/M01/heartbeat', ... (205 bytes))
1785216270: Received PUBLISH from resq-firmware-sim-M01-ms47nd1f (d0, q0, r0, m0, 'resq/M01/telemetry', ... (375 bytes))
1785216270: Sending PUBLISH to hub-api-live-registry-1785215101795 (d0, q0, r0, m0, 'resq/M01/telemetry', ... (375 bytes))
1785216270: Sending PUBLISH to auto-35FF3D96-1C85-F808-3FC6-04D424F1779D (d0, q0, r0, m0, 'resq/M01/telemetry', ... (375 bytes))
1785216270: Received PUBLISH from resq-firmware-sim-M01-ms47nd1f (d0, q0, r0, m0, 'resq/M01/telemetry', ... (365 bytes))
1785216270: Sending PUBLISH to hub-api-live-registry-1785215101795 (d0, q0, r0, m0, 'resq/M01/telemetry', ... (365 bytes))
1785216270: Sending PUBLISH to auto-35FF3D96-1C85-F808-3FC6-04D424F1779D (d0, q0, r0, m0, 'resq/M01/telemetry', ... (365 bytes))
1785216270: Received PUBLISH from resq-firmware-sim-M01-ms47nd1f (d0, q0, r0, m0, 'resq/M01/telemetry', ... (373 bytes))
1785216270: Sending PUBLISH to hub-api-live-registry-1785215101795 (d0, q0, r0, m0, 'resq/M01/telemetry', ... (373 bytes))
1785216270: Sending PUBLISH to auto-35FF3D96-1C85-F808-3FC6-04D424F1779D (d0, q0, r0, m0, 'resq/M01/telemetry', ... (373 bytes))
1785216270: Received PUBLISH from resq-firmware-sim-M01-ms47nd1f (d0, q0, r0, m0, 'resq/M01/telemetry', ... (373 bytes))
1785216270: Sending PUBLISH to hub-api-live-registry-1785215101795 (d0, q0, r0, m0, 'resq/M01/telemetry', ... (373 bytes))
1785216270: Sending PUBLISH to auto-35FF3D96-1C85-F808-3FC6-04D424F1779D (d0, q0, r0, m0, 'resq/M01/telemetry', ... (373 bytes))
1785216270: Received PUBLISH from resq-firmware-sim-M01-ms47nd1f (d0, q0, r0, m0, 'resq/M01/telemetry', ... (371 bytes))
1785216270: Sending PUBLISH to hub-api-live-registry-1785215101795 (d0, q0, r0, m0, 'resq/M01/telemetry', ... (371 bytes))
1785216270: Sending PUBLISH to auto-35FF3D96-1C85-F808-3FC6-04D424F1779D (d0, q0, r0, m0, 'resq/M01/telemetry', ... (371 bytes))
1785216270: Received PUBLISH from resq-firmware-sim-M01-ms47nd1f (d0, q0, r0, m0, 'resq/M01/heartbeat', ... (205 bytes))
1785216270: Sending PUBLISH to hub-api-live-registry-1785215101795 (d0, q0, r0, m0, 'resq/M01/heartbeat', ... (205 bytes))
1785216270: Sending PUBLISH to auto-35FF3D96-1C85-F808-3FC6-04D424F1779D (d0, q0, r0, m0, 'resq/M01/heartbeat', ... (205 bytes))
1785216271: Received PUBLISH from resq-firmware-sim-M01-ms47nd1f (d0, q0, r0, m0, 'resq/M01/telemetry', ... (373 bytes))
1785216271: Sending PUBLISH to hub-api-live-registry-1785215101795 (d0, q0, r0, m0, 'resq/M01/telemetry', ... (373 bytes))
1785216271: Sending PUBLISH to auto-35FF3D96-1C85-F808-3FC6-04D424F1779D (d0, q0, r0, m0, 'resq/M01/telemetry', ... (373 bytes))
1785216271: Received PUBLISH from resq-firmware-sim-M01-ms47nd1f (d0, q0, r0, m0, 'resq/M01/telemetry', ... (371 bytes))
1785216271: Sending PUBLISH to hub-api-live-registry-1785215101795 (d0, q0, r0, m0, 'resq/M01/telemetry', ... (371 bytes))
1785216271: Sending PUBLISH to auto-35FF3D96-1C85-F808-3FC6-04D424F1779D (d0, q0, r0, m0, 'resq/M01/telemetry', ... (371 bytes))
1785216271: Received PUBLISH from resq-firmware-sim-M01-ms47nd1f (d0, q0, r0, m0, 'resq/M01/telemetry', ... (373 bytes))
1785216271: Sending PUBLISH to hub-api-live-registry-1785215101795 (d0, q0, r0, m0, 'resq/M01/telemetry', ... (373 bytes))
1785216271: Sending PUBLISH to auto-35FF3D96-1C85-F808-3FC6-04D424F1779D (d0, q0, r0, m0, 'resq/M01/telemetry', ... (373 bytes))
1785216271: Received PUBLISH from resq-firmware-sim-M01-ms47nd1f (d0, q0, r0, m0, 'resq/M01/telemetry', ... (371 bytes))
1785216271: Sending PUBLISH to hub-api-live-registry-1785215101795 (d0, q0, r0, m0, 'resq/M01/telemetry', ... (371 bytes))
1785216271: Sending PUBLISH to auto-35FF3D96-1C85-F808-3FC6-04D424F1779D (d0, q0, r0, m0, 'resq/M01/telemetry', ... (371 bytes))
1785216271: Received PUBLISH from resq-firmware-sim-M01-ms47nd1f (d0, q0, r0, m0, 'resq/M01/telemetry', ... (373 bytes))
1785216271: Sending PUBLISH to hub-api-live-registry-1785215101795 (d0, q0, r0, m0, 'resq/M01/telemetry', ... (373 bytes))
1785216271: Sending PUBLISH to auto-35FF3D96-1C85-F808-3FC6-04D424F1779D (d0, q0, r0, m0, 'resq/M01/telemetry', ... (373 bytes))
1785216271: Received PUBLISH from resq-firmware-sim-M01-ms47nd1f (d0, q0, r0, m0, 'resq/M01/heartbeat', ... (205 bytes))
1785216271: Sending PUBLISH to hub-api-live-registry-1785215101795 (d0, q0, r0, m0, 'resq/M01/heartbeat', ... (205 bytes))
1785216271: Sending PUBLISH to auto-35FF3D96-1C85-F808-3FC6-04D424F1779D (d0, q0, r0, m0, 'resq/M01/heartbeat', ... (205 bytes))
1785216272: Received PUBLISH from resq-firmware-sim-M01-ms47nd1f (d0, q0, r0, m0, 'resq/M01/telemetry', ... (373 bytes))
1785216272: Sending PUBLISH to hub-api-live-registry-1785215101795 (d0, q0, r0, m0, 'resq/M01/telemetry', ... (373 bytes))
1785216272: Sending PUBLISH to auto-35FF3D96-1C85-F808-3FC6-04D424F1779D (d0, q0, r0, m0, 'resq/M01/telemetry', ... (373 bytes))
1785216272: Received PUBLISH from resq-firmware-sim-M01-ms47nd1f (d0, q0, r0, m0, 'resq/M01/telemetry', ... (373 bytes))
1785216272: Sending PUBLISH to hub-api-live-registry-1785215101795 (d0, q0, r0, m0, 'resq/M01/telemetry', ... (373 bytes))
1785216272: Sending PUBLISH to auto-35FF3D96-1C85-F808-3FC6-04D424F1779D (d0, q0, r0, m0, 'resq/M01/telemetry', ... (373 bytes))
1785216272: Received PUBLISH from resq-firmware-sim-M01-ms47nd1f (d0, q0, r0, m0, 'resq/M01/telemetry', ... (372 bytes))
1785216272: Sending PUBLISH to hub-api-live-registry-1785215101795 (d0, q0, r0, m0, 'resq/M01/telemetry', ... (372 bytes))
1785216272: Sending PUBLISH to auto-35FF3D96-1C85-F808-3FC6-04D424F1779D (d0, q0, r0, m0, 'resq/M01/telemetry', ... (372 bytes))
1785216272: Received PUBLISH from resq-firmware-sim-M01-ms47nd1f (d0, q0, r0, m0, 'resq/M01/telemetry', ... (375 bytes))
1785216272: Sending PUBLISH to hub-api-live-registry-1785215101795 (d0, q0, r0, m0, 'resq/M01/telemetry', ... (375 bytes))
1785216272: Sending PUBLISH to auto-35FF3D96-1C85-F808-3FC6-04D424F1779D (d0, q0, r0, m0, 'resq/M01/telemetry', ... (375 bytes))
1785216272: Received PUBLISH from resq-firmware-sim-M01-ms47nd1f (d0, q0, r0, m0, 'resq/M01/telemetry', ... (369 bytes))
1785216272: Sending PUBLISH to hub-api-live-registry-1785215101795 (d0, q0, r0, m0, 'resq/M01/telemetry', ... (369 bytes))
1785216272: Sending PUBLISH to auto-35FF3D96-1C85-F808-3FC6-04D424F1779D (d0, q0, r0, m0, 'resq/M01/telemetry', ... (369 bytes))
1785216272: Received PUBLISH from resq-firmware-sim-M01-ms47nd1f (d0, q0, r0, m0, 'resq/M01/heartbeat', ... (205 bytes))
1785216272: Sending PUBLISH to hub-api-live-registry-1785215101795 (d0, q0, r0, m0, 'resq/M01/heartbeat', ... (205 bytes))
1785216272: Sending PUBLISH to auto-35FF3D96-1C85-F808-3FC6-04D424F1779D (d0, q0, r0, m0, 'resq/M01/heartbeat', ... (205 bytes))
1785216273: Received PUBLISH from resq-firmware-sim-M01-ms47nd1f (d0, q0, r0, m0, 'resq/M01/telemetry', ... (373 bytes))
1785216273: Sending PUBLISH to hub-api-live-registry-1785215101795 (d0, q0, r0, m0, 'resq/M01/telemetry', ... (373 bytes))
1785216273: Sending PUBLISH to auto-35FF3D96-1C85-F808-3FC6-04D424F1779D (d0, q0, r0, m0, 'resq/M01/telemetry', ... (373 bytes))
1785216273: Received PUBLISH from resq-firmware-sim-M01-ms47nd1f (d0, q0, r0, m0, 'resq/M01/telemetry', ... (369 bytes))
1785216273: Sending PUBLISH to hub-api-live-registry-1785215101795 (d0, q0, r0, m0, 'resq/M01/telemetry', ... (369 bytes))
1785216273: Sending PUBLISH to auto-35FF3D96-1C85-F808-3FC6-04D424F1779D (d0, q0, r0, m0, 'resq/M01/telemetry', ... (369 bytes))
1785216273: Received PUBLISH from resq-firmware-sim-M01-ms47nd1f (d0, q0, r0, m0, 'resq/M01/telemetry', ... (371 bytes))
1785216273: Sending PUBLISH to hub-api-live-registry-1785215101795 (d0, q0, r0, m0, 'resq/M01/telemetry', ... (371 bytes))
1785216273: Sending PUBLISH to auto-35FF3D96-1C85-F808-3FC6-04D424F1779D (d0, q0, r0, m0, 'resq/M01/telemetry', ... (371 bytes))
1785216273: Received PUBLISH from resq-firmware-sim-M01-ms47nd1f (d0, q0, r0, m0, 'resq/M01/telemetry', ... (373 bytes))
1785216273: Sending PUBLISH to hub-api-live-registry-1785215101795 (d0, q0, r0, m0, 'resq/M01/telemetry', ... (373 bytes))
1785216273: Sending PUBLISH to auto-35FF3D96-1C85-F808-3FC6-04D424F1779D (d0, q0, r0, m0, 'resq/M01/telemetry', ... (373 bytes))
1785216273: Received PUBLISH from resq-firmware-sim-M01-ms47nd1f (d0, q0, r0, m0, 'resq/M01/heartbeat', ... (205 bytes))
1785216273: Sending PUBLISH to hub-api-live-registry-1785215101795 (d0, q0, r0, m0, 'resq/M01/heartbeat', ... (205 bytes))
1785216273: Sending PUBLISH to auto-35FF3D96-1C85-F808-3FC6-04D424F1779D (d0, q0, r0, m0, 'resq/M01/heartbeat', ... (205 bytes))
1785216273: Received PUBLISH from resq-firmware-sim-M01-ms47nd1f (d0, q0, r0, m0, 'resq/M01/telemetry', ... (373 bytes))
1785216273: Sending PUBLISH to hub-api-live-registry-1785215101795 (d0, q0, r0, m0, 'resq/M01/telemetry', ... (373 bytes))
1785216273: Sending PUBLISH to auto-35FF3D96-1C85-F808-3FC6-04D424F1779D (d0, q0, r0, m0, 'resq/M01/telemetry', ... (373 bytes))
1785216274: Received PUBLISH from resq-firmware-sim-M01-ms47nd1f (d0, q0, r0, m0, 'resq/M01/telemetry', ... (373 bytes))
1785216274: Sending PUBLISH to hub-api-live-registry-1785215101795 (d0, q0, r0, m0, 'resq/M01/telemetry', ... (373 bytes))
1785216274: Sending PUBLISH to auto-35FF3D96-1C85-F808-3FC6-04D424F1779D (d0, q0, r0, m0, 'resq/M01/telemetry', ... (373 bytes))
1785216274: Received PUBLISH from resq-firmware-sim-M01-ms47nd1f (d0, q0, r0, m0, 'resq/M01/telemetry', ... (373 bytes))
1785216274: Sending PUBLISH to hub-api-live-registry-1785215101795 (d0, q0, r0, m0, 'resq/M01/telemetry', ... (373 bytes))
1785216274: Sending PUBLISH to auto-35FF3D96-1C85-F808-3FC6-04D424F1779D (d0, q0, r0, m0, 'resq/M01/telemetry', ... (373 bytes))
1785216274: Received PUBLISH from resq-firmware-sim-M01-ms47nd1f (d0, q0, r0, m0, 'resq/M01/telemetry', ... (370 bytes))
1785216274: Sending PUBLISH to hub-api-live-registry-1785215101795 (d0, q0, r0, m0, 'resq/M01/telemetry', ... (370 bytes))
1785216274: Sending PUBLISH to auto-35FF3D96-1C85-F808-3FC6-04D424F1779D (d0, q0, r0, m0, 'resq/M01/telemetry', ... (370 bytes))
1785216274: Received PUBLISH from resq-firmware-sim-M01-ms47nd1f (d0, q0, r0, m0, 'resq/M01/telemetry', ... (373 bytes))
1785216274: Sending PUBLISH to hub-api-live-registry-1785215101795 (d0, q0, r0, m0, 'resq/M01/telemetry', ... (373 bytes))
1785216274: Sending PUBLISH to auto-35FF3D96-1C85-F808-3FC6-04D424F1779D (d0, q0, r0, m0, 'resq/M01/telemetry', ... (373 bytes))
1785216274: Received PUBLISH from resq-firmware-sim-M01-ms47nd1f (d0, q0, r0, m0, 'resq/M01/heartbeat', ... (205 bytes))
1785216274: Sending PUBLISH to hub-api-live-registry-1785215101795 (d0, q0, r0, m0, 'resq/M01/heartbeat', ... (205 bytes))
1785216274: Sending PUBLISH to auto-35FF3D96-1C85-F808-3FC6-04D424F1779D (d0, q0, r0, m0, 'resq/M01/heartbeat', ... (205 bytes))
1785216274: Received PUBLISH from resq-firmware-sim-M01-ms47nd1f (d0, q0, r0, m0, 'resq/M01/telemetry', ... (373 bytes))
1785216274: Sending PUBLISH to hub-api-live-registry-1785215101795 (d0, q0, r0, m0, 'resq/M01/telemetry', ... (373 bytes))
1785216274: Sending PUBLISH to auto-35FF3D96-1C85-F808-3FC6-04D424F1779D (d0, q0, r0, m0, 'resq/M01/telemetry', ... (373 bytes))
1785216275: Received PUBLISH from resq-firmware-sim-M01-ms47nd1f (d0, q0, r0, m0, 'resq/M01/telemetry', ... (373 bytes))
1785216275: Sending PUBLISH to hub-api-live-registry-1785215101795 (d0, q0, r0, m0, 'resq/M01/telemetry', ... (373 bytes))
1785216275: Sending PUBLISH to auto-35FF3D96-1C85-F808-3FC6-04D424F1779D (d0, q0, r0, m0, 'resq/M01/telemetry', ... (373 bytes))
1785216275: Received PUBLISH from resq-firmware-sim-M01-ms47nd1f (d0, q0, r0, m0, 'resq/M01/telemetry', ... (367 bytes))
1785216275: Sending PUBLISH to hub-api-live-registry-1785215101795 (d0, q0, r0, m0, 'resq/M01/telemetry', ... (367 bytes))
1785216275: Sending PUBLISH to auto-35FF3D96-1C85-F808-3FC6-04D424F1779D (d0, q0, r0, m0, 'resq/M01/telemetry', ... (367 bytes))
1785216275: Received PUBLISH from resq-firmware-sim-M01-ms47nd1f (d0, q0, r0, m0, 'resq/M01/telemetry', ... (373 bytes))
1785216275: Sending PUBLISH to hub-api-live-registry-1785215101795 (d0, q0, r0, m0, 'resq/M01/telemetry', ... (373 bytes))
1785216275: Sending PUBLISH to auto-35FF3D96-1C85-F808-3FC6-04D424F1779D (d0, q0, r0, m0, 'resq/M01/telemetry', ... (373 bytes))
1785216275: Received PUBLISH from resq-firmware-sim-M01-ms47nd1f (d0, q0, r0, m0, 'resq/M01/telemetry', ... (373 bytes))
1785216275: Sending PUBLISH to hub-api-live-registry-1785215101795 (d0, q0, r0, m0, 'resq/M01/telemetry', ... (373 bytes))
1785216275: Sending PUBLISH to auto-35FF3D96-1C85-F808-3FC6-04D424F1779D (d0, q0, r0, m0, 'resq/M01/telemetry', ... (373 bytes))
1785216275: Received PUBLISH from resq-firmware-sim-M01-ms47nd1f (d0, q0, r0, m0, 'resq/M01/heartbeat', ... (205 bytes))
1785216275: Sending PUBLISH to hub-api-live-registry-1785215101795 (d0, q0, r0, m0, 'resq/M01/heartbeat', ... (205 bytes))
1785216275: Sending PUBLISH to auto-35FF3D96-1C85-F808-3FC6-04D424F1779D (d0, q0, r0, m0, 'resq/M01/heartbeat', ... (205 bytes))
1785216276: Received PUBLISH from resq-firmware-sim-M01-ms47nd1f (d0, q0, r0, m0, 'resq/M01/telemetry', ... (373 bytes))
1785216276: Sending PUBLISH to hub-api-live-registry-1785215101795 (d0, q0, r0, m0, 'resq/M01/telemetry', ... (373 bytes))
1785216276: Sending PUBLISH to auto-35FF3D96-1C85-F808-3FC6-04D424F1779D (d0, q0, r0, m0, 'resq/M01/telemetry', ... (373 bytes))
1785216276: Received PUBLISH from resq-firmware-sim-M01-ms47nd1f (d0, q0, r0, m0, 'resq/M01/telemetry', ... (372 bytes))
1785216276: Sending PUBLISH to hub-api-live-registry-1785215101795 (d0, q0, r0, m0, 'resq/M01/telemetry', ... (372 bytes))
1785216276: Sending PUBLISH to auto-35FF3D96-1C85-F808-3FC6-04D424F1779D (d0, q0, r0, m0, 'resq/M01/telemetry', ... (372 bytes))
1785216276: Received PUBLISH from resq-firmware-sim-M01-ms47nd1f (d0, q0, r0, m0, 'resq/M01/telemetry', ... (373 bytes))
1785216276: Sending PUBLISH to hub-api-live-registry-1785215101795 (d0, q0, r0, m0, 'resq/M01/telemetry', ... (373 bytes))
1785216276: Sending PUBLISH to auto-35FF3D96-1C85-F808-3FC6-04D424F1779D (d0, q0, r0, m0, 'resq/M01/telemetry', ... (373 bytes))
1785216276: Received PUBLISH from resq-firmware-sim-M01-ms47nd1f (d0, q0, r0, m0, 'resq/M01/telemetry', ... (371 bytes))
1785216276: Sending PUBLISH to hub-api-live-registry-1785215101795 (d0, q0, r0, m0, 'resq/M01/telemetry', ... (371 bytes))
1785216276: Sending PUBLISH to auto-35FF3D96-1C85-F808-3FC6-04D424F1779D (d0, q0, r0, m0, 'resq/M01/telemetry', ... (371 bytes))
1785216276: Received PUBLISH from resq-firmware-sim-M01-ms47nd1f (d0, q0, r0, m0, 'resq/M01/telemetry', ... (371 bytes))
1785216276: Sending PUBLISH to hub-api-live-registry-1785215101795 (d0, q0, r0, m0, 'resq/M01/telemetry', ... (371 bytes))
1785216276: Sending PUBLISH to auto-35FF3D96-1C85-F808-3FC6-04D424F1779D (d0, q0, r0, m0, 'resq/M01/telemetry', ... (371 bytes))
1785216276: Received PUBLISH from resq-firmware-sim-M01-ms47nd1f (d0, q0, r0, m0, 'resq/M01/heartbeat', ... (205 bytes))
1785216276: Sending PUBLISH to hub-api-live-registry-1785215101795 (d0, q0, r0, m0, 'resq/M01/heartbeat', ... (205 bytes))
1785216276: Sending PUBLISH to auto-35FF3D96-1C85-F808-3FC6-04D424F1779D (d0, q0, r0, m0, 'resq/M01/heartbeat', ... (205 bytes))
1785216277: Received PUBLISH from resq-firmware-sim-M01-ms47nd1f (d0, q0, r0, m0, 'resq/M01/telemetry', ... (373 bytes))
1785216277: Sending PUBLISH to hub-api-live-registry-1785215101795 (d0, q0, r0, m0, 'resq/M01/telemetry', ... (373 bytes))
1785216277: Sending PUBLISH to auto-35FF3D96-1C85-F808-3FC6-04D424F1779D (d0, q0, r0, m0, 'resq/M01/telemetry', ... (373 bytes))
1785216277: Received PUBLISH from resq-firmware-sim-M01-ms47nd1f (d0, q0, r0, m0, 'resq/M01/telemetry', ... (372 bytes))
1785216277: Sending PUBLISH to hub-api-live-registry-1785215101795 (d0, q0, r0, m0, 'resq/M01/telemetry', ... (372 bytes))
1785216277: Sending PUBLISH to auto-35FF3D96-1C85-F808-3FC6-04D424F1779D (d0, q0, r0, m0, 'resq/M01/telemetry', ... (372 bytes))
1785216277: Received PUBLISH from resq-firmware-sim-M01-ms47nd1f (d0, q0, r0, m0, 'resq/M01/telemetry', ... (373 bytes))
1785216277: Sending PUBLISH to hub-api-live-registry-1785215101795 (d0, q0, r0, m0, 'resq/M01/telemetry', ... (373 bytes))
1785216277: Sending PUBLISH to auto-35FF3D96-1C85-F808-3FC6-04D424F1779D (d0, q0, r0, m0, 'resq/M01/telemetry', ... (373 bytes))
1785216277: Received PUBLISH from resq-firmware-sim-M01-ms47nd1f (d0, q0, r0, m0, 'resq/M01/telemetry', ... (373 bytes))
1785216277: Sending PUBLISH to hub-api-live-registry-1785215101795 (d0, q0, r0, m0, 'resq/M01/telemetry', ... (373 bytes))
1785216277: Sending PUBLISH to auto-35FF3D96-1C85-F808-3FC6-04D424F1779D (d0, q0, r0, m0, 'resq/M01/telemetry', ... (373 bytes))
1785216277: Received PUBLISH from resq-firmware-sim-M01-ms47nd1f (d0, q0, r0, m0, 'resq/M01/telemetry', ... (373 bytes))
1785216277: Sending PUBLISH to hub-api-live-registry-1785215101795 (d0, q0, r0, m0, 'resq/M01/telemetry', ... (373 bytes))
1785216277: Sending PUBLISH to auto-35FF3D96-1C85-F808-3FC6-04D424F1779D (d0, q0, r0, m0, 'resq/M01/telemetry', ... (373 bytes))
1785216277: Received PUBLISH from resq-firmware-sim-M01-ms47nd1f (d0, q0, r0, m0, 'resq/M01/heartbeat', ... (205 bytes))
1785216277: Sending PUBLISH to hub-api-live-registry-1785215101795 (d0, q0, r0, m0, 'resq/M01/heartbeat', ... (205 bytes))
1785216277: Sending PUBLISH to auto-35FF3D96-1C85-F808-3FC6-04D424F1779D (d0, q0, r0, m0, 'resq/M01/heartbeat', ... (205 bytes))
1785216278: Received PUBLISH from resq-firmware-sim-M01-ms47nd1f (d0, q0, r0, m0, 'resq/M01/telemetry', ... (368 bytes))
1785216278: Sending PUBLISH to hub-api-live-registry-1785215101795 (d0, q0, r0, m0, 'resq/M01/telemetry', ... (368 bytes))
1785216278: Sending PUBLISH to auto-35FF3D96-1C85-F808-3FC6-04D424F1779D (d0, q0, r0, m0, 'resq/M01/telemetry', ... (368 bytes))
1785216278: Received PUBLISH from resq-firmware-sim-M01-ms47nd1f (d0, q0, r0, m0, 'resq/M01/telemetry', ... (373 bytes))
1785216278: Sending PUBLISH to hub-api-live-registry-1785215101795 (d0, q0, r0, m0, 'resq/M01/telemetry', ... (373 bytes))
1785216278: Sending PUBLISH to auto-35FF3D96-1C85-F808-3FC6-04D424F1779D (d0, q0, r0, m0, 'resq/M01/telemetry', ... (373 bytes))
1785216278: Received PUBLISH from resq-firmware-sim-M01-ms47nd1f (d0, q0, r0, m0, 'resq/M01/telemetry', ... (373 bytes))
1785216278: Sending PUBLISH to hub-api-live-registry-1785215101795 (d0, q0, r0, m0, 'resq/M01/telemetry', ... (373 bytes))
1785216278: Sending PUBLISH to auto-35FF3D96-1C85-F808-3FC6-04D424F1779D (d0, q0, r0, m0, 'resq/M01/telemetry', ... (373 bytes))
1785216278: Received PUBLISH from resq-firmware-sim-M01-ms47nd1f (d0, q0, r0, m0, 'resq/M01/telemetry', ... (373 bytes))
1785216278: Sending PUBLISH to hub-api-live-registry-1785215101795 (d0, q0, r0, m0, 'resq/M01/telemetry', ... (373 bytes))
1785216278: Sending PUBLISH to auto-35FF3D96-1C85-F808-3FC6-04D424F1779D (d0, q0, r0, m0, 'resq/M01/telemetry', ... (373 bytes))
1785216278: Received PUBLISH from resq-firmware-sim-M01-ms47nd1f (d0, q0, r0, m0, 'resq/M01/telemetry', ... (372 bytes))
1785216278: Sending PUBLISH to hub-api-live-registry-1785215101795 (d0, q0, r0, m0, 'resq/M01/telemetry', ... (372 bytes))
1785216278: Sending PUBLISH to auto-35FF3D96-1C85-F808-3FC6-04D424F1779D (d0, q0, r0, m0, 'resq/M01/telemetry', ... (372 bytes))
1785216278: Received PUBLISH from resq-firmware-sim-M01-ms47nd1f (d0, q0, r0, m0, 'resq/M01/heartbeat', ... (205 bytes))
1785216278: Sending PUBLISH to hub-api-live-registry-1785215101795 (d0, q0, r0, m0, 'resq/M01/heartbeat', ... (205 bytes))
1785216278: Sending PUBLISH to auto-35FF3D96-1C85-F808-3FC6-04D424F1779D (d0, q0, r0, m0, 'resq/M01/heartbeat', ... (205 bytes))
1785216279: Received PUBLISH from resq-firmware-sim-M01-ms47nd1f (d0, q0, r0, m0, 'resq/M01/telemetry', ... (373 bytes))
1785216279: Sending PUBLISH to hub-api-live-registry-1785215101795 (d0, q0, r0, m0, 'resq/M01/telemetry', ... (373 bytes))
1785216279: Sending PUBLISH to auto-35FF3D96-1C85-F808-3FC6-04D424F1779D (d0, q0, r0, m0, 'resq/M01/telemetry', ... (373 bytes))
1785216279: Received PUBLISH from resq-firmware-sim-M01-ms47nd1f (d0, q0, r0, m0, 'resq/M01/telemetry', ... (373 bytes))
1785216279: Sending PUBLISH to hub-api-live-registry-1785215101795 (d0, q0, r0, m0, 'resq/M01/telemetry', ... (373 bytes))
1785216279: Sending PUBLISH to auto-35FF3D96-1C85-F808-3FC6-04D424F1779D (d0, q0, r0, m0, 'resq/M01/telemetry', ... (373 bytes))
1785216279: Received PUBLISH from resq-firmware-sim-M01-ms47nd1f (d0, q0, r0, m0, 'resq/M01/telemetry', ... (373 bytes))
1785216279: Sending PUBLISH to hub-api-live-registry-1785215101795 (d0, q0, r0, m0, 'resq/M01/telemetry', ... (373 bytes))
1785216279: Sending PUBLISH to auto-35FF3D96-1C85-F808-3FC6-04D424F1779D (d0, q0, r0, m0, 'resq/M01/telemetry', ... (373 bytes))
1785216279: Received PUBLISH from resq-firmware-sim-M01-ms47nd1f (d0, q0, r0, m0, 'resq/M01/telemetry', ... (373 bytes))
1785216279: Sending PUBLISH to hub-api-live-registry-1785215101795 (d0, q0, r0, m0, 'resq/M01/telemetry', ... (373 bytes))
1785216279: Sending PUBLISH to auto-35FF3D96-1C85-F808-3FC6-04D424F1779D (d0, q0, r0, m0, 'resq/M01/telemetry', ... (373 bytes))
1785216279: Received PUBLISH from resq-firmware-sim-M01-ms47nd1f (d0, q0, r0, m0, 'resq/M01/telemetry', ... (371 bytes))
1785216279: Sending PUBLISH to hub-api-live-registry-1785215101795 (d0, q0, r0, m0, 'resq/M01/telemetry', ... (371 bytes))
1785216279: Sending PUBLISH to auto-35FF3D96-1C85-F808-3FC6-04D424F1779D (d0, q0, r0, m0, 'resq/M01/telemetry', ... (371 bytes))
1785216279: Received PUBLISH from resq-firmware-sim-M01-ms47nd1f (d0, q0, r0, m0, 'resq/M01/heartbeat', ... (205 bytes))
1785216279: Sending PUBLISH to hub-api-live-registry-1785215101795 (d0, q0, r0, m0, 'resq/M01/heartbeat', ... (205 bytes))
1785216279: Sending PUBLISH to auto-35FF3D96-1C85-F808-3FC6-04D424F1779D (d0, q0, r0, m0, 'resq/M01/heartbeat', ... (205 bytes))
1785216280: Received PUBLISH from resq-firmware-sim-M01-ms47nd1f (d0, q0, r0, m0, 'resq/M01/telemetry', ... (369 bytes))
1785216280: Sending PUBLISH to hub-api-live-registry-1785215101795 (d0, q0, r0, m0, 'resq/M01/telemetry', ... (369 bytes))
1785216280: Sending PUBLISH to auto-35FF3D96-1C85-F808-3FC6-04D424F1779D (d0, q0, r0, m0, 'resq/M01/telemetry', ... (369 bytes))
1785216280: Received PUBLISH from resq-firmware-sim-M01-ms47nd1f (d0, q0, r0, m0, 'resq/M01/telemetry', ... (373 bytes))
1785216280: Sending PUBLISH to hub-api-live-registry-1785215101795 (d0, q0, r0, m0, 'resq/M01/telemetry', ... (373 bytes))
1785216280: Sending PUBLISH to auto-35FF3D96-1C85-F808-3FC6-04D424F1779D (d0, q0, r0, m0, 'resq/M01/telemetry', ... (373 bytes))
1785216280: Received PUBLISH from resq-firmware-sim-M01-ms47nd1f (d0, q0, r0, m0, 'resq/M01/telemetry', ... (368 bytes))
1785216280: Sending PUBLISH to hub-api-live-registry-1785215101795 (d0, q0, r0, m0, 'resq/M01/telemetry', ... (368 bytes))
1785216280: Sending PUBLISH to auto-35FF3D96-1C85-F808-3FC6-04D424F1779D (d0, q0, r0, m0, 'resq/M01/telemetry', ... (368 bytes))
1785216280: Received PUBLISH from resq-firmware-sim-M01-ms47nd1f (d0, q0, r0, m0, 'resq/M01/telemetry', ... (375 bytes))
1785216280: Sending PUBLISH to hub-api-live-registry-1785215101795 (d0, q0, r0, m0, 'resq/M01/telemetry', ... (375 bytes))
1785216280: Sending PUBLISH to auto-35FF3D96-1C85-F808-3FC6-04D424F1779D (d0, q0, r0, m0, 'resq/M01/telemetry', ... (375 bytes))
1785216280: Received PUBLISH from resq-firmware-sim-M01-ms47nd1f (d0, q0, r0, m0, 'resq/M01/telemetry', ... (372 bytes))
1785216280: Sending PUBLISH to hub-api-live-registry-1785215101795 (d0, q0, r0, m0, 'resq/M01/telemetry', ... (372 bytes))
1785216280: Sending PUBLISH to auto-35FF3D96-1C85-F808-3FC6-04D424F1779D (d0, q0, r0, m0, 'resq/M01/telemetry', ... (372 bytes))
1785216280: Received PUBLISH from resq-firmware-sim-M01-ms47nd1f (d0, q0, r0, m0, 'resq/M01/heartbeat', ... (205 bytes))
1785216280: Sending PUBLISH to hub-api-live-registry-1785215101795 (d0, q0, r0, m0, 'resq/M01/heartbeat', ... (205 bytes))
1785216280: Sending PUBLISH to auto-35FF3D96-1C85-F808-3FC6-04D424F1779D (d0, q0, r0, m0, 'resq/M01/heartbeat', ... (205 bytes))
1785216281: Received PUBLISH from resq-firmware-sim-M01-ms47nd1f (d0, q0, r0, m0, 'resq/M01/telemetry', ... (373 bytes))
1785216281: Sending PUBLISH to hub-api-live-registry-1785215101795 (d0, q0, r0, m0, 'resq/M01/telemetry', ... (373 bytes))
1785216281: Sending PUBLISH to auto-35FF3D96-1C85-F808-3FC6-04D424F1779D (d0, q0, r0, m0, 'resq/M01/telemetry', ... (373 bytes))
1785216281: Received PUBLISH from resq-firmware-sim-M01-ms47nd1f (d0, q0, r0, m0, 'resq/M01/telemetry', ... (373 bytes))
1785216281: Sending PUBLISH to hub-api-live-registry-1785215101795 (d0, q0, r0, m0, 'resq/M01/telemetry', ... (373 bytes))
1785216281: Sending PUBLISH to auto-35FF3D96-1C85-F808-3FC6-04D424F1779D (d0, q0, r0, m0, 'resq/M01/telemetry', ... (373 bytes))
1785216281: Received PUBLISH from resq-firmware-sim-M01-ms47nd1f (d0, q0, r0, m0, 'resq/M01/telemetry', ... (373 bytes))
1785216281: Sending PUBLISH to hub-api-live-registry-1785215101795 (d0, q0, r0, m0, 'resq/M01/telemetry', ... (373 bytes))
1785216281: Sending PUBLISH to auto-35FF3D96-1C85-F808-3FC6-04D424F1779D (d0, q0, r0, m0, 'resq/M01/telemetry', ... (373 bytes))
1785216281: Received PUBLISH from resq-firmware-sim-M01-ms47nd1f (d0, q0, r0, m0, 'resq/M01/telemetry', ... (373 bytes))
1785216281: Sending PUBLISH to hub-api-live-registry-1785215101795 (d0, q0, r0, m0, 'resq/M01/telemetry', ... (373 bytes))
1785216281: Sending PUBLISH to auto-35FF3D96-1C85-F808-3FC6-04D424F1779D (d0, q0, r0, m0, 'resq/M01/telemetry', ... (373 bytes))
1785216282: Received PUBLISH from resq-firmware-sim-M01-ms47nd1f (d0, q0, r0, m0, 'resq/M01/telemetry', ... (373 bytes))
1785216282: Sending PUBLISH to hub-api-live-registry-1785215101795 (d0, q0, r0, m0, 'resq/M01/telemetry', ... (373 bytes))
1785216282: Sending PUBLISH to auto-35FF3D96-1C85-F808-3FC6-04D424F1779D (d0, q0, r0, m0, 'resq/M01/telemetry', ... (373 bytes))
1785216282: Received PUBLISH from resq-firmware-sim-M01-ms47nd1f (d0, q0, r0, m0, 'resq/M01/heartbeat', ... (205 bytes))
1785216282: Sending PUBLISH to hub-api-live-registry-1785215101795 (d0, q0, r0, m0, 'resq/M01/heartbeat', ... (205 bytes))
1785216282: Sending PUBLISH to auto-35FF3D96-1C85-F808-3FC6-04D424F1779D (d0, q0, r0, m0, 'resq/M01/heartbeat', ... (205 bytes))
1785216282: Received PUBLISH from resq-firmware-sim-M01-ms47nd1f (d0, q0, r0, m0, 'resq/M01/telemetry', ... (371 bytes))
1785216282: Sending PUBLISH to hub-api-live-registry-1785215101795 (d0, q0, r0, m0, 'resq/M01/telemetry', ... (371 bytes))
1785216282: Sending PUBLISH to auto-35FF3D96-1C85-F808-3FC6-04D424F1779D (d0, q0, r0, m0, 'resq/M01/telemetry', ... (371 bytes))
1785216282: Received PUBLISH from resq-firmware-sim-M01-ms47nd1f (d0, q0, r0, m0, 'resq/M01/telemetry', ... (372 bytes))
1785216282: Sending PUBLISH to hub-api-live-registry-1785215101795 (d0, q0, r0, m0, 'resq/M01/telemetry', ... (372 bytes))
1785216282: Sending PUBLISH to auto-35FF3D96-1C85-F808-3FC6-04D424F1779D (d0, q0, r0, m0, 'resq/M01/telemetry', ... (372 bytes))
1785216282: Received PUBLISH from resq-firmware-sim-M01-ms47nd1f (d0, q0, r0, m0, 'resq/M01/telemetry', ... (370 bytes))
1785216282: Sending PUBLISH to hub-api-live-registry-1785215101795 (d0, q0, r0, m0, 'resq/M01/telemetry', ... (370 bytes))
1785216282: Sending PUBLISH to auto-35FF3D96-1C85-F808-3FC6-04D424F1779D (d0, q0, r0, m0, 'resq/M01/telemetry', ... (370 bytes))
1785216282: Received PUBLISH from resq-firmware-sim-M01-ms47nd1f (d0, q0, r0, m0, 'resq/M01/telemetry', ... (373 bytes))
1785216282: Sending PUBLISH to hub-api-live-registry-1785215101795 (d0, q0, r0, m0, 'resq/M01/telemetry', ... (373 bytes))
1785216282: Sending PUBLISH to auto-35FF3D96-1C85-F808-3FC6-04D424F1779D (d0, q0, r0, m0, 'resq/M01/telemetry', ... (373 bytes))
1785216283: Received PUBLISH from resq-firmware-sim-M01-ms47nd1f (d0, q0, r0, m0, 'resq/M01/heartbeat', ... (205 bytes))
1785216283: Sending PUBLISH to hub-api-live-registry-1785215101795 (d0, q0, r0, m0, 'resq/M01/heartbeat', ... (205 bytes))
1785216283: Sending PUBLISH to auto-35FF3D96-1C85-F808-3FC6-04D424F1779D (d0, q0, r0, m0, 'resq/M01/heartbeat', ... (205 bytes))
1785216283: Received PUBLISH from resq-firmware-sim-M01-ms47nd1f (d0, q0, r0, m0, 'resq/M01/telemetry', ... (373 bytes))
1785216283: Sending PUBLISH to hub-api-live-registry-1785215101795 (d0, q0, r0, m0, 'resq/M01/telemetry', ... (373 bytes))
1785216283: Sending PUBLISH to auto-35FF3D96-1C85-F808-3FC6-04D424F1779D (d0, q0, r0, m0, 'resq/M01/telemetry', ... (373 bytes))
1785216283: Received PUBLISH from resq-firmware-sim-M01-ms47nd1f (d0, q0, r0, m0, 'resq/M01/telemetry', ... (366 bytes))
1785216283: Sending PUBLISH to hub-api-live-registry-1785215101795 (d0, q0, r0, m0, 'resq/M01/telemetry', ... (366 bytes))
1785216283: Sending PUBLISH to auto-35FF3D96-1C85-F808-3FC6-04D424F1779D (d0, q0, r0, m0, 'resq/M01/telemetry', ... (366 bytes))
1785216283: Received PUBLISH from resq-firmware-sim-M01-ms47nd1f (d0, q0, r0, m0, 'resq/M01/telemetry', ... (375 bytes))
1785216283: Sending PUBLISH to hub-api-live-registry-1785215101795 (d0, q0, r0, m0, 'resq/M01/telemetry', ... (375 bytes))
1785216283: Sending PUBLISH to auto-35FF3D96-1C85-F808-3FC6-04D424F1779D (d0, q0, r0, m0, 'resq/M01/telemetry', ... (375 bytes))
1785216283: Received PUBLISH from resq-firmware-sim-M01-ms47nd1f (d0, q0, r0, m0, 'resq/M01/telemetry', ... (373 bytes))
1785216283: Sending PUBLISH to hub-api-live-registry-1785215101795 (d0, q0, r0, m0, 'resq/M01/telemetry', ... (373 bytes))
1785216283: Sending PUBLISH to auto-35FF3D96-1C85-F808-3FC6-04D424F1779D (d0, q0, r0, m0, 'resq/M01/telemetry', ... (373 bytes))
1785216283: Received PUBLISH from resq-firmware-sim-M01-ms47nd1f (d0, q0, r0, m0, 'resq/M01/telemetry', ... (373 bytes))
1785216283: Sending PUBLISH to hub-api-live-registry-1785215101795 (d0, q0, r0, m0, 'resq/M01/telemetry', ... (373 bytes))
1785216283: Sending PUBLISH to auto-35FF3D96-1C85-F808-3FC6-04D424F1779D (d0, q0, r0, m0, 'resq/M01/telemetry', ... (373 bytes))
1785216284: Received PUBLISH from resq-firmware-sim-M01-ms47nd1f (d0, q0, r0, m0, 'resq/M01/heartbeat', ... (205 bytes))
1785216284: Sending PUBLISH to hub-api-live-registry-1785215101795 (d0, q0, r0, m0, 'resq/M01/heartbeat', ... (205 bytes))
1785216284: Sending PUBLISH to auto-35FF3D96-1C85-F808-3FC6-04D424F1779D (d0, q0, r0, m0, 'resq/M01/heartbeat', ... (205 bytes))
1785216284: Received PUBLISH from resq-firmware-sim-M01-ms47nd1f (d0, q0, r0, m0, 'resq/M01/telemetry', ... (372 bytes))
1785216284: Sending PUBLISH to hub-api-live-registry-1785215101795 (d0, q0, r0, m0, 'resq/M01/telemetry', ... (372 bytes))
1785216284: Sending PUBLISH to auto-35FF3D96-1C85-F808-3FC6-04D424F1779D (d0, q0, r0, m0, 'resq/M01/telemetry', ... (372 bytes))
1785216284: Received PUBLISH from resq-firmware-sim-M01-ms47nd1f (d0, q0, r0, m0, 'resq/M01/telemetry', ... (373 bytes))
1785216284: Sending PUBLISH to hub-api-live-registry-1785215101795 (d0, q0, r0, m0, 'resq/M01/telemetry', ... (373 bytes))
1785216284: Sending PUBLISH to auto-35FF3D96-1C85-F808-3FC6-04D424F1779D (d0, q0, r0, m0, 'resq/M01/telemetry', ... (373 bytes))
1785216284: Received PUBLISH from resq-firmware-sim-M01-ms47nd1f (d0, q0, r0, m0, 'resq/M01/telemetry', ... (373 bytes))
1785216284: Sending PUBLISH to hub-api-live-registry-1785215101795 (d0, q0, r0, m0, 'resq/M01/telemetry', ... (373 bytes))
1785216284: Sending PUBLISH to auto-35FF3D96-1C85-F808-3FC6-04D424F1779D (d0, q0, r0, m0, 'resq/M01/telemetry', ... (373 bytes))
1785216284: Received PUBLISH from resq-firmware-sim-M01-ms47nd1f (d0, q0, r0, m0, 'resq/M01/telemetry', ... (370 bytes))
1785216284: Sending PUBLISH to hub-api-live-registry-1785215101795 (d0, q0, r0, m0, 'resq/M01/telemetry', ... (370 bytes))
1785216284: Sending PUBLISH to auto-35FF3D96-1C85-F808-3FC6-04D424F1779D (d0, q0, r0, m0, 'resq/M01/telemetry', ... (370 bytes))
1785216284: Received PUBLISH from resq-firmware-sim-M01-ms47nd1f (d0, q0, r0, m0, 'resq/M01/telemetry', ... (373 bytes))
1785216284: Sending PUBLISH to hub-api-live-registry-1785215101795 (d0, q0, r0, m0, 'resq/M01/telemetry', ... (373 bytes))
1785216284: Sending PUBLISH to auto-35FF3D96-1C85-F808-3FC6-04D424F1779D (d0, q0, r0, m0, 'resq/M01/telemetry', ... (373 bytes))
1785216285: Received PUBLISH from resq-firmware-sim-M01-ms47nd1f (d0, q0, r0, m0, 'resq/M01/heartbeat', ... (205 bytes))
1785216285: Sending PUBLISH to hub-api-live-registry-1785215101795 (d0, q0, r0, m0, 'resq/M01/heartbeat', ... (205 bytes))
1785216285: Sending PUBLISH to auto-35FF3D96-1C85-F808-3FC6-04D424F1779D (d0, q0, r0, m0, 'resq/M01/heartbeat', ... (205 bytes))
1785216285: Received PUBLISH from resq-firmware-sim-M01-ms47nd1f (d0, q0, r0, m0, 'resq/M01/telemetry', ... (373 bytes))
1785216285: Sending PUBLISH to hub-api-live-registry-1785215101795 (d0, q0, r0, m0, 'resq/M01/telemetry', ... (373 bytes))
1785216285: Sending PUBLISH to auto-35FF3D96-1C85-F808-3FC6-04D424F1779D (d0, q0, r0, m0, 'resq/M01/telemetry', ... (373 bytes))
1785216285: Received PUBLISH from resq-firmware-sim-M01-ms47nd1f (d0, q0, r0, m0, 'resq/M01/telemetry', ... (373 bytes))
1785216285: Sending PUBLISH to hub-api-live-registry-1785215101795 (d0, q0, r0, m0, 'resq/M01/telemetry', ... (373 bytes))
1785216285: Sending PUBLISH to auto-35FF3D96-1C85-F808-3FC6-04D424F1779D (d0, q0, r0, m0, 'resq/M01/telemetry', ... (373 bytes))
1785216285: Received PUBLISH from resq-firmware-sim-M01-ms47nd1f (d0, q0, r0, m0, 'resq/M01/telemetry', ... (373 bytes))
1785216285: Sending PUBLISH to hub-api-live-registry-1785215101795 (d0, q0, r0, m0, 'resq/M01/telemetry', ... (373 bytes))
1785216285: Sending PUBLISH to auto-35FF3D96-1C85-F808-3FC6-04D424F1779D (d0, q0, r0, m0, 'resq/M01/telemetry', ... (373 bytes))
1785216285: Received PUBLISH from resq-firmware-sim-M01-ms47nd1f (d0, q0, r0, m0, 'resq/M01/telemetry', ... (372 bytes))
1785216285: Sending PUBLISH to hub-api-live-registry-1785215101795 (d0, q0, r0, m0, 'resq/M01/telemetry', ... (372 bytes))
1785216285: Sending PUBLISH to auto-35FF3D96-1C85-F808-3FC6-04D424F1779D (d0, q0, r0, m0, 'resq/M01/telemetry', ... (372 bytes))
1785216285: Received PUBLISH from resq-firmware-sim-M01-ms47nd1f (d0, q0, r0, m0, 'resq/M01/telemetry', ... (373 bytes))
1785216285: Sending PUBLISH to hub-api-live-registry-1785215101795 (d0, q0, r0, m0, 'resq/M01/telemetry', ... (373 bytes))
1785216285: Sending PUBLISH to auto-35FF3D96-1C85-F808-3FC6-04D424F1779D (d0, q0, r0, m0, 'resq/M01/telemetry', ... (373 bytes))
1785216286: Received PUBLISH from resq-firmware-sim-M01-ms47nd1f (d0, q0, r0, m0, 'resq/M01/heartbeat', ... (205 bytes))
1785216286: Sending PUBLISH to hub-api-live-registry-1785215101795 (d0, q0, r0, m0, 'resq/M01/heartbeat', ... (205 bytes))
1785216286: Sending PUBLISH to auto-35FF3D96-1C85-F808-3FC6-04D424F1779D (d0, q0, r0, m0, 'resq/M01/heartbeat', ... (205 bytes))
1785216286: Received PUBLISH from resq-firmware-sim-M01-ms47nd1f (d0, q0, r0, m0, 'resq/M01/telemetry', ... (375 bytes))
1785216286: Sending PUBLISH to hub-api-live-registry-1785215101795 (d0, q0, r0, m0, 'resq/M01/telemetry', ... (375 bytes))
1785216286: Sending PUBLISH to auto-35FF3D96-1C85-F808-3FC6-04D424F1779D (d0, q0, r0, m0, 'resq/M01/telemetry', ... (375 bytes))
1785216286: Received PUBLISH from resq-firmware-sim-M01-ms47nd1f (d0, q0, r0, m0, 'resq/M01/telemetry', ... (373 bytes))
1785216286: Sending PUBLISH to hub-api-live-registry-1785215101795 (d0, q0, r0, m0, 'resq/M01/telemetry', ... (373 bytes))
1785216286: Sending PUBLISH to auto-35FF3D96-1C85-F808-3FC6-04D424F1779D (d0, q0, r0, m0, 'resq/M01/telemetry', ... (373 bytes))
1785216286: Received PUBLISH from resq-firmware-sim-M01-ms47nd1f (d0, q0, r0, m0, 'resq/M01/telemetry', ... (373 bytes))
1785216286: Sending PUBLISH to hub-api-live-registry-1785215101795 (d0, q0, r0, m0, 'resq/M01/telemetry', ... (373 bytes))
1785216286: Sending PUBLISH to auto-35FF3D96-1C85-F808-3FC6-04D424F1779D (d0, q0, r0, m0, 'resq/M01/telemetry', ... (373 bytes))
1785216286: Received PUBLISH from resq-firmware-sim-M01-ms47nd1f (d0, q0, r0, m0, 'resq/M01/telemetry', ... (373 bytes))
1785216286: Sending PUBLISH to hub-api-live-registry-1785215101795 (d0, q0, r0, m0, 'resq/M01/telemetry', ... (373 bytes))
1785216286: Sending PUBLISH to auto-35FF3D96-1C85-F808-3FC6-04D424F1779D (d0, q0, r0, m0, 'resq/M01/telemetry', ... (373 bytes))
1785216286: Received PUBLISH from resq-firmware-sim-M01-ms47nd1f (d0, q0, r0, m0, 'resq/M01/telemetry', ... (373 bytes))
1785216286: Sending PUBLISH to hub-api-live-registry-1785215101795 (d0, q0, r0, m0, 'resq/M01/telemetry', ... (373 bytes))
1785216286: Sending PUBLISH to auto-35FF3D96-1C85-F808-3FC6-04D424F1779D (d0, q0, r0, m0, 'resq/M01/telemetry', ... (373 bytes))
1785216287: Received PUBLISH from resq-firmware-sim-M01-ms47nd1f (d0, q0, r0, m0, 'resq/M01/heartbeat', ... (205 bytes))
1785216287: Sending PUBLISH to hub-api-live-registry-1785215101795 (d0, q0, r0, m0, 'resq/M01/heartbeat', ... (205 bytes))
1785216287: Sending PUBLISH to auto-35FF3D96-1C85-F808-3FC6-04D424F1779D (d0, q0, r0, m0, 'resq/M01/heartbeat', ... (205 bytes))
1785216287: Received PUBLISH from resq-firmware-sim-M01-ms47nd1f (d0, q0, r0, m0, 'resq/M01/telemetry', ... (373 bytes))
1785216287: Sending PUBLISH to hub-api-live-registry-1785215101795 (d0, q0, r0, m0, 'resq/M01/telemetry', ... (373 bytes))
1785216287: Sending PUBLISH to auto-35FF3D96-1C85-F808-3FC6-04D424F1779D (d0, q0, r0, m0, 'resq/M01/telemetry', ... (373 bytes))
1785216287: Received PUBLISH from resq-firmware-sim-M01-ms47nd1f (d0, q0, r0, m0, 'resq/M01/telemetry', ... (373 bytes))
1785216287: Sending PUBLISH to hub-api-live-registry-1785215101795 (d0, q0, r0, m0, 'resq/M01/telemetry', ... (373 bytes))
1785216287: Sending PUBLISH to auto-35FF3D96-1C85-F808-3FC6-04D424F1779D (d0, q0, r0, m0, 'resq/M01/telemetry', ... (373 bytes))
1785216287: Received PUBLISH from resq-firmware-sim-M01-ms47nd1f (d0, q0, r0, m0, 'resq/M01/telemetry', ... (373 bytes))
1785216287: Sending PUBLISH to hub-api-live-registry-1785215101795 (d0, q0, r0, m0, 'resq/M01/telemetry', ... (373 bytes))
1785216287: Sending PUBLISH to auto-35FF3D96-1C85-F808-3FC6-04D424F1779D (d0, q0, r0, m0, 'resq/M01/telemetry', ... (373 bytes))
1785216287: Received PINGREQ from resq-firmware-sim-M01-ms47nd1f
1785216287: Sending PINGRESP to resq-firmware-sim-M01-ms47nd1f
1785216287: Received PUBLISH from resq-firmware-sim-M01-ms47nd1f (d0, q0, r0, m0, 'resq/M01/telemetry', ... (373 bytes))
1785216287: Sending PUBLISH to hub-api-live-registry-1785215101795 (d0, q0, r0, m0, 'resq/M01/telemetry', ... (373 bytes))
1785216287: Sending PUBLISH to auto-35FF3D96-1C85-F808-3FC6-04D424F1779D (d0, q0, r0, m0, 'resq/M01/telemetry', ... (373 bytes))
1785216287: Received PUBLISH from resq-firmware-sim-M01-ms47nd1f (d0, q0, r0, m0, 'resq/M01/telemetry', ... (371 bytes))
1785216287: Sending PUBLISH to hub-api-live-registry-1785215101795 (d0, q0, r0, m0, 'resq/M01/telemetry', ... (371 bytes))
1785216287: Sending PUBLISH to auto-35FF3D96-1C85-F808-3FC6-04D424F1779D (d0, q0, r0, m0, 'resq/M01/telemetry', ... (371 bytes))
1785216288: Received PUBLISH from resq-firmware-sim-M01-ms47nd1f (d0, q0, r0, m0, 'resq/M01/heartbeat', ... (205 bytes))
1785216288: Sending PUBLISH to hub-api-live-registry-1785215101795 (d0, q0, r0, m0, 'resq/M01/heartbeat', ... (205 bytes))
1785216288: Sending PUBLISH to auto-35FF3D96-1C85-F808-3FC6-04D424F1779D (d0, q0, r0, m0, 'resq/M01/heartbeat', ... (205 bytes))
1785216288: Received PUBLISH from resq-firmware-sim-M01-ms47nd1f (d0, q0, r0, m0, 'resq/M01/telemetry', ... (373 bytes))
1785216288: Sending PUBLISH to hub-api-live-registry-1785215101795 (d0, q0, r0, m0, 'resq/M01/telemetry', ... (373 bytes))
1785216288: Sending PUBLISH to auto-35FF3D96-1C85-F808-3FC6-04D424F1779D (d0, q0, r0, m0, 'resq/M01/telemetry', ... (373 bytes))
1785216288: Received PUBLISH from resq-firmware-sim-M01-ms47nd1f (d0, q0, r0, m0, 'resq/M01/telemetry', ... (366 bytes))
1785216288: Sending PUBLISH to hub-api-live-registry-1785215101795 (d0, q0, r0, m0, 'resq/M01/telemetry', ... (366 bytes))
1785216288: Sending PUBLISH to auto-35FF3D96-1C85-F808-3FC6-04D424F1779D (d0, q0, r0, m0, 'resq/M01/telemetry', ... (366 bytes))
1785216288: Received PUBLISH from resq-firmware-sim-M01-ms47nd1f (d0, q0, r0, m0, 'resq/M01/telemetry', ... (373 bytes))
1785216288: Sending PUBLISH to hub-api-live-registry-1785215101795 (d0, q0, r0, m0, 'resq/M01/telemetry', ... (373 bytes))
1785216288: Sending PUBLISH to auto-35FF3D96-1C85-F808-3FC6-04D424F1779D (d0, q0, r0, m0, 'resq/M01/telemetry', ... (373 bytes))
1785216288: Received PUBLISH from resq-firmware-sim-M01-ms47nd1f (d0, q0, r0, m0, 'resq/M01/telemetry', ... (375 bytes))
1785216288: Sending PUBLISH to hub-api-live-registry-1785215101795 (d0, q0, r0, m0, 'resq/M01/telemetry', ... (375 bytes))
1785216288: Sending PUBLISH to auto-35FF3D96-1C85-F808-3FC6-04D424F1779D (d0, q0, r0, m0, 'resq/M01/telemetry', ... (375 bytes))
1785216289: Received PUBLISH from resq-firmware-sim-M01-ms47nd1f (d0, q0, r0, m0, 'resq/M01/telemetry', ... (373 bytes))
1785216289: Sending PUBLISH to hub-api-live-registry-1785215101795 (d0, q0, r0, m0, 'resq/M01/telemetry', ... (373 bytes))
1785216289: Sending PUBLISH to auto-35FF3D96-1C85-F808-3FC6-04D424F1779D (d0, q0, r0, m0, 'resq/M01/telemetry', ... (373 bytes))
1785216289: Received PUBLISH from resq-firmware-sim-M01-ms47nd1f (d0, q0, r0, m0, 'resq/M01/heartbeat', ... (205 bytes))
1785216289: Sending PUBLISH to hub-api-live-registry-1785215101795 (d0, q0, r0, m0, 'resq/M01/heartbeat', ... (205 bytes))
1785216289: Sending PUBLISH to auto-35FF3D96-1C85-F808-3FC6-04D424F1779D (d0, q0, r0, m0, 'resq/M01/heartbeat', ... (205 bytes))
1785216289: Received PUBLISH from resq-firmware-sim-M01-ms47nd1f (d0, q0, r0, m0, 'resq/M01/telemetry', ... (373 bytes))
1785216289: Sending PUBLISH to hub-api-live-registry-1785215101795 (d0, q0, r0, m0, 'resq/M01/telemetry', ... (373 bytes))
1785216289: Sending PUBLISH to auto-35FF3D96-1C85-F808-3FC6-04D424F1779D (d0, q0, r0, m0, 'resq/M01/telemetry', ... (373 bytes))
1785216289: Received PUBLISH from resq-firmware-sim-M01-ms47nd1f (d0, q0, r0, m0, 'resq/M01/telemetry', ... (372 bytes))
1785216289: Sending PUBLISH to hub-api-live-registry-1785215101795 (d0, q0, r0, m0, 'resq/M01/telemetry', ... (372 bytes))
1785216289: Sending PUBLISH to auto-35FF3D96-1C85-F808-3FC6-04D424F1779D (d0, q0, r0, m0, 'resq/M01/telemetry', ... (372 bytes))
1785216289: Received PUBLISH from resq-firmware-sim-M01-ms47nd1f (d0, q0, r0, m0, 'resq/M01/telemetry', ... (371 bytes))
1785216289: Sending PUBLISH to hub-api-live-registry-1785215101795 (d0, q0, r0, m0, 'resq/M01/telemetry', ... (371 bytes))
1785216289: Sending PUBLISH to auto-35FF3D96-1C85-F808-3FC6-04D424F1779D (d0, q0, r0, m0, 'resq/M01/telemetry', ... (371 bytes))
1785216289: Received PUBLISH from resq-firmware-sim-M01-ms47nd1f (d0, q0, r0, m0, 'resq/M01/telemetry', ... (371 bytes))
1785216289: Sending PUBLISH to hub-api-live-registry-1785215101795 (d0, q0, r0, m0, 'resq/M01/telemetry', ... (371 bytes))
1785216289: Sending PUBLISH to auto-35FF3D96-1C85-F808-3FC6-04D424F1779D (d0, q0, r0, m0, 'resq/M01/telemetry', ... (371 bytes))
1785216290: Received PUBLISH from resq-firmware-sim-M01-ms47nd1f (d0, q0, r0, m0, 'resq/M01/heartbeat', ... (205 bytes))
1785216290: Sending PUBLISH to hub-api-live-registry-1785215101795 (d0, q0, r0, m0, 'resq/M01/heartbeat', ... (205 bytes))
1785216290: Sending PUBLISH to auto-35FF3D96-1C85-F808-3FC6-04D424F1779D (d0, q0, r0, m0, 'resq/M01/heartbeat', ... (205 bytes))
1785216290: Received PUBLISH from resq-firmware-sim-M01-ms47nd1f (d0, q0, r0, m0, 'resq/M01/telemetry', ... (373 bytes))
1785216290: Sending PUBLISH to hub-api-live-registry-1785215101795 (d0, q0, r0, m0, 'resq/M01/telemetry', ... (373 bytes))
1785216290: Sending PUBLISH to auto-35FF3D96-1C85-F808-3FC6-04D424F1779D (d0, q0, r0, m0, 'resq/M01/telemetry', ... (373 bytes))
1785216290: Received PUBLISH from resq-firmware-sim-M01-ms47nd1f (d0, q0, r0, m0, 'resq/M01/telemetry', ... (371 bytes))
1785216290: Sending PUBLISH to hub-api-live-registry-1785215101795 (d0, q0, r0, m0, 'resq/M01/telemetry', ... (371 bytes))
1785216290: Sending PUBLISH to auto-35FF3D96-1C85-F808-3FC6-04D424F1779D (d0, q0, r0, m0, 'resq/M01/telemetry', ... (371 bytes))
1785216290: Received PUBLISH from resq-firmware-sim-M01-ms47nd1f (d0, q0, r0, m0, 'resq/M01/telemetry', ... (373 bytes))
1785216290: Sending PUBLISH to hub-api-live-registry-1785215101795 (d0, q0, r0, m0, 'resq/M01/telemetry', ... (373 bytes))
1785216290: Sending PUBLISH to auto-35FF3D96-1C85-F808-3FC6-04D424F1779D (d0, q0, r0, m0, 'resq/M01/telemetry', ... (373 bytes))
1785216290: Received PUBLISH from resq-firmware-sim-M01-ms47nd1f (d0, q0, r0, m0, 'resq/M01/telemetry', ... (371 bytes))
1785216290: Sending PUBLISH to hub-api-live-registry-1785215101795 (d0, q0, r0, m0, 'resq/M01/telemetry', ... (371 bytes))
1785216290: Sending PUBLISH to auto-35FF3D96-1C85-F808-3FC6-04D424F1779D (d0, q0, r0, m0, 'resq/M01/telemetry', ... (371 bytes))
1785216290: Received PUBLISH from resq-firmware-sim-M01-ms47nd1f (d0, q0, r0, m0, 'resq/M01/telemetry', ... (373 bytes))
1785216290: Sending PUBLISH to hub-api-live-registry-1785215101795 (d0, q0, r0, m0, 'resq/M01/telemetry', ... (373 bytes))
1785216290: Sending PUBLISH to auto-35FF3D96-1C85-F808-3FC6-04D424F1779D (d0, q0, r0, m0, 'resq/M01/telemetry', ... (373 bytes))
1785216291: Received PUBLISH from resq-firmware-sim-M01-ms47nd1f (d0, q0, r0, m0, 'resq/M01/heartbeat', ... (205 bytes))
1785216291: Sending PUBLISH to hub-api-live-registry-1785215101795 (d0, q0, r0, m0, 'resq/M01/heartbeat', ... (205 bytes))
1785216291: Sending PUBLISH to auto-35FF3D96-1C85-F808-3FC6-04D424F1779D (d0, q0, r0, m0, 'resq/M01/heartbeat', ... (205 bytes))
1785216291: Received PUBLISH from resq-firmware-sim-M01-ms47nd1f (d0, q0, r0, m0, 'resq/M01/telemetry', ... (369 bytes))
1785216291: Sending PUBLISH to hub-api-live-registry-1785215101795 (d0, q0, r0, m0, 'resq/M01/telemetry', ... (369 bytes))
1785216291: Sending PUBLISH to auto-35FF3D96-1C85-F808-3FC6-04D424F1779D (d0, q0, r0, m0, 'resq/M01/telemetry', ... (369 bytes))
1785216291: Received PUBLISH from resq-firmware-sim-M01-ms47nd1f (d0, q0, r0, m0, 'resq/M01/telemetry', ... (373 bytes))
1785216291: Sending PUBLISH to hub-api-live-registry-1785215101795 (d0, q0, r0, m0, 'resq/M01/telemetry', ... (373 bytes))
1785216291: Sending PUBLISH to auto-35FF3D96-1C85-F808-3FC6-04D424F1779D (d0, q0, r0, m0, 'resq/M01/telemetry', ... (373 bytes))
1785216291: Received PUBLISH from resq-firmware-sim-M01-ms47nd1f (d0, q0, r0, m0, 'resq/M01/telemetry', ... (373 bytes))
1785216291: Sending PUBLISH to hub-api-live-registry-1785215101795 (d0, q0, r0, m0, 'resq/M01/telemetry', ... (373 bytes))
1785216291: Sending PUBLISH to auto-35FF3D96-1C85-F808-3FC6-04D424F1779D (d0, q0, r0, m0, 'resq/M01/telemetry', ... (373 bytes))
1785216291: Received PUBLISH from resq-firmware-sim-M01-ms47nd1f (d0, q0, r0, m0, 'resq/M01/telemetry', ... (372 bytes))
1785216291: Sending PUBLISH to hub-api-live-registry-1785215101795 (d0, q0, r0, m0, 'resq/M01/telemetry', ... (372 bytes))
1785216291: Sending PUBLISH to auto-35FF3D96-1C85-F808-3FC6-04D424F1779D (d0, q0, r0, m0, 'resq/M01/telemetry', ... (372 bytes))
1785216291: Received PUBLISH from resq-firmware-sim-M01-ms47nd1f (d0, q0, r0, m0, 'resq/M01/telemetry', ... (373 bytes))
1785216291: Sending PUBLISH to hub-api-live-registry-1785215101795 (d0, q0, r0, m0, 'resq/M01/telemetry', ... (373 bytes))
1785216291: Sending PUBLISH to auto-35FF3D96-1C85-F808-3FC6-04D424F1779D (d0, q0, r0, m0, 'resq/M01/telemetry', ... (373 bytes))
1785216292: Received PUBLISH from resq-firmware-sim-M01-ms47nd1f (d0, q0, r0, m0, 'resq/M01/heartbeat', ... (205 bytes))
1785216292: Sending PUBLISH to hub-api-live-registry-1785215101795 (d0, q0, r0, m0, 'resq/M01/heartbeat', ... (205 bytes))
1785216292: Sending PUBLISH to auto-35FF3D96-1C85-F808-3FC6-04D424F1779D (d0, q0, r0, m0, 'resq/M01/heartbeat', ... (205 bytes))
1785216292: Received PUBLISH from resq-firmware-sim-M01-ms47nd1f (d0, q0, r0, m0, 'resq/M01/telemetry', ... (373 bytes))
1785216292: Sending PUBLISH to hub-api-live-registry-1785215101795 (d0, q0, r0, m0, 'resq/M01/telemetry', ... (373 bytes))
1785216292: Sending PUBLISH to auto-35FF3D96-1C85-F808-3FC6-04D424F1779D (d0, q0, r0, m0, 'resq/M01/telemetry', ... (373 bytes))
1785216292: Received PUBLISH from resq-firmware-sim-M01-ms47nd1f (d0, q0, r0, m0, 'resq/M01/telemetry', ... (373 bytes))
1785216292: Sending PUBLISH to hub-api-live-registry-1785215101795 (d0, q0, r0, m0, 'resq/M01/telemetry', ... (373 bytes))
1785216292: Sending PUBLISH to auto-35FF3D96-1C85-F808-3FC6-04D424F1779D (d0, q0, r0, m0, 'resq/M01/telemetry', ... (373 bytes))
1785216292: Received PUBLISH from resq-firmware-sim-M01-ms47nd1f (d0, q0, r0, m0, 'resq/M01/telemetry', ... (373 bytes))
1785216292: Sending PUBLISH to hub-api-live-registry-1785215101795 (d0, q0, r0, m0, 'resq/M01/telemetry', ... (373 bytes))
1785216292: Sending PUBLISH to auto-35FF3D96-1C85-F808-3FC6-04D424F1779D (d0, q0, r0, m0, 'resq/M01/telemetry', ... (373 bytes))
1785216292: Received PUBLISH from resq-firmware-sim-M01-ms47nd1f (d0, q0, r0, m0, 'resq/M01/telemetry', ... (369 bytes))
1785216292: Sending PUBLISH to hub-api-live-registry-1785215101795 (d0, q0, r0, m0, 'resq/M01/telemetry', ... (369 bytes))
1785216292: Sending PUBLISH to auto-35FF3D96-1C85-F808-3FC6-04D424F1779D (d0, q0, r0, m0, 'resq/M01/telemetry', ... (369 bytes))
1785216292: Received PUBLISH from resq-firmware-sim-M01-ms47nd1f (d0, q0, r0, m0, 'resq/M01/telemetry', ... (373 bytes))
1785216292: Sending PUBLISH to hub-api-live-registry-1785215101795 (d0, q0, r0, m0, 'resq/M01/telemetry', ... (373 bytes))
1785216292: Sending PUBLISH to auto-35FF3D96-1C85-F808-3FC6-04D424F1779D (d0, q0, r0, m0, 'resq/M01/telemetry', ... (373 bytes))
1785216293: Received PUBLISH from resq-firmware-sim-M01-ms47nd1f (d0, q0, r0, m0, 'resq/M01/heartbeat', ... (205 bytes))
1785216293: Sending PUBLISH to hub-api-live-registry-1785215101795 (d0, q0, r0, m0, 'resq/M01/heartbeat', ... (205 bytes))
1785216293: Sending PUBLISH to auto-35FF3D96-1C85-F808-3FC6-04D424F1779D (d0, q0, r0, m0, 'resq/M01/heartbeat', ... (205 bytes))
1785216293: Received PUBLISH from resq-firmware-sim-M01-ms47nd1f (d0, q0, r0, m0, 'resq/M01/telemetry', ... (373 bytes))
1785216293: Sending PUBLISH to hub-api-live-registry-1785215101795 (d0, q0, r0, m0, 'resq/M01/telemetry', ... (373 bytes))
1785216293: Sending PUBLISH to auto-35FF3D96-1C85-F808-3FC6-04D424F1779D (d0, q0, r0, m0, 'resq/M01/telemetry', ... (373 bytes))
1785216293: Received PUBLISH from resq-firmware-sim-M01-ms47nd1f (d0, q0, r0, m0, 'resq/M01/telemetry', ... (373 bytes))
1785216293: Sending PUBLISH to hub-api-live-registry-1785215101795 (d0, q0, r0, m0, 'resq/M01/telemetry', ... (373 bytes))
1785216293: Sending PUBLISH to auto-35FF3D96-1C85-F808-3FC6-04D424F1779D (d0, q0, r0, m0, 'resq/M01/telemetry', ... (373 bytes))
1785216293: Received PUBLISH from resq-firmware-sim-M01-ms47nd1f (d0, q0, r0, m0, 'resq/M01/telemetry', ... (366 bytes))
1785216293: Sending PUBLISH to hub-api-live-registry-1785215101795 (d0, q0, r0, m0, 'resq/M01/telemetry', ... (366 bytes))
1785216293: Sending PUBLISH to auto-35FF3D96-1C85-F808-3FC6-04D424F1779D (d0, q0, r0, m0, 'resq/M01/telemetry', ... (366 bytes))
1785216293: Received PUBLISH from resq-firmware-sim-M01-ms47nd1f (d0, q0, r0, m0, 'resq/M01/telemetry', ... (373 bytes))
1785216293: Sending PUBLISH to hub-api-live-registry-1785215101795 (d0, q0, r0, m0, 'resq/M01/telemetry', ... (373 bytes))
1785216293: Sending PUBLISH to auto-35FF3D96-1C85-F808-3FC6-04D424F1779D (d0, q0, r0, m0, 'resq/M01/telemetry', ... (373 bytes))
1785216293: Received PUBLISH from resq-firmware-sim-M01-ms47nd1f (d0, q0, r0, m0, 'resq/M01/telemetry', ... (373 bytes))
1785216293: Sending PUBLISH to hub-api-live-registry-1785215101795 (d0, q0, r0, m0, 'resq/M01/telemetry', ... (373 bytes))
1785216293: Sending PUBLISH to auto-35FF3D96-1C85-F808-3FC6-04D424F1779D (d0, q0, r0, m0, 'resq/M01/telemetry', ... (373 bytes))
1785216294: Received PUBLISH from resq-firmware-sim-M01-ms47nd1f (d0, q0, r0, m0, 'resq/M01/heartbeat', ... (205 bytes))
1785216294: Sending PUBLISH to hub-api-live-registry-1785215101795 (d0, q0, r0, m0, 'resq/M01/heartbeat', ... (205 bytes))
1785216294: Sending PUBLISH to auto-35FF3D96-1C85-F808-3FC6-04D424F1779D (d0, q0, r0, m0, 'resq/M01/heartbeat', ... (205 bytes))
1785216294: Received PUBLISH from resq-firmware-sim-M01-ms47nd1f (d0, q0, r0, m0, 'resq/M01/telemetry', ... (374 bytes))
1785216294: Sending PUBLISH to hub-api-live-registry-1785215101795 (d0, q0, r0, m0, 'resq/M01/telemetry', ... (374 bytes))
1785216294: Sending PUBLISH to auto-35FF3D96-1C85-F808-3FC6-04D424F1779D (d0, q0, r0, m0, 'resq/M01/telemetry', ... (374 bytes))
1785216294: Received PUBLISH from resq-firmware-sim-M01-ms47nd1f (d0, q0, r0, m0, 'resq/M01/telemetry', ... (373 bytes))
1785216294: Sending PUBLISH to hub-api-live-registry-1785215101795 (d0, q0, r0, m0, 'resq/M01/telemetry', ... (373 bytes))
1785216294: Sending PUBLISH to auto-35FF3D96-1C85-F808-3FC6-04D424F1779D (d0, q0, r0, m0, 'resq/M01/telemetry', ... (373 bytes))
1785216294: Received PUBLISH from resq-firmware-sim-M01-ms47nd1f (d0, q0, r0, m0, 'resq/M01/telemetry', ... (373 bytes))
1785216294: Sending PUBLISH to hub-api-live-registry-1785215101795 (d0, q0, r0, m0, 'resq/M01/telemetry', ... (373 bytes))
1785216294: Sending PUBLISH to auto-35FF3D96-1C85-F808-3FC6-04D424F1779D (d0, q0, r0, m0, 'resq/M01/telemetry', ... (373 bytes))
1785216294: Received PUBLISH from resq-firmware-sim-M01-ms47nd1f (d0, q0, r0, m0, 'resq/M01/telemetry', ... (373 bytes))
1785216294: Sending PUBLISH to hub-api-live-registry-1785215101795 (d0, q0, r0, m0, 'resq/M01/telemetry', ... (373 bytes))
1785216294: Sending PUBLISH to auto-35FF3D96-1C85-F808-3FC6-04D424F1779D (d0, q0, r0, m0, 'resq/M01/telemetry', ... (373 bytes))
1785216294: Received PUBLISH from resq-firmware-sim-M01-ms47nd1f (d0, q0, r0, m0, 'resq/M01/telemetry', ... (373 bytes))
1785216294: Sending PUBLISH to hub-api-live-registry-1785215101795 (d0, q0, r0, m0, 'resq/M01/telemetry', ... (373 bytes))
1785216294: Sending PUBLISH to auto-35FF3D96-1C85-F808-3FC6-04D424F1779D (d0, q0, r0, m0, 'resq/M01/telemetry', ... (373 bytes))
1785216295: Received PUBLISH from resq-firmware-sim-M01-ms47nd1f (d0, q0, r0, m0, 'resq/M01/heartbeat', ... (205 bytes))
1785216295: Sending PUBLISH to hub-api-live-registry-1785215101795 (d0, q0, r0, m0, 'resq/M01/heartbeat', ... (205 bytes))
1785216295: Sending PUBLISH to auto-35FF3D96-1C85-F808-3FC6-04D424F1779D (d0, q0, r0, m0, 'resq/M01/heartbeat', ... (205 bytes))
1785216295: Received PUBLISH from resq-firmware-sim-M01-ms47nd1f (d0, q0, r0, m0, 'resq/M01/telemetry', ... (371 bytes))
1785216295: Sending PUBLISH to hub-api-live-registry-1785215101795 (d0, q0, r0, m0, 'resq/M01/telemetry', ... (371 bytes))
1785216295: Sending PUBLISH to auto-35FF3D96-1C85-F808-3FC6-04D424F1779D (d0, q0, r0, m0, 'resq/M01/telemetry', ... (371 bytes))
1785216295: Received PUBLISH from resq-firmware-sim-M01-ms47nd1f (d0, q0, r0, m0, 'resq/M01/telemetry', ... (373 bytes))
1785216295: Sending PUBLISH to hub-api-live-registry-1785215101795 (d0, q0, r0, m0, 'resq/M01/telemetry', ... (373 bytes))
1785216295: Sending PUBLISH to auto-35FF3D96-1C85-F808-3FC6-04D424F1779D (d0, q0, r0, m0, 'resq/M01/telemetry', ... (373 bytes))
1785216295: Received PUBLISH from resq-firmware-sim-M01-ms47nd1f (d0, q0, r0, m0, 'resq/M01/telemetry', ... (373 bytes))
1785216295: Sending PUBLISH to hub-api-live-registry-1785215101795 (d0, q0, r0, m0, 'resq/M01/telemetry', ... (373 bytes))
1785216295: Sending PUBLISH to auto-35FF3D96-1C85-F808-3FC6-04D424F1779D (d0, q0, r0, m0, 'resq/M01/telemetry', ... (373 bytes))
1785216295: Received PUBLISH from resq-firmware-sim-M01-ms47nd1f (d0, q0, r0, m0, 'resq/M01/telemetry', ... (373 bytes))
1785216295: Sending PUBLISH to hub-api-live-registry-1785215101795 (d0, q0, r0, m0, 'resq/M01/telemetry', ... (373 bytes))
1785216295: Sending PUBLISH to auto-35FF3D96-1C85-F808-3FC6-04D424F1779D (d0, q0, r0, m0, 'resq/M01/telemetry', ... (373 bytes))
1785216296: Received PUBLISH from resq-firmware-sim-M01-ms47nd1f (d0, q0, r0, m0, 'resq/M01/telemetry', ... (373 bytes))
1785216296: Sending PUBLISH to hub-api-live-registry-1785215101795 (d0, q0, r0, m0, 'resq/M01/telemetry', ... (373 bytes))
1785216296: Sending PUBLISH to auto-35FF3D96-1C85-F808-3FC6-04D424F1779D (d0, q0, r0, m0, 'resq/M01/telemetry', ... (373 bytes))
1785216296: Received PUBLISH from resq-firmware-sim-M01-ms47nd1f (d0, q0, r0, m0, 'resq/M01/heartbeat', ... (205 bytes))
1785216296: Sending PUBLISH to hub-api-live-registry-1785215101795 (d0, q0, r0, m0, 'resq/M01/heartbeat', ... (205 bytes))
1785216296: Sending PUBLISH to auto-35FF3D96-1C85-F808-3FC6-04D424F1779D (d0, q0, r0, m0, 'resq/M01/heartbeat', ... (205 bytes))
1785216296: Received PUBLISH from resq-firmware-sim-M01-ms47nd1f (d0, q0, r0, m0, 'resq/M01/telemetry', ... (368 bytes))
1785216296: Sending PUBLISH to hub-api-live-registry-1785215101795 (d0, q0, r0, m0, 'resq/M01/telemetry', ... (368 bytes))
1785216296: Sending PUBLISH to auto-35FF3D96-1C85-F808-3FC6-04D424F1779D (d0, q0, r0, m0, 'resq/M01/telemetry', ... (368 bytes))
1785216296: Received PUBLISH from resq-firmware-sim-M01-ms47nd1f (d0, q0, r0, m0, 'resq/M01/telemetry', ... (373 bytes))
1785216296: Sending PUBLISH to hub-api-live-registry-1785215101795 (d0, q0, r0, m0, 'resq/M01/telemetry', ... (373 bytes))
1785216296: Sending PUBLISH to auto-35FF3D96-1C85-F808-3FC6-04D424F1779D (d0, q0, r0, m0, 'resq/M01/telemetry', ... (373 bytes))
1785216296: Received PUBLISH from resq-firmware-sim-M01-ms47nd1f (d0, q0, r0, m0, 'resq/M01/telemetry', ... (373 bytes))
1785216296: Sending PUBLISH to hub-api-live-registry-1785215101795 (d0, q0, r0, m0, 'resq/M01/telemetry', ... (373 bytes))
1785216296: Sending PUBLISH to auto-35FF3D96-1C85-F808-3FC6-04D424F1779D (d0, q0, r0, m0, 'resq/M01/telemetry', ... (373 bytes))
1785216296: Received PUBLISH from resq-firmware-sim-M01-ms47nd1f (d0, q0, r0, m0, 'resq/M01/telemetry', ... (375 bytes))
1785216296: Sending PUBLISH to hub-api-live-registry-1785215101795 (d0, q0, r0, m0, 'resq/M01/telemetry', ... (375 bytes))
1785216296: Sending PUBLISH to auto-35FF3D96-1C85-F808-3FC6-04D424F1779D (d0, q0, r0, m0, 'resq/M01/telemetry', ... (375 bytes))
1785216296: Received PINGREQ from auto-35FF3D96-1C85-F808-3FC6-04D424F1779D
1785216296: Sending PINGRESP to auto-35FF3D96-1C85-F808-3FC6-04D424F1779D
1785216297: Received PUBLISH from resq-firmware-sim-M01-ms47nd1f (d0, q0, r0, m0, 'resq/M01/telemetry', ... (373 bytes))
1785216297: Sending PUBLISH to hub-api-live-registry-1785215101795 (d0, q0, r0, m0, 'resq/M01/telemetry', ... (373 bytes))
1785216297: Sending PUBLISH to auto-35FF3D96-1C85-F808-3FC6-04D424F1779D (d0, q0, r0, m0, 'resq/M01/telemetry', ... (373 bytes))
1785216297: Received PUBLISH from resq-firmware-sim-M01-ms47nd1f (d0, q0, r0, m0, 'resq/M01/heartbeat', ... (205 bytes))
1785216297: Sending PUBLISH to hub-api-live-registry-1785215101795 (d0, q0, r0, m0, 'resq/M01/heartbeat', ... (205 bytes))
1785216297: Sending PUBLISH to auto-35FF3D96-1C85-F808-3FC6-04D424F1779D (d0, q0, r0, m0, 'resq/M01/heartbeat', ... (205 bytes))
1785216297: Received PUBLISH from resq-firmware-sim-M01-ms47nd1f (d0, q0, r0, m0, 'resq/M01/telemetry', ... (370 bytes))
1785216297: Sending PUBLISH to hub-api-live-registry-1785215101795 (d0, q0, r0, m0, 'resq/M01/telemetry', ... (370 bytes))
1785216297: Sending PUBLISH to auto-35FF3D96-1C85-F808-3FC6-04D424F1779D (d0, q0, r0, m0, 'resq/M01/telemetry', ... (370 bytes))
1785216297: Received PUBLISH from resq-firmware-sim-M01-ms47nd1f (d0, q0, r0, m0, 'resq/M01/telemetry', ... (372 bytes))
1785216297: Sending PUBLISH to hub-api-live-registry-1785215101795 (d0, q0, r0, m0, 'resq/M01/telemetry', ... (372 bytes))
1785216297: Sending PUBLISH to auto-35FF3D96-1C85-F808-3FC6-04D424F1779D (d0, q0, r0, m0, 'resq/M01/telemetry', ... (372 bytes))
1785216297: Received PUBLISH from resq-firmware-sim-M01-ms47nd1f (d0, q0, r0, m0, 'resq/M01/telemetry', ... (372 bytes))
1785216297: Sending PUBLISH to hub-api-live-registry-1785215101795 (d0, q0, r0, m0, 'resq/M01/telemetry', ... (372 bytes))
1785216297: Sending PUBLISH to auto-35FF3D96-1C85-F808-3FC6-04D424F1779D (d0, q0, r0, m0, 'resq/M01/telemetry', ... (372 bytes))
1785216297: Received PUBLISH from resq-firmware-sim-M01-ms47nd1f (d0, q0, r0, m0, 'resq/M01/telemetry', ... (373 bytes))
1785216297: Sending PUBLISH to hub-api-live-registry-1785215101795 (d0, q0, r0, m0, 'resq/M01/telemetry', ... (373 bytes))
1785216297: Sending PUBLISH to auto-35FF3D96-1C85-F808-3FC6-04D424F1779D (d0, q0, r0, m0, 'resq/M01/telemetry', ... (373 bytes))
1785216298: Client auto-35FF3D96-1C85-F808-3FC6-04D424F1779D [127.0.0.1:50399] disconnected: connection closed by client.
1785216298: Received PUBLISH from resq-firmware-sim-M01-ms47nd1f (d0, q0, r0, m0, 'resq/M01/telemetry', ... (373 bytes))
1785216298: Sending PUBLISH to hub-api-live-registry-1785215101795 (d0, q0, r0, m0, 'resq/M01/telemetry', ... (373 bytes))
1785216298: New connection from 127.0.0.1:57432 on port 1883.
1785216298: New client connected from 127.0.0.1:57432 as auto-7EF1D4C5-0A62-562A-BC38-02BB79D3082C (p4, c1, k60).
1785216298: No will message specified.
1785216298: Sending CONNACK to auto-7EF1D4C5-0A62-562A-BC38-02BB79D3082C (0, 0)
