ESP-ROM:esp32c3-api1-20210207

Build:Feb  7 2021

rst:0x1 (POWERON),boot:0xc (SPI_FAST_FLASH_BOOT)

SPIWP:0xee

mode:DIO, clock div:1

load:0x3fcd5830,len:0x155c

load:0x403cbf10,len:0xce0

load:0x403ce710,len:0x2fbc

entry 0x403cbf1a

I (30) boot: ESP-IDF v6.0-dirty 2nd stage bootloader

I (30) boot: compile time Jul 28 2026 18:45:43

I (30) boot: chip revision: v0.4

I (31) boot: efuse block revision: v1.3

I (34) boot.esp32c3: SPI Speed      : 80MHz

I (38) boot.esp32c3: SPI Mode       : DIO

I (42) boot.esp32c3: SPI Flash Size : 2MB

I (46) boot: Enabling RNG early entropy source...

I (50) boot: Partition Table:

I (53) boot: ## Label            Usage          Type ST Offset   Length

I (59) boot:  0 nvs              WiFi data        01 02 00009000 00006000

I (66) boot:  1 phy_init         RF data          01 01 0000f000 00001000

I (72) boot:  2 factory          factory app      00 00 00010000 001e0000

I (79) boot: End of partition table

I (82) esp_image: segment 0: paddr=00010020 vaddr=3c050020 size=15b58h ( 88920) map

I (103) esp_image: segment 1: paddr=00025b80 vaddr=3fc8aa00 size=03c80h ( 15488) load

I (106) esp_image: segment 2: paddr=00029808 vaddr=40380000 size=06810h ( 26640) load

I (112) esp_image: segment 3: paddr=00030020 vaddr=42000020 size=41c40h (269376) map

I (157) esp_image: segment 4: paddr=00071c68 vaddr=40386810 size=04124h ( 16676) load

I (160) esp_image: segment 5: paddr=00075d94 vaddr=50000000 size=00024h (    36) load

I (164) boot: Loaded app from partition at offset 0x10000

I (166) boot: Disabling RNG early entropy source...

I (182) cpu_start: Unicore app

I (190) cpu_start: GPIO 20 and 21 are used as console UART I/O pins

I (191) cpu_start: Pro cpu start user code

I (191) cpu_start: cpu freq: 160000000 Hz

I (193) app_init: Application information:

I (196) app_init: Project name:     resq_firmware_unity

I (201) app_init: App version:      localhub-v0.1.1-102-gf2e3998

I (207) app_init: Compile time:     Jul 28 2026 18:45:16

I (212) app_init: ELF file SHA256:  66f03da27...

I (216) app_init: ESP-IDF:          v6.0-dirty

I (221) efuse_init: Min chip rev:     v0.3

I (224) efuse_init: Max chip rev:     v1.99

I (228) efuse_init: Chip rev:         v0.4

I (232) heap_init: Initializing. RAM available for dynamic allocation:

I (239) heap_init: At 3FC934A0 len 0002CB60 (178 KiB): RAM

I (244) heap_init: At 3FCC0000 len 0001C710 (113 KiB): Retention RAM

I (250) heap_init: At 3FCDC710 len 00002950 (10 KiB): Retention RAM

I (256) heap_init: At 50000024 len 00001FC4 (7 KiB): RTCRAM

I (262) spi_flash: detected chip: generic

I (265) spi_flash: flash io: dio

W (268) spi_flash: Detected size(4096k) larger than the size in the binary image header(2048k). Using the size in the binary image header.

I (281) sleep_gpio: Configure to isolate all GPIO pins in sleep state

I (286) sleep_gpio: Enable automatic switching of GPIO sleep configuration

I (293) main_task: Started on CPU0

I (293) main_task: Calling app_main()

I (303) io_mode: Active hardware I/O mode: USB



ResQ firmware Unity test application

UNITY_BOOT,io_mode=USB,config=ESP_OK,io_mode_init=ESP_OK,sck_owner=ESP_ERR_INVALID_STATE,sensor_owner=ESP_OK





Press ENTER to see the list of tests.

*

Running Backend registration URL normalizes trailing slashes...

<repo>/code/resq-firmware/components/backend_register_client/test/test_backend_register_client.c:6:Backend registration URL normalizes trailing slashes:PASS

Running Backend registration request preserves current fields...

<repo>/code/resq-firmware/components/backend_register_client/test/test_backend_register_client.c:20:Backend registration request preserves current fields:PASS

Running Backend registration response updates runtime values...

<repo>/code/resq-firmware/components/backend_register_client/test/test_backend_register_client.c:31:Backend registration response updates runtime values:PASS

Running Invalid backend response is transactional...

<repo>/code/resq-firmware/components/backend_register_client/test/test_backend_register_client.c:42:Invalid backend response is transactional:PASS

Running CALIBRATION_FAIL button 1 short retries calibration...

<repo>/code/resq-firmware/components/calibration_fail_manager/test/test_calibration_fail_buttons.c:15:CALIBRATION_FAIL button 1 short retries calibration:PASS

Running CALIBRATION_FAIL button 2 short returns paired idle...

<repo>/code/resq-firmware/components/calibration_fail_manager/test/test_calibration_fail_buttons.c:23:CALIBRATION_FAIL button 2 short returns paired idle:PASS

Running CALIBRATION_FAIL button 1 long turns off...

<repo>/code/resq-firmware/components/calibration_fail_manager/test/test_calibration_fail_buttons.c:31:CALIBRATION_FAIL button 1 long turns off:PASS

Running CALIBRATION_FAIL button 2 long resets...

<repo>/code/resq-firmware/components/calibration_fail_manager/test/test_calibration_fail_buttons.c:39:CALIBRATION_FAIL button 2 long resets:PASS

Running CALIBRATION_FAIL ignores unrelated button events...

<repo>/code/resq-firmware/components/calibration_fail_manager/test/test_calibration_fail_buttons.c:47:CALIBRATION_FAIL ignores unrelated button events:PASS

Running Calibration fingerprint matches known-answer vector...

<repo>/code/resq-firmware/components/calibration_fingerprint/test/test_calibration_fingerprint.c:5:Calibration fingerprint matches known-answer vector:PASS

Running Calibration fingerprint returns invalid arg on short buffer...

<repo>/code/resq-firmware/components/calibration_fingerprint/test/test_calibration_fingerprint.c:23:Calibration fingerprint returns invalid arg on short buffer:PASS

Running Calibration reason table covers every documented failure...

<repo>/code/resq-firmware/components/calibration_manager/test/test_calibration_codes.c:7:Calibration reason table covers every documented failure:PASS

Running Calibration pressure saturation fallback is documented as a warning...

<repo>/code/resq-firmware/components/calibration_manager/test/test_calibration_codes.c:48:Calibration pressure saturation fallback is documented as a warning:PASS

Running Calibration code lookups reject unknown IDs...

<repo>/code/resq-firmware/components/calibration_manager/test/test_calibration_codes.c:64:Calibration code lookups reject unknown IDs:PASS

Running Calibration start parser accepts the current payload contract...

<repo>/code/resq-firmware/components/calibration_manager/test/test_calibration_codes.c:72:Calibration start parser accepts the current payload contract:PASS

Running Calibration start parser accepts explicit hall_delta_sum contract...

<repo>/code/resq-firmware/components/calibration_manager/test/test_calibration_codes.c:112:Calibration start parser accepts explicit hall_delta_sum contract:PASS

Running Calibration start parser preserves optional conversion overrides...

<repo>/code/resq-firmware/components/calibration_manager/test/test_calibration_codes.c:137:Calibration start parser preserves optional conversion overrides:PASS

Running Calibration start parser rejects malformed and unsafe values...

<repo>/code/resq-firmware/components/calibration_manager/test/test_calibration_codes.c:172:Calibration start parser rejects malformed and unsafe values:PASS

Running Invalid calibration payload preserves caller configuration...

<repo>/code/resq-firmware/components/calibration_manager/test/test_calibration_codes.c:232:Invalid calibration payload preserves caller configuration:PASS

Running Calibration start parser supports Hall-only without pressure targets...

<repo>/code/resq-firmware/components/calibration_manager/test/test_calibration_codes.c:252:Calibration start parser supports Hall-only without pressure targets:PASS

Running Non-Hall calibration policy requires all pressure targets...

<repo>/code/resq-firmware/components/calibration_manager/test/test_calibration_codes.c:277:Non-Hall calibration policy requires all pressure targets:PASS

Running Calibration start parser rejects unsupported mode and timing...

<repo>/code/resq-firmware/components/calibration_manager/test/test_calibration_codes.c:293:Calibration start parser rejects unsupported mode and timing:PASS

Running Calibration degradation never disables physical pressure acquisition...

<repo>/code/resq-firmware/components/calibration_manager/test/test_calibration_codes.c:317:Calibration degradation never disables physical pressure acquisition:PASS

Running Calibration pressure stages validate only requested channels...

<repo>/code/resq-firmware/components/calibration_manager/test/test_calibration_codes.c:329:Calibration pressure stages validate only requested channels:PASS

Running Calibration target windows are strict and overflow safe...

<repo>/code/resq-firmware/components/calibration_manager/test/test_calibration_codes.c:343:Calibration target windows are strict and overflow safe:PASS

Running Only fresh primary pressure samples are usable for calibration...

<repo>/code/resq-firmware/components/calibration_manager/test/test_calibration_codes.c:374:Only fresh primary pressure samples are usable for calibration:PASS

Running Calibration target hold requires consecutive in-range samples...

<repo>/code/resq-firmware/components/calibration_manager/test/test_calibration_codes.c:411:Calibration target hold requires consecutive in-range samples:PASS

Running Calibration terminal result is committed exactly once...

<repo>/code/resq-firmware/components/calibration_manager/test/test_calibration_codes.c:457:Calibration terminal result is committed exactly once:PASS

Running Only explicit Hall-only policy skips pressure targets...

<repo>/code/resq-firmware/components/calibration_manager/test/test_calibration_codes.c:476:Only explicit Hall-only policy skips pressure targets:PASS

Running Network defaults and validation update provisioned...

<repo>/code/resq-firmware/components/config/test/test_config_types.c:34:Network defaults and validation update provisioned:PASS

Running Calibration defaults are safe and explicit...

<repo>/code/resq-firmware/components/config/test/test_config_types.c:49:Calibration defaults are safe and explicit:PASS

Running Calibration validation covers every threshold boundary...

<repo>/code/resq-firmware/components/config/test/test_config_types.c:72:Calibration validation covers every threshold boundary:PASS

Running Calibration profile helper uses one matching rule...

<repo>/code/resq-firmware/components/config/test/test_config_types.c:126:Calibration profile helper uses one matching rule:PASS

Running Calibration validation never changes trust state...

<repo>/code/resq-firmware/components/config/test/test_config_types.c:142:Calibration validation never changes trust state:PASS

Running All firmware states have stable string names...

<repo>/code/resq-firmware/components/config/test/test_config_types.c:154:All firmware states have stable string names:PASS

Running missing io mode defaults to SENSOR...

<repo>/code/resq-firmware/components/config/test/test_io_mode_store.c:17:missing io mode defaults to SENSOR:PASS

Running SENSOR and USB io modes save and load...

<repo>/code/resq-firmware/components/config/test/test_io_mode_store.c:25:SENSOR and USB io modes save and load:PASS

Running invalid io mode falls back to SENSOR...

W (4733) config_store: Invalid stored io_mode=127; using SENSOR

<repo>/code/resq-firmware/components/config/test/test_io_mode_store.c:39:invalid io mode falls back to SENSOR:PASS

Running network clear preserves io mode and clear all resets it...

<repo>/code/resq-firmware/components/config/test/test_io_mode_store.c:54:network clear preserves io mode and clear all resets it:PASS

Running io mode save preserves network password and calibration keys...

<repo>/code/resq-firmware/components/config/test/test_io_mode_store.c:69:io mode save preserves network password and calibration keys:PASS

Running Failed candidate preserves the previous trusted calibration...

<repo>/code/resq-firmware/components/config/test/test_calibration_store.c:85:Failed candidate preserves the previous trusted calibration:PASS

Running Version 2 calibration roundtrip excludes runtime health...

<repo>/code/resq-firmware/components/config/test/test_calibration_store.c:147:Version 2 calibration roundtrip excludes runtime health:PASS

Running Runtime pressure degradation is never persisted...

<repo>/code/resq-firmware/components/config/test/test_calibration_store.c:161:Runtime pressure degradation is never persisted:PASS

Running New calibration promotion rejects legacy runtime mode...

<repo>/code/resq-firmware/components/config/test/test_calibration_store.c:192:New calibration promotion rejects legacy runtime mode:PASS

Running Version 1 required policy migrates unchanged...

<repo>/code/resq-firmware/components/config/test/test_calibration_store.c:207:Version 1 required policy migrates unchanged:PASS

Running Version 1 optional policy migrates unchanged...

<repo>/code/resq-firmware/components/config/test/test_calibration_store.c:218:Version 1 optional policy migrates unchanged:PASS

Running Version 1 legacy fallback with pressure data migrates to optional...

<repo>/code/resq-firmware/components/config/test/test_calibration_store.c:229:Version 1 legacy fallback with pressure data migrates to optional:PASS

Running Version 1 legacy fallback without pressure data migrates to Hall-only...

<repo>/code/resq-firmware/components/config/test/test_calibration_store.c:241:Version 1 legacy fallback without pressure data migrates to Hall-only:PASS

Running CPR metrics validates lifecycle inputs...

<repo>/code/resq-firmware/components/cpr_metrics/test/test_cpr_metrics.c:93:CPR metrics validates lifecycle inputs:PASS

Running CPR metric normalization derives flags from authoritative values...

<repo>/code/resq-firmware/components/cpr_metrics/test/test_cpr_metrics.c:106:CPR metric normalization derives flags from authoritative values:PASS

Running CPR pressure centeredness uses the shared 88 percent threshold...

<repo>/code/resq-firmware/components/cpr_metrics/test/test_cpr_metrics.c:135:CPR pressure centeredness uses the shared 88 percent threshold:PASS

Running CPR metrics tracks valid compression recoil depth and rate...

I (5183) cpr_metrics: SESSION_COMPRESSION_PRESSURE_RESET compression=1

I (5183) cpr_metrics: SESSION_COMPRESSION_PRESSURE_RESET compression=2

<repo>/code/resq-firmware/components/cpr_metrics/test/test_cpr_metrics.c:159:CPR metrics tracks valid compression recoil depth and rate:PASS

Running CPR metrics classifies contact imbalance and clamps depth...

I (5213) cpr_metrics: SESSION_COMPRESSION_PRESSURE_RESET compression=1

I (5213) cpr_metrics: SESSION_COMPRESSION_PRESSURE_RESET compression=1

<repo>/code/resq-firmware/components/cpr_metrics/test/test_cpr_metrics.c:183:CPR metrics classifies contact imbalance and clamps depth:PASS

Running CPR metrics normalizes pressure channels by calibrated range...

I (5243) cpr_metrics: SESSION_COMPRESSION_PRESSURE_RESET compression=1

<repo>/code/resq-firmware/components/cpr_metrics/test/test_cpr_metrics.c:206:CPR metrics normalizes pressure channels by calibrated range:PASS

Running CPR metrics keeps Hall depth when pressure balance saturates...

I (5273) cpr_metrics: SESSION_COMPRESSION_PRESSURE_RESET compression=1

I (5273) cpr_metrics: SESSION_PRESSURE_SATURATED compression=1 saturation=0x06 evidence_sufficient=1

I (5273) cpr_metrics: SESSION_HAND_PLACEMENT_LOCKED compression=1 evidence=3 result=CENTER reason=SATURATION

<repo>/code/resq-firmware/components/cpr_metrics/test/test_cpr_metrics.c:222:CPR metrics keeps Hall depth when pressure balance saturates:PASS

Running CPR metrics exposes pressure kPa validity per channel...

I (5323) cpr_metrics: SESSION_COMPRESSION_PRESSURE_RESET compression=1

I (5323) cpr_metrics: SESSION_PRESSURE_SATURATED compression=0 saturation=0x04 evidence_sufficient=0

I (5323) cpr_metrics: SESSION_HAND_PLACEMENT_UNAVAILABLE compression=0 reason=SATURATION_BEFORE_SUFFICIENT_EVIDENCE

I (5333) cpr_metrics: SESSION_HAND_PLACEMENT_LOCKED compression=0 evidence=0 result=UNAVAILABLE reason=SATURATION

<repo>/code/resq-firmware/components/cpr_metrics/test/test_cpr_metrics.c:253:CPR metrics exposes pressure kPa validity per channel:PASS

Running CPR metrics pressure balance reliability follows balance channels...

I (5373) cpr_metrics: SESSION_COMPRESSION_PRESSURE_RESET compression=1

<repo>/code/resq-firmware/components/cpr_metrics/test/test_cpr_metrics.c:279:CPR metrics pressure balance reliability follows balance channels:PASS

Running CPR metrics holds depth and state on missed Hall sample...

I (5403) cpr_metrics: SESSION_COMPRESSION_PRESSURE_RESET compression=1

<repo>/code/resq-firmware/components/cpr_metrics/test/test_cpr_metrics.c:308:CPR metrics holds depth and state on missed Hall sample:PASS

Running CPR metrics preserves pressure evidence across temporary invalid reads...

I (5433) cpr_metrics: SESSION_COMPRESSION_PRESSURE_RESET compression=1

<repo>/code/resq-firmware/components/cpr_metrics/test/test_cpr_metrics.c:327:CPR metrics preserves pressure evidence across temporary invalid reads:PASS

Running CPR metrics reports unavailable placement without early evidence...

I (5463) cpr_metrics: SESSION_COMPRESSION_PRESSURE_RESET compression=1

I (5463) cpr_metrics: SESSION_PRESSURE_SATURATED compression=0 saturation=0x06 evidence_sufficient=0

I (5463) cpr_metrics: SESSION_HAND_PLACEMENT_UNAVAILABLE compression=0 reason=SATURATION_BEFORE_SUFFICIENT_EVIDENCE

I (5473) cpr_metrics: SESSION_HAND_PLACEMENT_LOCKED compression=0 evidence=0 result=UNAVAILABLE reason=SATURATION

<repo>/code/resq-firmware/components/cpr_metrics/test/test_cpr_metrics.c:352:CPR metrics reports unavailable placement without early evidence:PASS

Running CPR metrics distinguishes out of range from saturation...

I (5523) cpr_metrics: SESSION_COMPRESSION_PRESSURE_RESET compression=1

I (5523) cpr_metrics: SESSION_PRESSURE_UPPER_LIMIT compression=1 upper_mask=0x06 evidence_sufficient=1

I (5523) cpr_metrics: SESSION_HAND_PLACEMENT_LOCKED compression=1 evidence=3 result=CENTER reason=UPPER_LIMIT

<repo>/code/resq-firmware/components/cpr_metrics/test/test_cpr_metrics.c:373:CPR metrics distinguishes out of range from saturation:PASS

Running CPR metrics resets pressure lock for next compression...

I (5563) cpr_metrics: SESSION_COMPRESSION_PRESSURE_RESET compression=1

I (5563) cpr_metrics: SESSION_PRESSURE_SATURATED compression=1 saturation=0x06 evidence_sufficient=1

I (5563) cpr_metrics: SESSION_HAND_PLACEMENT_LOCKED compression=1 evidence=3 result=CENTER reason=SATURATION

I (5573) cpr_metrics: SESSION_COMPRESSION_PRESSURE_RESET compression=2

<repo>/code/resq-firmware/components/cpr_metrics/test/test_cpr_metrics.c:398:CPR metrics resets pressure lock for next compression:PASS

Running CPR session accepts rising magnitude with stable distribution...

I (5613) cpr_metrics: SESSION_COMPRESSION_PRESSURE_RESET compression=1

<repo>/code/resq-firmware/components/cpr_metrics/test/test_cpr_metrics.c:419:CPR session accepts rising magnitude with stable distribution:PASS

Running CPR session requires consistent distribution and enough frames...

I (5643) cpr_metrics: SESSION_COMPRESSION_PRESSURE_RESET compression=1

<repo>/code/resq-firmware/components/cpr_metrics/test/test_cpr_metrics.c:440:CPR session requires consistent distribution and enough frames:PASS

Running CPR session ignores low and reverse contact without locking...

I (5673) cpr_metrics: SESSION_COMPRESSION_PRESSURE_RESET compression=1

<repo>/code/resq-firmware/components/cpr_metrics/test/test_cpr_metrics.c:459:CPR session ignores low and reverse contact without locking:PASS

Running upper limit before minimum evidence locks unavailable...

I (5703) cpr_metrics: SESSION_COMPRESSION_PRESSURE_RESET compression=1

I (5703) cpr_metrics: SESSION_PRESSURE_UPPER_LIMIT compression=1 upper_mask=0x06 evidence_sufficient=0

I (5703) cpr_metrics: SESSION_HAND_PLACEMENT_UNAVAILABLE compression=1 reason=UPPER_LIMIT_BEFORE_SUFFICIENT_EVIDENCE

I (5713) cpr_metrics: SESSION_HAND_PLACEMENT_LOCKED compression=1 evidence=2 result=UNAVAILABLE reason=UPPER_LIMIT

<repo>/code/resq-firmware/components/cpr_metrics/test/test_cpr_metrics.c:478:upper limit before minimum evidence locks unavailable:PASS

Running stale pressure preserves evidence and is not consumed...

I (5753) cpr_metrics: SESSION_COMPRESSION_PRESSURE_RESET compression=1

<repo>/code/resq-firmware/components/cpr_metrics/test/test_cpr_metrics.c:497:stale pressure preserves evidence and is not consumed:PASS

Running locked pressure result ignores later valid frames...

I (5783) cpr_metrics: SESSION_COMPRESSION_PRESSURE_RESET compression=1

I (5783) cpr_metrics: SESSION_PRESSURE_SATURATED compression=1 saturation=0x06 evidence_sufficient=1

I (5783) cpr_metrics: SESSION_HAND_PLACEMENT_LOCKED compression=1 evidence=3 result=CENTER reason=SATURATION

<repo>/code/resq-firmware/components/cpr_metrics/test/test_cpr_metrics.c:519:locked pressure result ignores later valid frames:PASS

Running partial recoil does not reset pressure context...

I (5823) cpr_metrics: SESSION_COMPRESSION_PRESSURE_RESET compression=1

<repo>/code/resq-firmware/components/cpr_metrics/test/test_cpr_metrics.c:540:partial recoil does not reset pressure context:PASS

Running CPR metrics invalidates stale rate and tracks release pause...

I (5853) cpr_metrics: SESSION_COMPRESSION_PRESSURE_RESET compression=1

I (5853) cpr_metrics: SESSION_COMPRESSION_PRESSURE_RESET compression=2

<repo>/code/resq-firmware/components/cpr_metrics/test/test_cpr_metrics.c:559:CPR metrics invalidates stale rate and tracks release pause:PASS

Running Pressure sensor resting baseline is stable...

<repo>/code/resq-firmware/components/cpr_metrics/test/test_sensor_working_condition.c:61:Pressure sensor resting baseline is stable:PASS

Running Pressure sensor compression response is detected...

<repo>/code/resq-firmware/components/cpr_metrics/test/test_sensor_working_condition.c:77:Pressure sensor compression response is detected:PASS

Running Pressure sensor stuck zero fails health...

<repo>/code/resq-firmware/components/cpr_metrics/test/test_sensor_working_condition.c:90:Pressure sensor stuck zero fails health:PASS

Running Pressure sensor saturated reading fails health...

<repo>/code/resq-firmware/components/cpr_metrics/test/test_sensor_working_condition.c:100:Pressure sensor saturated reading fails health:PASS

Running Pressure sensor no-change window fails health...

<repo>/code/resq-firmware/components/cpr_metrics/test/test_sensor_working_condition.c:110:Pressure sensor no-change window fails health:PASS

Running Pressure sensor noise fails baseline check...

<repo>/code/resq-firmware/components/cpr_metrics/test/test_sensor_working_condition.c:122:Pressure sensor noise fails baseline check:PASS

Running Pressure sensor balance classifies centered and off-center compression...

<repo>/code/resq-firmware/components/cpr_metrics/test/test_sensor_working_condition.c:135:Pressure sensor balance classifies centered and off-center compression:PASS

Running Hall sensor resting baseline is stable...

<repo>/code/resq-firmware/components/cpr_metrics/test/test_sensor_working_condition.c:153:Hall sensor resting baseline is stable:PASS

Running Hall sensor compression delta is detected...

<repo>/code/resq-firmware/components/cpr_metrics/test/test_sensor_working_condition.c:165:Hall sensor compression delta is detected:PASS

Running Hall sensor incomplete recoil is detected...

<repo>/code/resq-firmware/components/cpr_metrics/test/test_sensor_working_condition.c:177:Hall sensor incomplete recoil is detected:PASS

Running Hall sensor invalid range and no-change fail health...

<repo>/code/resq-firmware/components/cpr_metrics/test/test_sensor_working_condition.c:190:Hall sensor invalid range and no-change fail health:PASS

Running Hall sensor reset math uses baseline not zero...

<repo>/code/resq-firmware/components/cpr_metrics/test/test_sensor_working_condition.c:211:Hall sensor reset math uses baseline not zero:PASS

Running Readiness passes only when pressure and Hall are OK...

<repo>/code/resq-firmware/components/cpr_metrics/test/test_sensor_working_condition.c:218:Readiness passes only when pressure and Hall are OK:PASS

Running Readiness warning is not confused with pass...

<repo>/code/resq-firmware/components/cpr_metrics/test/test_sensor_working_condition.c:257:Readiness warning is not confused with pass:PASS

Running Firmware error tables map all defined reasons...

<repo>/code/resq-firmware/components/error_manager/test/test_error_codes.c:5:Firmware error tables map all defined reasons:PASS

Running Firmware error lookups handle unknown IDs...

<repo>/code/resq-firmware/components/error_manager/test/test_error_codes.c:52:Firmware error lookups handle unknown IDs:PASS

Running Error manager maps every recovery family to its retry state...

E (6203) error_manager: Firmware error reason_id=1200 reason=WIFI_CONNECT_FAILED action_id=2 action=RECONNECT_OR_PROVISION_VIA_MQTT

E (6203) error_manager: Firmware error reason_id=1201 reason=WIFI_DISCONNECTED_UNRECOVERABLE action_id=2 action=RECONNECT_OR_PROVISION_VIA_MQTT

E (6213) error_manager: Firmware error reason_id=1202 reason=WIFI_NO_IP_ASSIGNED action_id=2 action=RECONNECT_OR_PROVISION_VIA_MQTT

E (6223) error_manager: Firmware error reason_id=1300 reason=BACKEND_REGISTER_FAILED action_id=5 action=CHECK_BACKEND_AND_RETRY

E (6243) error_manager: Firmware error reason_id=1301 reason=BACKEND_INVALID_RESPONSE action_id=5 action=CHECK_BACKEND_AND_RETRY

E (6253) error_manager: Firmware error reason_id=1302 reason=BACKEND_DEVICE_REJECTED action_id=5 action=CHECK_BACKEND_AND_RETRY

E (6263) error_manager: Firmware error reason_id=1400 reason=MQTT_CONNECT_FAILED action_id=6 action=CHECK_MQTT_AND_RETRY

E (6273) error_manager: Firmware error reason_id=1401 reason=MQTT_DISCONNECTED_UNRECOVERABLE action_id=6 action=CHECK_MQTT_AND_RETRY

E (6283) error_manager: Firmware error reason_id=1402 reason=MQTT_SUBSCRIBE_FAILED action_id=6 action=CHECK_MQTT_AND_RETRY

E (6293) error_manager: Firmware error reason_id=1403 reason=MQTT_PUBLISH_FAILED action_id=6 action=CHECK_MQTT_AND_RETRY

E (6303) error_manager: Firmware error reason_id=1500 reason=HX710_INIT_FAILED action_id=4 action=CHECK_HARDWARE_AND_RETRY

E (6313) error_manager: Firmware error reason_id=1501 reason=HX710_READ_FAILED action_id=4 action=CHECK_HARDWARE_AND_RETRY

E (6323) error_manager: Firmware error reason_id=1502 reason=HALL_SENSOR_INIT_FAILED action_id=4 action=CHECK_HARDWARE_AND_RETRY

E (6333) error_manager: Firmware error reason_id=1503 reason=HALL_SENSOR_READ_FAILED action_id=4 action=CHECK_HARDWARE_AND_RETRY

E (6353) error_manager: Firmware error reason_id=1504 reason=SENSOR_RUNTIME_FAILED action_id=4 action=CHECK_HARDWARE_AND_RETRY

E (6363) error_manager: Firmware error reason_id=1700 reason=SESSION_START_FAILED action_id=9 action=STOP_SESSION_AND_RETURN_READY

E (6373) error_manager: Firmware error reason_id=1701 reason=TELEMETRY_TASK_FAILED action_id=9 action=STOP_SESSION_AND_RETURN_READY

E (6383) error_manager: Firmware error reason_id=1702 reason=BUZZER_TASK_FAILED action_id=9 action=STOP_SESSION_AND_RETURN_READY

E (6393) error_manager: Firmware error reason_id=1703 reason=SESSION_INTERRUPTED_UNRECOVERABLE action_id=9 action=STOP_SESSION_AND_RETURN_READY

E (6403) error_manager: Firmware error reason_id=1101 reason=NVS_LOAD_FAILED action_id=7 action=CLEAR_CONFIG_AND_PROVISION

E (6413) error_manager: Firmware error reason_id=1103 reason=CONFIG_INVALID action_id=7 action=CLEAR_CONFIG_AND_PROVISION

E (6423) error_manager: Firmware error reason_id=1100 reason=NVS_INIT_FAILED action_id=8 action=RESTART_FIRMWARE

E (6433) error_manager: Firmware error reason_id=1600 reason=TASK_CREATE_FAILED action_id=8 action=RESTART_FIRMWARE

E (6443) error_manager: Firmware error reason_id=1601 reason=QUEUE_CREATE_FAILED action_id=8 action=RESTART_FIRMWARE

E (6463) error_manager: Firmware error reason_id=1602 reason=MUTEX_CREATE_FAILED action_id=8 action=RESTART_FIRMWARE

E (6473) error_manager: Firmware error reason_id=1603 reason=MEMORY_ALLOCATION_FAILED action_id=8 action=RESTART_FIRMWARE

E (6483) error_manager: Firmware error reason_id=1800 reason=FIRMWARE_ASSERT_FAILED action_id=8 action=RESTART_FIRMWARE

E (6493) error_manager: Firmware error reason_id=1000 reason=UNKNOWN_ERROR action_id=3 action=RESTART_OR_PROVISION_VIA_MQTT

E (6503) error_manager: Firmware error reason_id=1001 reason=INVALID_STATE_TRANSITION action_id=3 action=RESTART_OR_PROVISION_VIA_MQTT

E (6513) error_manager: Firmware error reason_id=1002 reason=UNSUPPORTED_STATE action_id=3 action=RESTART_OR_PROVISION_VIA_MQTT

<repo>/code/resq-firmware/components/error_manager/test/test_error_codes.c:69:Error manager maps every recovery family to its retry state:PASS

Running Firmware bootstrap initializes every component once...

<repo>/code/resq-firmware/components/firmware_bootstrap/test/test_firmware_bootstrap.c:44:Firmware bootstrap initializes every component once:PASS

Running Firmware bootstrap stops on critical failure...

E (6573) firmware_bootstrap: component=hx710 init failed: ESP_FAIL

<repo>/code/resq-firmware/components/firmware_bootstrap/test/test_firmware_bootstrap.c:61:Firmware bootstrap stops on critical failure:PASS

Running Firmware bootstrap records optional failure without hiding it...

W (6603) firmware_bootstrap: component=optional init failed: ESP_FAIL

<repo>/code/resq-firmware/components/firmware_bootstrap/test/test_firmware_bootstrap.c:76:Firmware bootstrap records optional failure without hiding it:PASS

Running Sensor-mode bootstrap acquires HX710 before sensor tasks...

<repo>/code/resq-firmware/components/firmware_bootstrap/test/test_firmware_bootstrap.c:93:Sensor-mode bootstrap acquires HX710 before sensor tasks:PASS

Running USB-mode bootstrap skips sensor-only components...

<repo>/code/resq-firmware/components/firmware_bootstrap/test/test_firmware_bootstrap.c:107:USB-mode bootstrap skips sensor-only components:PASS

Running ADC service failure prevents SENSOR runtime start...

E (6673) firmware_bootstrap: component=adc init failed: ESP_FAIL

<repo>/code/resq-firmware/components/firmware_bootstrap/test/test_firmware_bootstrap.c:122:ADC service failure prevents SENSOR runtime start:PASS

Running Partial bootstrap cleanup runs in reverse order...

E (6703) firmware_bootstrap: component=adc init failed: ESP_FAIL

<repo>/code/resq-firmware/components/firmware_bootstrap/test/test_firmware_bootstrap.c:137:Partial bootstrap cleanup runs in reverse order:PASS

Running Repeated init does not create duplicate tasks...

<repo>/code/resq-firmware/components/firmware_bootstrap/test/test_firmware_bootstrap.c:153:Repeated init does not create duplicate tasks:PASS

Running status contract contains only locked minimal fields...

<repo>/code/resq-firmware/components/firmware_mqtt_contract/test/test_firmware_mqtt_contract.c:20:status contract contains only locked minimal fields:PASS

Running status session ID is conditional...

<repo>/code/resq-firmware/components/firmware_mqtt_contract/test/test_firmware_mqtt_contract.c:62:status session ID is conditional:PASS

Running status equivalence ignores only firmware timestamp...

<repo>/code/resq-firmware/components/firmware_mqtt_contract/test/test_firmware_mqtt_contract.c:90:status equivalence ignores only firmware timestamp:PASS

Running all major visible states change effective status...

<repo>/code/resq-firmware/components/firmware_mqtt_contract/test/test_firmware_mqtt_contract.c:112:all major visible states change effective status:PASS

Running status transport policy remains qos one and retained...

<repo>/code/resq-firmware/components/firmware_mqtt_contract/test/test_firmware_mqtt_contract.c:137:status transport policy remains qos one and retained:PASS

Running heartbeat contract contains only minimal liveness fields...

<repo>/code/resq-firmware/components/firmware_mqtt_contract/test/test_firmware_mqtt_contract.c:143:heartbeat contract contains only minimal liveness fields:PASS

Running heartbeat cadence has one five-second source of truth...

<repo>/code/resq-firmware/components/firmware_mqtt_contract/test/test_firmware_mqtt_contract.c:179:heartbeat cadence has one five-second source of truth:PASS

Running FSM rejects missing dependencies...

<repo>/code/resq-firmware/components/firmware_state_machine/test/test_firmware_state_machine.c:543:FSM rejects missing dependencies:PASS

Running BOOT covers success and initialization failure...

I (6913) resq_fsm: Entering state: BOOT

I (6913) resq_fsm: Entering state: CONFIG_CHECK

I (6913) resq_fsm: Entering state: BOOT

I (6913) resq_fsm: Entering state: ERROR

<repo>/code/resq-firmware/components/firmware_state_machine/test/test_firmware_state_machine.c:549:BOOT covers success and initialization failure:PASS

Running BOOT handles config load failures...

I (6953) resq_fsm: Entering state: BOOT

I (6953) resq_fsm: Entering state: ERROR

I (6953) resq_fsm: Entering state: BOOT

I (6953) resq_fsm: Entering state: CONFIG_CHECK

<repo>/code/resq-firmware/components/firmware_state_machine/test/test_firmware_state_machine.c:560:BOOT handles config load failures:PASS

Running CONFIG_CHECK selects provisioning or Wi-Fi...

I (6983) resq_fsm: Entering state: BOOT

I (6983) resq_fsm: Entering state: CONFIG_CHECK

I (6983) resq_fsm: Entering state: WIFI_CONNECTING

I (6983) resq_fsm: Entering state: BOOT

I (6993) resq_fsm: Entering state: CONFIG_CHECK

I (6993) resq_fsm: Entering state: PROVISIONING

<repo>/code/resq-firmware/components/firmware_state_machine/test/test_firmware_state_machine.c:573:CONFIG_CHECK selects provisioning or Wi-Fi:PASS

Running PROVISIONING covers start save validation and system exits...

I (7033) resq_fsm: Entering state: BOOT

I (7033) resq_fsm: Entering state: PROVISIONING

I (7033) resq_fsm: Entering state: WIFI_CONNECTING

I (7033) resq_fsm: Entering state: BOOT

I (7033) resq_fsm: Entering state: PROVISIONING

I (7043) resq_fsm: Entering state: ERROR

I (7043) resq_fsm: Entering state: BOOT

I (7043) resq_fsm: Entering state: PROVISIONING

I (7053) resq_fsm: Entering state: ERROR

I (7053) resq_fsm: Entering state: BOOT

I (7053) resq_fsm: Entering state: PROVISIONING

I (7063) resq_fsm: Entering state: BOOT

I (7063) resq_fsm: Entering state: PROVISIONING

I (7073) resq_fsm: Entering state: TURN_OFF

I (7073) resq_fsm: Entering state: BOOT

I (7073) resq_fsm: Entering state: PROVISIONING

I (7083) resq_fsm: Entering state: RESETTING

<repo>/code/resq-firmware/components/firmware_state_machine/test/test_firmware_state_machine.c:584:PROVISIONING covers start save validation and system exits:PASS

Running PROVISIONING short-selects and either long press confirms USB...

I (7123) resq_fsm: Entering state: BOOT

I (7123) resq_fsm: Entering state: PROVISIONING

I (7123) resq_fsm: Provisioning I/O mode selected: active=SENSOR pending=USB; long-press either button to save and restart

W (7123) resq_fsm: Confirming provisioning I/O mode switch: active=SENSOR requested=USB

W (7133) resq_fsm: Restarting into USB I/O mode

I (7143) resq_fsm: Entering state: BOOT

I (7143) resq_fsm: Entering state: PROVISIONING

I (7143) resq_fsm: Provisioning I/O mode selected: active=SENSOR pending=USB; long-press either button to save and restart

W (7153) resq_fsm: Confirming provisioning I/O mode switch: active=SENSOR requested=USB

W (7163) resq_fsm: Restarting into USB I/O mode

<repo>/code/resq-firmware/components/firmware_state_machine/test/test_firmware_state_machine.c:617:PROVISIONING short-selects and either long press confirms USB:PASS

Running PROVISIONING short-selects and either long press confirms SENSOR...

I (7203) resq_fsm: Entering state: BOOT

I (7203) resq_fsm: Entering state: PROVISIONING

I (7203) resq_fsm: Provisioning I/O mode selected: active=USB pending=SENSOR; long-press either button to save and restart

W (7213) resq_fsm: Confirming provisioning I/O mode switch: active=USB requested=SENSOR

W (7223) resq_fsm: Restarting into SENSOR I/O mode

I (7223) resq_fsm: Entering state: BOOT

I (7223) resq_fsm: Entering state: PROVISIONING

I (7233) resq_fsm: Provisioning I/O mode selected: active=USB pending=SENSOR; long-press either button to save and restart

W (7243) resq_fsm: Confirming provisioning I/O mode switch: active=USB requested=SENSOR

W (7253) resq_fsm: Restarting into SENSOR I/O mode

<repo>/code/resq-firmware/components/firmware_state_machine/test/test_firmware_state_machine.c:636:PROVISIONING short-selects and either long press confirms SENSOR:PASS

Running PROVISIONING selecting active mode cancels pending change...

I (7293) resq_fsm: Entering state: BOOT

I (7293) resq_fsm: Entering state: PROVISIONING

I (7293) resq_fsm: Provisioning I/O mode selected: active=SENSOR pending=USB; long-press either button to save and restart

I (7293) resq_fsm: Provisioning I/O mode selection cancelled; SENSOR is already active

I (7303) resq_fsm: Entering state: WIFI_CONNECTING

<repo>/code/resq-firmware/components/firmware_state_machine/test/test_firmware_state_machine.c:654:PROVISIONING selecting active mode cancels pending change:PASS

Running PROVISIONING selecting already active mode is a no-op...

I (7343) resq_fsm: Entering state: BOOT

I (7343) resq_fsm: Entering state: PROVISIONING

I (7343) resq_fsm: Provisioning I/O mode SENSOR is already active; no change pending

I (7343) resq_fsm: Entering state: WIFI_CONNECTING

<repo>/code/resq-firmware/components/firmware_state_machine/test/test_firmware_state_machine.c:668:PROVISIONING selecting already active mode is a no-op:PASS

Running PROVISIONING repeated pending selection is idempotent...

I (7383) resq_fsm: Entering state: BOOT

I (7383) resq_fsm: Entering state: PROVISIONING

I (7383) resq_fsm: Provisioning I/O mode selected: active=SENSOR pending=USB; long-press either button to save and restart

I (7393) resq_fsm: Provisioning I/O mode USB is already pending

W (7393) resq_fsm: Confirming provisioning I/O mode switch: active=SENSOR requested=USB

W (7403) resq_fsm: Restarting into USB I/O mode

<repo>/code/resq-firmware/components/firmware_state_machine/test/test_firmware_state_machine.c:681:PROVISIONING repeated pending selection is idempotent:PASS

Running PROVISIONING save failure restores portal without restart...

I (7443) resq_fsm: Entering state: BOOT

I (7443) resq_fsm: Entering state: PROVISIONING

I (7443) resq_fsm: Provisioning I/O mode selected: active=SENSOR pending=USB; long-press either button to save and restart

W (7453) resq_fsm: Confirming provisioning I/O mode switch: active=SENSOR requested=USB

E (7453) resq_fsm: I/O mode switch aborted because NVS save failed: ESP_FAIL

I (7463) resq_fsm: Entering state: TURN_OFF

<repo>/code/resq-firmware/components/firmware_state_machine/test/test_firmware_state_machine.c:695:PROVISIONING save failure restores portal without restart:PASS

Running PROVISIONING saved network waits for pending mode decision...

I (7503) resq_fsm: Entering state: BOOT

I (7503) resq_fsm: Entering state: PROVISIONING

I (7503) resq_fsm: Provisioning I/O mode selected: active=SENSOR pending=USB; long-press either button to save and restart

W (7513) resq_fsm: Confirming provisioning I/O mode switch: active=SENSOR requested=USB

W (7513) resq_fsm: Restarting into USB I/O mode

I (7523) resq_fsm: Entering state: BOOT

I (7523) resq_fsm: Entering state: PROVISIONING

I (7533) resq_fsm: Provisioning I/O mode selected: active=SENSOR pending=USB; long-press either button to save and restart

I (7543) resq_fsm: Provisioning I/O mode selection cancelled; SENSOR is already active

I (7543) resq_fsm: Entering state: WIFI_CONNECTING

<repo>/code/resq-firmware/components/firmware_state_machine/test/test_firmware_state_machine.c:716:PROVISIONING saved network waits for pending mode decision:PASS

Running FLUSH_CONFIG shuts down and clears network config...

I (7583) resq_fsm: Entering state: BOOT

I (7583) resq_fsm: Entering state: FLUSH_CONFIG

I (7583) resq_fsm: Entering state: PROVISIONING

I (7583) resq_fsm: Entering state: BOOT

I (7593) resq_fsm: Entering state: FLUSH_CONFIG

I (7593) resq_fsm: Entering state: ERROR

<repo>/code/resq-firmware/components/firmware_state_machine/test/test_firmware_state_machine.c:735:FLUSH_CONFIG shuts down and clears network config:PASS

Running WIFI_CONNECTING covers invalid config failure and IP fallback...

I (7633) resq_fsm: Entering state: BOOT

I (7633) resq_fsm: Entering state: WIFI_CONNECTING

I (7633) resq_fsm: Entering state: FLUSH_CONFIG

I (7633) resq_fsm: Entering state: BOOT

I (7633) resq_fsm: Entering state: WIFI_CONNECTING

I (7643) resq_fsm: Entering state: ERROR

I (7643) resq_fsm: Entering state: BOOT

I (7643) resq_fsm: Entering state: WIFI_CONNECTING

I (7653) resq_fsm: Entering state: BACKEND_REGISTERING

I (7653) resq_fsm: Entering state: BOOT

I (7663) resq_fsm: Entering state: WIFI_CONNECTING

I (7663) resq_fsm: Entering state: BACKEND_REGISTERING

<repo>/code/resq-firmware/components/firmware_state_machine/test/test_firmware_state_machine.c:749:WIFI_CONNECTING covers invalid config failure and IP fallback:PASS

Running BACKEND_REGISTERING validates the runtime result...

I (7703) resq_fsm: Entering state: BOOT

I (7703) resq_fsm: Entering state: BACKEND_REGISTERING

I (7703) resq_fsm: Backend registration start mode=SENSOR

I (7703) resq_fsm: Entering state: MQTT_CONNECTING

I (7713) resq_fsm: Entering state: BOOT

I (7713) resq_fsm: Entering state: BACKEND_REGISTERING

I (7723) resq_fsm: Backend registration start mode=SENSOR

I (7723) resq_fsm: Entering state: ERROR

I (7723) resq_fsm: Entering state: BOOT

I (7733) resq_fsm: Entering state: BACKEND_REGISTERING

I (7733) resq_fsm: Backend registration start mode=SENSOR

I (7743) resq_fsm: Entering state: ERROR

I (7743) resq_fsm: Entering state: BOOT

I (7753) resq_fsm: Entering state: BACKEND_REGISTERING

I (7753) resq_fsm: Backend registration start mode=SENSOR

I (7763) resq_fsm: Entering state: ERROR

<repo>/code/resq-firmware/components/firmware_state_machine/test/test_firmware_state_machine.c:773:BACKEND_REGISTERING validates the runtime result:PASS

Running Configured startup registers exactly once in USB and Sensor modes...

I (7793) resq_fsm: Entering state: BOOT

I (7793) resq_fsm: Entering state: CONFIG_CHECK

I (7793) resq_fsm: Entering state: WIFI_CONNECTING

I (7793) resq_fsm: Entering state: BACKEND_REGISTERING

I (7803) resq_fsm: Backend registration start mode=USB

I (7803) resq_fsm: Entering state: MQTT_CONNECTING

I (7813) resq_fsm: Entering state: PAIRED_IDLE

I (7813) resq_fsm: Entering state: BOOT

I (7823) resq_fsm: Entering state: CONFIG_CHECK

I (7823) resq_fsm: Entering state: WIFI_CONNECTING

I (7823) resq_fsm: Entering state: BACKEND_REGISTERING

I (7833) resq_fsm: Backend registration start mode=SENSOR

I (7833) resq_fsm: Entering state: MQTT_CONNECTING

I (7843) resq_fsm: Entering state: READY_FOR_SESSION

<repo>/code/resq-firmware/components/firmware_state_machine/test/test_firmware_state_machine.c:800:Configured startup registers exactly once in USB and Sensor modes:PASS

Running MQTT_CONNECTING selects all destinations...

I (7883) resq_fsm: Entering state: BOOT

I (7883) resq_fsm: Entering state: MQTT_CONNECTING

I (7883) resq_fsm: Entering state: READY_FOR_SESSION

I (7883) resq_fsm: Entering state: BOOT

I (7883) resq_fsm: Entering state: MQTT_CONNECTING

I (7893) resq_fsm: Entering state: PAIRED_IDLE

I (7893) resq_fsm: Entering state: BOOT

I (7893) resq_fsm: Entering state: MQTT_CONNECTING

I (7903) resq_fsm: Entering state: SESSION_INTERRUPTED

I (7903) resq_fsm: Entering state: BOOT

I (7913) resq_fsm: Entering state: MQTT_CONNECTING

I (7913) resq_fsm: Entering state: ERROR

<repo>/code/resq-firmware/components/firmware_state_machine/test/test_firmware_state_machine.c:838:MQTT_CONNECTING selects all destinations:PASS

Running Idle states delegate commands and publish when connected...

I (7953) resq_fsm: Entering state: BOOT

I (7953) resq_fsm: Entering state: PAIRED_IDLE

I (7953) resq_fsm: Entering state: CALIBRATING

I (7953) resq_fsm: Entering state: BOOT

I (7953) resq_fsm: Entering state: READY_FOR_SESSION

I (7963) resq_fsm: Entering state: SESSION_ACTIVE

I (7963) resq_fsm: Entering state: BOOT

I (7963) resq_fsm: Entering state: PAIRED_IDLE

<repo>/code/resq-firmware/components/firmware_state_machine/test/test_firmware_state_machine.c:864:Idle states delegate commands and publish when connected:PASS

Running Manager-owned states return delegated transitions...

I (8003) resq_fsm: Entering state: BOOT

I (8003) resq_fsm: Entering state: CALIBRATING

I (8003) resq_fsm: Entering state: READY_FOR_SESSION

I (8003) resq_fsm: Entering state: BOOT

I (8013) resq_fsm: Entering state: CALIBRATION_FAIL

I (8013) resq_fsm: Entering state: PAIRED_IDLE

I (8023) resq_fsm: Entering state: BOOT

I (8023) resq_fsm: Entering state: SESSION_ACTIVE

I (8023) resq_fsm: Entering state: READY_FOR_SESSION

I (8033) resq_fsm: Entering state: BOOT

I (8033) resq_fsm: Entering state: ERROR

I (8043) resq_fsm: Entering state: RESETTING

<repo>/code/resq-firmware/components/firmware_state_machine/test/test_firmware_state_machine.c:884:Manager-owned states return delegated transitions:PASS

Running Calibration failure result truly enters CALIBRATION_FAIL...

I (8073) resq_fsm: Entering state: BOOT

I (8073) resq_fsm: Entering state: CALIBRATING

I (8073) resq_fsm: Entering state: CALIBRATION_FAIL

<repo>/code/resq-firmware/components/firmware_state_machine/test/test_firmware_state_machine.c:904:Calibration failure result truly enters CALIBRATION_FAIL:PASS

Running SESSION_INTERRUPTED reconnects retries and returns readiness...

I (8113) resq_fsm: Entering state: BOOT

I (8113) resq_fsm: Entering state: SESSION_INTERRUPTED

I (8113) resq_fsm: Entering state: WIFI_CONNECTING

I (8113) resq_fsm: Entering state: BOOT

I (8113) resq_fsm: Entering state: SESSION_INTERRUPTED

I (8123) resq_fsm: Entering state: MQTT_CONNECTING

I (8123) resq_fsm: Entering state: BOOT

I (8133) resq_fsm: Entering state: SESSION_INTERRUPTED

I (8133) resq_fsm: Entering state: BOOT

I (8133) resq_fsm: Entering state: SESSION_INTERRUPTED

I (8143) resq_fsm: Entering state: READY_FOR_SESSION

I (8143) resq_fsm: Entering state: BOOT

I (8153) resq_fsm: Entering state: SESSION_INTERRUPTED

I (8153) resq_fsm: Entering state: PAIRED_IDLE

<repo>/code/resq-firmware/components/firmware_state_machine/test/test_firmware_state_machine.c:917:SESSION_INTERRUPTED reconnects retries and returns readiness:PASS

Running RESETTING cleans runtime and invokes restart...

I (8193) resq_fsm: Entering state: BOOT

I (8193) resq_fsm: Entering state: RESETTING

I (8193) resq_fsm: Entering state: BOOT

I (8193) resq_fsm: Entering state: RESETTING

E (8193) resq_fsm: Reset cleanup failed: runtime=ESP_OK nvs=ESP_FAIL

I (8203) resq_fsm: Entering state: ERROR

<repo>/code/resq-firmware/components/firmware_state_machine/test/test_firmware_state_machine.c:946:RESETTING cleans runtime and invokes restart:PASS

Running TURN_OFF persists network and invokes soft off...

I (8233) resq_fsm: Entering state: BOOT

I (8233) resq_fsm: Entering state: TURN_OFF

<repo>/code/resq-firmware/components/firmware_state_machine/test/test_firmware_state_machine.c:964:TURN_OFF persists network and invokes soft off:PASS

Running Unknown state enters ERROR with unsupported-state reason...

I (8263) resq_fsm: Entering state: BOOT

I (8263) resq_fsm: Entering state: UNKNOWN

I (8263) resq_fsm: Entering state: ERROR

<repo>/code/resq-firmware/components/firmware_state_machine/test/test_firmware_state_machine.c:977:Unknown state enters ERROR with unsupported-state reason:PASS

Running State entry is deduplicated and suppresses pending interruption status...

I (8303) resq_fsm: Entering state: BOOT

I (8303) resq_fsm: Entering state: SESSION_INTERRUPTED

<repo>/code/resq-firmware/components/firmware_state_machine/test/test_firmware_state_machine.c:984:State entry is deduplicated and suppresses pending interruption status:PASS

Running Global buttons override states that do not own buttons...

I (8333) resq_fsm: Entering state: BOOT

I (8333) resq_fsm: Entering state: CONFIG_CHECK

I (8333) resq_fsm: Entering state: TURN_OFF

I (8333) resq_fsm: Entering state: BOOT

I (8343) resq_fsm: Entering state: WIFI_CONNECTING

I (8343) resq_fsm: Entering state: RESETTING

<repo>/code/resq-firmware/components/firmware_state_machine/test/test_firmware_state_machine.c:998:Global buttons override states that do not own buttons:PASS

Running Button ownership table covers all internal states...

<repo>/code/resq-firmware/components/firmware_state_machine/test/test_firmware_state_machine.c:1013:Button ownership table covers all internal states:PASS

Running USB mode suppresses readiness and sensor states...

I (8403) resq_fsm: Entering state: BOOT

I (8403) resq_fsm: Entering state: CONFIG_CHECK

I (8403) resq_fsm: Entering state: MQTT_CONNECTING

I (8403) resq_fsm: Entering state: PAIRED_IDLE

I (8403) resq_fsm: Entering state: CALIBRATING

I (8413) resq_fsm: Entering state: PAIRED_IDLE

I (8413) resq_fsm: Entering state: SESSION_ACTIVE

I (8423) resq_fsm: Entering state: PAIRED_IDLE

<repo>/code/resq-firmware/components/firmware_state_machine/test/test_firmware_state_machine.c:1033:USB mode suppresses readiness and sensor states:PASS

Running HX710 acquires shared SCK once without GPIO reset...

<repo>/code/resq-firmware/components/hx710/test/test_hx710.c:246:HX710 acquires shared SCK once without GPIO reset:PASS

Running HX710 acquisition reports GPIO failures...

<repo>/code/resq-firmware/components/hx710/test/test_hx710.c:267:HX710 acquisition reports GPIO failures:PASS

Running HX710 group all-ready read is synchronized and valid...

<repo>/code/resq-firmware/components/hx710/test/test_hx710.c:282:HX710 group all-ready read is synchronized and valid:PASS

Running HX710 partial readiness times out without clocking...

<repo>/code/resq-firmware/components/hx710/test/test_hx710.c:309:HX710 partial readiness times out without clocking:PASS

Running HX710 timeout identifies the DOUT that stayed HIGH...

<repo>/code/resq-firmware/components/hx710/test/test_hx710.c:335:HX710 timeout identifies the DOUT that stayed HIGH:PASS

Running HX710 stuck LOW fails post-read validation...

<repo>/code/resq-firmware/components/hx710/test/test_hx710.c:359:HX710 stuck LOW fails post-read validation:PASS

Running HX710 early next readiness does not invalidate completed sample...

<repo>/code/resq-firmware/components/hx710/test/test_hx710.c:382:HX710 early next readiness does not invalidate completed sample:PASS

Running HX710 early next readiness on multiple channels stays valid...

<repo>/code/resq-firmware/components/hx710/test/test_hx710.c:410:HX710 early next readiness on multiple channels stays valid:PASS

Running HX710 next-ready warning masks are independent by channel...

<repo>/code/resq-firmware/components/hx710/test/test_hx710.c:436:HX710 next-ready warning masks are independent by channel:PASS

Running HX710 valid wrapper publishes an early-next sample...

<repo>/code/resq-firmware/components/hx710/test/test_hx710.c:457:HX710 valid wrapper publishes an early-next sample:PASS

Running HX710 next readiness wait is deferred to the next read...

<repo>/code/resq-firmware/components/hx710/test/test_hx710.c:479:HX710 next readiness wait is deferred to the next read:PASS

Running HX710 midway clock failure cleans up without outputs...

<repo>/code/resq-firmware/components/hx710/test/test_hx710.c:505:HX710 midway clock failure cleans up without outputs:PASS

Running HX710 SCK cleanup failure overrides successful capture...

E (8683) hx710: Failed to restore shared HX710 SCK LOW: ESP_FAIL

<repo>/code/resq-firmware/components/hx710/test/test_hx710.c:528:HX710 SCK cleanup failure overrides successful capture:PASS

Running HX710 repeated reads keep SCK LOW between transactions...

<repo>/code/resq-firmware/components/hx710/test/test_hx710.c:550:HX710 repeated reads keep SCK LOW between transactions:PASS

Running HX710 normal transaction never resets the owned shared SCK...

<repo>/code/resq-firmware/components/hx710/test/test_hx710.c:571:HX710 normal transaction never resets the owned shared SCK:PASS

Running HX710 single-DOUT clocking fails closed...

<repo>/code/resq-firmware/components/hx710/test/test_hx710.c:588:HX710 single-DOUT clocking fails closed:PASS

Running USB mode rejects HX710 before touching GPIO...

<repo>/code/resq-firmware/components/hx710/test/test_hx710.c:607:USB mode rejects HX710 before touching GPIO:PASS

Running HX710 ownership transfers only through explicit release...

E (8783) hx710: Failed to restore shared HX710 SCK LOW: ESP_ERR_INVALID_STATE

<repo>/code/resq-firmware/components/hx710/test/test_hx710.c:624:HX710 ownership transfers only through explicit release:PASS

Running HX710 build disables native USB Serial JTAG console...

<repo>/code/resq-firmware/components/hx710/test/test_hx710.c:650:HX710 build disables native USB Serial JTAG console:PASS

Running requesting active mode does not create an NVS write...

I (8833) io_mode: I/O mode SENSOR is already active

<repo>/code/resq-firmware/components/io_mode_manager/test/test_io_mode_manager.c:8:requesting active mode does not create an NVS write:PASS

Running request persists target without live mode swap...

I (8853) io_mode: Saved requested I/O mode USB for next boot

<repo>/code/resq-firmware/components/io_mode_manager/test/test_io_mode_manager.c:26:request persists target without live mode swap:PASS

Running USB mode rejects HX710 access before GPIO setup...

<repo>/code/resq-firmware/components/io_mode_manager/test/test_io_mode_manager.c:40:USB mode rejects HX710 access before GPIO setup:PASS

Running MQTT topic builder creates canonical ResQ topics...

<repo>/code/resq-firmware/components/mqtt_manager/test/test_mqtt_topics.c:20:MQTT topic builder creates canonical ResQ topics:PASS

Running MQTT topic builder rejects invalid and short buffers...

<repo>/code/resq-firmware/components/mqtt_manager/test/test_mqtt_topics.c:28:MQTT topic builder rejects invalid and short buffers:PASS

Running MQTT fragmented command reassembles once with empty continuation topic...

I (8943) mqtt_manager: MQTT command received topic=resq/node-1/cmd/calibration/start payload_len=39

I (8943) mqtt_manager: Dequeued MQTT command topic=resq/node-1/cmd/calibration/start payload={"request_id":"req-1","hall_delta":675}

<repo>/code/resq-firmware/components/mqtt_manager/test/test_mqtt_topics.c:44:MQTT fragmented command reassembles once with empty continuation topic:PASS

Running MQTT malformed fragment resets partial command...

W (8983) mqtt_manager: Invalid or oversized MQTT payload fragment total=39 offset=23 len=17

I (8983) mqtt_manager: MQTT command received topic=resq/node-1/cmd/calibration/start payload_len=47

I (8993) mqtt_manager: Dequeued MQTT command topic=resq/node-1/cmd/calibration/start payload={"request_id":"req-recovered","hall_delta":675}

<repo>/code/resq-firmware/components/mqtt_manager/test/test_mqtt_topics.c:75:MQTT malformed fragment resets partial command:PASS

Running MQTT oversized command is rejected without queueing...

W (9033) mqtt_manager: Invalid or oversized MQTT payload fragment total=512 offset=0 len=1

<repo>/code/resq-firmware/components/mqtt_manager/test/test_mqtt_topics.c:106:MQTT oversized command is rejected without queueing:PASS

Running MQTT continuation invariants reject and reset partial state...

W (9063) mqtt_manager: Malformed MQTT payload fragment sequence topic= total=48 offset=31 expected=0

W (9063) mqtt_manager: Malformed MQTT payload fragment sequence topic=resq/node-1/cmd/calibration/start total=48 offset=30 expected=31

W (9073) mqtt_manager: Malformed MQTT payload fragment sequence topic=resq/node-1/cmd/calibration/start total=49 offset=31 expected=31

<repo>/code/resq-firmware/components/mqtt_manager/test/test_mqtt_topics.c:119:MQTT continuation invariants reject and reset partial state:PASS

Running MQTT impossible fragment arguments remain invalid arguments...

W (9113) mqtt_manager: Invalid MQTT payload fragment arguments total=1 offset=0 len=1

W (9113) mqtt_manager: Invalid MQTT payload fragment arguments total=1 offset=0 len=1

W (9123) mqtt_manager: Invalid MQTT payload fragment arguments total=1 offset=0 len=1

<repo>/code/resq-firmware/components/mqtt_manager/test/test_mqtt_topics.c:152:MQTT impossible fragment arguments remain invalid arguments:PASS

Running MQTT duplicate pending command is queued once...

<repo>/code/resq-firmware/components/mqtt_manager/test/test_mqtt_topics.c:170:MQTT duplicate pending command is queued once:PASS

Running MQTT cache lock timeout never returns new...

<repo>/code/resq-firmware/components/mqtt_manager/test/test_mqtt_topics.c:183:MQTT cache lock timeout never returns new:PASS

Running MQTT full cache does not evict pending commands...

<repo>/code/resq-firmware/components/mqtt_manager/test/test_mqtt_topics.c:196:MQTT full cache does not evict pending commands:PASS

Running MQTT same request ID on different topics remains distinct...

<repo>/code/resq-firmware/components/mqtt_manager/test/test_mqtt_topics.c:218:MQTT same request ID on different topics remains distinct:PASS

Running MQTT response completion updates matching cache entry...

<repo>/code/resq-firmware/components/mqtt_manager/test/test_mqtt_topics.c:232:MQTT response completion updates matching cache entry:PASS

Running MQTT command without request ID is rejected before queueing...

I (9253) mqtt_manager: MQTT command received topic=resq/node-1/cmd/session/start payload_len=22

W (9253) mqtt_manager: Rejecting MQTT command without a valid request_id

<repo>/code/resq-firmware/components/mqtt_manager/test/test_mqtt_topics.c:259:MQTT command without request ID is rejected before queueing:PASS

Running single pressure frame is not a stable window...

<repo>/code/resq-firmware/components/pressure_quality_filter/test/test_pressure_quality_filter.c:40:single pressure frame is not a stable window:PASS

Running complete stable pressure window is accepted...

<repo>/code/resq-firmware/components/pressure_quality_filter/test/test_pressure_quality_filter.c:53:complete stable pressure window is accepted:PASS

Running invalid pressure does not overwrite last accepted...

<repo>/code/resq-firmware/components/pressure_quality_filter/test/test_pressure_quality_filter.c:71:invalid pressure does not overwrite last accepted:PASS

Running saturated pressure is unusable and preserves evidence...

<repo>/code/resq-firmware/components/pressure_quality_filter/test/test_pressure_quality_filter.c:91:saturated pressure is unusable and preserves evidence:PASS

Running pressure filter recovers after temporary invalid frames...

<repo>/code/resq-firmware/components/pressure_quality_filter/test/test_pressure_quality_filter.c:110:pressure filter recovers after temporary invalid frames:PASS

Running pressure channel validity masks stay independent...

<repo>/code/resq-firmware/components/pressure_quality_filter/test/test_pressure_quality_filter.c:127:pressure channel validity masks stay independent:PASS

Running invalid zero frames are never accepted...

<repo>/code/resq-firmware/components/pressure_quality_filter/test/test_pressure_quality_filter.c:145:invalid zero frames are never accepted:PASS

Running pressure filter reset removes prior compression evidence...

<repo>/code/resq-firmware/components/pressure_quality_filter/test/test_pressure_quality_filter.c:159:pressure filter reset removes prior compression evidence:PASS

Running Provisioning page maps canonical QR fields and aliases...

<repo>/code/resq-firmware/components/provisioning_manager/test/test_provisioning_manager.c:19:Provisioning page maps canonical QR fields and aliases:PASS

Running Provisioning password field stays masked optional and editable...

<repo>/code/resq-firmware/components/provisioning_manager/test/test_provisioning_manager.c:33:Provisioning password field stays masked optional and editable:PASS

Running Provisioning accepts empty and nonempty passwords...

<repo>/code/resq-firmware/components/provisioning_manager/test/test_provisioning_manager.c:44:Provisioning accepts empty and nonempty passwords:PASS

Running Provisioning preserves special form password characters...

<repo>/code/resq-firmware/components/provisioning_manager/test/test_provisioning_manager.c:62:Provisioning preserves special form password characters:PASS

Running Provisioning password boundary is safe and transactional...

<repo>/code/resq-firmware/components/provisioning_manager/test/test_provisioning_manager.c:73:Provisioning password boundary is safe and transactional:PASS

Running Provisioning submit updates pending state atomically...

I (9573) provisioning_manager: Provisioning manager initialized

<repo>/code/resq-firmware/components/provisioning_manager/test/test_provisioning_manager.c:110:Provisioning submit updates pending state atomically:PASS

Running Provisioning ACK commits matching generation...

<repo>/code/resq-firmware/components/provisioning_manager/test/test_provisioning_manager.c:128:Provisioning ACK commits matching generation:PASS

Running Provisioning stale ACK cannot commit newer request...

<repo>/code/resq-firmware/components/provisioning_manager/test/test_provisioning_manager.c:149:Provisioning stale ACK cannot commit newer request:PASS

Running Provisioning NVS failure does not report saved config...

<repo>/code/resq-firmware/components/provisioning_manager/test/test_provisioning_manager.c:179:Provisioning NVS failure does not report saved config:PASS

Running Provisioning take saved config is atomic...

<repo>/code/resq-firmware/components/provisioning_manager/test/test_provisioning_manager.c:199:Provisioning take saved config is atomic:PASS

Running Provisioning saved notification is consumed once...

<repo>/code/resq-firmware/components/provisioning_manager/test/test_provisioning_manager.c:220:Provisioning saved notification is consumed once:PASS

Running Provisioning stop rejects new submissions...

<repo>/code/resq-firmware/components/provisioning_manager/test/test_provisioning_manager.c:245:Provisioning stop rejects new submissions:PASS

Running Provisioning status snapshot is internally consistent...

<repo>/code/resq-firmware/components/provisioning_manager/test/test_provisioning_manager.c:257:Provisioning status snapshot is internally consistent:PASS

Running Request ID parser accepts command_id and request_id...

<repo>/code/resq-firmware/components/runtime_helpers/test/test_runtime_helpers.c:12:Request ID parser accepts command_id and request_id:PASS

Running Request ID parser rejects malformed missing and oversized IDs...

<repo>/code/resq-firmware/components/runtime_helpers/test/test_runtime_helpers.c:25:Request ID parser rejects malformed missing and oversized IDs:PASS

Running Idle debug payload contains raw and converted direct snapshot fields...

<repo>/code/resq-firmware/components/runtime_helpers/test/test_runtime_helpers.c:42:Idle debug payload contains raw and converted direct snapshot fields:PASS

Running Debug command without request id is rejected before sensor access...

<repo>/code/resq-firmware/components/runtime_helpers/test/test_runtime_helpers.c:99:Debug command without request id is rejected before sensor access:PASS

Running Idle debug payload emits finite zero for invalid converted values...

<repo>/code/resq-firmware/components/runtime_helpers/test/test_runtime_helpers.c:112:Idle debug payload emits finite zero for invalid converted values:PASS

Running Task diagnostics records coherent stack and heap snapshots...

<repo>/code/resq-firmware/components/runtime_helpers/test/test_runtime_helpers.c:150:Task diagnostics records coherent stack and heap snapshots:PASS

Running runtime identity boot id is sixteen lowercase hex characters...

<repo>/code/resq-firmware/components/runtime_identity/test/test_runtime_identity.c:25:runtime identity boot id is sixteen lowercase hex characters:PASS

Running runtime identity boot id is stable during one boot...

<repo>/code/resq-firmware/components/runtime_identity/test/test_runtime_identity.c:31:runtime identity boot id is stable during one boot:PASS

Running runtime identity state sequence starts at one and increases...

<repo>/code/resq-firmware/components/runtime_identity/test/test_runtime_identity.c:39:runtime identity state sequence starts at one and increases:PASS

Running runtime identity concurrent sequence calls are unique...

<repo>/code/resq-firmware/components/runtime_identity/test/test_runtime_identity.c:63:runtime identity concurrent sequence calls are unique:PASS

Running runtime identity adds ordering fields to json...

<repo>/code/resq-firmware/components/runtime_identity/test/test_runtime_identity.c:90:runtime identity adds ordering fields to json:PASS

Running pressure conversion uses absolute raw difference...

<repo>/code/resq-firmware/components/sensor_conversion/test/test_sensor_conversion.c:45:pressure conversion uses absolute raw difference:PASS

Running pressure conversion applies independent coefficients...

<repo>/code/resq-firmware/components/sensor_conversion/test/test_sensor_conversion.c:61:pressure conversion applies independent coefficients:PASS

Running pressure channels fail independently for reads and saturation...

<repo>/code/resq-firmware/components/sensor_conversion/test/test_sensor_conversion.c:72:pressure channels fail independently for reads and saturation:PASS

Running invalid pressure profile fields invalidate only that channel...

<repo>/code/resq-firmware/components/sensor_conversion/test/test_sensor_conversion.c:94:invalid pressure profile fields invalidate only that channel:PASS

Running required pressure mask controls aggregate validity...

<repo>/code/resq-firmware/components/sensor_conversion/test/test_sensor_conversion.c:126:required pressure mask controls aggregate validity:PASS

Running hall conversion handles direction and clamping...

<repo>/code/resq-firmware/components/sensor_conversion/test/test_sensor_conversion.c:148:hall conversion handles direction and clamping:PASS

Running invalid hall input or profile clears hall outputs...

<repo>/code/resq-firmware/components/sensor_conversion/test/test_sensor_conversion.c:180:invalid hall input or profile clears hall outputs:PASS

Running invalid full depth invalidates hall profile...

<repo>/code/resq-firmware/components/sensor_conversion/test/test_sensor_conversion.c:210:invalid full depth invalidates hall profile:PASS

Running null pointers return explicit errors...

<repo>/code/resq-firmware/components/sensor_conversion/test/test_sensor_conversion.c:232:null pointers return explicit errors:PASS

Running extreme integer values avoid overflow and propagate timestamp...

<repo>/code/resq-firmware/components/sensor_conversion/test/test_sensor_conversion.c:243:extreme integer values avoid overflow and propagate timestamp:PASS

Running Sensor owner acquires free owner and releases by owner only...

<repo>/code/resq-firmware/components/sensor_owner/test/test_sensor_owner.c:12:Sensor owner acquires free owner and releases by owner only:PASS

Running Sensor owner rejects competing owner without overwrite...

<repo>/code/resq-firmware/components/sensor_owner/test/test_sensor_owner.c:28:Sensor owner rejects competing owner without overwrite:PASS

Running Sensor owner rejects repeated release...

<repo>/code/resq-firmware/components/sensor_owner/test/test_sensor_owner.c:38:Sensor owner rejects repeated release:PASS

Running Sensor owner initialization is idempotent...

<repo>/code/resq-firmware/components/sensor_owner/test/test_sensor_owner.c:49:Sensor owner initialization is idempotent:PASS

Running Diagnostic owner excludes runtime sensor owners...

<repo>/code/resq-firmware/components/sensor_owner/test/test_sensor_owner.c:58:Diagnostic owner excludes runtime sensor owners:PASS

Running session pressure snapshot is copied and sequenced safely...

<repo>/code/resq-firmware/components/session_active_manager/test/test_session_pressure_snapshot.c:5:session pressure snapshot is copied and sequenced safely:PASS

Running session pressure snapshot freshness rejects stale and duplicate frames...

<repo>/code/resq-firmware/components/session_active_manager/test/test_session_pressure_snapshot.c:32:session pressure snapshot freshness rejects stale and duplicate frames:PASS

Running unavailable pressure snapshot is never consumed...

<repo>/code/resq-firmware/components/session_active_manager/test/test_session_pressure_snapshot.c:51:unavailable pressure snapshot is never consumed:PASS

Running Session manager lifecycle is repeatable...

I (10363) session_manager: Session started id=s-1 profile=adult

I (10363) session_manager: Session stopped id=s-1

I (10363) session_manager: Session started id=s-2 profile=

I (10363) session_manager: Session stopped id=s-2

<repo>/code/resq-firmware/components/session_manager/test/test_session_manager.c:4:Session manager lifecycle is repeatable:PASS

Running Session manager records terminal interruption...

I (10403) session_manager: Session started id=s-interrupt profile=adult

W (10403) session_manager: Session interrupted id=s-interrupt reason=connectivity_timeout

<repo>/code/resq-firmware/components/session_manager/test/test_session_manager.c:31:Session manager records terminal interruption:PASS

Running Session manager validates output pointers...

<repo>/code/resq-firmware/components/session_manager/test/test_session_manager.c:45:Session manager validates output pointers:PASS

Running button 1 short has no global mode action...

<repo>/code/resq-firmware/components/system_button_manager/test/test_system_button_mapping.c:15:button 1 short has no global mode action:PASS

Running button 2 short has no global mode action...

<repo>/code/resq-firmware/components/system_button_manager/test/test_system_button_mapping.c:21:button 2 short has no global mode action:PASS

Running button 1 long preserves TURN_OFF...

<repo>/code/resq-firmware/components/system_button_manager/test/test_system_button_mapping.c:27:button 1 long preserves TURN_OFF:PASS

Running button 2 long preserves FACTORY_RESET...

<repo>/code/resq-firmware/components/system_button_manager/test/test_system_button_mapping.c:33:button 2 long preserves FACTORY_RESET:PASS

Running press duration below threshold remains short...

<repo>/code/resq-firmware/components/system_button_manager/test/test_system_button_mapping.c:39:press duration below threshold remains short:PASS

Running press duration at threshold remains long...

<repo>/code/resq-firmware/components/system_button_manager/test/test_system_button_mapping.c:47:press duration at threshold remains long:PASS

Running Oversized telemetry payload fails without publishing...

<repo>/code/resq-firmware/components/telemetry_publisher/test/test_telemetry_payload.c:98:Oversized telemetry payload fails without publishing:PASS

Running Session telemetry payload requires an active session id...

<repo>/code/resq-firmware/components/telemetry_publisher/test/test_telemetry_payload.c:109:Session telemetry payload requires an active session id:PASS

Running Session telemetry is minimal and keeps only consumed live metrics...

<repo>/code/resq-firmware/components/telemetry_publisher/test/test_telemetry_payload.c:121:Session telemetry is minimal and keeps only consumed live metrics:PASS

Running Session payload derives flags and clamps pressure score...

<repo>/code/resq-firmware/components/telemetry_publisher/test/test_telemetry_payload.c:157:Session payload derives flags and clamps pressure score:PASS

Running Sensor stream command validation requires request id action and interval...

<repo>/code/resq-firmware/components/telemetry_publisher/test/test_telemetry_payload.c:182:Sensor stream command validation requires request id action and interval:PASS

Running Sensor stream payload contains diagnostics fields without session scoring...

<repo>/code/resq-firmware/components/telemetry_publisher/test/test_telemetry_payload.c:239:Sensor stream payload contains diagnostics fields without session scoring:PASS

Running Sensor stream payload zeros saturated or invalid converted values...

<repo>/code/resq-firmware/components/telemetry_publisher/test/test_telemetry_payload.c:290:Sensor stream payload zeros saturated or invalid converted values:PASS

Running Sensor stream payload includes valid raw readings before calibration...

<repo>/code/resq-firmware/components/telemetry_publisher/test/test_telemetry_payload.c:333:Sensor stream payload includes valid raw readings before calibration:PASS

Running Sensor stream payload preserves calibrated converted values...

<repo>/code/resq-firmware/components/telemetry_publisher/test/test_telemetry_payload.c:384:Sensor stream payload preserves calibrated converted values:PASS

Running USB mode rejects manual SENSOR_STREAM start...

<repo>/code/resq-firmware/components/telemetry_publisher/test/test_telemetry_payload.c:415:USB mode rejects manual SENSOR_STREAM start:PASS

Running SENSOR_STREAM start rejects malformed arguments before runtime state...

<repo>/code/resq-firmware/components/telemetry_publisher/test/test_telemetry_payload.c:442:SENSOR_STREAM start rejects malformed arguments before runtime state:PASS

Running test_read_hall_sensor_raw_values...

I (10833) adc_shared_service: Shared ADC service initialized for Hall channel

RAW_SENSOR,HALL,sample=0,hall_raw=2426

RAW_SENSOR,HALL,sample=1,hall_raw=2426

RAW_SENSOR,HALL,sample=2,hall_raw=2429

RAW_SENSOR,HALL,sample=3,hall_raw=2427

RAW_SENSOR,HALL,sample=4,hall_raw=2427

RAW_SENSOR,HALL,sample=5,hall_raw=2427

RAW_SENSOR,HALL,sample=6,hall_raw=2426

RAW_SENSOR,HALL,sample=7,hall_raw=2426

RAW_SENSOR,HALL,sample=8,hall_raw=2426

RAW_SENSOR,HALL,sample=9,hall_raw=2426

RAW_SENSOR,HALL,sample=10,hall_raw=2428

RAW_SENSOR,HALL,sample=11,hall_raw=2426

RAW_SENSOR,HALL,sample=12,hall_raw=2424

RAW_SENSOR,HALL,sample=13,hall_raw=2427

RAW_SENSOR,HALL,sample=14,hall_raw=2431

RAW_SENSOR,HALL,sample=15,hall_raw=2415

RAW_SENSOR,HALL,sample=16,hall_raw=2426

RAW_SENSOR,HALL,sample=17,hall_raw=2426

RAW_SENSOR,HALL,sample=18,hall_raw=2427

RAW_SENSOR,HALL,sample=19,hall_raw=2426

RAW_SENSOR,HALL,sample=20,hall_raw=2429

RAW_SENSOR,HALL,sample=21,hall_raw=2423

RAW_SENSOR,HALL,sample=22,hall_raw=2426

RAW_SENSOR,HALL,sample=23,hall_raw=2429

RAW_SENSOR,HALL,sample=24,hall_raw=2426

RAW_SENSOR,HALL,sample=25,hall_raw=2425

RAW_SENSOR,HALL,sample=26,hall_raw=2427

RAW_SENSOR,HALL,sample=27,hall_raw=2395

RAW_SENSOR,HALL,sample=28,hall_raw=2424

RAW_SENSOR,HALL,sample=29,hall_raw=2428

RAW_SENSOR,HALL,sample=30,hall_raw=2427

RAW_SENSOR,HALL,sample=31,hall_raw=2424

RAW_SENSOR,HALL,sample=32,hall_raw=2426

RAW_SENSOR,HALL,sample=33,hall_raw=2425

RAW_SENSOR,HALL,sample=34,hall_raw=2428

RAW_SENSOR,HALL,sample=35,hall_raw=2425

RAW_SENSOR,HALL,sample=36,hall_raw=2427

RAW_SENSOR,HALL,sample=37,hall_raw=2428

RAW_SENSOR,HALL,sample=38,hall_raw=2429

RAW_SENSOR,HALL,sample=39,hall_raw=2428

RAW_SENSOR,HALL,sample=40,hall_raw=2427

RAW_SENSOR,HALL,sample=41,hall_raw=2424

RAW_SENSOR,HALL,sample=42,hall_raw=2425

RAW_SENSOR,HALL,sample=43,hall_raw=2430

RAW_SENSOR,HALL,sample=44,hall_raw=2428

RAW_SENSOR,HALL,sample=45,hall_raw=2425

RAW_SENSOR,HALL,sample=46,hall_raw=2426

RAW_SENSOR,HALL,sample=47,hall_raw=2429

RAW_SENSOR,HALL,sample=48,hall_raw=2427

RAW_SENSOR,HALL,sample=49,hall_raw=2424

RAW_SENSOR,HALL,sample=50,hall_raw=2430

RAW_SENSOR,HALL,sample=51,hall_raw=2426

RAW_SENSOR,HALL,sample=52,hall_raw=2428

RAW_SENSOR,HALL,sample=53,hall_raw=2426

RAW_SENSOR,HALL,sample=54,hall_raw=2383

RAW_SENSOR,HALL,sample=55,hall_raw=2426

RAW_SENSOR,HALL,sample=56,hall_raw=2414

RAW_SENSOR,HALL,sample=57,hall_raw=2425

RAW_SENSOR,HALL,sample=58,hall_raw=2429

RAW_SENSOR,HALL,sample=59,hall_raw=2425

RAW_SENSOR,HALL,sample=60,hall_raw=2425

RAW_SENSOR,HALL,sample=61,hall_raw=2428

RAW_SENSOR,HALL,sample=62,hall_raw=2429

RAW_SENSOR,HALL,sample=63,hall_raw=2427

RAW_SENSOR,HALL,sample=64,hall_raw=2427

RAW_SENSOR,HALL,sample=65,hall_raw=2427

RAW_SENSOR,HALL,sample=66,hall_raw=2426

RAW_SENSOR,HALL,sample=67,hall_raw=2426

RAW_SENSOR,HALL,sample=68,hall_raw=2427

RAW_SENSOR,HALL,sample=69,hall_raw=2411

RAW_SENSOR,HALL,sample=70,hall_raw=2430

RAW_SENSOR,HALL,sample=71,hall_raw=2426

RAW_SENSOR,HALL,sample=72,hall_raw=2427

RAW_SENSOR,HALL,sample=73,hall_raw=2392

RAW_SENSOR,HALL,sample=74,hall_raw=2426

RAW_SENSOR,HALL,sample=75,hall_raw=2428

RAW_SENSOR,HALL,sample=76,hall_raw=2426

RAW_SENSOR,HALL,sample=77,hall_raw=2426

RAW_SENSOR,HALL,sample=78,hall_raw=2438

RAW_SENSOR,HALL,sample=79,hall_raw=2429

RAW_SENSOR,HALL,sample=80,hall_raw=2439

RAW_SENSOR,HALL,sample=81,hall_raw=2429

RAW_SENSOR,HALL,sample=82,hall_raw=2429

RAW_SENSOR,HALL,sample=83,hall_raw=2428

RAW_SENSOR,HALL,sample=84,hall_raw=2428

RAW_SENSOR,HALL,sample=85,hall_raw=2424

RAW_SENSOR,HALL,sample=86,hall_raw=2429

RAW_SENSOR,HALL,sample=87,hall_raw=2428

RAW_SENSOR,HALL,sample=88,hall_raw=2428

RAW_SENSOR,HALL,sample=89,hall_raw=2428

RAW_SENSOR,HALL,sample=90,hall_raw=2429

RAW_SENSOR,HALL,sample=91,hall_raw=2427

RAW_SENSOR,HALL,sample=92,hall_raw=2428

RAW_SENSOR,HALL,sample=93,hall_raw=2426

RAW_SENSOR,HALL,sample=94,hall_raw=2426

RAW_SENSOR,HALL,sample=95,hall_raw=2429

RAW_SENSOR,HALL,sample=96,hall_raw=2425

RAW_SENSOR,HALL,sample=97,hall_raw=2427

RAW_SENSOR,HALL,sample=98,hall_raw=2427

RAW_SENSOR,HALL,sample=99,hall_raw=2427

./main/test_raw_sensor_outputs.c:123:test_read_hall_sensor_raw_values:PASS

Running test_read_pressure_sensor_raw_values...

RAW_SENSOR,PRESSURE,sample=0,pressure_1_valid=false,pressure_1_error=ESP_ERR_TIMEOUT,pressure_2_valid=false,pressure_2_error=ESP_ERR_TIMEOUT,pressure_ref_valid=false,pressure_ref_error=ESP_ERR_TIMEOUT,valid_mask=0x00,group_error=ESP_ERR_TIMEOUT

RAW_SENSOR,PRESSURE,sample=1,pressure_1_valid=false,pressure_1_error=ESP_ERR_TIMEOUT,pressure_2_valid=false,pressure_2_error=ESP_ERR_TIMEOUT,pressure_ref_valid=false,pressure_ref_error=ESP_ERR_TIMEOUT,valid_mask=0x00,group_error=ESP_ERR_TIMEOUT

RAW_SENSOR,PRESSURE,sample=2,pressure_1_valid=false,pressure_1_error=ESP_ERR_TIMEOUT,pressure_2_valid=false,pressure_2_error=ESP_ERR_TIMEOUT,pressure_ref_valid=false,pressure_ref_error=ESP_ERR_TIMEOUT,valid_mask=0x00,group_error=ESP_ERR_TIMEOUT

RAW_SENSOR,PRESSURE,sample=3,pressure_1_valid=false,pressure_1_error=ESP_ERR_INVALID_RESPONSE,pressure_2_valid=false,pressure_2_error=ESP_ERR_INVALID_RESPONSE,pressure_ref_valid=false,pressure_ref_error=ESP_ERR_INVALID_RESPONSE,valid_mask=0x00,group_error=ESP_ERR_INVALID_RESPONSE

RAW_SENSOR,PRESSURE,sample=4,pressure_1_valid=false,pressure_1_error=ESP_ERR_INVALID_RESPONSE,pressure_2_valid=false,pressure_2_error=ESP_ERR_INVALID_RESPONSE,pressure_ref_valid=false,pressure_ref_error=ESP_ERR_INVALID_RESPONSE,valid_mask=0x00,group_error=ESP_ERR_INVALID_RESPONSE

RAW_SENSOR,PRESSURE,sample=5,pressure_1_valid=false,pressure_1_error=ESP_ERR_INVALID_RESPONSE,pressure_2_valid=false,pressure_2_error=ESP_ERR_INVALID_RESPONSE,pressure_ref_valid=false,pressure_ref_error=ESP_ERR_INVALID_RESPONSE,valid_mask=0x00,group_error=ESP_ERR_INVALID_RESPONSE

RAW_SENSOR,PRESSURE,sample=6,pressure_1_valid=false,pressure_1_error=ESP_ERR_INVALID_RESPONSE,pressure_2_valid=false,pressure_2_error=ESP_ERR_INVALID_RESPONSE,pressure_ref_valid=false,pressure_ref_error=ESP_ERR_INVALID_RESPONSE,valid_mask=0x00,group_error=ESP_ERR_INVALID_RESPONSE

RAW_SENSOR,PRESSURE,sample=7,pressure_1_valid=false,pressure_1_error=ESP_ERR_INVALID_RESPONSE,pressure_2_valid=false,pressure_2_error=ESP_ERR_INVALID_RESPONSE,pressure_ref_valid=false,pressure_ref_error=ESP_ERR_INVALID_RESPONSE,valid_mask=0x00,group_error=ESP_ERR_INVALID_RESPONSE

RAW_SENSOR,PRESSURE,sample=8,pressure_1_valid=false,pressure_1_error=ESP_ERR_INVALID_RESPONSE,pressure_2_valid=false,pressure_2_error=ESP_ERR_INVALID_RESPONSE,pressure_ref_valid=false,pressure_ref_error=ESP_ERR_INVALID_RESPONSE,valid_mask=0x00,group_error=ESP_ERR_INVALID_RESPONSE

RAW_SENSOR,PRESSURE,sample=9,pressure_1_valid=false,pressure_1_error=ESP_ERR_INVALID_RESPONSE,pressure_2_valid=false,pressure_2_error=ESP_ERR_INVALID_RESPONSE,pressure_ref_valid=false,pressure_ref_error=ESP_ERR_INVALID_RESPONSE,valid_mask=0x00,group_error=ESP_ERR_INVALID_RESPONSE

RAW_SENSOR,PRESSURE,sample=10,pressure_1_valid=false,pressure_1_error=ESP_ERR_INVALID_RESPONSE,pressure_2_valid=false,pressure_2_error=ESP_ERR_INVALID_RESPONSE,pressure_ref_valid=false,pressure_ref_error=ESP_ERR_INVALID_RESPONSE,valid_mask=0x00,group_error=ESP_ERR_INVALID_RESPONSE

RAW_SENSOR,PRESSURE,sample=11,pressure_1_valid=false,pressure_1_error=ESP_ERR_INVALID_RESPONSE,pressure_2_valid=false,pressure_2_error=ESP_ERR_INVALID_RESPONSE,pressure_ref_valid=false,pressure_ref_error=ESP_ERR_INVALID_RESPONSE,valid_mask=0x00,group_error=ESP_ERR_INVALID_RESPONSE

RAW_SENSOR,PRESSURE,sample=12,pressure_1_valid=false,pressure_1_error=ESP_ERR_INVALID_RESPONSE,pressure_2_valid=false,pressure_2_error=ESP_ERR_INVALID_RESPONSE,pressure_ref_valid=false,pressure_ref_error=ESP_ERR_INVALID_RESPONSE,valid_mask=0x00,group_error=ESP_ERR_INVALID_RESPONSE

RAW_SENSOR,PRESSURE,sample=13,pressure_1_valid=false,pressure_1_error=ESP_ERR_INVALID_RESPONSE,pressure_2_valid=false,pressure_2_error=ESP_ERR_INVALID_RESPONSE,pressure_ref_valid=false,pressure_ref_error=ESP_ERR_INVALID_RESPONSE,valid_mask=0x00,group_error=ESP_ERR_INVALID_RESPONSE

RAW_SENSOR,PRESSURE,sample=14,pressure_1_valid=false,pressure_1_error=ESP_ERR_INVALID_RESPONSE,pressure_2_valid=false,pressure_2_error=ESP_ERR_INVALID_RESPONSE,pressure_ref_valid=false,pressure_ref_error=ESP_ERR_INVALID_RESPONSE,valid_mask=0x00,group_error=ESP_ERR_INVALID_RESPONSE

RAW_SENSOR,PRESSURE,sample=15,pressure_1_valid=false,pressure_1_error=ESP_ERR_INVALID_RESPONSE,pressure_2_valid=false,pressure_2_error=ESP_ERR_INVALID_RESPONSE,pressure_ref_valid=false,pressure_ref_error=ESP_ERR_INVALID_RESPONSE,valid_mask=0x00,group_error=ESP_ERR_INVALID_RESPONSE

RAW_SENSOR,PRESSURE,sample=16,pressure_1_valid=false,pressure_1_error=ESP_ERR_INVALID_RESPONSE,pressure_2_valid=false,pressure_2_error=ESP_ERR_INVALID_RESPONSE,pressure_ref_valid=false,pressure_ref_error=ESP_ERR_INVALID_RESPONSE,valid_mask=0x00,group_error=ESP_ERR_INVALID_RESPONSE

RAW_SENSOR,PRESSURE,sample=17,pressure_1_valid=false,pressure_1_error=ESP_ERR_INVALID_RESPONSE,pressure_2_valid=false,pressure_2_error=ESP_ERR_INVALID_RESPONSE,pressure_ref_valid=false,pressure_ref_error=ESP_ERR_INVALID_RESPONSE,valid_mask=0x00,group_error=ESP_ERR_INVALID_RESPONSE

RAW_SENSOR,PRESSURE,sample=18,pressure_1_valid=false,pressure_1_error=ESP_ERR_INVALID_RESPONSE,pressure_2_valid=false,pressure_2_error=ESP_ERR_INVALID_RESPONSE,pressure_ref_valid=false,pressure_ref_error=ESP_ERR_INVALID_RESPONSE,valid_mask=0x00,group_error=ESP_ERR_INVALID_RESPONSE

RAW_SENSOR,PRESSURE,sample=19,pressure_1_valid=false,pressure_1_error=ESP_ERR_INVALID_RESPONSE,pressure_2_valid=false,pressure_2_error=ESP_ERR_INVALID_RESPONSE,pressure_ref_valid=false,pressure_ref_error=ESP_ERR_INVALID_RESPONSE,valid_mask=0x00,group_error=ESP_ERR_INVALID_RESPONSE

RAW_SENSOR,PRESSURE,sample=20,pressure_1_valid=false,pressure_1_error=ESP_ERR_INVALID_RESPONSE,pressure_2_valid=false,pressure_2_error=ESP_ERR_INVALID_RESPONSE,pressure_ref_valid=false,pressure_ref_error=ESP_ERR_INVALID_RESPONSE,valid_mask=0x00,group_error=ESP_ERR_INVALID_RESPONSE

RAW_SENSOR,PRESSURE,sample=21,pressure_1_valid=false,pressure_1_error=ESP_ERR_INVALID_RESPONSE,pressure_2_valid=false,pressure_2_error=ESP_ERR_INVALID_RESPONSE,pressure_ref_valid=false,pressure_ref_error=ESP_ERR_INVALID_RESPONSE,valid_mask=0x00,group_error=ESP_ERR_INVALID_RESPONSE

RAW_SENSOR,PRESSURE,sample=22,pressure_1_valid=false,pressure_1_error=ESP_ERR_INVALID_RESPONSE,pressure_2_valid=false,pressure_2_error=ESP_ERR_INVALID_RESPONSE,pressure_ref_valid=false,pressure_ref_error=ESP_ERR_INVALID_RESPONSE,valid_mask=0x00,group_error=ESP_ERR_INVALID_RESPONSE

RAW_SENSOR,PRESSURE,sample=23,pressure_1_valid=false,pressure_1_error=ESP_ERR_INVALID_RESPONSE,pressure_2_valid=false,pressure_2_error=ESP_ERR_INVALID_RESPONSE,pressure_ref_valid=false,pressure_ref_error=ESP_ERR_INVALID_RESPONSE,valid_mask=0x00,group_error=ESP_ERR_INVALID_RESPONSE

RAW_SENSOR,PRESSURE,sample=24,pressure_1_valid=false,pressure_1_error=ESP_ERR_INVALID_RESPONSE,pressure_2_valid=false,pressure_2_error=ESP_ERR_INVALID_RESPONSE,pressure_ref_valid=false,pressure_ref_error=ESP_ERR_INVALID_RESPONSE,valid_mask=0x00,group_error=ESP_ERR_INVALID_RESPONSE

RAW_SENSOR,PRESSURE,sample=25,pressure_1_valid=false,pressure_1_error=ESP_ERR_INVALID_RESPONSE,pressure_2_valid=false,pressure_2_error=ESP_ERR_INVALID_RESPONSE,pressure_ref_valid=false,pressure_ref_error=ESP_ERR_INVALID_RESPONSE,valid_mask=0x00,group_error=ESP_ERR_INVALID_RESPONSE

RAW_SENSOR,PRESSURE,sample=26,pressure_1_valid=false,pressure_1_error=ESP_ERR_INVALID_RESPONSE,pressure_2_valid=false,pressure_2_error=ESP_ERR_INVALID_RESPONSE,pressure_ref_valid=false,pressure_ref_error=ESP_ERR_INVALID_RESPONSE,valid_mask=0x00,group_error=ESP_ERR_INVALID_RESPONSE

RAW_SENSOR,PRESSURE,sample=27,pressure_1_valid=false,pressure_1_error=ESP_ERR_INVALID_RESPONSE,pressure_2_valid=false,pressure_2_error=ESP_ERR_INVALID_RESPONSE,pressure_ref_valid=false,pressure_ref_error=ESP_ERR_INVALID_RESPONSE,valid_mask=0x00,group_error=ESP_ERR_INVALID_RESPONSE

RAW_SENSOR,PRESSURE,sample=28,pressure_1_valid=false,pressure_1_error=ESP_ERR_INVALID_RESPONSE,pressure_2_valid=false,pressure_2_error=ESP_ERR_INVALID_RESPONSE,pressure_ref_valid=false,pressure_ref_error=ESP_ERR_INVALID_RESPONSE,valid_mask=0x00,group_error=ESP_ERR_INVALID_RESPONSE

RAW_SENSOR,PRESSURE,sample=29,pressure_1_valid=false,pressure_1_error=ESP_ERR_INVALID_RESPONSE,pressure_2_valid=false,pressure_2_error=ESP_ERR_INVALID_RESPONSE,pressure_ref_valid=false,pressure_ref_error=ESP_ERR_INVALID_RESPONSE,valid_mask=0x00,group_error=ESP_ERR_INVALID_RESPONSE

RAW_SENSOR,PRESSURE,sample=30,pressure_1_valid=false,pressure_1_error=ESP_ERR_INVALID_RESPONSE,pressure_2_valid=false,pressure_2_error=ESP_ERR_INVALID_RESPONSE,pressure_ref_valid=false,pressure_ref_error=ESP_ERR_INVALID_RESPONSE,valid_mask=0x00,group_error=ESP_ERR_INVALID_RESPONSE

RAW_SENSOR,PRESSURE,sample=31,pressure_1_valid=false,pressure_1_error=ESP_ERR_INVALID_RESPONSE,pressure_2_valid=false,pressure_2_error=ESP_ERR_INVALID_RESPONSE,pressure_ref_valid=false,pressure_ref_error=ESP_ERR_INVALID_RESPONSE,valid_mask=0x00,group_error=ESP_ERR_INVALID_RESPONSE

RAW_SENSOR,PRESSURE,sample=32,pressure_1_valid=false,pressure_1_error=ESP_ERR_INVALID_RESPONSE,pressure_2_valid=false,pressure_2_error=ESP_ERR_INVALID_RESPONSE,pressure_ref_valid=false,pressure_ref_error=ESP_ERR_INVALID_RESPONSE,valid_mask=0x00,group_error=ESP_ERR_INVALID_RESPONSE

RAW_SENSOR,PRESSURE,sample=33,pressure_1_valid=false,pressure_1_error=ESP_ERR_INVALID_RESPONSE,pressure_2_valid=false,pressure_2_error=ESP_ERR_INVALID_RESPONSE,pressure_ref_valid=false,pressure_ref_error=ESP_ERR_INVALID_RESPONSE,valid_mask=0x00,group_error=ESP_ERR_INVALID_RESPONSE

RAW_SENSOR,PRESSURE,sample=34,pressure_1_valid=false,pressure_1_error=ESP_ERR_INVALID_RESPONSE,pressure_2_valid=false,pressure_2_error=ESP_ERR_INVALID_RESPONSE,pressure_ref_valid=false,pressure_ref_error=ESP_ERR_INVALID_RESPONSE,valid_mask=0x00,group_error=ESP_ERR_INVALID_RESPONSE

RAW_SENSOR,PRESSURE,sample=35,pressure_1_valid=false,pressure_1_error=ESP_ERR_INVALID_RESPONSE,pressure_2_valid=false,pressure_2_error=ESP_ERR_INVALID_RESPONSE,pressure_ref_valid=false,pressure_ref_error=ESP_ERR_INVALID_RESPONSE,valid_mask=0x00,group_error=ESP_ERR_INVALID_RESPONSE

RAW_SENSOR,PRESSURE,sample=36,pressure_1_valid=false,pressure_1_error=ESP_ERR_INVALID_RESPONSE,pressure_2_valid=false,pressure_2_error=ESP_ERR_INVALID_RESPONSE,pressure_ref_valid=false,pressure_ref_error=ESP_ERR_INVALID_RESPONSE,valid_mask=0x00,group_error=ESP_ERR_INVALID_RESPONSE

RAW_SENSOR,PRESSURE,sample=37,pressure_1_valid=false,pressure_1_error=ESP_ERR_INVALID_RESPONSE,pressure_2_valid=false,pressure_2_error=ESP_ERR_INVALID_RESPONSE,pressure_ref_valid=false,pressure_ref_error=ESP_ERR_INVALID_RESPONSE,valid_mask=0x00,group_error=ESP_ERR_INVALID_RESPONSE

RAW_SENSOR,PRESSURE,sample=38,pressure_1_valid=false,pressure_1_error=ESP_ERR_INVALID_RESPONSE,pressure_2_valid=false,pressure_2_error=ESP_ERR_INVALID_RESPONSE,pressure_ref_valid=false,pressure_ref_error=ESP_ERR_INVALID_RESPONSE,valid_mask=0x00,group_error=ESP_ERR_INVALID_RESPONSE

RAW_SENSOR,PRESSURE,sample=39,pressure_1_valid=false,pressure_1_error=ESP_ERR_INVALID_RESPONSE,pressure_2_valid=false,pressure_2_error=ESP_ERR_INVALID_RESPONSE,pressure_ref_valid=false,pressure_ref_error=ESP_ERR_INVALID_RESPONSE,valid_mask=0x00,group_error=ESP_ERR_INVALID_RESPONSE

RAW_SENSOR,PRESSURE,sample=40,pressure_1_valid=false,pressure_1_error=ESP_ERR_INVALID_RESPONSE,pressure_2_valid=false,pressure_2_error=ESP_ERR_INVALID_RESPONSE,pressure_ref_valid=false,pressure_ref_error=ESP_ERR_INVALID_RESPONSE,valid_mask=0x00,group_error=ESP_ERR_INVALID_RESPONSE

RAW_SENSOR,PRESSURE,sample=41,pressure_1_valid=false,pressure_1_error=ESP_ERR_INVALID_RESPONSE,pressure_2_valid=false,pressure_2_error=ESP_ERR_INVALID_RESPONSE,pressure_ref_valid=false,pressure_ref_error=ESP_ERR_INVALID_RESPONSE,valid_mask=0x00,group_error=ESP_ERR_INVALID_RESPONSE

RAW_SENSOR,PRESSURE,sample=42,pressure_1_valid=false,pressure_1_error=ESP_ERR_INVALID_RESPONSE,pressure_2_valid=false,pressure_2_error=ESP_ERR_INVALID_RESPONSE,pressure_ref_valid=false,pressure_ref_error=ESP_ERR_INVALID_RESPONSE,valid_mask=0x00,group_error=ESP_ERR_INVALID_RESPONSE

RAW_SENSOR,PRESSURE,sample=43,pressure_1_valid=false,pressure_1_error=ESP_ERR_INVALID_RESPONSE,pressure_2_valid=false,pressure_2_error=ESP_ERR_INVALID_RESPONSE,pressure_ref_valid=false,pressure_ref_error=ESP_ERR_INVALID_RESPONSE,valid_mask=0x00,group_error=ESP_ERR_INVALID_RESPONSE

RAW_SENSOR,PRESSURE,sample=44,pressure_1_valid=false,pressure_1_error=ESP_ERR_INVALID_RESPONSE,pressure_2_valid=false,pressure_2_error=ESP_ERR_INVALID_RESPONSE,pressure_ref_valid=false,pressure_ref_error=ESP_ERR_INVALID_RESPONSE,valid_mask=0x00,group_error=ESP_ERR_INVALID_RESPONSE

RAW_SENSOR,PRESSURE,sample=45,pressure_1_valid=false,pressure_1_error=ESP_ERR_INVALID_RESPONSE,pressure_2_valid=false,pressure_2_error=ESP_ERR_INVALID_RESPONSE,pressure_ref_valid=false,pressure_ref_error=ESP_ERR_INVALID_RESPONSE,valid_mask=0x00,group_error=ESP_ERR_INVALID_RESPONSE

RAW_SENSOR,PRESSURE,sample=46,pressure_1_valid=false,pressure_1_error=ESP_ERR_INVALID_RESPONSE,pressure_2_valid=false,pressure_2_error=ESP_ERR_INVALID_RESPONSE,pressure_ref_valid=false,pressure_ref_error=ESP_ERR_INVALID_RESPONSE,valid_mask=0x00,group_error=ESP_ERR_INVALID_RESPONSE

RAW_SENSOR,PRESSURE,sample=47,pressure_1_valid=false,pressure_1_error=ESP_ERR_INVALID_RESPONSE,pressure_2_valid=false,pressure_2_error=ESP_ERR_INVALID_RESPONSE,pressure_ref_valid=false,pressure_ref_error=ESP_ERR_INVALID_RESPONSE,valid_mask=0x00,group_error=ESP_ERR_INVALID_RESPONSE

RAW_SENSOR,PRESSURE,sample=48,pressure_1_valid=false,pressure_1_error=ESP_ERR_INVALID_RESPONSE,pressure_2_valid=false,pressure_2_error=ESP_ERR_INVALID_RESPONSE,pressure_ref_valid=false,pressure_ref_error=ESP_ERR_INVALID_RESPONSE,valid_mask=0x00,group_error=ESP_ERR_INVALID_RESPONSE

RAW_SENSOR,PRESSURE,sample=49,pressure_1_valid=false,pressure_1_error=ESP_ERR_INVALID_RESPONSE,pressure_2_valid=false,pressure_2_error=ESP_ERR_INVALID_RESPONSE,pressure_ref_valid=false,pressure_ref_error=ESP_ERR_INVALID_RESPONSE,valid_mask=0x00,group_error=ESP_ERR_INVALID_RESPONSE

RAW_SENSOR,PRESSURE,sample=50,pressure_1_valid=false,pressure_1_error=ESP_ERR_INVALID_RESPONSE,pressure_2_valid=false,pressure_2_error=ESP_ERR_INVALID_RESPONSE,pressure_ref_valid=false,pressure_ref_error=ESP_ERR_INVALID_RESPONSE,valid_mask=0x00,group_error=ESP_ERR_INVALID_RESPONSE

RAW_SENSOR,PRESSURE,sample=51,pressure_1_valid=false,pressure_1_error=ESP_ERR_INVALID_RESPONSE,pressure_2_valid=false,pressure_2_error=ESP_ERR_INVALID_RESPONSE,pressure_ref_valid=false,pressure_ref_error=ESP_ERR_INVALID_RESPONSE,valid_mask=0x00,group_error=ESP_ERR_INVALID_RESPONSE

RAW_SENSOR,PRESSURE,sample=52,pressure_1_valid=false,pressure_1_error=ESP_ERR_INVALID_RESPONSE,pressure_2_valid=false,pressure_2_error=ESP_ERR_INVALID_RESPONSE,pressure_ref_valid=false,pressure_ref_error=ESP_ERR_INVALID_RESPONSE,valid_mask=0x00,group_error=ESP_ERR_INVALID_RESPONSE

RAW_SENSOR,PRESSURE,sample=53,pressure_1_valid=false,pressure_1_error=ESP_ERR_INVALID_RESPONSE,pressure_2_valid=false,pressure_2_error=ESP_ERR_INVALID_RESPONSE,pressure_ref_valid=false,pressure_ref_error=ESP_ERR_INVALID_RESPONSE,valid_mask=0x00,group_error=ESP_ERR_INVALID_RESPONSE

RAW_SENSOR,PRESSURE,sample=54,pressure_1_valid=false,pressure_1_error=ESP_ERR_INVALID_RESPONSE,pressure_2_valid=false,pressure_2_error=ESP_ERR_INVALID_RESPONSE,pressure_ref_valid=false,pressure_ref_error=ESP_ERR_INVALID_RESPONSE,valid_mask=0x00,group_error=ESP_ERR_INVALID_RESPONSE

RAW_SENSOR,PRESSURE,sample=55,pressure_1_valid=false,pressure_1_error=ESP_ERR_INVALID_RESPONSE,pressure_2_valid=false,pressure_2_error=ESP_ERR_INVALID_RESPONSE,pressure_ref_valid=false,pressure_ref_error=ESP_ERR_INVALID_RESPONSE,valid_mask=0x00,group_error=ESP_ERR_INVALID_RESPONSE

RAW_SENSOR,PRESSURE,sample=56,pressure_1_valid=false,pressure_1_error=ESP_ERR_INVALID_RESPONSE,pressure_2_valid=false,pressure_2_error=ESP_ERR_INVALID_RESPONSE,pressure_ref_valid=false,pressure_ref_error=ESP_ERR_INVALID_RESPONSE,valid_mask=0x00,group_error=ESP_ERR_INVALID_RESPONSE

RAW_SENSOR,PRESSURE,sample=57,pressure_1_valid=false,pressure_1_error=ESP_ERR_INVALID_RESPONSE,pressure_2_valid=false,pressure_2_error=ESP_ERR_INVALID_RESPONSE,pressure_ref_valid=false,pressure_ref_error=ESP_ERR_INVALID_RESPONSE,valid_mask=0x00,group_error=ESP_ERR_INVALID_RESPONSE

RAW_SENSOR,PRESSURE,sample=58,pressure_1_valid=false,pressure_1_error=ESP_ERR_INVALID_RESPONSE,pressure_2_valid=false,pressure_2_error=ESP_ERR_INVALID_RESPONSE,pressure_ref_valid=false,pressure_ref_error=ESP_ERR_INVALID_RESPONSE,valid_mask=0x00,group_error=ESP_ERR_INVALID_RESPONSE

RAW_SENSOR,PRESSURE,sample=59,pressure_1_valid=false,pressure_1_error=ESP_ERR_INVALID_RESPONSE,pressure_2_valid=false,pressure_2_error=ESP_ERR_INVALID_RESPONSE,pressure_ref_valid=false,pressure_ref_error=ESP_ERR_INVALID_RESPONSE,valid_mask=0x00,group_error=ESP_ERR_INVALID_RESPONSE

RAW_SENSOR,PRESSURE,sample=60,pressure_1_valid=false,pressure_1_error=ESP_ERR_INVALID_RESPONSE,pressure_2_valid=false,pressure_2_error=ESP_ERR_INVALID_RESPONSE,pressure_ref_valid=false,pressure_ref_error=ESP_ERR_INVALID_RESPONSE,valid_mask=0x00,group_error=ESP_ERR_INVALID_RESPONSE

RAW_SENSOR,PRESSURE,sample=61,pressure_1_valid=false,pressure_1_error=ESP_ERR_INVALID_RESPONSE,pressure_2_valid=false,pressure_2_error=ESP_ERR_INVALID_RESPONSE,pressure_ref_valid=false,pressure_ref_error=ESP_ERR_INVALID_RESPONSE,valid_mask=0x00,group_error=ESP_ERR_INVALID_RESPONSE

RAW_SENSOR,PRESSURE,sample=62,pressure_1_valid=false,pressure_1_error=ESP_ERR_INVALID_RESPONSE,pressure_2_valid=false,pressure_2_error=ESP_ERR_INVALID_RESPONSE,pressure_ref_valid=false,pressure_ref_error=ESP_ERR_INVALID_RESPONSE,valid_mask=0x00,group_error=ESP_ERR_INVALID_RESPONSE

RAW_SENSOR,PRESSURE,sample=63,pressure_1_valid=false,pressure_1_error=ESP_ERR_INVALID_RESPONSE,pressure_2_valid=false,pressure_2_error=ESP_ERR_INVALID_RESPONSE,pressure_ref_valid=false,pressure_ref_error=ESP_ERR_INVALID_RESPONSE,valid_mask=0x00,group_error=ESP_ERR_INVALID_RESPONSE

RAW_SENSOR,PRESSURE,sample=64,pressure_1_valid=false,pressure_1_error=ESP_ERR_INVALID_RESPONSE,pressure_2_valid=false,pressure_2_error=ESP_ERR_INVALID_RESPONSE,pressure_ref_valid=false,pressure_ref_error=ESP_ERR_INVALID_RESPONSE,valid_mask=0x00,group_error=ESP_ERR_INVALID_RESPONSE

RAW_SENSOR,PRESSURE,sample=65,pressure_1_valid=false,pressure_1_error=ESP_ERR_INVALID_RESPONSE,pressure_2_valid=false,pressure_2_error=ESP_ERR_INVALID_RESPONSE,pressure_ref_valid=false,pressure_ref_error=ESP_ERR_INVALID_RESPONSE,valid_mask=0x00,group_error=ESP_ERR_INVALID_RESPONSE

RAW_SENSOR,PRESSURE,sample=66,pressure_1_valid=false,pressure_1_error=ESP_ERR_INVALID_RESPONSE,pressure_2_valid=false,pressure_2_error=ESP_ERR_INVALID_RESPONSE,pressure_ref_valid=false,pressure_ref_error=ESP_ERR_INVALID_RESPONSE,valid_mask=0x00,group_error=ESP_ERR_INVALID_RESPONSE

RAW_SENSOR,PRESSURE,sample=67,pressure_1_valid=false,pressure_1_error=ESP_ERR_INVALID_RESPONSE,pressure_2_valid=false,pressure_2_error=ESP_ERR_INVALID_RESPONSE,pressure_ref_valid=false,pressure_ref_error=ESP_ERR_INVALID_RESPONSE,valid_mask=0x00,group_error=ESP_ERR_INVALID_RESPONSE

RAW_SENSOR,PRESSURE,sample=68,pressure_1_valid=false,pressure_1_error=ESP_ERR_INVALID_RESPONSE,pressure_2_valid=false,pressure_2_error=ESP_ERR_INVALID_RESPONSE,pressure_ref_valid=false,pressure_ref_error=ESP_ERR_INVALID_RESPONSE,valid_mask=0x00,group_error=ESP_ERR_INVALID_RESPONSE

RAW_SENSOR,PRESSURE,sample=69,pressure_1_valid=false,pressure_1_error=ESP_ERR_INVALID_RESPONSE,pressure_2_valid=false,pressure_2_error=ESP_ERR_INVALID_RESPONSE,pressure_ref_valid=false,pressure_ref_error=ESP_ERR_INVALID_RESPONSE,valid_mask=0x00,group_error=ESP_ERR_INVALID_RESPONSE

RAW_SENSOR,PRESSURE,sample=70,pressure_1_valid=false,pressure_1_error=ESP_ERR_INVALID_RESPONSE,pressure_2_valid=false,pressure_2_error=ESP_ERR_INVALID_RESPONSE,pressure_ref_valid=false,pressure_ref_error=ESP_ERR_INVALID_RESPONSE,valid_mask=0x00,group_error=ESP_ERR_INVALID_RESPONSE

RAW_SENSOR,PRESSURE,sample=71,pressure_1_valid=false,pressure_1_error=ESP_ERR_INVALID_RESPONSE,pressure_2_valid=false,pressure_2_error=ESP_ERR_INVALID_RESPONSE,pressure_ref_valid=false,pressure_ref_error=ESP_ERR_INVALID_RESPONSE,valid_mask=0x00,group_error=ESP_ERR_INVALID_RESPONSE

RAW_SENSOR,PRESSURE,sample=72,pressure_1_valid=false,pressure_1_error=ESP_ERR_INVALID_RESPONSE,pressure_2_valid=false,pressure_2_error=ESP_ERR_INVALID_RESPONSE,pressure_ref_valid=false,pressure_ref_error=ESP_ERR_INVALID_RESPONSE,valid_mask=0x00,group_error=ESP_ERR_INVALID_RESPONSE

RAW_SENSOR,PRESSURE,sample=73,pressure_1_valid=false,pressure_1_error=ESP_ERR_INVALID_RESPONSE,pressure_2_valid=false,pressure_2_error=ESP_ERR_INVALID_RESPONSE,pressure_ref_valid=false,pressure_ref_error=ESP_ERR_INVALID_RESPONSE,valid_mask=0x00,group_error=ESP_ERR_INVALID_RESPONSE

RAW_SENSOR,PRESSURE,sample=74,pressure_1_valid=false,pressure_1_error=ESP_ERR_INVALID_RESPONSE,pressure_2_valid=false,pressure_2_error=ESP_ERR_INVALID_RESPONSE,pressure_ref_valid=false,pressure_ref_error=ESP_ERR_INVALID_RESPONSE,valid_mask=0x00,group_error=ESP_ERR_INVALID_RESPONSE

RAW_SENSOR,PRESSURE,sample=75,pressure_1_valid=false,pressure_1_error=ESP_ERR_INVALID_RESPONSE,pressure_2_valid=false,pressure_2_error=ESP_ERR_INVALID_RESPONSE,pressure_ref_valid=false,pressure_ref_error=ESP_ERR_INVALID_RESPONSE,valid_mask=0x00,group_error=ESP_ERR_INVALID_RESPONSE

RAW_SENSOR,PRESSURE,sample=76,pressure_1_valid=false,pressure_1_error=ESP_ERR_INVALID_RESPONSE,pressure_2_valid=false,pressure_2_error=ESP_ERR_INVALID_RESPONSE,pressure_ref_valid=false,pressure_ref_error=ESP_ERR_INVALID_RESPONSE,valid_mask=0x00,group_error=ESP_ERR_INVALID_RESPONSE

RAW_SENSOR,PRESSURE,sample=77,pressure_1_valid=false,pressure_1_error=ESP_ERR_INVALID_RESPONSE,pressure_2_valid=false,pressure_2_error=ESP_ERR_INVALID_RESPONSE,pressure_ref_valid=false,pressure_ref_error=ESP_ERR_INVALID_RESPONSE,valid_mask=0x00,group_error=ESP_ERR_INVALID_RESPONSE

RAW_SENSOR,PRESSURE,sample=78,pressure_1_valid=false,pressure_1_error=ESP_ERR_INVALID_RESPONSE,pressure_2_valid=false,pressure_2_error=ESP_ERR_INVALID_RESPONSE,pressure_ref_valid=false,pressure_ref_error=ESP_ERR_INVALID_RESPONSE,valid_mask=0x00,group_error=ESP_ERR_INVALID_RESPONSE

RAW_SENSOR,PRESSURE,sample=79,pressure_1_valid=false,pressure_1_error=ESP_ERR_INVALID_RESPONSE,pressure_2_valid=false,pressure_2_error=ESP_ERR_INVALID_RESPONSE,pressure_ref_valid=false,pressure_ref_error=ESP_ERR_INVALID_RESPONSE,valid_mask=0x00,group_error=ESP_ERR_INVALID_RESPONSE

RAW_SENSOR,PRESSURE,sample=80,pressure_1_valid=false,pressure_1_error=ESP_ERR_INVALID_RESPONSE,pressure_2_valid=false,pressure_2_error=ESP_ERR_INVALID_RESPONSE,pressure_ref_valid=false,pressure_ref_error=ESP_ERR_INVALID_RESPONSE,valid_mask=0x00,group_error=ESP_ERR_INVALID_RESPONSE

RAW_SENSOR,PRESSURE,sample=81,pressure_1_valid=false,pressure_1_error=ESP_ERR_INVALID_RESPONSE,pressure_2_valid=false,pressure_2_error=ESP_ERR_INVALID_RESPONSE,pressure_ref_valid=false,pressure_ref_error=ESP_ERR_INVALID_RESPONSE,valid_mask=0x00,group_error=ESP_ERR_INVALID_RESPONSE

RAW_SENSOR,PRESSURE,sample=82,pressure_1_valid=false,pressure_1_error=ESP_ERR_INVALID_RESPONSE,pressure_2_valid=false,pressure_2_error=ESP_ERR_INVALID_RESPONSE,pressure_ref_valid=false,pressure_ref_error=ESP_ERR_INVALID_RESPONSE,valid_mask=0x00,group_error=ESP_ERR_INVALID_RESPONSE

RAW_SENSOR,PRESSURE,sample=83,pressure_1_valid=false,pressure_1_error=ESP_ERR_INVALID_RESPONSE,pressure_2_valid=false,pressure_2_error=ESP_ERR_INVALID_RESPONSE,pressure_ref_valid=false,pressure_ref_error=ESP_ERR_INVALID_RESPONSE,valid_mask=0x00,group_error=ESP_ERR_INVALID_RESPONSE

RAW_SENSOR,PRESSURE,sample=84,pressure_1_valid=false,pressure_1_error=ESP_ERR_INVALID_RESPONSE,pressure_2_valid=false,pressure_2_error=ESP_ERR_INVALID_RESPONSE,pressure_ref_valid=false,pressure_ref_error=ESP_ERR_INVALID_RESPONSE,valid_mask=0x00,group_error=ESP_ERR_INVALID_RESPONSE

RAW_SENSOR,PRESSURE,sample=85,pressure_1_valid=false,pressure_1_error=ESP_ERR_INVALID_RESPONSE,pressure_2_valid=false,pressure_2_error=ESP_ERR_INVALID_RESPONSE,pressure_ref_valid=false,pressure_ref_error=ESP_ERR_INVALID_RESPONSE,valid_mask=0x00,group_error=ESP_ERR_INVALID_RESPONSE

RAW_SENSOR,PRESSURE,sample=86,pressure_1_valid=false,pressure_1_error=ESP_ERR_INVALID_RESPONSE,pressure_2_valid=false,pressure_2_error=ESP_ERR_INVALID_RESPONSE,pressure_ref_valid=false,pressure_ref_error=ESP_ERR_INVALID_RESPONSE,valid_mask=0x00,group_error=ESP_ERR_INVALID_RESPONSE

RAW_SENSOR,PRESSURE,sample=87,pressure_1_valid=false,pressure_1_error=ESP_ERR_INVALID_RESPONSE,pressure_2_valid=false,pressure_2_error=ESP_ERR_INVALID_RESPONSE,pressure_ref_valid=false,pressure_ref_error=ESP_ERR_INVALID_RESPONSE,valid_mask=0x00,group_error=ESP_ERR_INVALID_RESPONSE

RAW_SENSOR,PRESSURE,sample=88,pressure_1_valid=false,pressure_1_error=ESP_ERR_INVALID_RESPONSE,pressure_2_valid=false,pressure_2_error=ESP_ERR_INVALID_RESPONSE,pressure_ref_valid=false,pressure_ref_error=ESP_ERR_INVALID_RESPONSE,valid_mask=0x00,group_error=ESP_ERR_INVALID_RESPONSE

RAW_SENSOR,PRESSURE,sample=89,pressure_1_valid=false,pressure_1_error=ESP_ERR_INVALID_RESPONSE,pressure_2_valid=false,pressure_2_error=ESP_ERR_INVALID_RESPONSE,pressure_ref_valid=false,pressure_ref_error=ESP_ERR_INVALID_RESPONSE,valid_mask=0x00,group_error=ESP_ERR_INVALID_RESPONSE

RAW_SENSOR,PRESSURE,sample=90,pressure_1_valid=false,pressure_1_error=ESP_ERR_INVALID_RESPONSE,pressure_2_valid=false,pressure_2_error=ESP_ERR_INVALID_RESPONSE,pressure_ref_valid=false,pressure_ref_error=ESP_ERR_INVALID_RESPONSE,valid_mask=0x00,group_error=ESP_ERR_INVALID_RESPONSE

RAW_SENSOR,PRESSURE,sample=91,pressure_1_valid=false,pressure_1_error=ESP_ERR_INVALID_RESPONSE,pressure_2_valid=false,pressure_2_error=ESP_ERR_INVALID_RESPONSE,pressure_ref_valid=false,pressure_ref_error=ESP_ERR_INVALID_RESPONSE,valid_mask=0x00,group_error=ESP_ERR_INVALID_RESPONSE

RAW_SENSOR,PRESSURE,sample=92,pressure_1_valid=false,pressure_1_error=ESP_ERR_INVALID_RESPONSE,pressure_2_valid=false,pressure_2_error=ESP_ERR_INVALID_RESPONSE,pressure_ref_valid=false,pressure_ref_error=ESP_ERR_INVALID_RESPONSE,valid_mask=0x00,group_error=ESP_ERR_INVALID_RESPONSE

RAW_SENSOR,PRESSURE,sample=93,pressure_1_valid=false,pressure_1_error=ESP_ERR_INVALID_RESPONSE,pressure_2_valid=false,pressure_2_error=ESP_ERR_INVALID_RESPONSE,pressure_ref_valid=false,pressure_ref_error=ESP_ERR_INVALID_RESPONSE,valid_mask=0x00,group_error=ESP_ERR_INVALID_RESPONSE

RAW_SENSOR,PRESSURE,sample=94,pressure_1_valid=false,pressure_1_error=ESP_ERR_INVALID_RESPONSE,pressure_2_valid=false,pressure_2_error=ESP_ERR_INVALID_RESPONSE,pressure_ref_valid=false,pressure_ref_error=ESP_ERR_INVALID_RESPONSE,valid_mask=0x00,group_error=ESP_ERR_INVALID_RESPONSE

RAW_SENSOR,PRESSURE,sample=95,pressure_1_valid=false,pressure_1_error=ESP_ERR_INVALID_RESPONSE,pressure_2_valid=false,pressure_2_error=ESP_ERR_INVALID_RESPONSE,pressure_ref_valid=false,pressure_ref_error=ESP_ERR_INVALID_RESPONSE,valid_mask=0x00,group_error=ESP_ERR_INVALID_RESPONSE

RAW_SENSOR,PRESSURE,sample=96,pressure_1_valid=false,pressure_1_error=ESP_ERR_INVALID_RESPONSE,pressure_2_valid=false,pressure_2_error=ESP_ERR_INVALID_RESPONSE,pressure_ref_valid=false,pressure_ref_error=ESP_ERR_INVALID_RESPONSE,valid_mask=0x00,group_error=ESP_ERR_INVALID_RESPONSE

RAW_SENSOR,PRESSURE,sample=97,pressure_1_valid=false,pressure_1_error=ESP_ERR_INVALID_RESPONSE,pressure_2_valid=false,pressure_2_error=ESP_ERR_INVALID_RESPONSE,pressure_ref_valid=false,pressure_ref_error=ESP_ERR_INVALID_RESPONSE,valid_mask=0x00,group_error=ESP_ERR_INVALID_RESPONSE

RAW_SENSOR,PRESSURE,sample=98,pressure_1_valid=false,pressure_1_error=ESP_ERR_INVALID_RESPONSE,pressure_2_valid=false,pressure_2_error=ESP_ERR_INVALID_RESPONSE,pressure_ref_valid=false,pressure_ref_error=ESP_ERR_INVALID_RESPONSE,valid_mask=0x00,group_error=ESP_ERR_INVALID_RESPONSE

RAW_SENSOR,PRESSURE,sample=99,pressure_1_valid=false,pressure_1_error=ESP_ERR_INVALID_RESPONSE,pressure_2_valid=false,pressure_2_error=ESP_ERR_INVALID_RESPONSE,pressure_ref_valid=false,pressure_ref_error=ESP_ERR_INVALID_RESPONSE,valid_mask=0x00,group_error=ESP_ERR_INVALID_RESPONSE

./main/test_raw_sensor_outputs.c:118:test_read_pressure_sensor_raw_values:FAIL: Expected 0 to be greater than 0. Function [sensor_raw][hardware]. No valid HX710 reads; see validity/error fields above

Running test_read_all_sensor_raw_values...

RAW_SENSOR,ALL,sample=0,hall_raw=2414,pressure_1_valid=false,pressure_1_error=ESP_ERR_INVALID_RESPONSE,pressure_2_valid=false,pressure_2_error=ESP_ERR_INVALID_RESPONSE,pressure_ref_valid=false,pressure_ref_error=ESP_ERR_INVALID_RESPONSE,valid_mask=0x00,group_error=ESP_ERR_INVALID_RESPONSE

RAW_SENSOR,ALL,sample=1,hall_raw=2425,pressure_1_valid=false,pressure_1_error=ESP_ERR_INVALID_RESPONSE,pressure_2_valid=false,pressure_2_error=ESP_ERR_INVALID_RESPONSE,pressure_ref_valid=false,pressure_ref_error=ESP_ERR_INVALID_RESPONSE,valid_mask=0x00,group_error=ESP_ERR_INVALID_RESPONSE

RAW_SENSOR,ALL,sample=2,hall_raw=2426,pressure_1_valid=false,pressure_1_error=ESP_ERR_INVALID_RESPONSE,pressure_2_valid=false,pressure_2_error=ESP_ERR_INVALID_RESPONSE,pressure_ref_valid=false,pressure_ref_error=ESP_ERR_INVALID_RESPONSE,valid_mask=0x00,group_error=ESP_ERR_INVALID_RESPONSE

RAW_SENSOR,ALL,sample=3,hall_raw=2412,pressure_1_valid=false,pressure_1_error=ESP_ERR_INVALID_RESPONSE,pressure_2_valid=false,pressure_2_error=ESP_ERR_INVALID_RESPONSE,pressure_ref_valid=false,pressure_ref_error=ESP_ERR_INVALID_RESPONSE,valid_mask=0x00,group_error=ESP_ERR_INVALID_RESPONSE

RAW_SENSOR,ALL,sample=4,hall_raw=2428,pressure_1_valid=false,pressure_1_error=ESP_ERR_INVALID_RESPONSE,pressure_2_valid=false,pressure_2_error=ESP_ERR_INVALID_RESPONSE,pressure_ref_valid=false,pressure_ref_error=ESP_ERR_INVALID_RESPONSE,valid_mask=0x00,group_error=ESP_ERR_INVALID_RESPONSE

RAW_SENSOR,ALL,sample=5,hall_raw=2425,pressure_1_valid=false,pressure_1_error=ESP_ERR_INVALID_RESPONSE,pressure_2_valid=false,pressure_2_error=ESP_ERR_INVALID_RESPONSE,pressure_ref_valid=false,pressure_ref_error=ESP_ERR_INVALID_RESPONSE,valid_mask=0x00,group_error=ESP_ERR_INVALID_RESPONSE

RAW_SENSOR,ALL,sample=6,hall_raw=2426,pressure_1_valid=false,pressure_1_error=ESP_ERR_INVALID_RESPONSE,pressure_2_valid=false,pressure_2_error=ESP_ERR_INVALID_RESPONSE,pressure_ref_valid=false,pressure_ref_error=ESP_ERR_INVALID_RESPONSE,valid_mask=0x00,group_error=ESP_ERR_INVALID_RESPONSE

RAW_SENSOR,ALL,sample=7,hall_raw=2426,pressure_1_valid=false,pressure_1_error=ESP_ERR_INVALID_RESPONSE,pressure_2_valid=false,pressure_2_error=ESP_ERR_INVALID_RESPONSE,pressure_ref_valid=false,pressure_ref_error=ESP_ERR_INVALID_RESPONSE,valid_mask=0x00,group_error=ESP_ERR_INVALID_RESPONSE

RAW_SENSOR,ALL,sample=8,hall_raw=2426,pressure_1_valid=false,pressure_1_error=ESP_ERR_INVALID_RESPONSE,pressure_2_valid=false,pressure_2_error=ESP_ERR_INVALID_RESPONSE,pressure_ref_valid=false,pressure_ref_error=ESP_ERR_INVALID_RESPONSE,valid_mask=0x00,group_error=ESP_ERR_INVALID_RESPONSE

RAW_SENSOR,ALL,sample=9,hall_raw=2426,pressure_1_valid=false,pressure_1_error=ESP_ERR_INVALID_RESPONSE,pressure_2_valid=false,pressure_2_error=ESP_ERR_INVALID_RESPONSE,pressure_ref_valid=false,pressure_ref_error=ESP_ERR_INVALID_RESPONSE,valid_mask=0x00,group_error=ESP_ERR_INVALID_RESPONSE

RAW_SENSOR,ALL,sample=10,hall_raw=2414,pressure_1_valid=false,pressure_1_error=ESP_ERR_INVALID_RESPONSE,pressure_2_valid=false,pressure_2_error=ESP_ERR_INVALID_RESPONSE,pressure_ref_valid=false,pressure_ref_error=ESP_ERR_INVALID_RESPONSE,valid_mask=0x00,group_error=ESP_ERR_INVALID_RESPONSE

RAW_SENSOR,ALL,sample=11,hall_raw=2425,pressure_1_valid=false,pressure_1_error=ESP_ERR_INVALID_RESPONSE,pressure_2_valid=false,pressure_2_error=ESP_ERR_INVALID_RESPONSE,pressure_ref_valid=false,pressure_ref_error=ESP_ERR_INVALID_RESPONSE,valid_mask=0x00,group_error=ESP_ERR_INVALID_RESPONSE

RAW_SENSOR,ALL,sample=12,hall_raw=2415,pressure_1_valid=false,pressure_1_error=ESP_ERR_INVALID_RESPONSE,pressure_2_valid=false,pressure_2_error=ESP_ERR_INVALID_RESPONSE,pressure_ref_valid=false,pressure_ref_error=ESP_ERR_INVALID_RESPONSE,valid_mask=0x00,group_error=ESP_ERR_INVALID_RESPONSE

RAW_SENSOR,ALL,sample=13,hall_raw=2408,pressure_1_valid=false,pressure_1_error=ESP_ERR_INVALID_RESPONSE,pressure_2_valid=false,pressure_2_error=ESP_ERR_INVALID_RESPONSE,pressure_ref_valid=false,pressure_ref_error=ESP_ERR_INVALID_RESPONSE,valid_mask=0x00,group_error=ESP_ERR_INVALID_RESPONSE

RAW_SENSOR,ALL,sample=14,hall_raw=2425,pressure_1_valid=false,pressure_1_error=ESP_ERR_INVALID_RESPONSE,pressure_2_valid=false,pressure_2_error=ESP_ERR_INVALID_RESPONSE,pressure_ref_valid=false,pressure_ref_error=ESP_ERR_INVALID_RESPONSE,valid_mask=0x00,group_error=ESP_ERR_INVALID_RESPONSE

RAW_SENSOR,ALL,sample=15,hall_raw=2427,pressure_1_valid=false,pressure_1_error=ESP_ERR_INVALID_RESPONSE,pressure_2_valid=false,pressure_2_error=ESP_ERR_INVALID_RESPONSE,pressure_ref_valid=false,pressure_ref_error=ESP_ERR_INVALID_RESPONSE,valid_mask=0x00,group_error=ESP_ERR_INVALID_RESPONSE

RAW_SENSOR,ALL,sample=16,hall_raw=2426,pressure_1_valid=false,pressure_1_error=ESP_ERR_INVALID_RESPONSE,pressure_2_valid=false,pressure_2_error=ESP_ERR_INVALID_RESPONSE,pressure_ref_valid=false,pressure_ref_error=ESP_ERR_INVALID_RESPONSE,valid_mask=0x00,group_error=ESP_ERR_INVALID_RESPONSE

RAW_SENSOR,ALL,sample=17,hall_raw=2427,pressure_1_valid=false,pressure_1_error=ESP_ERR_INVALID_RESPONSE,pressure_2_valid=false,pressure_2_error=ESP_ERR_INVALID_RESPONSE,pressure_ref_valid=false,pressure_ref_error=ESP_ERR_INVALID_RESPONSE,valid_mask=0x00,group_error=ESP_ERR_INVALID_RESPONSE

RAW_SENSOR,ALL,sample=18,hall_raw=2426,pressure_1_valid=false,pressure_1_error=ESP_ERR_INVALID_RESPONSE,pressure_2_valid=false,pressure_2_error=ESP_ERR_INVALID_RESPONSE,pressure_ref_valid=false,pressure_ref_error=ESP_ERR_INVALID_RESPONSE,valid_mask=0x00,group_error=ESP_ERR_INVALID_RESPONSE

RAW_SENSOR,ALL,sample=19,hall_raw=2425,pressure_1_valid=false,pressure_1_error=ESP_ERR_INVALID_RESPONSE,pressure_2_valid=false,pressure_2_error=ESP_ERR_INVALID_RESPONSE,pressure_ref_valid=false,pressure_ref_error=ESP_ERR_INVALID_RESPONSE,valid_mask=0x00,group_error=ESP_ERR_INVALID_RESPONSE

RAW_SENSOR,ALL,sample=20,hall_raw=2424,pressure_1_valid=false,pressure_1_error=ESP_ERR_INVALID_RESPONSE,pressure_2_valid=false,pressure_2_error=ESP_ERR_INVALID_RESPONSE,pressure_ref_valid=false,pressure_ref_error=ESP_ERR_INVALID_RESPONSE,valid_mask=0x00,group_error=ESP_ERR_INVALID_RESPONSE

RAW_SENSOR,ALL,sample=21,hall_raw=2411,pressure_1_valid=false,pressure_1_error=ESP_ERR_INVALID_RESPONSE,pressure_2_valid=false,pressure_2_error=ESP_ERR_INVALID_RESPONSE,pressure_ref_valid=false,pressure_ref_error=ESP_ERR_INVALID_RESPONSE,valid_mask=0x00,group_error=ESP_ERR_INVALID_RESPONSE

RAW_SENSOR,ALL,sample=22,hall_raw=2425,pressure_1_valid=false,pressure_1_error=ESP_ERR_INVALID_RESPONSE,pressure_2_valid=false,pressure_2_error=ESP_ERR_INVALID_RESPONSE,pressure_ref_valid=false,pressure_ref_error=ESP_ERR_INVALID_RESPONSE,valid_mask=0x00,group_error=ESP_ERR_INVALID_RESPONSE

RAW_SENSOR,ALL,sample=23,hall_raw=2413,pressure_1_valid=false,pressure_1_error=ESP_ERR_INVALID_RESPONSE,pressure_2_valid=false,pressure_2_error=ESP_ERR_INVALID_RESPONSE,pressure_ref_valid=false,pressure_ref_error=ESP_ERR_INVALID_RESPONSE,valid_mask=0x00,group_error=ESP_ERR_INVALID_RESPONSE

RAW_SENSOR,ALL,sample=24,hall_raw=2425,pressure_1_valid=false,pressure_1_error=ESP_ERR_INVALID_RESPONSE,pressure_2_valid=false,pressure_2_error=ESP_ERR_INVALID_RESPONSE,pressure_ref_valid=false,pressure_ref_error=ESP_ERR_INVALID_RESPONSE,valid_mask=0x00,group_error=ESP_ERR_INVALID_RESPONSE

RAW_SENSOR,ALL,sample=25,hall_raw=2428,pressure_1_valid=false,pressure_1_error=ESP_ERR_INVALID_RESPONSE,pressure_2_valid=false,pressure_2_error=ESP_ERR_INVALID_RESPONSE,pressure_ref_valid=false,pressure_ref_error=ESP_ERR_INVALID_RESPONSE,valid_mask=0x00,group_error=ESP_ERR_INVALID_RESPONSE

RAW_SENSOR,ALL,sample=26,hall_raw=2425,pressure_1_valid=false,pressure_1_error=ESP_ERR_INVALID_RESPONSE,pressure_2_valid=false,pressure_2_error=ESP_ERR_INVALID_RESPONSE,pressure_ref_valid=false,pressure_ref_error=ESP_ERR_INVALID_RESPONSE,valid_mask=0x00,group_error=ESP_ERR_INVALID_RESPONSE

RAW_SENSOR,ALL,sample=27,hall_raw=2424,pressure_1_valid=false,pressure_1_error=ESP_ERR_INVALID_RESPONSE,pressure_2_valid=false,pressure_2_error=ESP_ERR_INVALID_RESPONSE,pressure_ref_valid=false,pressure_ref_error=ESP_ERR_INVALID_RESPONSE,valid_mask=0x00,group_error=ESP_ERR_INVALID_RESPONSE

RAW_SENSOR,ALL,sample=28,hall_raw=2427,pressure_1_valid=false,pressure_1_error=ESP_ERR_INVALID_RESPONSE,pressure_2_valid=false,pressure_2_error=ESP_ERR_INVALID_RESPONSE,pressure_ref_valid=false,pressure_ref_error=ESP_ERR_INVALID_RESPONSE,valid_mask=0x00,group_error=ESP_ERR_INVALID_RESPONSE

RAW_SENSOR,ALL,sample=29,hall_raw=2424,pressure_1_valid=false,pressure_1_error=ESP_ERR_INVALID_RESPONSE,pressure_2_valid=false,pressure_2_error=ESP_ERR_INVALID_RESPONSE,pressure_ref_valid=false,pressure_ref_error=ESP_ERR_INVALID_RESPONSE,valid_mask=0x00,group_error=ESP_ERR_INVALID_RESPONSE

RAW_SENSOR,ALL,sample=30,hall_raw=2426,pressure_1_valid=false,pressure_1_error=ESP_ERR_INVALID_RESPONSE,pressure_2_valid=false,pressure_2_error=ESP_ERR_INVALID_RESPONSE,pressure_ref_valid=false,pressure_ref_error=ESP_ERR_INVALID_RESPONSE,valid_mask=0x00,group_error=ESP_ERR_INVALID_RESPONSE

RAW_SENSOR,ALL,sample=31,hall_raw=2425,pressure_1_valid=false,pressure_1_error=ESP_ERR_INVALID_RESPONSE,pressure_2_valid=false,pressure_2_error=ESP_ERR_INVALID_RESPONSE,pressure_ref_valid=false,pressure_ref_error=ESP_ERR_INVALID_RESPONSE,valid_mask=0x00,group_error=ESP_ERR_INVALID_RESPONSE

RAW_SENSOR,ALL,sample=32,hall_raw=2423,pressure_1_valid=false,pressure_1_error=ESP_ERR_INVALID_RESPONSE,pressure_2_valid=false,pressure_2_error=ESP_ERR_INVALID_RESPONSE,pressure_ref_valid=false,pressure_ref_error=ESP_ERR_INVALID_RESPONSE,valid_mask=0x00,group_error=ESP_ERR_INVALID_RESPONSE

RAW_SENSOR,ALL,sample=33,hall_raw=2426,pressure_1_valid=false,pressure_1_error=ESP_ERR_INVALID_RESPONSE,pressure_2_valid=false,pressure_2_error=ESP_ERR_INVALID_RESPONSE,pressure_ref_valid=false,pressure_ref_error=ESP_ERR_INVALID_RESPONSE,valid_mask=0x00,group_error=ESP_ERR_INVALID_RESPONSE

RAW_SENSOR,ALL,sample=34,hall_raw=2413,pressure_1_valid=false,pressure_1_error=ESP_ERR_INVALID_RESPONSE,pressure_2_valid=false,pressure_2_error=ESP_ERR_INVALID_RESPONSE,pressure_ref_valid=false,pressure_ref_error=ESP_ERR_INVALID_RESPONSE,valid_mask=0x00,group_error=ESP_ERR_INVALID_RESPONSE

RAW_SENSOR,ALL,sample=35,hall_raw=2441,pressure_1_valid=false,pressure_1_error=ESP_ERR_INVALID_RESPONSE,pressure_2_valid=false,pressure_2_error=ESP_ERR_INVALID_RESPONSE,pressure_ref_valid=false,pressure_ref_error=ESP_ERR_INVALID_RESPONSE,valid_mask=0x00,group_error=ESP_ERR_INVALID_RESPONSE

RAW_SENSOR,ALL,sample=36,hall_raw=2425,pressure_1_valid=false,pressure_1_error=ESP_ERR_INVALID_RESPONSE,pressure_2_valid=false,pressure_2_error=ESP_ERR_INVALID_RESPONSE,pressure_ref_valid=false,pressure_ref_error=ESP_ERR_INVALID_RESPONSE,valid_mask=0x00,group_error=ESP_ERR_INVALID_RESPONSE

RAW_SENSOR,ALL,sample=37,hall_raw=2427,pressure_1_valid=false,pressure_1_error=ESP_ERR_INVALID_RESPONSE,pressure_2_valid=false,pressure_2_error=ESP_ERR_INVALID_RESPONSE,pressure_ref_valid=false,pressure_ref_error=ESP_ERR_INVALID_RESPONSE,valid_mask=0x00,group_error=ESP_ERR_INVALID_RESPONSE

RAW_SENSOR,ALL,sample=38,hall_raw=2424,pressure_1_valid=false,pressure_1_error=ESP_ERR_INVALID_RESPONSE,pressure_2_valid=false,pressure_2_error=ESP_ERR_INVALID_RESPONSE,pressure_ref_valid=false,pressure_ref_error=ESP_ERR_INVALID_RESPONSE,valid_mask=0x00,group_error=ESP_ERR_INVALID_RESPONSE

RAW_SENSOR,ALL,sample=39,hall_raw=2426,pressure_1_valid=false,pressure_1_error=ESP_ERR_INVALID_RESPONSE,pressure_2_valid=false,pressure_2_error=ESP_ERR_INVALID_RESPONSE,pressure_ref_valid=false,pressure_ref_error=ESP_ERR_INVALID_RESPONSE,valid_mask=0x00,group_error=ESP_ERR_INVALID_RESPONSE

RAW_SENSOR,ALL,sample=40,hall_raw=2424,pressure_1_valid=false,pressure_1_error=ESP_ERR_INVALID_RESPONSE,pressure_2_valid=false,pressure_2_error=ESP_ERR_INVALID_RESPONSE,pressure_ref_valid=false,pressure_ref_error=ESP_ERR_INVALID_RESPONSE,valid_mask=0x00,group_error=ESP_ERR_INVALID_RESPONSE

RAW_SENSOR,ALL,sample=41,hall_raw=2426,pressure_1_valid=false,pressure_1_error=ESP_ERR_INVALID_RESPONSE,pressure_2_valid=false,pressure_2_error=ESP_ERR_INVALID_RESPONSE,pressure_ref_valid=false,pressure_ref_error=ESP_ERR_INVALID_RESPONSE,valid_mask=0x00,group_error=ESP_ERR_INVALID_RESPONSE

RAW_SENSOR,ALL,sample=42,hall_raw=2425,pressure_1_valid=false,pressure_1_error=ESP_ERR_INVALID_RESPONSE,pressure_2_valid=false,pressure_2_error=ESP_ERR_INVALID_RESPONSE,pressure_ref_valid=false,pressure_ref_error=ESP_ERR_INVALID_RESPONSE,valid_mask=0x00,group_error=ESP_ERR_INVALID_RESPONSE

RAW_SENSOR,ALL,sample=43,hall_raw=2425,pressure_1_valid=false,pressure_1_error=ESP_ERR_INVALID_RESPONSE,pressure_2_valid=false,pressure_2_error=ESP_ERR_INVALID_RESPONSE,pressure_ref_valid=false,pressure_ref_error=ESP_ERR_INVALID_RESPONSE,valid_mask=0x00,group_error=ESP_ERR_INVALID_RESPONSE

RAW_SENSOR,ALL,sample=44,hall_raw=2424,pressure_1_valid=false,pressure_1_error=ESP_ERR_INVALID_RESPONSE,pressure_2_valid=false,pressure_2_error=ESP_ERR_INVALID_RESPONSE,pressure_ref_valid=false,pressure_ref_error=ESP_ERR_INVALID_RESPONSE,valid_mask=0x00,group_error=ESP_ERR_INVALID_RESPONSE

RAW_SENSOR,ALL,sample=45,hall_raw=2425,pressure_1_valid=false,pressure_1_error=ESP_ERR_INVALID_RESPONSE,pressure_2_valid=false,pressure_2_error=ESP_ERR_INVALID_RESPONSE,pressure_ref_valid=false,pressure_ref_error=ESP_ERR_INVALID_RESPONSE,valid_mask=0x00,group_error=ESP_ERR_INVALID_RESPONSE

RAW_SENSOR,ALL,sample=46,hall_raw=2426,pressure_1_valid=false,pressure_1_error=ESP_ERR_INVALID_RESPONSE,pressure_2_valid=false,pressure_2_error=ESP_ERR_INVALID_RESPONSE,pressure_ref_valid=false,pressure_ref_error=ESP_ERR_INVALID_RESPONSE,valid_mask=0x00,group_error=ESP_ERR_INVALID_RESPONSE

RAW_SENSOR,ALL,sample=47,hall_raw=2425,pressure_1_valid=false,pressure_1_error=ESP_ERR_INVALID_RESPONSE,pressure_2_valid=false,pressure_2_error=ESP_ERR_INVALID_RESPONSE,pressure_ref_valid=false,pressure_ref_error=ESP_ERR_INVALID_RESPONSE,valid_mask=0x00,group_error=ESP_ERR_INVALID_RESPONSE

RAW_SENSOR,ALL,sample=48,hall_raw=2424,pressure_1_valid=false,pressure_1_error=ESP_ERR_INVALID_RESPONSE,pressure_2_valid=false,pressure_2_error=ESP_ERR_INVALID_RESPONSE,pressure_ref_valid=false,pressure_ref_error=ESP_ERR_INVALID_RESPONSE,valid_mask=0x00,group_error=ESP_ERR_INVALID_RESPONSE

RAW_SENSOR,ALL,sample=49,hall_raw=2416,pressure_1_valid=false,pressure_1_error=ESP_ERR_INVALID_RESPONSE,pressure_2_valid=false,pressure_2_error=ESP_ERR_INVALID_RESPONSE,pressure_ref_valid=false,pressure_ref_error=ESP_ERR_INVALID_RESPONSE,valid_mask=0x00,group_error=ESP_ERR_INVALID_RESPONSE

RAW_SENSOR,ALL,sample=50,hall_raw=2415,pressure_1_valid=false,pressure_1_error=ESP_ERR_INVALID_RESPONSE,pressure_2_valid=false,pressure_2_error=ESP_ERR_INVALID_RESPONSE,pressure_ref_valid=false,pressure_ref_error=ESP_ERR_INVALID_RESPONSE,valid_mask=0x00,group_error=ESP_ERR_INVALID_RESPONSE

RAW_SENSOR,ALL,sample=51,hall_raw=2413,pressure_1_valid=false,pressure_1_error=ESP_ERR_INVALID_RESPONSE,pressure_2_valid=false,pressure_2_error=ESP_ERR_INVALID_RESPONSE,pressure_ref_valid=false,pressure_ref_error=ESP_ERR_INVALID_RESPONSE,valid_mask=0x00,group_error=ESP_ERR_INVALID_RESPONSE

RAW_SENSOR,ALL,sample=52,hall_raw=2425,pressure_1_valid=false,pressure_1_error=ESP_ERR_INVALID_RESPONSE,pressure_2_valid=false,pressure_2_error=ESP_ERR_INVALID_RESPONSE,pressure_ref_valid=false,pressure_ref_error=ESP_ERR_INVALID_RESPONSE,valid_mask=0x00,group_error=ESP_ERR_INVALID_RESPONSE

RAW_SENSOR,ALL,sample=53,hall_raw=2424,pressure_1_valid=false,pressure_1_error=ESP_ERR_INVALID_RESPONSE,pressure_2_valid=false,pressure_2_error=ESP_ERR_INVALID_RESPONSE,pressure_ref_valid=false,pressure_ref_error=ESP_ERR_INVALID_RESPONSE,valid_mask=0x00,group_error=ESP_ERR_INVALID_RESPONSE

RAW_SENSOR,ALL,sample=54,hall_raw=2423,pressure_1_valid=false,pressure_1_error=ESP_ERR_INVALID_RESPONSE,pressure_2_valid=false,pressure_2_error=ESP_ERR_INVALID_RESPONSE,pressure_ref_valid=false,pressure_ref_error=ESP_ERR_INVALID_RESPONSE,valid_mask=0x00,group_error=ESP_ERR_INVALID_RESPONSE

RAW_SENSOR,ALL,sample=55,hall_raw=2425,pressure_1_valid=false,pressure_1_error=ESP_ERR_INVALID_RESPONSE,pressure_2_valid=false,pressure_2_error=ESP_ERR_INVALID_RESPONSE,pressure_ref_valid=false,pressure_ref_error=ESP_ERR_INVALID_RESPONSE,valid_mask=0x00,group_error=ESP_ERR_INVALID_RESPONSE

RAW_SENSOR,ALL,sample=56,hall_raw=2425,pressure_1_valid=false,pressure_1_error=ESP_ERR_INVALID_RESPONSE,pressure_2_valid=false,pressure_2_error=ESP_ERR_INVALID_RESPONSE,pressure_ref_valid=false,pressure_ref_error=ESP_ERR_INVALID_RESPONSE,valid_mask=0x00,group_error=ESP_ERR_INVALID_RESPONSE

RAW_SENSOR,ALL,sample=57,hall_raw=2414,pressure_1_valid=false,pressure_1_error=ESP_ERR_INVALID_RESPONSE,pressure_2_valid=false,pressure_2_error=ESP_ERR_INVALID_RESPONSE,pressure_ref_valid=false,pressure_ref_error=ESP_ERR_INVALID_RESPONSE,valid_mask=0x00,group_error=ESP_ERR_INVALID_RESPONSE

RAW_SENSOR,ALL,sample=58,hall_raw=2426,pressure_1_valid=false,pressure_1_error=ESP_ERR_INVALID_RESPONSE,pressure_2_valid=false,pressure_2_error=ESP_ERR_INVALID_RESPONSE,pressure_ref_valid=false,pressure_ref_error=ESP_ERR_INVALID_RESPONSE,valid_mask=0x00,group_error=ESP_ERR_INVALID_RESPONSE

RAW_SENSOR,ALL,sample=59,hall_raw=2416,pressure_1_valid=false,pressure_1_error=ESP_ERR_INVALID_RESPONSE,pressure_2_valid=false,pressure_2_error=ESP_ERR_INVALID_RESPONSE,pressure_ref_valid=false,pressure_ref_error=ESP_ERR_INVALID_RESPONSE,valid_mask=0x00,group_error=ESP_ERR_INVALID_RESPONSE

RAW_SENSOR,ALL,sample=60,hall_raw=2425,pressure_1_valid=false,pressure_1_error=ESP_ERR_INVALID_RESPONSE,pressure_2_valid=false,pressure_2_error=ESP_ERR_INVALID_RESPONSE,pressure_ref_valid=false,pressure_ref_error=ESP_ERR_INVALID_RESPONSE,valid_mask=0x00,group_error=ESP_ERR_INVALID_RESPONSE

RAW_SENSOR,ALL,sample=61,hall_raw=2425,pressure_1_valid=false,pressure_1_error=ESP_ERR_INVALID_RESPONSE,pressure_2_valid=false,pressure_2_error=ESP_ERR_INVALID_RESPONSE,pressure_ref_valid=false,pressure_ref_error=ESP_ERR_INVALID_RESPONSE,valid_mask=0x00,group_error=ESP_ERR_INVALID_RESPONSE

RAW_SENSOR,ALL,sample=62,hall_raw=2423,pressure_1_valid=false,pressure_1_error=ESP_ERR_INVALID_RESPONSE,pressure_2_valid=false,pressure_2_error=ESP_ERR_INVALID_RESPONSE,pressure_ref_valid=false,pressure_ref_error=ESP_ERR_INVALID_RESPONSE,valid_mask=0x00,group_error=ESP_ERR_INVALID_RESPONSE

RAW_SENSOR,ALL,sample=63,hall_raw=2425,pressure_1_valid=false,pressure_1_error=ESP_ERR_INVALID_RESPONSE,pressure_2_valid=false,pressure_2_error=ESP_ERR_INVALID_RESPONSE,pressure_ref_valid=false,pressure_ref_error=ESP_ERR_INVALID_RESPONSE,valid_mask=0x00,group_error=ESP_ERR_INVALID_RESPONSE

RAW_SENSOR,ALL,sample=64,hall_raw=2414,pressure_1_valid=false,pressure_1_error=ESP_ERR_INVALID_RESPONSE,pressure_2_valid=false,pressure_2_error=ESP_ERR_INVALID_RESPONSE,pressure_ref_valid=false,pressure_ref_error=ESP_ERR_INVALID_RESPONSE,valid_mask=0x00,group_error=ESP_ERR_INVALID_RESPONSE

RAW_SENSOR,ALL,sample=65,hall_raw=2424,pressure_1_valid=false,pressure_1_error=ESP_ERR_INVALID_RESPONSE,pressure_2_valid=false,pressure_2_error=ESP_ERR_INVALID_RESPONSE,pressure_ref_valid=false,pressure_ref_error=ESP_ERR_INVALID_RESPONSE,valid_mask=0x00,group_error=ESP_ERR_INVALID_RESPONSE

RAW_SENSOR,ALL,sample=66,hall_raw=2425,pressure_1_valid=false,pressure_1_error=ESP_ERR_INVALID_RESPONSE,pressure_2_valid=false,pressure_2_error=ESP_ERR_INVALID_RESPONSE,pressure_ref_valid=false,pressure_ref_error=ESP_ERR_INVALID_RESPONSE,valid_mask=0x00,group_error=ESP_ERR_INVALID_RESPONSE

RAW_SENSOR,ALL,sample=67,hall_raw=2428,pressure_1_valid=false,pressure_1_error=ESP_ERR_INVALID_RESPONSE,pressure_2_valid=false,pressure_2_error=ESP_ERR_INVALID_RESPONSE,pressure_ref_valid=false,pressure_ref_error=ESP_ERR_INVALID_RESPONSE,valid_mask=0x00,group_error=ESP_ERR_INVALID_RESPONSE

RAW_SENSOR,ALL,sample=68,hall_raw=2425,pressure_1_valid=false,pressure_1_error=ESP_ERR_INVALID_RESPONSE,pressure_2_valid=false,pressure_2_error=ESP_ERR_INVALID_RESPONSE,pressure_ref_valid=false,pressure_ref_error=ESP_ERR_INVALID_RESPONSE,valid_mask=0x00,group_error=ESP_ERR_INVALID_RESPONSE

RAW_SENSOR,ALL,sample=69,hall_raw=2427,pressure_1_valid=false,pressure_1_error=ESP_ERR_INVALID_RESPONSE,pressure_2_valid=false,pressure_2_error=ESP_ERR_INVALID_RESPONSE,pressure_ref_valid=false,pressure_ref_error=ESP_ERR_INVALID_RESPONSE,valid_mask=0x00,group_error=ESP_ERR_INVALID_RESPONSE

RAW_SENSOR,ALL,sample=70,hall_raw=2425,pressure_1_valid=false,pressure_1_error=ESP_ERR_INVALID_RESPONSE,pressure_2_valid=false,pressure_2_error=ESP_ERR_INVALID_RESPONSE,pressure_ref_valid=false,pressure_ref_error=ESP_ERR_INVALID_RESPONSE,valid_mask=0x00,group_error=ESP_ERR_INVALID_RESPONSE

RAW_SENSOR,ALL,sample=71,hall_raw=2426,pressure_1_valid=false,pressure_1_error=ESP_ERR_INVALID_RESPONSE,pressure_2_valid=false,pressure_2_error=ESP_ERR_INVALID_RESPONSE,pressure_ref_valid=false,pressure_ref_error=ESP_ERR_INVALID_RESPONSE,valid_mask=0x00,group_error=ESP_ERR_INVALID_RESPONSE

RAW_SENSOR,ALL,sample=72,hall_raw=2423,pressure_1_valid=false,pressure_1_error=ESP_ERR_INVALID_RESPONSE,pressure_2_valid=false,pressure_2_error=ESP_ERR_INVALID_RESPONSE,pressure_ref_valid=false,pressure_ref_error=ESP_ERR_INVALID_RESPONSE,valid_mask=0x00,group_error=ESP_ERR_INVALID_RESPONSE

RAW_SENSOR,ALL,sample=73,hall_raw=2424,pressure_1_valid=false,pressure_1_error=ESP_ERR_INVALID_RESPONSE,pressure_2_valid=false,pressure_2_error=ESP_ERR_INVALID_RESPONSE,pressure_ref_valid=false,pressure_ref_error=ESP_ERR_INVALID_RESPONSE,valid_mask=0x00,group_error=ESP_ERR_INVALID_RESPONSE

RAW_SENSOR,ALL,sample=74,hall_raw=2426,pressure_1_valid=false,pressure_1_error=ESP_ERR_INVALID_RESPONSE,pressure_2_valid=false,pressure_2_error=ESP_ERR_INVALID_RESPONSE,pressure_ref_valid=false,pressure_ref_error=ESP_ERR_INVALID_RESPONSE,valid_mask=0x00,group_error=ESP_ERR_INVALID_RESPONSE

RAW_SENSOR,ALL,sample=75,hall_raw=2425,pressure_1_valid=false,pressure_1_error=ESP_ERR_INVALID_RESPONSE,pressure_2_valid=false,pressure_2_error=ESP_ERR_INVALID_RESPONSE,pressure_ref_valid=false,pressure_ref_error=ESP_ERR_INVALID_RESPONSE,valid_mask=0x00,group_error=ESP_ERR_INVALID_RESPONSE

RAW_SENSOR,ALL,sample=76,hall_raw=2425,pressure_1_valid=false,pressure_1_error=ESP_ERR_INVALID_RESPONSE,pressure_2_valid=false,pressure_2_error=ESP_ERR_INVALID_RESPONSE,pressure_ref_valid=false,pressure_ref_error=ESP_ERR_INVALID_RESPONSE,valid_mask=0x00,group_error=ESP_ERR_INVALID_RESPONSE

RAW_SENSOR,ALL,sample=77,hall_raw=2425,pressure_1_valid=false,pressure_1_error=ESP_ERR_INVALID_RESPONSE,pressure_2_valid=false,pressure_2_error=ESP_ERR_INVALID_RESPONSE,pressure_ref_valid=false,pressure_ref_error=ESP_ERR_INVALID_RESPONSE,valid_mask=0x00,group_error=ESP_ERR_INVALID_RESPONSE

RAW_SENSOR,ALL,sample=78,hall_raw=2425,pressure_1_valid=false,pressure_1_error=ESP_ERR_INVALID_RESPONSE,pressure_2_valid=false,pressure_2_error=ESP_ERR_INVALID_RESPONSE,pressure_ref_valid=false,pressure_ref_error=ESP_ERR_INVALID_RESPONSE,valid_mask=0x00,group_error=ESP_ERR_INVALID_RESPONSE

RAW_SENSOR,ALL,sample=79,hall_raw=2424,pressure_1_valid=false,pressure_1_error=ESP_ERR_INVALID_RESPONSE,pressure_2_valid=false,pressure_2_error=ESP_ERR_INVALID_RESPONSE,pressure_ref_valid=false,pressure_ref_error=ESP_ERR_INVALID_RESPONSE,valid_mask=0x00,group_error=ESP_ERR_INVALID_RESPONSE

RAW_SENSOR,ALL,sample=80,hall_raw=2425,pressure_1_valid=false,pressure_1_error=ESP_ERR_INVALID_RESPONSE,pressure_2_valid=false,pressure_2_error=ESP_ERR_INVALID_RESPONSE,pressure_ref_valid=false,pressure_ref_error=ESP_ERR_INVALID_RESPONSE,valid_mask=0x00,group_error=ESP_ERR_INVALID_RESPONSE

RAW_SENSOR,ALL,sample=81,hall_raw=2424,pressure_1_valid=false,pressure_1_error=ESP_ERR_INVALID_RESPONSE,pressure_2_valid=false,pressure_2_error=ESP_ERR_INVALID_RESPONSE,pressure_ref_valid=false,pressure_ref_error=ESP_ERR_INVALID_RESPONSE,valid_mask=0x00,group_error=ESP_ERR_INVALID_RESPONSE

RAW_SENSOR,ALL,sample=82,hall_raw=2426,pressure_1_valid=false,pressure_1_error=ESP_ERR_INVALID_RESPONSE,pressure_2_valid=false,pressure_2_error=ESP_ERR_INVALID_RESPONSE,pressure_ref_valid=false,pressure_ref_error=ESP_ERR_INVALID_RESPONSE,valid_mask=0x00,group_error=ESP_ERR_INVALID_RESPONSE

RAW_SENSOR,ALL,sample=83,hall_raw=2426,pressure_1_valid=false,pressure_1_error=ESP_ERR_INVALID_RESPONSE,pressure_2_valid=false,pressure_2_error=ESP_ERR_INVALID_RESPONSE,pressure_ref_valid=false,pressure_ref_error=ESP_ERR_INVALID_RESPONSE,valid_mask=0x00,group_error=ESP_ERR_INVALID_RESPONSE

RAW_SENSOR,ALL,sample=84,hall_raw=2428,pressure_1_valid=false,pressure_1_error=ESP_ERR_INVALID_RESPONSE,pressure_2_valid=false,pressure_2_error=ESP_ERR_INVALID_RESPONSE,pressure_ref_valid=false,pressure_ref_error=ESP_ERR_INVALID_RESPONSE,valid_mask=0x00,group_error=ESP_ERR_INVALID_RESPONSE

RAW_SENSOR,ALL,sample=85,hall_raw=2425,pressure_1_valid=false,pressure_1_error=ESP_ERR_INVALID_RESPONSE,pressure_2_valid=false,pressure_2_error=ESP_ERR_INVALID_RESPONSE,pressure_ref_valid=false,pressure_ref_error=ESP_ERR_INVALID_RESPONSE,valid_mask=0x00,group_error=ESP_ERR_INVALID_RESPONSE

RAW_SENSOR,ALL,sample=86,hall_raw=2413,pressure_1_valid=false,pressure_1_error=ESP_ERR_INVALID_RESPONSE,pressure_2_valid=false,pressure_2_error=ESP_ERR_INVALID_RESPONSE,pressure_ref_valid=false,pressure_ref_error=ESP_ERR_INVALID_RESPONSE,valid_mask=0x00,group_error=ESP_ERR_INVALID_RESPONSE

RAW_SENSOR,ALL,sample=87,hall_raw=2428,pressure_1_valid=false,pressure_1_error=ESP_ERR_INVALID_RESPONSE,pressure_2_valid=false,pressure_2_error=ESP_ERR_INVALID_RESPONSE,pressure_ref_valid=false,pressure_ref_error=ESP_ERR_INVALID_RESPONSE,valid_mask=0x00,group_error=ESP_ERR_INVALID_RESPONSE

RAW_SENSOR,ALL,sample=88,hall_raw=2426,pressure_1_valid=false,pressure_1_error=ESP_ERR_INVALID_RESPONSE,pressure_2_valid=false,pressure_2_error=ESP_ERR_INVALID_RESPONSE,pressure_ref_valid=false,pressure_ref_error=ESP_ERR_INVALID_RESPONSE,valid_mask=0x00,group_error=ESP_ERR_INVALID_RESPONSE

RAW_SENSOR,ALL,sample=89,hall_raw=2425,pressure_1_valid=false,pressure_1_error=ESP_ERR_INVALID_RESPONSE,pressure_2_valid=false,pressure_2_error=ESP_ERR_INVALID_RESPONSE,pressure_ref_valid=false,pressure_ref_error=ESP_ERR_INVALID_RESPONSE,valid_mask=0x00,group_error=ESP_ERR_INVALID_RESPONSE

RAW_SENSOR,ALL,sample=90,hall_raw=2423,pressure_1_valid=false,pressure_1_error=ESP_ERR_INVALID_RESPONSE,pressure_2_valid=false,pressure_2_error=ESP_ERR_INVALID_RESPONSE,pressure_ref_valid=false,pressure_ref_error=ESP_ERR_INVALID_RESPONSE,valid_mask=0x00,group_error=ESP_ERR_INVALID_RESPONSE

RAW_SENSOR,ALL,sample=91,hall_raw=2425,pressure_1_valid=false,pressure_1_error=ESP_ERR_INVALID_RESPONSE,pressure_2_valid=false,pressure_2_error=ESP_ERR_INVALID_RESPONSE,pressure_ref_valid=false,pressure_ref_error=ESP_ERR_INVALID_RESPONSE,valid_mask=0x00,group_error=ESP_ERR_INVALID_RESPONSE

RAW_SENSOR,ALL,sample=92,hall_raw=2427,pressure_1_valid=false,pressure_1_error=ESP_ERR_INVALID_RESPONSE,pressure_2_valid=false,pressure_2_error=ESP_ERR_INVALID_RESPONSE,pressure_ref_valid=false,pressure_ref_error=ESP_ERR_INVALID_RESPONSE,valid_mask=0x00,group_error=ESP_ERR_INVALID_RESPONSE

RAW_SENSOR,ALL,sample=93,hall_raw=2428,pressure_1_valid=false,pressure_1_error=ESP_ERR_INVALID_RESPONSE,pressure_2_valid=false,pressure_2_error=ESP_ERR_INVALID_RESPONSE,pressure_ref_valid=false,pressure_ref_error=ESP_ERR_INVALID_RESPONSE,valid_mask=0x00,group_error=ESP_ERR_INVALID_RESPONSE

RAW_SENSOR,ALL,sample=94,hall_raw=2428,pressure_1_valid=false,pressure_1_error=ESP_ERR_INVALID_RESPONSE,pressure_2_valid=false,pressure_2_error=ESP_ERR_INVALID_RESPONSE,pressure_ref_valid=false,pressure_ref_error=ESP_ERR_INVALID_RESPONSE,valid_mask=0x00,group_error=ESP_ERR_INVALID_RESPONSE

RAW_SENSOR,ALL,sample=95,hall_raw=2425,pressure_1_valid=false,pressure_1_error=ESP_ERR_INVALID_RESPONSE,pressure_2_valid=false,pressure_2_error=ESP_ERR_INVALID_RESPONSE,pressure_ref_valid=false,pressure_ref_error=ESP_ERR_INVALID_RESPONSE,valid_mask=0x00,group_error=ESP_ERR_INVALID_RESPONSE

RAW_SENSOR,ALL,sample=96,hall_raw=2427,pressure_1_valid=false,pressure_1_error=ESP_ERR_INVALID_RESPONSE,pressure_2_valid=false,pressure_2_error=ESP_ERR_INVALID_RESPONSE,pressure_ref_valid=false,pressure_ref_error=ESP_ERR_INVALID_RESPONSE,valid_mask=0x00,group_error=ESP_ERR_INVALID_RESPONSE

RAW_SENSOR,ALL,sample=97,hall_raw=2423,pressure_1_valid=false,pressure_1_error=ESP_ERR_INVALID_RESPONSE,pressure_2_valid=false,pressure_2_error=ESP_ERR_INVALID_RESPONSE,pressure_ref_valid=false,pressure_ref_error=ESP_ERR_INVALID_RESPONSE,valid_mask=0x00,group_error=ESP_ERR_INVALID_RESPONSE

RAW_SENSOR,ALL,sample=98,hall_raw=2424,pressure_1_valid=false,pressure_1_error=ESP_ERR_INVALID_RESPONSE,pressure_2_valid=false,pressure_2_error=ESP_ERR_INVALID_RESPONSE,pressure_ref_valid=false,pressure_ref_error=ESP_ERR_INVALID_RESPONSE,valid_mask=0x00,group_error=ESP_ERR_INVALID_RESPONSE

RAW_SENSOR,ALL,sample=99,hall_raw=2429,pressure_1_valid=false,pressure_1_error=ESP_ERR_INVALID_RESPONSE,pressure_2_valid=false,pressure_2_error=ESP_ERR_INVALID_RESPONSE,pressure_ref_valid=false,pressure_ref_error=ESP_ERR_INVALID_RESPONSE,valid_mask=0x00,group_error=ESP_ERR_INVALID_RESPONSE

./main/test_raw_sensor_outputs.c:118:test_read_all_sensor_raw_values:FAIL: Expected 0 to be greater than 0. Function [sensor_raw][hardware]. No valid HX710 reads; see validity/error fields above

Running test_hx710_minimum_valid_read_ratio...

RAW_SENSOR,VALID_RATIO,sample=0,pressure_1_valid=false,pressure_1_error=ESP_ERR_INVALID_RESPONSE,pressure_2_valid=false,pressure_2_error=ESP_ERR_INVALID_RESPONSE,pressure_ref_valid=false,pressure_ref_error=ESP_ERR_INVALID_RESPONSE,valid_mask=0x00,group_error=ESP_ERR_INVALID_RESPONSE

RAW_SENSOR,VALID_RATIO,sample=1,pressure_1_valid=false,pressure_1_error=ESP_ERR_INVALID_RESPONSE,pressure_2_valid=false,pressure_2_error=ESP_ERR_INVALID_RESPONSE,pressure_ref_valid=false,pressure_ref_error=ESP_ERR_INVALID_RESPONSE,valid_mask=0x00,group_error=ESP_ERR_INVALID_RESPONSE

RAW_SENSOR,VALID_RATIO,sample=2,pressure_1_valid=false,pressure_1_error=ESP_ERR_INVALID_RESPONSE,pressure_2_valid=false,pressure_2_error=ESP_ERR_INVALID_RESPONSE,pressure_ref_valid=false,pressure_ref_error=ESP_ERR_INVALID_RESPONSE,valid_mask=0x00,group_error=ESP_ERR_INVALID_RESPONSE

RAW_SENSOR,VALID_RATIO,sample=3,pressure_1_valid=false,pressure_1_error=ESP_ERR_INVALID_RESPONSE,pressure_2_valid=false,pressure_2_error=ESP_ERR_INVALID_RESPONSE,pressure_ref_valid=false,pressure_ref_error=ESP_ERR_INVALID_RESPONSE,valid_mask=0x00,group_error=ESP_ERR_INVALID_RESPONSE

RAW_SENSOR,VALID_RATIO,sample=4,pressure_1_valid=false,pressure_1_error=ESP_ERR_INVALID_RESPONSE,pressure_2_valid=false,pressure_2_error=ESP_ERR_INVALID_RESPONSE,pressure_ref_valid=false,pressure_ref_error=ESP_ERR_INVALID_RESPONSE,valid_mask=0x00,group_error=ESP_ERR_INVALID_RESPONSE

RAW_SENSOR,VALID_RATIO,sample=5,pressure_1_valid=false,pressure_1_error=ESP_ERR_INVALID_RESPONSE,pressure_2_valid=false,pressure_2_error=ESP_ERR_INVALID_RESPONSE,pressure_ref_valid=false,pressure_ref_error=ESP_ERR_INVALID_RESPONSE,valid_mask=0x00,group_error=ESP_ERR_INVALID_RESPONSE

RAW_SENSOR,VALID_RATIO,sample=6,pressure_1_valid=false,pressure_1_error=ESP_ERR_INVALID_RESPONSE,pressure_2_valid=false,pressure_2_error=ESP_ERR_INVALID_RESPONSE,pressure_ref_valid=false,pressure_ref_error=ESP_ERR_INVALID_RESPONSE,valid_mask=0x00,group_error=ESP_ERR_INVALID_RESPONSE

RAW_SENSOR,VALID_RATIO,sample=7,pressure_1_valid=false,pressure_1_error=ESP_ERR_INVALID_RESPONSE,pressure_2_valid=false,pressure_2_error=ESP_ERR_INVALID_RESPONSE,pressure_ref_valid=false,pressure_ref_error=ESP_ERR_INVALID_RESPONSE,valid_mask=0x00,group_error=ESP_ERR_INVALID_RESPONSE

RAW_SENSOR,VALID_RATIO,sample=8,pressure_1_valid=false,pressure_1_error=ESP_ERR_INVALID_RESPONSE,pressure_2_valid=false,pressure_2_error=ESP_ERR_INVALID_RESPONSE,pressure_ref_valid=false,pressure_ref_error=ESP_ERR_INVALID_RESPONSE,valid_mask=0x00,group_error=ESP_ERR_INVALID_RESPONSE

RAW_SENSOR,VALID_RATIO,sample=9,pressure_1_valid=false,pressure_1_error=ESP_ERR_INVALID_RESPONSE,pressure_2_valid=false,pressure_2_error=ESP_ERR_INVALID_RESPONSE,pressure_ref_valid=false,pressure_ref_error=ESP_ERR_INVALID_RESPONSE,valid_mask=0x00,group_error=ESP_ERR_INVALID_RESPONSE

RAW_SENSOR,VALID_RATIO,sample=10,pressure_1_valid=false,pressure_1_error=ESP_ERR_INVALID_RESPONSE,pressure_2_valid=false,pressure_2_error=ESP_ERR_INVALID_RESPONSE,pressure_ref_valid=false,pressure_ref_error=ESP_ERR_INVALID_RESPONSE,valid_mask=0x00,group_error=ESP_ERR_INVALID_RESPONSE

RAW_SENSOR,VALID_RATIO,sample=11,pressure_1_valid=false,pressure_1_error=ESP_ERR_INVALID_RESPONSE,pressure_2_valid=false,pressure_2_error=ESP_ERR_INVALID_RESPONSE,pressure_ref_valid=false,pressure_ref_error=ESP_ERR_INVALID_RESPONSE,valid_mask=0x00,group_error=ESP_ERR_INVALID_RESPONSE

RAW_SENSOR,VALID_RATIO,sample=12,pressure_1_valid=false,pressure_1_error=ESP_ERR_INVALID_RESPONSE,pressure_2_valid=false,pressure_2_error=ESP_ERR_INVALID_RESPONSE,pressure_ref_valid=false,pressure_ref_error=ESP_ERR_INVALID_RESPONSE,valid_mask=0x00,group_error=ESP_ERR_INVALID_RESPONSE

RAW_SENSOR,VALID_RATIO,sample=13,pressure_1_valid=false,pressure_1_error=ESP_ERR_INVALID_RESPONSE,pressure_2_valid=false,pressure_2_error=ESP_ERR_INVALID_RESPONSE,pressure_ref_valid=false,pressure_ref_error=ESP_ERR_INVALID_RESPONSE,valid_mask=0x00,group_error=ESP_ERR_INVALID_RESPONSE

RAW_SENSOR,VALID_RATIO,sample=14,pressure_1_valid=false,pressure_1_error=ESP_ERR_INVALID_RESPONSE,pressure_2_valid=false,pressure_2_error=ESP_ERR_INVALID_RESPONSE,pressure_ref_valid=false,pressure_ref_error=ESP_ERR_INVALID_RESPONSE,valid_mask=0x00,group_error=ESP_ERR_INVALID_RESPONSE

RAW_SENSOR,VALID_RATIO,sample=15,pressure_1_valid=false,pressure_1_error=ESP_ERR_INVALID_RESPONSE,pressure_2_valid=false,pressure_2_error=ESP_ERR_INVALID_RESPONSE,pressure_ref_valid=false,pressure_ref_error=ESP_ERR_INVALID_RESPONSE,valid_mask=0x00,group_error=ESP_ERR_INVALID_RESPONSE

RAW_SENSOR,VALID_RATIO,sample=16,pressure_1_valid=false,pressure_1_error=ESP_ERR_INVALID_RESPONSE,pressure_2_valid=false,pressure_2_error=ESP_ERR_INVALID_RESPONSE,pressure_ref_valid=false,pressure_ref_error=ESP_ERR_INVALID_RESPONSE,valid_mask=0x00,group_error=ESP_ERR_INVALID_RESPONSE

RAW_SENSOR,VALID_RATIO,sample=17,pressure_1_valid=false,pressure_1_error=ESP_ERR_INVALID_RESPONSE,pressure_2_valid=false,pressure_2_error=ESP_ERR_INVALID_RESPONSE,pressure_ref_valid=false,pressure_ref_error=ESP_ERR_INVALID_RESPONSE,valid_mask=0x00,group_error=ESP_ERR_INVALID_RESPONSE

RAW_SENSOR,VALID_RATIO,sample=18,pressure_1_valid=false,pressure_1_error=ESP_ERR_INVALID_RESPONSE,pressure_2_valid=false,pressure_2_error=ESP_ERR_INVALID_RESPONSE,pressure_ref_valid=false,pressure_ref_error=ESP_ERR_INVALID_RESPONSE,valid_mask=0x00,group_error=ESP_ERR_INVALID_RESPONSE

RAW_SENSOR,VALID_RATIO,sample=19,pressure_1_valid=false,pressure_1_error=ESP_ERR_INVALID_RESPONSE,pressure_2_valid=false,pressure_2_error=ESP_ERR_INVALID_RESPONSE,pressure_ref_valid=false,pressure_ref_error=ESP_ERR_INVALID_RESPONSE,valid_mask=0x00,group_error=ESP_ERR_INVALID_RESPONSE

HX710_DIAG,VALID_RATIO,successful_reads=0,total=20,required=15

./main/test_raw_sensor_outputs.c:118:test_hx710_minimum_valid_read_ratio:FAIL: Expected 0 to be greater than 0. Function [sensor_raw][hx710_diag][hardware]. No valid HX710 reads; see validity/error fields above

Running test_hx710_shared_sck_and_dout_diagnostics...

HX710_DIAG,MODE,SENSOR

HX710_DIAG,SCK_OWNER,HX710

HX710_DIAG,SCK_IDLE,LOW

HX710_DIAG,INITIAL,pressure_ref,GPIO1,HIGH_NOT_READY

HX710_DIAG,INITIAL,pressure_1,GPIO3,HIGH_NOT_READY

HX710_DIAG,INITIAL,pressure_2,GPIO10,HIGH_NOT_READY

HX710_DIAG,READY,pressure_ref,GPIO1,initial=HIGH,final=READY,status=INVALID

HX710_DIAG,RAW,pressure_ref,CAPTURED_INVALID,1317131,INVALID,sample=0

HX710_DIAG,READY,pressure_1,GPIO3,initial=HIGH,final=READY,status=INVALID

HX710_DIAG,RAW,pressure_1,CAPTURED_INVALID,4235756,INVALID,sample=0

HX710_DIAG,READY,pressure_2,GPIO10,initial=HIGH,final=READY,status=STUCK_LOW

HX710_DIAG,RAW,pressure_2,CAPTURED_INVALID,0,STUCK_LOW,sample=0

HX710_DIAG,GROUP,sample=0,error=ESP_ERR_INVALID_RESPONSE,captured_mask=0x07,valid_mask=0x00,not_ready_mask=0x00,stuck_high_mask=0x00,stuck_low_mask=0x04,post_invalid_mask=0x04,current_transaction=INVALID,next_conversion=NO_WARNING,next_ready_warning_mask=0x00,first_next_ready_low_us=-1,-1,-1,pulses=25,ready_wait_ms=40,cleanup=ESP_OK

HX710_DIAG,SCK_CLEANUP,LOW

./main/test_hx710_diagnostics.c:254:test_hx710_shared_sck_and_dout_diagnostics:FAIL: Expected 0 Was 264. Function [hx710_diag][hardware]. HX710 synchronized group read failed

Running test_hx710_repeated_synchronized_group_reads...

HX710_DIAG,INITIAL,pressure_ref,GPIO1,LOW_READY_OR_STUCK

HX710_DIAG,INITIAL,pressure_1,GPIO3,HIGH_NOT_READY

HX710_DIAG,INITIAL,pressure_2,GPIO10,LOW_READY_OR_STUCK

HX710_DIAG,READY,pressure_ref,GPIO1,initial=LOW,final=READY,status=INVALID

HX710_DIAG,RAW,pressure_ref,CAPTURED_INVALID,1317163,INVALID,sample=0

HX710_DIAG,READY,pressure_1,GPIO3,initial=HIGH,final=READY,status=INVALID

HX710_DIAG,RAW,pressure_1,CAPTURED_INVALID,4235786,INVALID,sample=0

HX710_DIAG,READY,pressure_2,GPIO10,initial=LOW,final=READY,status=STUCK_LOW

HX710_DIAG,RAW,pressure_2,CAPTURED_INVALID,0,STUCK_LOW,sample=0

HX710_DIAG,GROUP,sample=0,error=ESP_ERR_INVALID_RESPONSE,captured_mask=0x07,valid_mask=0x00,not_ready_mask=0x00,stuck_high_mask=0x00,stuck_low_mask=0x04,post_invalid_mask=0x04,current_transaction=INVALID,next_conversion=NO_WARNING,next_ready_warning_mask=0x00,first_next_ready_low_us=-1,-1,-1,pulses=25,ready_wait_ms=10,cleanup=ESP_OK

HX710_DIAG,INITIAL,pressure_ref,GPIO1,HIGH_NOT_READY

HX710_DIAG,INITIAL,pressure_1,GPIO3,HIGH_NOT_READY

HX710_DIAG,INITIAL,pressure_2,GPIO10,HIGH_NOT_READY

HX710_DIAG,READY,pressure_ref,GPIO1,initial=HIGH,final=READY,status=INVALID

HX710_DIAG,RAW,pressure_ref,CAPTURED_INVALID,1317200,INVALID,sample=1

HX710_DIAG,READY,pressure_1,GPIO3,initial=HIGH,final=READY,status=INVALID

HX710_DIAG,RAW,pressure_1,CAPTURED_INVALID,4235791,INVALID,sample=1

HX710_DIAG,READY,pressure_2,GPIO10,initial=HIGH,final=READY,status=STUCK_LOW

HX710_DIAG,RAW,pressure_2,CAPTURED_INVALID,0,STUCK_LOW,sample=1

HX710_DIAG,GROUP,sample=1,error=ESP_ERR_INVALID_RESPONSE,captured_mask=0x07,valid_mask=0x00,not_ready_mask=0x00,stuck_high_mask=0x00,stuck_low_mask=0x04,post_invalid_mask=0x04,current_transaction=INVALID,next_conversion=NO_WARNING,next_ready_warning_mask=0x00,first_next_ready_low_us=-1,-1,-1,pulses=25,ready_wait_ms=30,cleanup=ESP_OK

HX710_DIAG,INITIAL,pressure_ref,GPIO1,HIGH_NOT_READY

HX710_DIAG,INITIAL,pressure_1,GPIO3,HIGH_NOT_READY

HX710_DIAG,INITIAL,pressure_2,GPIO10,LOW_READY_OR_STUCK

HX710_DIAG,READY,pressure_ref,GPIO1,initial=HIGH,final=READY,status=INVALID

HX710_DIAG,RAW,pressure_ref,CAPTURED_INVALID,1317201,INVALID,sample=2

HX710_DIAG,READY,pressure_1,GPIO3,initial=HIGH,final=READY,status=INVALID

HX710_DIAG,RAW,pressure_1,CAPTURED_INVALID,4235770,INVALID,sample=2

HX710_DIAG,READY,pressure_2,GPIO10,initial=LOW,final=READY,status=STUCK_LOW

HX710_DIAG,RAW,pressure_2,CAPTURED_INVALID,0,STUCK_LOW,sample=2

HX710_DIAG,GROUP,sample=2,error=ESP_ERR_INVALID_RESPONSE,captured_mask=0x07,valid_mask=0x00,not_ready_mask=0x00,stuck_high_mask=0x00,stuck_low_mask=0x04,post_invalid_mask=0x04,current_transaction=INVALID,next_conversion=NO_WARNING,next_ready_warning_mask=0x00,first_next_ready_low_us=-1,-1,-1,pulses=25,ready_wait_ms=40,cleanup=ESP_OK

HX710_DIAG,INITIAL,pressure_ref,GPIO1,HIGH_NOT_READY

HX710_DIAG,INITIAL,pressure_1,GPIO3,HIGH_NOT_READY

HX710_DIAG,INITIAL,pressure_2,GPIO10,LOW_READY_OR_STUCK

HX710_DIAG,READY,pressure_ref,GPIO1,initial=HIGH,final=READY,status=INVALID

HX710_DIAG,RAW,pressure_ref,CAPTURED_INVALID,1317171,INVALID,sample=3

HX710_DIAG,READY,pressure_1,GPIO3,initial=HIGH,final=READY,status=INVALID

HX710_DIAG,RAW,pressure_1,CAPTURED_INVALID,4235774,INVALID,sample=3

HX710_DIAG,READY,pressure_2,GPIO10,initial=LOW,final=READY,status=STUCK_LOW

HX710_DIAG,RAW,pressure_2,CAPTURED_INVALID,0,STUCK_LOW,sample=3

HX710_DIAG,GROUP,sample=3,error=ESP_ERR_INVALID_RESPONSE,captured_mask=0x07,valid_mask=0x00,not_ready_mask=0x00,stuck_high_mask=0x00,stuck_low_mask=0x04,post_invalid_mask=0x04,current_transaction=INVALID,next_conversion=NO_WARNING,next_ready_warning_mask=0x00,first_next_ready_low_us=-1,-1,-1,pulses=25,ready_wait_ms=30,cleanup=ESP_OK

HX710_DIAG,INITIAL,pressure_ref,GPIO1,HIGH_NOT_READY

HX710_DIAG,INITIAL,pressure_1,GPIO3,HIGH_NOT_READY

HX710_DIAG,INITIAL,pressure_2,GPIO10,LOW_READY_OR_STUCK

HX710_DIAG,READY,pressure_ref,GPIO1,initial=HIGH,final=READY,status=INVALID

HX710_DIAG,RAW,pressure_ref,CAPTURED_INVALID,1317251,INVALID,sample=4

HX710_DIAG,READY,pressure_1,GPIO3,initial=HIGH,final=READY,status=INVALID

HX710_DIAG,RAW,pressure_1,CAPTURED_INVALID,4235754,INVALID,sample=4

HX710_DIAG,READY,pressure_2,GPIO10,initial=LOW,final=READY,status=STUCK_LOW

HX710_DIAG,RAW,pressure_2,CAPTURED_INVALID,0,STUCK_LOW,sample=4

HX710_DIAG,GROUP,sample=4,error=ESP_ERR_INVALID_RESPONSE,captured_mask=0x07,valid_mask=0x00,not_ready_mask=0x00,stuck_high_mask=0x00,stuck_low_mask=0x04,post_invalid_mask=0x04,current_transaction=INVALID,next_conversion=NO_WARNING,next_ready_warning_mask=0x00,first_next_ready_low_us=-1,-1,-1,pulses=25,ready_wait_ms=40,cleanup=ESP_OK

HX710_DIAG,INITIAL,pressure_ref,GPIO1,HIGH_NOT_READY

HX710_DIAG,INITIAL,pressure_1,GPIO3,HIGH_NOT_READY

HX710_DIAG,INITIAL,pressure_2,GPIO10,LOW_READY_OR_STUCK

HX710_DIAG,READY,pressure_ref,GPIO1,initial=HIGH,final=READY,status=INVALID

HX710_DIAG,RAW,pressure_ref,CAPTURED_INVALID,1317283,INVALID,sample=5

HX710_DIAG,READY,pressure_1,GPIO3,initial=HIGH,final=READY,status=INVALID

HX710_DIAG,RAW,pressure_1,CAPTURED_INVALID,4235686,INVALID,sample=5

HX710_DIAG,READY,pressure_2,GPIO10,initial=LOW,final=READY,status=STUCK_LOW

HX710_DIAG,RAW,pressure_2,CAPTURED_INVALID,0,STUCK_LOW,sample=5

HX710_DIAG,GROUP,sample=5,error=ESP_ERR_INVALID_RESPONSE,captured_mask=0x07,valid_mask=0x00,not_ready_mask=0x00,stuck_high_mask=0x00,stuck_low_mask=0x04,post_invalid_mask=0x04,current_transaction=INVALID,next_conversion=NO_WARNING,next_ready_warning_mask=0x00,first_next_ready_low_us=-1,-1,-1,pulses=25,ready_wait_ms=30,cleanup=ESP_OK

HX710_DIAG,INITIAL,pressure_ref,GPIO1,HIGH_NOT_READY

HX710_DIAG,INITIAL,pressure_1,GPIO3,HIGH_NOT_READY

HX710_DIAG,INITIAL,pressure_2,GPIO10,LOW_READY_OR_STUCK

HX710_DIAG,READY,pressure_ref,GPIO1,initial=HIGH,final=READY,status=INVALID

HX710_DIAG,RAW,pressure_ref,CAPTURED_INVALID,1317268,INVALID,sample=6

HX710_DIAG,READY,pressure_1,GPIO3,initial=HIGH,final=READY,status=INVALID

HX710_DIAG,RAW,pressure_1,CAPTURED_INVALID,4235714,INVALID,sample=6

HX710_DIAG,READY,pressure_2,GPIO10,initial=LOW,final=READY,status=STUCK_LOW

HX710_DIAG,RAW,pressure_2,CAPTURED_INVALID,0,STUCK_LOW,sample=6

HX710_DIAG,GROUP,sample=6,error=ESP_ERR_INVALID_RESPONSE,captured_mask=0x07,valid_mask=0x00,not_ready_mask=0x00,stuck_high_mask=0x00,stuck_low_mask=0x04,post_invalid_mask=0x04,current_transaction=INVALID,next_conversion=NO_WARNING,next_ready_warning_mask=0x00,first_next_ready_low_us=-1,-1,-1,pulses=25,ready_wait_ms=30,cleanup=ESP_OK

HX710_DIAG,INITIAL,pressure_ref,GPIO1,HIGH_NOT_READY

HX710_DIAG,INITIAL,pressure_1,GPIO3,HIGH_NOT_READY

HX710_DIAG,INITIAL,pressure_2,GPIO10,LOW_READY_OR_STUCK

HX710_DIAG,READY,pressure_ref,GPIO1,initial=HIGH,final=READY,status=INVALID

HX710_DIAG,RAW,pressure_ref,CAPTURED_INVALID,1317275,INVALID,sample=7

HX710_DIAG,READY,pressure_1,GPIO3,initial=HIGH,final=READY,status=INVALID

HX710_DIAG,RAW,pressure_1,CAPTURED_INVALID,4235705,INVALID,sample=7

HX710_DIAG,READY,pressure_2,GPIO10,initial=LOW,final=READY,status=STUCK_LOW

HX710_DIAG,RAW,pressure_2,CAPTURED_INVALID,0,STUCK_LOW,sample=7

HX710_DIAG,GROUP,sample=7,error=ESP_ERR_INVALID_RESPONSE,captured_mask=0x07,valid_mask=0x00,not_ready_mask=0x00,stuck_high_mask=0x00,stuck_low_mask=0x04,post_invalid_mask=0x04,current_transaction=INVALID,next_conversion=NO_WARNING,next_ready_warning_mask=0x00,first_next_ready_low_us=-1,-1,-1,pulses=25,ready_wait_ms=40,cleanup=ESP_OK

HX710_DIAG,INITIAL,pressure_ref,GPIO1,HIGH_NOT_READY

HX710_DIAG,INITIAL,pressure_1,GPIO3,HIGH_NOT_READY

HX710_DIAG,INITIAL,pressure_2,GPIO10,LOW_READY_OR_STUCK

HX710_DIAG,READY,pressure_ref,GPIO1,initial=HIGH,final=READY,status=INVALID

HX710_DIAG,RAW,pressure_ref,CAPTURED_INVALID,1317248,INVALID,sample=8

HX710_DIAG,READY,pressure_1,GPIO3,initial=HIGH,final=READY,status=INVALID

HX710_DIAG,RAW,pressure_1,CAPTURED_INVALID,4235760,INVALID,sample=8

HX710_DIAG,READY,pressure_2,GPIO10,initial=LOW,final=READY,status=STUCK_LOW

HX710_DIAG,RAW,pressure_2,CAPTURED_INVALID,0,STUCK_LOW,sample=8

HX710_DIAG,GROUP,sample=8,error=ESP_ERR_INVALID_RESPONSE,captured_mask=0x07,valid_mask=0x00,not_ready_mask=0x00,stuck_high_mask=0x00,stuck_low_mask=0x04,post_invalid_mask=0x04,current_transaction=INVALID,next_conversion=NO_WARNING,next_ready_warning_mask=0x00,first_next_ready_low_us=-1,-1,-1,pulses=25,ready_wait_ms=30,cleanup=ESP_OK

HX710_DIAG,INITIAL,pressure_ref,GPIO1,HIGH_NOT_READY

HX710_DIAG,INITIAL,pressure_1,GPIO3,HIGH_NOT_READY

HX710_DIAG,INITIAL,pressure_2,GPIO10,LOW_READY_OR_STUCK

HX710_DIAG,READY,pressure_ref,GPIO1,initial=HIGH,final=READY,status=INVALID

HX710_DIAG,RAW,pressure_ref,CAPTURED_INVALID,1317213,INVALID,sample=9

HX710_DIAG,READY,pressure_1,GPIO3,initial=HIGH,final=READY,status=INVALID

HX710_DIAG,RAW,pressure_1,CAPTURED_INVALID,4235726,INVALID,sample=9

HX710_DIAG,READY,pressure_2,GPIO10,initial=LOW,final=READY,status=STUCK_LOW

HX710_DIAG,RAW,pressure_2,CAPTURED_INVALID,0,STUCK_LOW,sample=9

HX710_DIAG,GROUP,sample=9,error=ESP_ERR_INVALID_RESPONSE,captured_mask=0x07,valid_mask=0x00,not_ready_mask=0x00,stuck_high_mask=0x00,stuck_low_mask=0x04,post_invalid_mask=0x04,current_transaction=INVALID,next_conversion=NO_WARNING,next_ready_warning_mask=0x00,first_next_ready_low_us=-1,-1,-1,pulses=25,ready_wait_ms=40,cleanup=ESP_OK

HX710_DIAG,INITIAL,pressure_ref,GPIO1,HIGH_NOT_READY

HX710_DIAG,INITIAL,pressure_1,GPIO3,HIGH_NOT_READY

HX710_DIAG,INITIAL,pressure_2,GPIO10,LOW_READY_OR_STUCK

HX710_DIAG,READY,pressure_ref,GPIO1,initial=HIGH,final=READY,status=INVALID

HX710_DIAG,RAW,pressure_ref,CAPTURED_INVALID,1317264,INVALID,sample=10

HX710_DIAG,READY,pressure_1,GPIO3,initial=HIGH,final=READY,status=INVALID

HX710_DIAG,RAW,pressure_1,CAPTURED_INVALID,4235726,INVALID,sample=10

HX710_DIAG,READY,pressure_2,GPIO10,initial=LOW,final=READY,status=STUCK_LOW

HX710_DIAG,RAW,pressure_2,CAPTURED_INVALID,0,STUCK_LOW,sample=10

HX710_DIAG,GROUP,sample=10,error=ESP_ERR_INVALID_RESPONSE,captured_mask=0x07,valid_mask=0x00,not_ready_mask=0x00,stuck_high_mask=0x00,stuck_low_mask=0x04,post_invalid_mask=0x04,current_transaction=INVALID,next_conversion=NO_WARNING,next_ready_warning_mask=0x00,first_next_ready_low_us=-1,-1,-1,pulses=25,ready_wait_ms=30,cleanup=ESP_OK

HX710_DIAG,INITIAL,pressure_ref,GPIO1,LOW_READY_OR_STUCK

HX710_DIAG,INITIAL,pressure_1,GPIO3,HIGH_NOT_READY

HX710_DIAG,INITIAL,pressure_2,GPIO10,LOW_READY_OR_STUCK

HX710_DIAG,READY,pressure_ref,GPIO1,initial=LOW,final=READY,status=INVALID

HX710_DIAG,RAW,pressure_ref,CAPTURED_INVALID,1317269,INVALID,sample=11

HX710_DIAG,READY,pressure_1,GPIO3,initial=HIGH,final=READY,status=INVALID

HX710_DIAG,RAW,pressure_1,CAPTURED_INVALID,4235694,INVALID,sample=11

HX710_DIAG,READY,pressure_2,GPIO10,initial=LOW,final=READY,status=STUCK_LOW

HX710_DIAG,RAW,pressure_2,CAPTURED_INVALID,0,STUCK_LOW,sample=11

HX710_DIAG,GROUP,sample=11,error=ESP_ERR_INVALID_RESPONSE,captured_mask=0x07,valid_mask=0x00,not_ready_mask=0x00,stuck_high_mask=0x00,stuck_low_mask=0x04,post_invalid_mask=0x04,current_transaction=INVALID,next_conversion=NO_WARNING,next_ready_warning_mask=0x00,first_next_ready_low_us=-1,-1,-1,pulses=25,ready_wait_ms=40,cleanup=ESP_OK

HX710_DIAG,INITIAL,pressure_ref,GPIO1,LOW_READY_OR_STUCK

HX710_DIAG,INITIAL,pressure_1,GPIO3,HIGH_NOT_READY

HX710_DIAG,INITIAL,pressure_2,GPIO10,LOW_READY_OR_STUCK

HX710_DIAG,READY,pressure_ref,GPIO1,initial=LOW,final=READY,status=INVALID

HX710_DIAG,RAW,pressure_ref,CAPTURED_INVALID,1317269,INVALID,sample=12

HX710_DIAG,READY,pressure_1,GPIO3,initial=HIGH,final=READY,status=INVALID

HX710_DIAG,RAW,pressure_1,CAPTURED_INVALID,4235739,INVALID,sample=12

HX710_DIAG,READY,pressure_2,GPIO10,initial=LOW,final=READY,status=STUCK_LOW

HX710_DIAG,RAW,pressure_2,CAPTURED_INVALID,0,STUCK_LOW,sample=12

HX710_DIAG,GROUP,sample=12,error=ESP_ERR_INVALID_RESPONSE,captured_mask=0x07,valid_mask=0x00,not_ready_mask=0x00,stuck_high_mask=0x00,stuck_low_mask=0x04,post_invalid_mask=0x04,current_transaction=INVALID,next_conversion=NO_WARNING,next_ready_warning_mask=0x00,first_next_ready_low_us=-1,-1,-1,pulses=25,ready_wait_ms=30,cleanup=ESP_OK

HX710_DIAG,INITIAL,pressure_ref,GPIO1,LOW_READY_OR_STUCK

HX710_DIAG,INITIAL,pressure_1,GPIO3,HIGH_NOT_READY

HX710_DIAG,INITIAL,pressure_2,GPIO10,LOW_READY_OR_STUCK

HX710_DIAG,READY,pressure_ref,GPIO1,initial=LOW,final=READY,status=INVALID

HX710_DIAG,RAW,pressure_ref,CAPTURED_INVALID,1317279,INVALID,sample=13

HX710_DIAG,READY,pressure_1,GPIO3,initial=HIGH,final=READY,status=INVALID

HX710_DIAG,RAW,pressure_1,CAPTURED_INVALID,4235716,INVALID,sample=13

HX710_DIAG,READY,pressure_2,GPIO10,initial=LOW,final=READY,status=STUCK_LOW

HX710_DIAG,RAW,pressure_2,CAPTURED_INVALID,0,STUCK_LOW,sample=13

HX710_DIAG,GROUP,sample=13,error=ESP_ERR_INVALID_RESPONSE,captured_mask=0x07,valid_mask=0x00,not_ready_mask=0x00,stuck_high_mask=0x00,stuck_low_mask=0x04,post_invalid_mask=0x04,current_transaction=INVALID,next_conversion=NO_WARNING,next_ready_warning_mask=0x00,first_next_ready_low_us=-1,-1,-1,pulses=25,ready_wait_ms=40,cleanup=ESP_OK

HX710_DIAG,INITIAL,pressure_ref,GPIO1,LOW_READY_OR_STUCK

HX710_DIAG,INITIAL,pressure_1,GPIO3,HIGH_NOT_READY

HX710_DIAG,INITIAL,pressure_2,GPIO10,LOW_READY_OR_STUCK

HX710_DIAG,READY,pressure_ref,GPIO1,initial=LOW,final=READY,status=INVALID

HX710_DIAG,RAW,pressure_ref,CAPTURED_INVALID,1317231,INVALID,sample=14

HX710_DIAG,READY,pressure_1,GPIO3,initial=HIGH,final=READY,status=INVALID

HX710_DIAG,RAW,pressure_1,CAPTURED_INVALID,4235725,INVALID,sample=14

HX710_DIAG,READY,pressure_2,GPIO10,initial=LOW,final=READY,status=STUCK_LOW

HX710_DIAG,RAW,pressure_2,CAPTURED_INVALID,0,STUCK_LOW,sample=14

HX710_DIAG,GROUP,sample=14,error=ESP_ERR_INVALID_RESPONSE,captured_mask=0x07,valid_mask=0x00,not_ready_mask=0x00,stuck_high_mask=0x00,stuck_low_mask=0x04,post_invalid_mask=0x04,current_transaction=INVALID,next_conversion=NO_WARNING,next_ready_warning_mask=0x00,first_next_ready_low_us=-1,-1,-1,pulses=25,ready_wait_ms=30,cleanup=ESP_OK

HX710_DIAG,INITIAL,pressure_ref,GPIO1,LOW_READY_OR_STUCK

HX710_DIAG,INITIAL,pressure_1,GPIO3,HIGH_NOT_READY

HX710_DIAG,INITIAL,pressure_2,GPIO10,LOW_READY_OR_STUCK

HX710_DIAG,READY,pressure_ref,GPIO1,initial=LOW,final=READY,status=INVALID

HX710_DIAG,RAW,pressure_ref,CAPTURED_INVALID,1317247,INVALID,sample=15

HX710_DIAG,READY,pressure_1,GPIO3,initial=HIGH,final=READY,status=INVALID

HX710_DIAG,RAW,pressure_1,CAPTURED_INVALID,4235790,INVALID,sample=15

HX710_DIAG,READY,pressure_2,GPIO10,initial=LOW,final=READY,status=STUCK_LOW

HX710_DIAG,RAW,pressure_2,CAPTURED_INVALID,0,STUCK_LOW,sample=15

HX710_DIAG,GROUP,sample=15,error=ESP_ERR_INVALID_RESPONSE,captured_mask=0x07,valid_mask=0x00,not_ready_mask=0x00,stuck_high_mask=0x00,stuck_low_mask=0x04,post_invalid_mask=0x04,current_transaction=INVALID,next_conversion=NO_WARNING,next_ready_warning_mask=0x00,first_next_ready_low_us=-1,-1,-1,pulses=25,ready_wait_ms=40,cleanup=ESP_OK

HX710_DIAG,INITIAL,pressure_ref,GPIO1,LOW_READY_OR_STUCK

HX710_DIAG,INITIAL,pressure_1,GPIO3,HIGH_NOT_READY

HX710_DIAG,INITIAL,pressure_2,GPIO10,HIGH_NOT_READY

HX710_DIAG,READY,pressure_ref,GPIO1,initial=LOW,final=READY,status=INVALID

HX710_DIAG,RAW,pressure_ref,CAPTURED_INVALID,1317263,INVALID,sample=16

HX710_DIAG,READY,pressure_1,GPIO3,initial=HIGH,final=READY,status=INVALID

HX710_DIAG,RAW,pressure_1,CAPTURED_INVALID,4235769,INVALID,sample=16

HX710_DIAG,READY,pressure_2,GPIO10,initial=HIGH,final=READY,status=STUCK_LOW

HX710_DIAG,RAW,pressure_2,CAPTURED_INVALID,0,STUCK_LOW,sample=16

HX710_DIAG,GROUP,sample=16,error=ESP_ERR_INVALID_RESPONSE,captured_mask=0x07,valid_mask=0x00,not_ready_mask=0x00,stuck_high_mask=0x00,stuck_low_mask=0x04,post_invalid_mask=0x04,current_transaction=INVALID,next_conversion=NO_WARNING,next_ready_warning_mask=0x00,first_next_ready_low_us=-1,-1,-1,pulses=25,ready_wait_ms=30,cleanup=ESP_OK

HX710_DIAG,INITIAL,pressure_ref,GPIO1,LOW_READY_OR_STUCK

HX710_DIAG,INITIAL,pressure_1,GPIO3,HIGH_NOT_READY

HX710_DIAG,INITIAL,pressure_2,GPIO10,HIGH_NOT_READY

HX710_DIAG,READY,pressure_ref,GPIO1,initial=LOW,final=READY,status=INVALID

HX710_DIAG,RAW,pressure_ref,CAPTURED_INVALID,1317249,INVALID,sample=17

HX710_DIAG,READY,pressure_1,GPIO3,initial=HIGH,final=READY,status=INVALID

HX710_DIAG,RAW,pressure_1,CAPTURED_INVALID,4235805,INVALID,sample=17

HX710_DIAG,READY,pressure_2,GPIO10,initial=HIGH,final=READY,status=STUCK_LOW

HX710_DIAG,RAW,pressure_2,CAPTURED_INVALID,0,STUCK_LOW,sample=17

HX710_DIAG,GROUP,sample=17,error=ESP_ERR_INVALID_RESPONSE,captured_mask=0x07,valid_mask=0x00,not_ready_mask=0x00,stuck_high_mask=0x00,stuck_low_mask=0x04,post_invalid_mask=0x04,current_transaction=INVALID,next_conversion=NO_WARNING,next_ready_warning_mask=0x00,first_next_ready_low_us=-1,-1,-1,pulses=25,ready_wait_ms=30,cleanup=ESP_OK

HX710_DIAG,INITIAL,pressure_ref,GPIO1,LOW_READY_OR_STUCK

HX710_DIAG,INITIAL,pressure_1,GPIO3,HIGH_NOT_READY

HX710_DIAG,INITIAL,pressure_2,GPIO10,HIGH_NOT_READY

HX710_DIAG,READY,pressure_ref,GPIO1,initial=LOW,final=READY,status=INVALID

HX710_DIAG,RAW,pressure_ref,CAPTURED_INVALID,1317245,INVALID,sample=18

HX710_DIAG,READY,pressure_1,GPIO3,initial=HIGH,final=READY,status=INVALID

HX710_DIAG,RAW,pressure_1,CAPTURED_INVALID,4235824,INVALID,sample=18

HX710_DIAG,READY,pressure_2,GPIO10,initial=HIGH,final=READY,status=STUCK_LOW

HX710_DIAG,RAW,pressure_2,CAPTURED_INVALID,0,STUCK_LOW,sample=18

HX710_DIAG,GROUP,sample=18,error=ESP_ERR_INVALID_RESPONSE,captured_mask=0x07,valid_mask=0x00,not_ready_mask=0x00,stuck_high_mask=0x00,stuck_low_mask=0x04,post_invalid_mask=0x04,current_transaction=INVALID,next_conversion=NO_WARNING,next_ready_warning_mask=0x00,first_next_ready_low_us=-1,-1,-1,pulses=25,ready_wait_ms=40,cleanup=ESP_OK

HX710_DIAG,INITIAL,pressure_ref,GPIO1,LOW_READY_OR_STUCK

HX710_DIAG,INITIAL,pressure_1,GPIO3,HIGH_NOT_READY

HX710_DIAG,INITIAL,pressure_2,GPIO10,HIGH_NOT_READY

HX710_DIAG,READY,pressure_ref,GPIO1,initial=LOW,final=READY,status=INVALID

HX710_DIAG,RAW,pressure_ref,CAPTURED_INVALID,1317267,INVALID,sample=19

HX710_DIAG,READY,pressure_1,GPIO3,initial=HIGH,final=READY,status=INVALID

HX710_DIAG,RAW,pressure_1,CAPTURED_INVALID,4235793,INVALID,sample=19

HX710_DIAG,READY,pressure_2,GPIO10,initial=HIGH,final=READY,status=STUCK_LOW

HX710_DIAG,RAW,pressure_2,CAPTURED_INVALID,0,STUCK_LOW,sample=19

HX710_DIAG,GROUP,sample=19,error=ESP_ERR_INVALID_RESPONSE,captured_mask=0x07,valid_mask=0x00,not_ready_mask=0x00,stuck_high_mask=0x00,stuck_low_mask=0x04,post_invalid_mask=0x04,current_transaction=INVALID,next_conversion=NO_WARNING,next_ready_warning_mask=0x00,first_next_ready_low_us=-1,-1,-1,pulses=25,ready_wait_ms=30,cleanup=ESP_OK

HX710_DIAG,INITIAL,pressure_ref,GPIO1,LOW_READY_OR_STUCK

HX710_DIAG,INITIAL,pressure_1,GPIO3,HIGH_NOT_READY

HX710_DIAG,INITIAL,pressure_2,GPIO10,HIGH_NOT_READY

HX710_DIAG,READY,pressure_ref,GPIO1,initial=LOW,final=READY,status=INVALID

HX710_DIAG,RAW,pressure_ref,CAPTURED_INVALID,1317261,INVALID,sample=20

HX710_DIAG,READY,pressure_1,GPIO3,initial=HIGH,final=READY,status=INVALID

HX710_DIAG,RAW,pressure_1,CAPTURED_INVALID,4235723,INVALID,sample=20

HX710_DIAG,READY,pressure_2,GPIO10,initial=HIGH,final=READY,status=STUCK_LOW

HX710_DIAG,RAW,pressure_2,CAPTURED_INVALID,0,STUCK_LOW,sample=20

HX710_DIAG,GROUP,sample=20,error=ESP_ERR_INVALID_RESPONSE,captured_mask=0x07,valid_mask=0x00,not_ready_mask=0x00,stuck_high_mask=0x00,stuck_low_mask=0x04,post_invalid_mask=0x04,current_transaction=INVALID,next_conversion=NO_WARNING,next_ready_warning_mask=0x00,first_next_ready_low_us=-1,-1,-1,pulses=25,ready_wait_ms=40,cleanup=ESP_OK

HX710_DIAG,INITIAL,pressure_ref,GPIO1,LOW_READY_OR_STUCK

HX710_DIAG,INITIAL,pressure_1,GPIO3,HIGH_NOT_READY

HX710_DIAG,INITIAL,pressure_2,GPIO10,HIGH_NOT_READY

HX710_DIAG,READY,pressure_ref,GPIO1,initial=LOW,final=READY,status=INVALID

HX710_DIAG,RAW,pressure_ref,CAPTURED_INVALID,1317260,INVALID,sample=21

HX710_DIAG,READY,pressure_1,GPIO3,initial=HIGH,final=READY,status=INVALID

HX710_DIAG,RAW,pressure_1,CAPTURED_INVALID,4235723,INVALID,sample=21

HX710_DIAG,READY,pressure_2,GPIO10,initial=HIGH,final=READY,status=STUCK_LOW

HX710_DIAG,RAW,pressure_2,CAPTURED_INVALID,0,STUCK_LOW,sample=21

HX710_DIAG,GROUP,sample=21,error=ESP_ERR_INVALID_RESPONSE,captured_mask=0x07,valid_mask=0x00,not_ready_mask=0x00,stuck_high_mask=0x00,stuck_low_mask=0x04,post_invalid_mask=0x04,current_transaction=INVALID,next_conversion=NO_WARNING,next_ready_warning_mask=0x00,first_next_ready_low_us=-1,-1,-1,pulses=25,ready_wait_ms=30,cleanup=ESP_OK

HX710_DIAG,INITIAL,pressure_ref,GPIO1,LOW_READY_OR_STUCK

HX710_DIAG,INITIAL,pressure_1,GPIO3,HIGH_NOT_READY

HX710_DIAG,INITIAL,pressure_2,GPIO10,HIGH_NOT_READY

HX710_DIAG,READY,pressure_ref,GPIO1,initial=LOW,final=READY,status=INVALID

HX710_DIAG,RAW,pressure_ref,CAPTURED_INVALID,1317244,INVALID,sample=22

HX710_DIAG,READY,pressure_1,GPIO3,initial=HIGH,final=READY,status=INVALID

HX710_DIAG,RAW,pressure_1,CAPTURED_INVALID,4235802,INVALID,sample=22

HX710_DIAG,READY,pressure_2,GPIO10,initial=HIGH,final=READY,status=STUCK_LOW

HX710_DIAG,RAW,pressure_2,CAPTURED_INVALID,0,STUCK_LOW,sample=22

HX710_DIAG,GROUP,sample=22,error=ESP_ERR_INVALID_RESPONSE,captured_mask=0x07,valid_mask=0x00,not_ready_mask=0x00,stuck_high_mask=0x00,stuck_low_mask=0x04,post_invalid_mask=0x04,current_transaction=INVALID,next_conversion=NO_WARNING,next_ready_warning_mask=0x00,first_next_ready_low_us=-1,-1,-1,pulses=25,ready_wait_ms=40,cleanup=ESP_OK

HX710_DIAG,REPEATED_RESULT,warmup=3,attempts=20,successful_reads=0,required=10

HX710_DIAG,SCK_CLEANUP,LOW

./main/test_hx710_diagnostics.c:254:test_hx710_repeated_synchronized_group_reads:FAIL: Expected 0 Was 264. Function [hx710_diag][hardware]. HX710 synchronized group read failed



-----------------------

241 Tests 5 Failures 0 Ignored

FAIL

Enter next test, or 'enter' to see menu
